name,manaCost,cmc,colorIdentity,artist,number,type,text,printings,flavor,layout,multiverseid,power,toughness,rarity,subtypes,types
Abuna's Chant,{3}{W},4,W,John Matson,1,Instant,Choose one —\n• You gain 5 life.\n• Prevent the next 5 damage that would be dealt to target creature this turn.\nEntwine {2} (Choose both if you pay the entwine cost.),5DN,,normal,50164,,,Common,,Instant
Armed Response,{2}{W},3,W,Doug Chaffee,2,Instant,Armed Response deals damage to target attacking creature equal to the number of Equipment you control.,5DN,"Raksha watched as the goblins continued to pour onto the Razor Fields. ""They just don't know when to stop, do they?""",normal,73566,,,Common,,Instant
Auriok Champion,{W}{W},2,W,Michael Sutfin,3,Creature — Human Cleric,"Protection from black and from red\nWhenever another creature enters the battlefield, you may gain 1 life.",5DN,"""Her will shall banish the shadows. Her might shall punish the lawless. Her beauty shall restore the light.""\n—Ushanti, leonin seer",normal,72921,1,1,Rare,"Human,Cleric",Creature
Auriok Salvagers,{3}{W},4,W,Randy Gallegos,4,Creature — Human Soldier,{1}{W}: Return target artifact card with converted mana cost 1 or less from your graveyard to your hand.,"5DN,MMA","""Memnarch or the vedalken salvage most of the large machines, leaving us only scraps. Scraps are enough.""",normal,51166,2,4,Uncommon,"Human,Soldier",Creature
Auriok Windwalker,{3}{W},4,W,Jeremy Jarvis,5,Creature — Human Wizard,Flying\n{T}: Attach target Equipment you control to target creature you control.,5DN,"Each generation, a handful of Auriok girls are allowed to visit the Cave of Light. They return riding the wind and brandishing steel.",normal,46175,2,3,Rare,"Human,Wizard",Creature
Beacon of Immortality,{5}{W},6,W,Rob Alexander,6,Instant,Double target player's life total. Shuffle Beacon of Immortality into its owner's library.,"5DN,10E",The cave floods with light. A thousand rays shine forth and meld into one.,normal,50141,,,Rare,,Instant
Bringer of the White Dawn,{7}{W}{W},9,"W,U,B,R,G",Kev Walker,7,Creature — Bringer,"You may pay {W}{U}{B}{R}{G} rather than pay Bringer of the White Dawn's mana cost.\nTrample\nAt the beginning of your upkeep, you may return target artifact card from your graveyard to the battlefield.",5DN,,normal,73556,5,5,Rare,Bringer,Creature
Circle of Protection: Artifacts,{1}{W},2,W,Terese Nielsen,8,Enchantment,"{2}: The next time an artifact source of your choice would deal damage to you this turn, prevent that damage.","ATQ,4ED,5ED,5DN","""Memnarch shall rage against us. We shall endure.""",normal,73561,,,Uncommon,,Enchantment
Leonin Squire,{1}{W},2,W,Pete Venters,9,Creature — Cat Soldier,"When Leonin Squire enters the battlefield, return target artifact card with converted mana cost 1 or less from your graveyard to your hand.",5DN,"""I may be kha, but without my soldiers, my people, I am nothing.""\n—Raksha Golden Cub",normal,72722,2,2,Common,"Cat,Soldier",Creature
Loxodon Anchorite,{2}{W}{W},4,W,Jim Nelson,10,Creature — Elephant Cleric,{T}: Prevent the next 2 damage that would be dealt to target creature or player this turn.,5DN,"The loxodon ascribe religious superiority to those born albino, believing them to be spiritually pure.",normal,50137,2,3,Common,"Elephant,Cleric",Creature
Loxodon Stalwart,{3}{W}{W},5,W,Paolo Parente,11,Creature — Elephant Soldier,Vigilance\n{W}: Loxodon Stalwart gets +0/+1 until end of turn.,5DN,"Long ago, the Auriok attempted peace with the loxodons. The leonin attempted war. Neither succeeded.",normal,73567,3,3,Uncommon,"Elephant,Soldier",Creature
Raksha Golden Cub,{5}{W}{W},7,W,Pete Venters,12,Legendary Creature — Cat Soldier,"Vigilance\nAs long as Raksha Golden Cub is equipped, Cat creatures you control get +2/+2 and have double strike.",5DN,"Some believe that Raksha, youngest of the kha, is the reincarnation of Dakan, the first and mightiest of leonin leaders.",normal,73569,3,4,Rare,"Cat,Soldier",Creature
Retaliate,{2}{W}{W},4,W,Vance Kovacs,13,Instant,Destroy all creatures that dealt damage to you this turn.,5DN,The Auriok learned perseverance from their forebears. They learned justice from the leonin.,normal,50213,,,Rare,,Instant
Roar of Reclamation,{5}{W}{W},7,W,Justin Sweet,14,Sorcery,Each player returns all artifact cards from his or her graveyard to the battlefield.,5DN,"""Yesterday's relics will determine the outcome of tomorrow's war.""\n—Ushanti, leonin seer",normal,51080,,,Rare,,Sorcery
Skyhunter Prowler,{2}{W},3,W,Vance Kovacs,15,Creature — Cat Knight,"Flying, vigilance (This creature can't be blocked except by creatures with flying or reach, and attacking doesn't cause this creature to tap.)","5DN,9ED,10E","""If what I have seen comes to pass, we will need our guardians more than ever.""\n—Ushanti, leonin seer",normal,50136,1,3,Common,"Cat,Knight",Creature
Skyhunter Skirmisher,{1}{W}{W},3,W,Greg Staples,16,Creature — Cat Knight,"Flying, double strike","5DN,10E,C14,MM2","""Like dawn's first light, blind the unprepared and banish the shadows.""\n—Skyhunter creed",normal,51220,1,1,Uncommon,"Cat,Knight",Creature
Stand Firm,{W},1,W,Matt Cavotta,17,Instant,"Target creature gets +1/+1 until end of turn. Scry 2. (Look at the top two cards of your library, then put any number of them on the bottom of your library and the rest on top in any order.)","5DN,DDL",,normal,50138,,,Common,,Instant
Stasis Cocoon,{1}{W},2,W,Kev Walker,18,Enchantment — Aura,"Enchant artifact\nEnchanted artifact can't attack or block, and its activated abilities can't be activated.",5DN,"Though the grip of a golem is strong, the grip of Auriok magic is far stronger.",normal,51607,,,Common,Aura,Enchantment
Steelshaper's Gift,{W},1,W,Tim Hildebrandt,19,Sorcery,"Search your library for an Equipment card, reveal that card, and put it into your hand. Then shuffle your library.",5DN,Some blades seek their own wielders.,normal,51078,,,Uncommon,,Sorcery
Vanquish,{2}{W},3,W,Carl Critchlow,20,Instant,Destroy target blocking creature.,5DN,"""All beings have an inner light. Let me show you yours.""\n—Ushanti, leonin seer",normal,51147,,,Uncommon,,Instant
Acquire,{3}{U}{U},5,U,Daren Bader,21,Sorcery,Search target opponent's library for an artifact card and put that card onto the battlefield under your control. Then that player shuffles his or her library.,"pMEI,5DN","Sometimes ""innovation"" means ""stealing another's secret before anyone else can.""",normal,51088,,,Rare,,Sorcery
Advanced Hoverguard,{3}{U},4,U,Scott M. Fischer,22,Creature — Drone,Flying\n{U}: Advanced Hoverguard gains shroud until end of turn. (It can't be the target of spells or abilities.),5DN,"""They are like their vedalken masters: untouchable, aloof, and omnipresent.""\n—Bruenna, Neurok leader",normal,50144,2,2,Common,Drone,Creature
Artificer's Intuition,{1}{U},2,U,Wayne England,23,Enchantment,"{U}, Discard an artifact card: Search your library for an artifact card with converted mana cost 1 or less, reveal that card, and put it into your hand. Then shuffle your library.",5DN,,normal,50172,,,Rare,,Enchantment
Beacon of Tomorrows,{6}{U}{U},8,U,Jeremy Jarvis,24,Sorcery,Target player takes an extra turn after this one. Shuffle Beacon of Tomorrows into its owner's library.,5DN,To look into its light is to meet the gaze of history.,normal,51610,,,Rare,,Sorcery
Blinkmoth Infusion,{12}{U}{U},14,U,Alan Pollack,25,Instant,Affinity for artifacts (This spell costs {1} less to cast for each artifact you control.)\nUntap all artifacts.,5DN,Power begets power.,normal,51634,,,Rare,,Instant
Bringer of the Blue Dawn,{7}{U}{U},9,"U,W,B,R,G",Greg Staples,26,Creature — Bringer,"You may pay {W}{U}{B}{R}{G} rather than pay Bringer of the Blue Dawn's mana cost.\nTrample\nAt the beginning of your upkeep, you may draw two cards.",5DN,,normal,73554,5,5,Rare,Bringer,Creature
Condescend,{X}{U},1,U,Ron Spears,27,Instant,"Counter target spell unless its controller pays {X}. Scry 2. (Look at the top two cards of your library, then put any number of them on the bottom of your library and the rest on top in any order.)","5DN,DD2,DD3_JVC",,normal,51223,,,Common,,Instant
Disruption Aura,{2}{U},3,U,Ron Spears,28,Enchantment — Aura,"Enchant artifact\nEnchanted artifact has ""At the beginning of your upkeep, sacrifice this artifact unless you pay its mana cost.""",5DN,Vedalken weapons sold to outsiders are as dependable as the vedalken themselves.,normal,76971,,,Uncommon,Aura,Enchantment
Early Frost,{1}{U},2,U,Ben Thompson,29,Instant,Tap up to three target lands.,5DN,"Under its mists, the earth sleeps.",normal,73571,,,Common,,Instant
Eyes of the Watcher,{2}{U},3,U,Ron Spears,30,Enchantment,"Whenever you cast an instant or sorcery spell, you may pay {1}. If you do, scry 2. (Look at the top two cards of your library, then put any number of them on the bottom of your library and the rest on top in any order.)",5DN,,normal,73925,,,Uncommon,,Enchantment
Fold into Æther,{2}{U}{U},4,U,Anthony S. Waters,31,Instant,"Counter target spell. If that spell is countered this way, its controller may put a creature card from his or her hand onto the battlefield.",5DN,"Æther portals drift across Mirrodin's surface, dragging creatures across time and space.",normal,51631,,,Uncommon,,Instant
Hoverguard Sweepers,{6}{U}{U},8,U,Mark A. Nelson,32,Creature — Drone,"Flying\nWhen Hoverguard Sweepers enters the battlefield, you may return up to two target creatures to their owners' hands.","5DN,C14","They only appear in emergencies, and emergencies never last long.",normal,51086,5,6,Rare,Drone,Creature
Into Thin Air,{5}{U},6,U,Ittoku,33,Instant,Affinity for artifacts (This spell costs {1} less to cast for each artifact you control.)\nReturn target artifact to its owner's hand.,5DN,"""Perhaps I should take Mirrodin apart and begin again.""\n—Memnarch",normal,50147,,,Common,,Instant
Plasma Elemental,{5}{U},6,U,Kev Walker,34,Creature — Elemental,Plasma Elemental can't be blocked.,5DN,"""I watched a ship sail right through it. I thought it was harmless . . . until I saw what it had done to the crew.""\n—Bruenna, Neurok leader",normal,73562,4,1,Uncommon,Elemental,Creature
Qumulox,{6}{U}{U},8,U,Carl Critchlow,35,Creature — Beast,Affinity for artifacts (This spell costs {1} less to cast for each artifact you control.)\nFlying,"5DN,HOP,DDF,MM2","Even the clouds bend themselves to Memnarch's will, eager to swallow those who oppose him.",normal,47800,5,4,Uncommon,Beast,Creature
Serum Visions,{U},1,U,Ben Thompson,36,Sorcery,"Draw a card. Scry 2. (Look at the top two cards of your library, then put any number of them on the bottom of your library and the rest on top in any order.)","pARL,5DN",,normal,50145,,,Common,,Sorcery
Spectral Shift,{1}{U},2,U,John Avon,37,Instant,Choose one —\n• Change the text of target spell or permanent by replacing all instances of one basic land type with another. (This effects last indefinitely.)\n• Change the text of target spell or permanent by replacing all instances of one color word with another. (This effects last indefinitely.)\nEntwine {2} (Choose both if you pay the entwine cost.),5DN,,normal,73572,,,Rare,,Instant
Thought Courier,{1}{U},2,U,Stephen Tappin,38,Creature — Human Wizard,"{T}: Draw a card, then discard a card.","5DN,9ED",It is telling of the vedalkens' culture that they trust human couriers more than their own comrades.,normal,73570,1,1,Common,"Human,Wizard",Creature
Trinket Mage,{2}{U},3,U,Mark A. Nelson,39,Creature — Human Wizard,"When Trinket Mage enters the battlefield, you may search your library for an artifact card with converted mana cost 1 or less, reveal that card, and put it into your hand. If you do, shuffle your library.","5DN,DDF,SOM",,normal,50163,2,2,Common,"Human,Wizard",Creature
Vedalken Mastermind,{U}{U},2,U,Darrell Riche,40,Creature — Vedalken Wizard,"{U}, {T}: Return target permanent you control to its owner's hand.","5DN,10E","The vedalken see other beings from a cold distance, as either experimental subjects or objects of study.",normal,50834,1,2,Uncommon,"Vedalken,Wizard",Creature
Beacon of Unrest,{3}{B}{B},5,B,Alan Pollack,41,Sorcery,Put target artifact or creature card from a graveyard onto the battlefield under your control. Shuffle Beacon of Unrest into its owner's library.,"5DN,10E,HOP,ARC",A vertical scream pierces the night air and echoes doom through the clouds.,normal,51611,,,Rare,,Sorcery
Blind Creeper,{1}{B},2,B,Carl Critchlow,42,Creature — Zombie Beast,"Whenever a player casts a spell, Blind Creeper gets -1/-1 until end of turn.",5DN,It shuns everything except its next meal.,normal,50212,3,3,Common,"Zombie,Beast",Creature
Bringer of the Black Dawn,{7}{B}{B},9,"B,W,U,R,G",Carl Critchlow,43,Creature — Bringer,"You may pay {W}{U}{B}{R}{G} rather than pay Bringer of the Black Dawn's mana cost.\nTrample\nAt the beginning of your upkeep, you may pay 2 life. If you do, search your library for a card, then shuffle your library and put that card on top of it.",5DN,,normal,73555,5,5,Rare,Bringer,Creature
Cackling Imp,{2}{B}{B},4,B,Matt Thompson,44,Creature — Imp,Flying\n{T}: Target player loses 1 life.,"5DN,DDC,DD3_DVD",Its laughter drives needles through your mind.,normal,73597,2,2,Common,Imp,Creature
Desecration Elemental,{3}{B},4,B,Pete Venters,45,Creature — Elemental,"Fear (This creature can't be blocked except by artifact creatures and/or black creatures.)\nWhenever a player casts a spell, sacrifice a creature.",5DN,Its precious corpses dance like puppets to attract mindless nim prey.,normal,50204,8,8,Rare,Elemental,Creature
Devour in Shadow,{B}{B},2,B,Thomas M. Baxa,46,Instant,Destroy target creature. It can't be regenerated. You lose life equal to that creature's toughness.,5DN,"""Feel the burn of the mists. Master them. They will devour your enemies.""\n—Geth, keeper of the Vault",normal,50210,,,Uncommon,,Instant
Dross Crocodile,{3}{B},4,B,"Edward P. Beard, Jr.",47,Creature — Zombie Crocodile,,"5DN,10E","The necrogen may have taken its sight, but it can still taste the fear of its prey.",normal,51189,5,1,Common,"Zombie,Crocodile",Creature
Ebon Drake,{2}{B},3,B,Pete Venters,48,Creature — Drake,"Flying\nWhenever a player casts a spell, you lose 1 life.",5DN,The deadliest killers serve only those who are not afraid to die.,normal,51095,3,3,Uncommon,Drake,Creature
Endless Whispers,{2}{B}{B},4,B,Carl Critchlow,49,Enchantment,"Each creature has ""When this creature dies, choose target opponent. That player puts this card from its owner's graveyard onto the battlefield under his or her control at the beginning of the next end step.""",5DN,Those who find death under the black sun's shadow cannot escape its pull.,normal,50129,,,Rare,,Enchantment
Fill with Fright,{3}{B},4,B,Luca Zontini,50,Sorcery,"Target player discards two cards. Scry 2. (Look at the top two cards of your library, then put any number of them on the bottom of your library and the rest on top in any order.)",5DN,,normal,46159,,,Common,,Sorcery
Fleshgrafter,{2}{B},3,B,Jim Murray,51,Creature — Human Warrior,Discard an artifact card: Fleshgrafter gets +2/+2 until end of turn.,5DN,"Necrogen enflames certain emotional centers in the Morioks' brains: hate, aggression, and especially greed.",normal,50209,2,2,Common,"Human,Warrior",Creature
Lose Hope,{B},1,B,Matt Cavotta,52,Instant,"Target creature gets -1/-1 until end of turn. Scry 2. (Look at the top two cards of your library, then put any number of them on the bottom of your library and the rest on top in any order.)",5DN,,normal,50207,,,Common,,Instant
Mephidross Vampire,{4}{B}{B},6,B,Matthew D. Wilson,53,Creature — Vampire,"Flying\nEach creature you control is a Vampire in addition to its other creature types and has ""Whenever this creature deals damage to a creature, put a +1/+1 counter on this creature.""",5DN,,normal,50211,3,4,Rare,Vampire,Creature
Moriok Rigger,{2}{B},3,B,Wayne England,54,Creature — Human Rogue Rigger,"Whenever an artifact is put into a graveyard from the battlefield, you may put a +1/+1 counter on Moriok Rigger.",5DN,"The Moriok scavenge for weapons, for armor, for food—and ultimately for their souls.",normal,51091,2,2,Rare,"Human,Rogue,Rigger",Creature
Night's Whisper,{1}{B},2,B,David Martin,55,Sorcery,You draw two cards and you lose 2 life.,"5DN,DDM,EMA","The Moriok call the black moon the Whisperer. At her apex, she whispers of power.",normal,51178,,,Uncommon,,Sorcery
Nim Grotesque,{6}{B},7,B,Anthony S. Waters,56,Creature — Zombie,Nim Grotesque gets +1/+0 for each artifact you control.,5DN,"In the swirling mists, you could walk right up to one and not know until its teeth are in your throat.",normal,73574,3,6,Uncommon,Zombie,Creature
Plunge into Darkness,{1}{B},2,B,Justin Sweet,57,Instant,"Choose one —\n• Sacrifice any number of creatures, then you gain 3 life for each sacrificed creature.\n• Pay X life, then look at the top X cards of your library. Put one of those cards into your hand and exile the rest.\nEntwine {B} (Choose both if you pay the entwine cost.)",5DN,,normal,72681,,,Rare,,Instant
Relentless Rats,{1}{B}{B},3,B,Thomas M. Baxa,58,Creature — Rat,Relentless Rats gets +1/+1 for each other creature on the battlefield named Relentless Rats.\nA deck can have any number of cards named Relentless Rats.,"5DN,10E,M10,M11",,normal,73573,2,2,Uncommon,Rat,Creature
Shattered Dreams,{B},1,B,Greg Staples,59,Sorcery,Target opponent reveals his or her hand. You choose an artifact card from it. That player discards that card.,5DN,Victims are lucky if they remember ever having had what was lost.,normal,51092,,,Uncommon,,Sorcery
Vicious Betrayal,{3}{B}{B},5,B,Tomas Giorello,60,Sorcery,"As an additional cost to cast Vicious Betrayal, sacrifice any number of creatures.\nTarget creature gets +2/+2 until end of turn for each creature sacrificed this way.",5DN,,normal,73575,,,Common,,Sorcery
Beacon of Destruction,{3}{R}{R},5,R,Greg Hildebrandt,61,Instant,Beacon of Destruction deals 5 damage to target creature or player. Shuffle Beacon of Destruction into its owner's library.,"5DN,10E","The Great Furnace's blessing is a spectacular sight, but the best view comes at a high cost.",normal,51612,,,Rare,,Instant
Bringer of the Red Dawn,{7}{R}{R},9,"R,W,U,B,G",Christopher Moeller,62,Creature — Bringer,"You may pay {W}{U}{B}{R}{G} rather than pay Bringer of the Red Dawn's mana cost.\nTrample\nAt the beginning of your upkeep, you may untap target creature and gain control of it until end of turn. That creature gains haste until end of turn.",5DN,,normal,73553,5,5,Rare,Bringer,Creature
Cosmic Larva,{1}{R}{R},3,R,Jeff Easley,63,Creature — Beast,"Trample\nAt the beginning of your upkeep, sacrifice Cosmic Larva unless you sacrifice two lands.",5DN,"For millennia they wandered from plane to plane, devouring all metal. Finally, their wanderings are over.",normal,43529,7,6,Rare,Beast,Creature
Feedback Bolt,{4}{R},5,R,Ron Spencer,64,Instant,Feedback Bolt deals damage to target player equal to the number of artifacts you control.,5DN,The path of least resistance is often through your enemies.,normal,46108,,,Uncommon,,Instant
Furnace Whelp,{2}{R}{R},4,R,Matt Cavotta,65,Creature — Dragon,Flying (This creature can't be blocked except by creatures with flying or reach.)\n{R}: Furnace Whelp gets +1/+0 until end of turn.,"5DN,10E,DD2,ARC,CMD,M13,M15,DD3_JVC","Baby dragons can't figure out humans—if they didn't want to be killed, why were they made of meat and treasure?",normal,73578,2,2,Uncommon,Dragon,Creature
Goblin Brawler,{2}{R},3,R,Heather Hudson,66,Creature — Goblin Warrior,First strike\nGoblin Brawler can't be equipped.,5DN,Perhaps he shuns technology. Perhaps he appreciates nature. Perhaps he doesn't know the difference.,normal,51170,2,2,Common,"Goblin,Warrior",Creature
Granulate,{2}{R}{R},4,R,Brian Snõddy,67,Sorcery,Destroy each nonland artifact with converted mana cost 4 or less.,5DN,"There aren't that many ways to destroy a solid steel weapon, but somehow the goblins keep finding new ones.",normal,72721,,,Rare,,Sorcery
Ion Storm,{2}{R},3,R,Michael Sutfin,68,Enchantment,"{1}{R}, Remove a +1/+1 counter or a charge counter from a permanent you control: Ion Storm deals 2 damage to target creature or player.",5DN,"When enough artifacts lie too long in the same place, their magical radiation weakens reality, opening rifts of unpredictable destructive power.",normal,72925,,,Rare,,Enchantment
Iron-Barb Hellion,{5}{R},6,R,Doug Chaffee,69,Creature — Hellion Beast,Haste\nIron-Barb Hellion can't block.,5DN,"When you feel a rumble in the ground, hold perfectly still. One sound will bring the hellion.",normal,44608,5,4,Uncommon,"Hellion,Beast",Creature
Krark-Clan Engineers,{3}{R},4,R,Pete Venters,70,Creature — Goblin Artificer,"{R}, Sacrifice two artifacts: Destroy target artifact.",5DN,"""Well, I jammed the whatsit into the whackdoodle, but I think I broke the thingamajigger.""",normal,50201,2,2,Uncommon,"Goblin,Artificer",Creature
Krark-Clan Ogre,{3}{R}{R},5,R,Paolo Parente,71,Creature — Ogre,"{R}, Sacrifice an artifact: Target creature can't block this turn.",5DN,The Krark Clan believes it's caught an ogre. The ogre believes he's caught seven goblins.,normal,51097,3,3,Common,Ogre,Creature
Magma Giant,{5}{R}{R},7,R,Nottsuo,72,Creature — Giant,"When Magma Giant enters the battlefield, it deals 2 damage to each creature and each player.","PO2,5DN,C15",Its open mouth is a furnace blast that blisters the skin. Its smoking fists are meteors that split the earth.,normal,51102,5,5,Rare,Giant,Creature
Magma Jet,{1}{R},2,R,Justin Sweet,73,Instant,"Magma Jet deals 2 damage to target creature or player. Scry 2. (Look at the top two cards of your library, then put any number of them on the bottom of your library and the rest on top in any order.)","pFNM,5DN,DD2,DDL,THS,DD3_JVC",,normal,51180,,,Uncommon,,Instant
Magnetic Theft,{R},1,R,Dave Dorman,74,Instant,Attach target Equipment to target creature. (Control of the Equipment doesn't change.),5DN,"Among the Vulshok, the most prized blades are those that killed their original owners.",normal,51101,,,Uncommon,,Instant
Mana Geyser,{3}{R}{R},5,R,Martina Pilcerova,75,Sorcery,Add {R} to your mana pool for each tapped land your opponents control.,"5DN,CNS",The Quicksilver Sea hissed and bubbled at the indignity. The Vulshok shaman just smiled.,normal,72727,,,Common,,Sorcery
Rain of Rust,{3}{R}{R},5,R,Tim Hildebrandt,76,Instant,Choose one —\n• Destroy target artifact.\n• Destroy target land.\nEntwine {3}{R} (Choose both if you pay the entwine cost.),5DN,"On Mirrodin, mages who call upon the power of rust are shunned by their people and often turn mercenary to survive.",normal,51190,,,Common,,Instant
Reversal of Fortune,{4}{R}{R},6,R,Greg Hildebrandt,77,Sorcery,"Target opponent reveals his or her hand. You may copy an instant or sorcery card in it. If you do, you may cast the copy without paying its mana cost.",5DN,"""Why learn hundreds of spells when you can learn only one and use it to steal hundreds?""",normal,73564,,,Rare,,Sorcery
Screaming Fury,{2}{R},3,R,"Edward P. Beard, Jr.",78,Sorcery,Target creature gets +5/+0 and gains haste until end of turn.,5DN,He's got an axe to grind.,normal,51148,,,Common,,Sorcery
Spark Elemental,{R},1,R,John Avon,79,Creature — Elemental,"Trample, haste (If this creature would assign enough damage to its blockers to destroy them, you may have it assign the rest of its damage to defending player or planeswalker. This creature can attack and {T} as soon as it comes under your control.)\nAt the beginning of the end step, sacrifice Spark Elemental.","5DN,10E,PD2",Vulshok shamans summon spark elementals to burn paths through thick underbrush—or through goblin salvage squads.,normal,73579,3,1,Common,Elemental,Creature
Vulshok Sorcerer,{1}{R}{R},3,R,rk post,80,Creature — Human Shaman,Haste\n{T}: Vulshok Sorcerer deals 1 damage to target creature or player.,"5DN,PD2,DDI","Vulshok sorcerers train by leaping into electrified storm clouds. Dead or alive, they come back down with smiles on their faces.",normal,51177,1,1,Common,"Human,Shaman",Creature
All Suns' Dawn,{4}{G},5,G,Glen Angus,81,Sorcery,"For each color, return up to one target card of that color from your graveyard to your hand. Exile All Suns' Dawn.","5DN,MM2",,normal,51221,,,Rare,,Sorcery
Beacon of Creation,{3}{G},4,G,Mark Tedin,82,Sorcery,Put a 1/1 green Insect creature token onto the battlefield for each Forest you control. Shuffle Beacon of Creation into its owner's library.,5DN,A chorus of life heralds the arrival of Mirrodin's final sun.,normal,51613,,,Rare,,Sorcery
Bringer of the Green Dawn,{7}{G}{G},9,"G,W,U,B,R",Jim Murray,83,Creature — Bringer,"You may pay {W}{U}{B}{R}{G} rather than pay Bringer of the Green Dawn's mana cost.\nTrample\nAt the beginning of your upkeep, you may put a 3/3 green Beast creature token onto the battlefield.",5DN,,normal,73552,5,5,Rare,Bringer,Creature
Channel the Suns,{3}{G},4,"G,W,U,B,R",Rob Alexander,84,Sorcery,Add {W}{U}{B}{R}{G} to your mana pool.,5DN,To some the birth of the fifth sun was a sign of doom. To others it was a sign of salvation. But to all it was a sign.,normal,73565,,,Uncommon,,Sorcery
Dawn's Reflection,{3}{G},4,G,John Avon,85,Enchantment — Aura,"Enchant land\nWhenever enchanted land is tapped for mana, its controller adds two mana in any combination of colors to his or her mana pool (in addition to the mana the land produces).",5DN,Only Sylvok magic could truly capture the perfection of a Mirrodin sunrise.,normal,51222,,,Common,Aura,Enchantment
Eternal Witness,{1}{G}{G},3,G,Terese Nielsen,86,Creature — Human Shaman,"When Eternal Witness enters the battlefield, you may return target card from your graveyard to your hand.","pFNM,5DN,CMD,DDJ,MMA,C15","She remembers every word spoken, from the hero's oath to the baby's cry.",normal,51628,2,1,Uncommon,"Human,Shaman",Creature
Fangren Pathcutter,{4}{G}{G},6,G,Rob Alexander,87,Creature — Beast,"Whenever Fangren Pathcutter attacks, attacking creatures gain trample until end of turn.",5DN,"""Tracking a fangren pack is easy. Catching up to one is fatal.""\n—Viridian scout",normal,50171,4,6,Uncommon,Beast,Creature
Ferocious Charge,{2}{G},3,G,Anthony S. Waters,88,Instant,"Target creature gets +4/+4 until end of turn. Scry 2. (Look at the top two cards of your library, then put any number of them on the bottom of your library and the rest on top in any order.)",5DN,,normal,51617,,,Common,,Instant
Joiner Adept,{1}{G},2,G,Christopher Rush,89,Creature — Elf Druid,"Lands you control have ""{T}: Add one mana of any color to your mana pool.""","5DN,10E",A talented apprentice makes all things. The master makes all things possible.,normal,72928,2,1,Rare,"Elf,Druid",Creature
Ouphe Vandals,{2}{G},3,G,Thomas M. Baxa,90,Creature — Ouphe Rogue,"{G}, Sacrifice Ouphe Vandals: Counter target activated ability from an artifact source and destroy that artifact if it's on the battlefield. (Mana abilities can't be targeted.)",5DN,The ouphes finally managed to still the clockwork monstrosity by catching themselves in its cogs.,normal,50189,2,2,Uncommon,"Ouphe,Rogue",Creature
Rite of Passage,{2}{G},3,G,Kev Walker,91,Enchantment,"Whenever a creature you control is dealt damage, put a +1/+1 counter on it. (The damage is dealt before the counter is put on.)",5DN,"Every scar is a lesson, every battle a test of what you have learned.",normal,51163,,,Rare,,Enchantment
Rude Awakening,{4}{G},5,G,Ittoku,92,Sorcery,"Choose one —\n• Untap all lands you control.\n• Until end of turn, lands you control become 2/2 creatures that are still lands.\nEntwine {2}{G} (Choose both if you pay the entwine cost.)","5DN,DDD,MMA,DD3_GVL",,normal,73587,,,Rare,,Sorcery
Sylvok Explorer,{1}{G},2,G,Wayne England,93,Creature — Human Druid,{T}: Add to your mana pool one mana of any color that a land an opponent controls could produce.,5DN,"Any creature on a druid's shoulder is his family, any land under his feet his home.",normal,51125,1,1,Common,"Human,Druid",Creature
Tangle Asp,{1}{G},2,G,Daren Bader,94,Creature — Snake,"Whenever Tangle Asp blocks or becomes blocked by a creature, destroy that creature at end of combat.",5DN,"""I have no fangs, yet I constantly bite. I have no scales, yet I slither through you. What am I?""\n—Riddle of the viper's venom",normal,50203,1,2,Common,Snake,Creature
Tel-Jilad Justice,{1}{G},2,G,Alex Horley-Orlandelli,95,Instant,"Destroy target artifact. Scry 2. (Look at the top two cards of your library, then put any number of them on the bottom of your library and the rest on top in any order.)",5DN,,normal,50190,,,Uncommon,,Instant
Tel-Jilad Lifebreather,{4}{G},5,G,Jim Nelson,96,Creature — Troll Shaman,"{G}, {T}, Sacrifice a Forest: Regenerate target creature.",5DN,"""The Tangle loans you life. Spend it well.""",normal,73582,3,2,Common,"Troll,Shaman",Creature
Tornado Elemental,{5}{G}{G},7,G,Alex Horley-Orlandelli,97,Creature — Elemental,"When Tornado Elemental enters the battlefield, it deals 6 damage to each creature with flying.\nYou may have Tornado Elemental assign its combat damage as though it weren't blocked.","5DN,HOP,C14",,normal,51161,6,6,Rare,Elemental,Creature
Tyrranax,{4}{G}{G},6,G,Carl Critchlow,98,Creature — Beast,{1}{G}: Tyrranax gets -1/+1 until end of turn.,5DN,It outnumbers you one to many.,normal,50191,5,4,Common,Beast,Creature
Viridian Lorebearers,{3}{G},4,G,Darrell Riche,99,Creature — Elf Shaman,"{3}{G}, {T}: Target creature gets +X/+X until end of turn, where X is the number of artifacts your opponents control.",5DN,A small band of elves pledged many years ago to avoid the Edges of Forgetting. They have remained hidden until now.,normal,50188,3,3,Uncommon,"Elf,Shaman",Creature
Viridian Scout,{3}{G},4,G,Daren Bader,100,Creature — Elf Warrior Scout,"{2}{G}, Sacrifice Viridian Scout: Viridian Scout deals 2 damage to target creature with flying.",5DN,They know a hoverguard's only blind spot is directly above it.,normal,73583,1,2,Common,"Elf,Warrior,Scout",Creature
Anodet Lurker,{5},5,,Jeff Easley,101,Artifact Creature — Construct,"When Anodet Lurker dies, you gain 3 life.",5DN,These machines build fearsome visages out of scrap metal to scare off predators who would otherwise be eager to consume them.,normal,51119,3,3,Common,Construct,"Artifact,Creature"
Arachnoid,{6},6,,Greg Staples,102,Artifact Creature — Spider,Reach (This creature can block creatures with flying.),5DN,"It follows the green sun over Mirrodin's surface, spinning massive webs of whispersilk as it goes.",normal,51230,2,6,Uncommon,Spider,"Artifact,Creature"
Arcbound Wanderer,{6},6,,Christopher Moeller,103,Artifact Creature — Golem,"Modular—Sunburst (This enters the battlefield with a +1/+1 counter on it for each color of mana spent to cast it. When it dies, you may put its +1/+1 counters on target artifact creature.)","5DN,MMA",,normal,72720,0,0,Uncommon,Golem,"Artifact,Creature"
Avarice Totem,{1},1,,Ben Thompson,104,Artifact,{5}: Exchange control of Avarice Totem and target nonland permanent.,5DN,"Souls and steel, the essence of Mirrodin. Memnarch lacks one but has an abundance of the other.",normal,39667,,,Uncommon,,Artifact
Baton of Courage,{3},3,,Heather Hudson,105,Artifact,Flash\nSunburst (This enters the battlefield with a charge counter on it for each color of mana spent to cast it.)\nRemove a charge counter from Baton of Courage: Target creature gets +1/+1 until end of turn.,5DN,,normal,51375,,,Common,,Artifact
Battered Golem,{3},3,,Carl Critchlow,106,Artifact Creature — Golem,"Battered Golem doesn't untap during your untap step.\nWhenever an artifact enters the battlefield, you may untap Battered Golem.",5DN,"A dent marks every year of service, and it has as much rust as glory.",normal,73932,3,2,Common,Golem,"Artifact,Creature"
Blasting Station,{3},3,,Stephen Tappin,107,Artifact,"{T}, Sacrifice a creature: Blasting Station deals 1 damage to target creature or player.\nWhenever a creature enters the battlefield, you may untap Blasting Station.",5DN,,normal,51131,,,Uncommon,,Artifact
Chimeric Coils,{1},1,,Michael Sutfin,108,Artifact,{X}{1}: Chimeric Coils becomes an X/X Construct artifact creature. Sacrifice it at the beginning of the next end step.,5DN,"The energy that infuses the rings with life also melts them away, leaving only useless puddles of slag.",normal,50156,,,Uncommon,,Artifact
Clearwater Goblet,{5},5,,Dany Orizio,109,Artifact,"Sunburst (This enters the battlefield with a charge counter on it for each color of mana spent to cast it.)\nAt the beginning of your upkeep, you may gain life equal to the number of charge counters on Clearwater Goblet.",5DN,,normal,50198,,,Rare,,Artifact
Clock of Omens,{4},4,,Alex Horley-Orlandelli,110,Artifact,Tap two untapped artifacts you control: Untap target artifact.,"5DN,M13","Those near the clock don't hear it anymore, but their every movement is in time with its ticking.",normal,51129,,,Uncommon,,Artifact
Composite Golem,{6},6,"W,U,B,R,G",Mark Tedin,111,Artifact Creature — Golem,Sacrifice Composite Golem: Add {W}{U}{B}{R}{G} to your mana pool.,"5DN,10E",It binds the five suns in human form.,normal,73557,4,4,Uncommon,Golem,"Artifact,Creature"
Conjurer's Bauble,{1},1,,Darrell Riche,112,Artifact,"{T}, Sacrifice Conjurer's Bauble: Put up to one target card from your graveyard on the bottom of your library. Draw a card.",5DN,"It is the moment of discovery, the triumph of the mind, the reimagining of past glory.",normal,50159,,,Common,,Artifact
Cranial Plating,{2},2,B,Adam Rex,113,Artifact — Equipment,Equipped creature gets +1/+0 for each artifact you control.\n{B}{B}: Attach Cranial Plating to target creature you control.\nEquip {1} ({1}: Attach to target creature you control. Equip only as a sorcery.),"5DN,HOP,MM2",,normal,51184,,,Common,Equipment,Artifact
Crucible of Worlds,{3},3,,Ron Spencer,114,Artifact,You may play land cards from your graveyard.,"pJGP,5DN,10E",Amidst the darkest ashes grow the strongest seeds.,normal,51133,,,Rare,,Artifact
Door to Nothingness,{5},5,"W,U,B,R,G",Puddnhead,115,Artifact,"Door to Nothingness enters the battlefield tapped.\n{W}{W}{U}{U}{B}{B}{R}{R}{G}{G}, {T}, Sacrifice Door to Nothingness: Target player loses the game.","5DN,HOP,M13","""All memory of your existence will be wiped from reality. You will die, and no one will mourn.""\n—Memnarch",normal,73559,,,Rare,,Artifact
Doubling Cube,{2},2,,Mark Tedin,116,Artifact,"{3}, {T}: Double the amount of each type of mana in your mana pool.","5DN,10E",The cube's surface is pockmarked with jagged runes that seem to shift when unobserved.,normal,51135,,,Rare,,Artifact
Energy Chamber,{2},2,,Kev Walker,117,Artifact,"At the beginning of your upkeep, choose one —\n• Put a +1/+1 counter on target artifact creature.\n• Put a charge counter on target noncreature artifact.","5DN,DDF",,normal,47438,,,Uncommon,,Artifact
Engineered Explosives,{X},,,Ron Spears,118,Artifact,"Sunburst (This enters the battlefield with a charge counter on it for each color of mana spent to cast it.)\n{2}, Sacrifice Engineered Explosives: Destroy each nonland permanent with converted mana cost equal to the number of charge counters on Engineered Explosives.","5DN,MMA",,normal,50139,,,Rare,,Artifact
Ensouled Scimitar,{3},3,,"Edward P. Beard, Jr.",119,Artifact — Equipment,{3}: Ensouled Scimitar becomes a 1/5 Spirit artifact creature with flying until end of turn. (Equipment that's a creature can't equip a creature.)\nEquipped creature gets +1/+5.\nEquip {2} ({2}: Attach to target creature you control. Equip only as a sorcery.),5DN,,normal,51115,,,Uncommon,Equipment,Artifact
Eon Hub,{5},5,,Daren Bader,120,Artifact,Players skip their upkeep steps.,5DN,"Its power source is time itself. It absorbs unused minutes and hours, bringing the end of existence always closer.",normal,51160,,,Rare,,Artifact
Etched Oracle,{4},4,,Matt Cavotta,121,Artifact Creature — Wizard,"Sunburst (This enters the battlefield with a +1/+1 counter on it for each color of mana spent to cast it.)\n{1}, Remove four +1/+1 counters from Etched Oracle: Target player draws three cards.","5DN,HOP,MMA,MM2",,normal,72725,0,0,Uncommon,Wizard,"Artifact,Creature"
Ferropede,{3},3,,Jeff Easley,122,Artifact Creature — Insect,"Ferropede can't be blocked.\nWhenever Ferropede deals combat damage to a player, you may remove a counter from target permanent.",5DN,,normal,51113,1,1,Uncommon,Insect,"Artifact,Creature"
Fist of Suns,{3},3,"W,U,B,R,G",Arnie Swekel,123,Artifact,You may pay {W}{U}{B}{R}{G} rather than pay the mana cost for spells that you cast.,5DN,"""It is all in my grasp. Every petty dream, every grand scheme, every soul, every fear. It all flows through me and from me.""\n—Memnarch",normal,50117,,,Rare,,Artifact
Gemstone Array,{4},4,,Ittoku,124,Artifact,{2}: Put a charge counter on Gemstone Array.\nRemove a charge counter from Gemstone Array: Add one mana of any color to your mana pool.,5DN,"Outside, it reflects the suns' light. Inside, it harvests the suns' power.",normal,50150,,,Uncommon,,Artifact
Goblin Cannon,{4},4,,Doug Chaffee,125,Artifact,{2}: Goblin Cannon deals 1 damage to target creature or player. Sacrifice Goblin Cannon.,5DN,Goblin cannon crews are known not for their aim but for their ability to dive for cover.,normal,48215,,,Uncommon,,Artifact
Grafted Wargear,{3},3,,Alex Horley-Orlandelli,126,Artifact — Equipment,"Equipped creature gets +3/+2.\nWhenever Grafted Wargear becomes unattached from a permanent, sacrifice that permanent.\nEquip {0} ({0}: Attach to target creature you control. Equip only as a sorcery.)",5DN,,normal,50927,,,Uncommon,Equipment,Artifact
Grinding Station,{2},2,,Greg Staples,127,Artifact,"{T}, Sacrifice an artifact: Target player puts the top three cards of his or her library into his or her graveyard.\nWhenever an artifact enters the battlefield, you may untap Grinding Station.",5DN,,normal,51229,,,Uncommon,,Artifact
Guardian Idol,{2},2,,"Edward P. Beard, Jr.",128,Artifact,Guardian Idol enters the battlefield tapped.\n{T}: Add {C} to your mana pool.\n{2}: Guardian Idol becomes a 2/2 Golem artifact creature until end of turn.,5DN,,normal,51138,,,Uncommon,,Artifact
Healer's Headdress,{2},2,W,Carl Critchlow,129,Artifact — Equipment,"Equipped creature gets +0/+2 and has ""{T}: Prevent the next 1 damage that would be dealt to target creature or player this turn.""\n{W}{W}: Attach Healer's Headdress to target creature you control.\nEquip {1} ({1}: Attach to target creature you control. Equip only as a sorcery.)",5DN,,normal,51182,,,Common,Equipment,Artifact
Heliophial,{5},5,,Wayne England,130,Artifact,"Sunburst (This enters the battlefield with a charge counter on it for each color of mana spent to cast it.)\n{2}, Sacrifice Heliophial: Heliophial deals damage equal to the number of charge counters on it to target creature or player.",5DN,,normal,50192,,,Common,,Artifact
Helm of Kaldra,{3},3,,Donato Giancola,131,Legendary Artifact — Equipment,"Equipped creature has first strike, trample, and haste.\n{1}: If you control Equipment named Helm of Kaldra, Sword of Kaldra, and Shield of Kaldra, put a legendary 4/4 colorless Avatar creature token named Kaldra onto the battlefield and attach those Equipment to it.\nEquip {2}","pPRE,5DN",,normal,47449,,,Rare,Equipment,Artifact
Horned Helm,{2},2,G,Martina Pilcerova,132,Artifact — Equipment,Equipped creature gets +1/+1 and has trample.\n{G}{G}: Attach Horned Helm to target creature you control.\nEquip {1} ({1}: Attach to target creature you control. Equip only as a sorcery.),5DN,,normal,51186,,,Common,Equipment,Artifact
Infused Arrows,{4},4,,Stephen Tappin,133,Artifact,"Sunburst (This enters the battlefield with a charge counter on it for each color of mana spent to cast it.)\n{T}, Remove X charge counters from Infused Arrows: Target creature gets -X/-X until end of turn.",5DN,,normal,51146,,,Uncommon,,Artifact
Krark-Clan Ironworks,{4},4,,Tim Hildebrandt,134,Artifact,Sacrifice an artifact: Add {C}{C} to your mana pool.,5DN,"All the junk, refuse, and offal of the Krark Clan is diligently collected, melted down, and made into more junk, refuse, and offal.",normal,51633,,,Uncommon,,Artifact
Lantern of Insight,{1},1,,Tim Hildebrandt,135,Artifact,"Players play with the top card of their libraries revealed.\n{T}, Sacrifice Lantern of Insight: Target player shuffles his or her library.",5DN,Each eye sees a different possibility for tomorrow.,normal,73927,,,Uncommon,,Artifact
Lunar Avenger,{7},7,,Paolo Parente,136,Artifact Creature — Golem,"Sunburst (This enters the battlefield with a +1/+1 counter on it for each color of mana spent to cast it.)\nRemove a +1/+1 counter from Lunar Avenger: Lunar Avenger gains your choice of flying, first strike, or haste until end of turn.",5DN,,normal,72862,2,2,Uncommon,Golem,"Artifact,Creature"
Mycosynth Golem,{11},11,,Paolo Parente,137,Artifact Creature — Golem,Affinity for artifacts (This spell costs {1} less to cast for each artifact you control.)\nArtifact creature spells you cast have affinity for artifacts. (They cost {1} less to cast for each artifact you control.),5DN,,normal,51136,4,5,Rare,Golem,"Artifact,Creature"
Myr Quadropod,{4},4,,Christopher Rush,138,Artifact Creature — Myr,{3}: Switch Myr Quadropod's power and toughness until end of turn.,5DN,"Each myr was designed to fill a specific role. This one, for example, was designed to stomp on other myr.",normal,50176,1,4,Common,Myr,"Artifact,Creature"
Myr Servitor,{1},1,,John Matson,139,Artifact Creature — Myr,"At the beginning of your upkeep, if Myr Servitor is on the battlefield, each player returns all cards named Myr Servitor from his or her graveyard to the battlefield.",5DN,The Krark Clan enjoys pulling them apart just to watch them reassemble one another.,normal,50179,1,1,Common,Myr,"Artifact,Creature"
Neurok Stealthsuit,{2},2,U,Francis Tsai,140,Artifact — Equipment,Equipped creature has shroud. (It can't be the target of spells or abilities.)\n{U}{U}: Attach Neurok Stealthsuit to target creature you control.\nEquip {1} ({1}: Attach to target creature you control. Equip only as a sorcery.),5DN,,normal,51183,,,Common,Equipment,Artifact
Opaline Bracers,{4},4,,Anthony S. Waters,141,Artifact — Equipment,"Sunburst (This enters the battlefield with a charge counter on it for each color of mana spent to cast it.)\nEquipped creature gets +X/+X, where X is the number of charge counters on Opaline Bracers.\nEquip {2} ({2}: Attach to target creature you control. Equip only as a sorcery.)",5DN,,normal,50158,,,Common,Equipment,Artifact
Paradise Mantle,{0},,,Greg Hildebrandt,142,Artifact — Equipment,"Equipped creature has ""{T}: Add one mana of any color to your mana pool.""\nEquip {1}","5DN,MMA",,normal,73558,,,Uncommon,Equipment,Artifact
Pentad Prism,{2},2,,David Martin,143,Artifact,Sunburst (This enters the battlefield with a charge counter on it for each color of mana spent to cast it.)\nRemove a charge counter from Pentad Prism: Add one mana of any color to your mana pool.,"5DN,HOP",,normal,72860,,,Common,,Artifact
Possessed Portal,{8},8,,Tony Szczudlo,144,Artifact,"If a player would draw a card, that player skips that draw instead.\nAt the beginning of each end step, each player sacrifices a permanent unless he or she discards a card.",5DN,,normal,50119,,,Rare,,Artifact
Razorgrass Screen,{1},1,,Tony Szczudlo,145,Artifact Creature — Wall,Defender (This creature can't attack.)\nRazorgrass Screen blocks each turn if able.,5DN,"Hand-stitched, and marked by the blood of the Auriok.",normal,72999,2,1,Common,Wall,"Artifact,Creature"
Razormane Masticore,{5},5,,Jim Murray,146,Artifact Creature — Masticore,"First strike (This creature deals combat damage before creatures without first strike.)\nAt the beginning of your upkeep, sacrifice Razormane Masticore unless you discard a card.\nAt the beginning of your draw step, you may have Razormane Masticore deal 3 damage to target creature.","5DN,10E,DDF",,normal,50155,5,5,Rare,Masticore,"Artifact,Creature"
Relic Barrier,{2},2,,Nottsuo,147,Artifact,{T}: Tap target artifact.,"LEG,5DN","Its transmissions are the word of Memnarch. It speaks, and metal bows.",normal,43574,,,Uncommon,,Artifact
Salvaging Station,{6},6,,Greg Staples,148,Artifact,"{T}: Return target noncreature artifact card with converted mana cost 1 or less from your graveyard to the battlefield.\nWhenever a creature dies, you may untap Salvaging Station.",5DN,,normal,51132,,,Rare,,Artifact
Sawtooth Thresher,{6},6,,Alan Pollack,149,Artifact Creature — Construct,Sunburst (This enters the battlefield with a +1/+1 counter on it for each color of mana spent to cast it.)\nRemove two +1/+1 counters from Sawtooth Thresher: Sawtooth Thresher gets +4/+4 until end of turn.,5DN,,normal,51141,1,1,Common,Construct,"Artifact,Creature"
Silent Arbiter,{4},4,,Mark Zug,150,Artifact Creature — Construct,No more than one creature can attack each combat.\nNo more than one creature can block each combat.,"5DN,CNS","Scholars say that arbiters exist on every world, created by an unknown hand to enforce justice.",normal,73598,1,5,Rare,Construct,"Artifact,Creature"
Skullcage,{4},4,,Ron Spencer,151,Artifact,"At the beginning of each opponent's upkeep, Skullcage deals 2 damage to that player unless he or she has exactly three or exactly four cards in hand.","5DN,ARC",Only a focused mind can survive it.,normal,73926,,,Uncommon,,Artifact
Skyreach Manta,{5},5,,Christopher Moeller,152,Artifact Creature — Fish,Sunburst (This enters the battlefield with a +1/+1 counter on it for each color of mana spent to cast it.)\nFlying,"5DN,MMA,MM2","As the dawns break, the manta soars.",normal,51374,0,0,Common,Fish,"Artifact,Creature"
Solarion,{7},7,,Jim Murray,153,Artifact Creature — Construct,Sunburst (This enters the battlefield with a +1/+1 counter on it for each color of mana spent to cast it.)\n{T}: Double the number of +1/+1 counters on Solarion.,5DN,,normal,51629,0,0,Rare,Construct,"Artifact,Creature"
Sparring Collar,{2},2,R,Christopher Moeller,154,Artifact — Equipment,Equipped creature has first strike.\n{R}{R}: Attach Sparring Collar to target creature you control.\nEquip {1} ({1}: Attach to target creature you control. Equip only as a sorcery.),5DN,,normal,51185,,,Common,Equipment,Artifact
Spinal Parasite,{5},5,,Cyril Van Der Haegen,155,Artifact Creature — Insect,Sunburst (This enters the battlefield with a +1/+1 counter on it for each color of mana spent to cast it.)\nRemove two +1/+1 counters from Spinal Parasite: Remove a counter from target permanent.,5DN,,normal,73928,-1,-1,Uncommon,Insect,"Artifact,Creature"
Staff of Domination,{3},3,,Ben Thompson,156,Artifact,"{1}: Untap Staff of Domination.\n{2}, {T}: You gain 1 life.\n{3}, {T}: Untap target creature.\n{4}, {T}: Tap target creature.\n{5}, {T}: Draw a card.",5DN,,normal,50162,,,Rare,,Artifact
Summoner's Egg,{4},4,,Jim Nelson,157,Artifact Creature — Construct,"Imprint — When Summoner's Egg enters the battlefield, you may exile a card from your hand face down.\nWhen Summoner's Egg dies, turn the exiled card face up. If it's a creature card, put it onto the battlefield under your control.",5DN,,normal,51075,0,4,Rare,Construct,"Artifact,Creature"
Summoning Station,{7},7,,Stephen Tappin,158,Artifact,"{T}: Put a 2/2 colorless Pincher creature token onto the battlefield.\nWhenever an artifact is put into a graveyard from the battlefield, you may untap Summoning Station.",5DN,,normal,72858,,,Rare,,Artifact
Suncrusher,{9},9,,Dave Dorman,159,Artifact Creature — Construct,"Sunburst (This enters the battlefield with a +1/+1 counter on it for each color of mana spent to cast it.)\n{4}, {T}, Remove a +1/+1 counter from Suncrusher: Destroy target creature.\n{2}, Remove a +1/+1 counter from Suncrusher: Return Suncrusher to its owner's hand.",5DN,,normal,48177,3,3,Rare,Construct,"Artifact,Creature"
Suntouched Myr,{3},3,,Greg Hildebrandt,160,Artifact Creature — Myr,Sunburst (This enters the battlefield with a +1/+1 counter on it for each color of mana spent to cast it.),"5DN,HOP","As the fifth sun joins the other four, new abilities awaken in the creatures of Mirrodin.",normal,51105,0,0,Common,Myr,"Artifact,Creature"
Synod Centurion,{4},4,,Kev Walker,161,Artifact Creature — Construct,"When you control no other artifacts, sacrifice Synod Centurion.","5DN,ARC,DDF","""We order them to stand, they stand. We order them to wait, they wait. We order them to die, they die.""\n—Pontifex, elder researcher",normal,73929,4,4,Uncommon,Construct,"Artifact,Creature"
Thermal Navigator,{3},3,,Jim Murray,162,Artifact Creature — Construct,Sacrifice an artifact: Thermal Navigator gains flying until end of turn.,5DN,"It takes off with a roar of superheated wind, startling wild pterons as they survey the ground below.",normal,50177,2,2,Common,Construct,"Artifact,Creature"
Vedalken Orrery,{4},4,,John Avon,163,Artifact,You may cast nonland cards as though they had flash.,"5DN,CNS","The model incorporated the fifth sun effortlessly, as if it had always known.",normal,50134,,,Rare,,Artifact
Vedalken Shackles,{3},3,,Mark Zug,164,Artifact,"You may choose not to untap Vedalken Shackles during your untap step.\n{2}, {T}: Gain control of target creature with power less than or equal to the number of Islands you control for as long as Vedalken Shackles remains tapped.","5DN,MMA",,normal,50120,,,Rare,,Artifact
Wayfarer's Bauble,{1},1,,Darrell Riche,165,Artifact,"{2}, {T}, Sacrifice Wayfarer's Bauble: Search your library for a basic land card and put that card onto the battlefield tapped. Then shuffle your library.","5DN,DDI,C13,C14,MM2,C15","It is the forest beyond the horizon, the mountain waiting to be climbed, the new land across the endless sea.",normal,51110,,,Common,,Artifact
