name,manaCost,cmc,colorIdentity,artist,number,type,text,printings,flavor,layout,multiverseid,power,toughness,rarity,subtypes,types
Angelic Page,{1}{W},2,W,Marc Fishman,1,Creature — Angel Spirit,Flying\n{T}: Target attacking or blocking creature gets +1/+1 until end of turn.,"USG,BRB,7ED,8ED,DDC,DD3_DVD",If only every message were as perfect as its messenger.,normal,25546,1,1,Common,"Angel,Spirit",Creature
Ardent Militia,{4}{W},5,W,Paolo Parente,2,Creature — Human Soldier,Vigilance,"POR,WTH,6ED,S99,7ED,8ED",Knights fight for honor and mercenaries fight for gold. The militia fights for hearth and home.,normal,13016,2,5,Uncommon,"Human,Soldier",Creature
Blessed Reversal,{1}{W},2,W,Christopher Moeller,3,Instant,You gain 3 life for each creature attacking you.,"POR,ULG,7ED,8ED","""A battle's outcome is never certain.""\n—The Southern Paladin",normal,13153,,,Rare,,Instant
Breath of Life,{3}{W},4,W,Roger Raupp,4,Sorcery,Return target creature card from your graveyard to the battlefield.,"POR,PO2,S99,S00,7ED,VMA","""Nothing can stop the power of life—not even death.""\n—Onean cleric",normal,13112,,,Uncommon,,Sorcery
Castle,{3}{W},4,W,"Edward P. Beard, Jr.",5,Enchantment,Untapped creatures you control get +0/+2.,"LEA,LEB,2ED,CED,CEI,3ED,4ED,5ED,6ED,7ED",""". . . Our castle's strength\nWill laugh a siege to scorn.""\n—William Shakespeare,\nMacbeth",normal,11195,,,Uncommon,,Enchantment
Circle of Protection: Black,{1}{W},2,W,Mark Romanoski,6,Enchantment,"{1}: The next time a black source of your choice would deal damage to you this turn, prevent that damage.","LEB,2ED,CED,CEI,3ED,4ED,ICE,RQS,ITP,5ED,TMP,6ED,7ED,8ED,9ED",,normal,11200,,,Common,,Enchantment
Circle of Protection: Blue,{1}{W},2,W,Greg & Tim Hildebrandt,7,Enchantment,"{1}: The next time a blue source of your choice would deal damage to you this turn, prevent that damage.","LEA,LEB,2ED,CED,CEI,3ED,4ED,ICE,5ED,TMP,6ED,7ED,8ED",,normal,11201,,,Common,,Enchantment
Circle of Protection: Green,{1}{W},2,W,Alan Pollack,8,Enchantment,"{1}: The next time a green source of your choice would deal damage to you this turn, prevent that damage.","LEA,LEB,2ED,CED,CEI,3ED,4ED,ICE,5ED,TMP,6ED,7ED,8ED",,normal,11202,,,Common,,Enchantment
Circle of Protection: Red,{1}{W},2,W,Gary Ruddell,9,Enchantment,"{1}: The next time a red source of your choice would deal damage to you this turn, prevent that damage.","LEA,LEB,2ED,CED,CEI,3ED,4ED,ICE,RQS,ITP,5ED,TMP,6ED,pFNM,7ED,8ED,9ED",,normal,11203,,,Common,,Enchantment
Circle of Protection: White,{1}{W},2,W,Darrell Riche,10,Enchantment,"{1}: The next time a white source of your choice would deal damage to you this turn, prevent that damage.","LEA,LEB,2ED,CED,CEI,3ED,4ED,ICE,5ED,TMP,6ED,7ED,8ED",,normal,11204,,,Common,,Enchantment
Cloudchaser Eagle,{3}{W},4,W,Aaron Boyd,11,Creature — Bird,"Flying\nWhen Cloudchaser Eagle enters the battlefield, destroy target enchantment.","TMP,7ED",Most eagles hunt small animals. The cloudchasers hunt magic.,normal,15778,2,2,Common,Bird,Creature
Crossbow Infantry,{1}{W},2,W,James Bernardin,12,Creature — Human Soldier Archer,{T}: Crossbow Infantry deals 1 damage to target attacking or blocking creature.,"MMQ,7ED,8ED,9ED",Twang. You're dead.,normal,26841,1,1,Common,"Human,Soldier,Archer",Creature
Disenchant,{1}{W},2,W,Andrew Goldhawk,13,Instant,Destroy target artifact or enchantment.,"LEA,LEB,2ED,CED,CEI,3ED,4ED,ICE,pARL,MIR,5ED,TMP,USG,ATH,6ED,MMQ,BRB,pFNM,S00,7ED,pMPR,CST,TSB,ME2,ME3,TPR",,normal,11238,,,Common,,Instant
Eager Cadet,{W},1,W,Greg & Tim Hildebrandt,14,Creature — Human Soldier,,"S99,S00,7ED,8ED,9ED","""Training? Seeing my crops burnt to cinders was all the ‘training' I needed.""",normal,15780,1,1,Common,"Human,Soldier",Creature
Elite Archers,{5}{W},6,W,Dan Frazier,15,Creature — Human Soldier Archer,{T}: Elite Archers deals 3 damage to target attacking or blocking creature.,"USG,7ED,8ED",They fletch their arrows with the feathers of angels.,normal,13129,3,3,Rare,"Human,Soldier,Archer",Creature
Gerrard's Wisdom,{2}{W}{W},4,W,Donato Giancola,16,Sorcery,You gain 2 life for each card in your hand.,"WTH,S99,7ED",A picture is worth a thousand swords.,normal,13168,,,Uncommon,,Sorcery
Glorious Anthem,{1}{W}{W},3,W,Terese Nielsen,17,Enchantment,Creatures you control get +1/+1.,"USG,pSUS,7ED,8ED,9ED,10E","""North and South meet and angels sing.\nVoices resound with a righteous ring.""\n—""The Ballad of the Paladins""",normal,26843,,,Rare,,Enchantment
Healing Salve,{W},1,W,Greg & Tim Hildebrandt,18,Instant,Choose one —\n• Target player gains 3 life.\n• Prevent the next 3 damage that would be dealt to target creature or player this turn.,"LEA,LEB,2ED,CED,CEI,3ED,4ED,RQS,MIR,ITP,5ED,USG,6ED,BRB,7ED,8ED,DDC,ME4,DD3_DVD",,normal,25545,,,Common,,Instant
Heavy Ballista,{3}{W},4,W,Brian Snõddy,19,Creature — Human Soldier,{T}: Heavy Ballista deals 2 damage to target attacking or blocking creature.,"WTH,6ED,7ED","""Soldiers wear down and enemies collapse—but the ballista never tires.""\n—Ballista captain",normal,13017,2,3,Uncommon,"Human,Soldier",Creature
Holy Strength,{W},1,W,Scott M. Fischer,20,Enchantment — Aura,Enchant creature\nEnchanted creature gets +1/+2.,"LEA,LEB,2ED,CED,CEI,3ED,4ED,5ED,7ED,8ED,9ED,10E,M10,M11",,normal,15779,,,Common,Aura,Enchantment
Honor Guard,{W},1,W,Mark Zug,21,Creature — Human Soldier,{W}: Honor Guard gets +0/+1 until end of turn.,"STH,7ED,8ED,9ED,10E",The strength of one. The courage of ten.,normal,13082,1,1,Common,"Human,Soldier",Creature
Intrepid Hero,{2}{W},3,W,Mike Ploog,22,Creature — Human Soldier,{T}: Destroy target creature with power 4 or greater.,"USG,7ED,8ED,M13",A fool knows no fear. A hero shows no fear.,normal,13117,1,1,Rare,"Human,Soldier",Creature
Kjeldoran Royal Guard,{3}{W}{W},5,W,Carl Critchlow,23,Creature — Human Soldier,{T}: All combat damage that would be dealt to you by unblocked creatures this turn is dealt to Kjeldoran Royal Guard instead.,"ICE,5ED,6ED,7ED,10E","Honorable in battle, generous in death.\n—Motto of the Kjeldoran Royal Guard",normal,25556,2,5,Rare,"Human,Soldier",Creature
Knight Errant,{1}{W},2,W,Matthew D. Wilson,24,Creature — Human Knight,,"POR,S99,S00,7ED",Knights are quick to pledge their loyalty and even quicker to charge into battle.,normal,13099,2,2,Common,"Human,Knight",Creature
Knighthood,{2}{W},3,W,Greg & Tim Hildebrandt,25,Enchantment,Creatures you control have first strike.,"ULG,7ED",Kings don't make knights. Actions do.,normal,13171,,,Uncommon,,Enchantment
Longbow Archer,{W}{W},2,W,Ray Lago,26,Creature — Human Soldier Archer,First strike; reach (This creature can block creatures with flying.),"VIS,6ED,pFNM,7ED",Some say they have the blood of hawks running through their veins.,normal,25549,2,2,Uncommon,"Human,Soldier,Archer",Creature
Master Healer,{4}{W},5,W,Greg & Tim Hildebrandt,27,Creature — Human Cleric,{T}: Prevent the next 4 damage that would be dealt to target creature or player this turn.,"UDS,7ED,8ED,9ED",Her heart holds the pain of every soldier she's ever healed.,normal,15790,1,4,Rare,"Human,Cleric",Creature
Northern Paladin,{2}{W}{W},4,W,Carl Critchlow,28,Creature — Human Knight,"{W}{W}, {T}: Destroy target black permanent.","LEA,LEB,2ED,CED,CEI,3ED,4ED,7ED","""How smooth his face, how sure his thoughts. I look forward to breaking his mighty will.""\n—The Eastern Paladin",normal,13166,3,3,Rare,"Human,Knight",Creature
Pacifism,{1}{W},2,W,Eric Peterson,29,Enchantment — Aura,Enchant creature\nEnchanted creature can't attack or block.,"MIR,TMP,USG,ATH,6ED,BRB,7ED,ONS,8ED,9ED,10E,DDC,M10,M11,M12,M13,M14,DD3_DVD,DTK,TPR,EMA",Without warriors there can be no war.,normal,12978,,,Common,Aura,Enchantment
Pariah,{2}{W},3,W,Scott M. Fischer,30,Enchantment — Aura,Enchant creature (Target a creature as you cast this. This card enters the battlefield attached to that creature.)\nAll damage that would be dealt to you is dealt to enchanted creature instead.,"USG,7ED,10E",A valiant knight's life has no meaning without honor.,normal,11155,,,Rare,Aura,Enchantment
Purify,{3}{W}{W},5,W,Doug Chaffee,31,Sorcery,Destroy all artifacts and enchantments.,"ULG,7ED","""We have no need for these trinkets. We need only the strength of our swords and the virtue of our hearts.""\n—The Northern Paladin",normal,25554,,,Rare,,Sorcery
Razorfoot Griffin,{3}{W},4,W,Pete Venters,32,Creature — Griffin,Flying (This creature can't be blocked except by creatures with flying or reach.)\nFirst strike (This creature deals combat damage before creatures without first strike.),"INV,7ED,8ED,M10,M15","Like a meteor, it strikes from above without warning. Unlike a meteor, it then carries you off and eats you.",normal,12977,2,2,Common,Griffin,Creature
Reprisal,{1}{W},2,W,Ciruelo,33,Instant,Destroy target creature with power 4 or greater. It can't be regenerated.,"ALL,6ED,7ED,ME2,DDG,JOU","""Fear this no more!""",normal,15782,,,Uncommon,,Instant
Reverse Damage,{1}{W}{W},3,W,Eric Peterson,34,Instant,"The next time a source of your choice would deal damage to you this turn, prevent that damage. You gain life equal to the damage prevented this way.","LEA,LEB,2ED,CED,CEI,3ED,4ED,ITP,5ED,6ED,7ED,9ED","""Weapons usually bring death. Today, mine will bring life.""",normal,15799,,,Rare,,Instant
Rolling Stones,{1}{W},2,W,Don Hazeltine,35,Enchantment,Wall creatures can attack as though they didn't have defender.,"STH,7ED,8ED","""We spent three weeks trying to knock that wall down. Now it's knocking us down.""\n—Onean sergeant",normal,25552,,,Rare,,Enchantment
Sacred Ground,{1}{W},2,W,Gary Ruddell,36,Enchantment,"Whenever a spell or ability an opponent controls causes a land to be put into your graveyard from the battlefield, return that card to the battlefield.","STH,7ED,8ED,9ED",The land will never betray those who gave their lives for it.,normal,25551,,,Rare,,Enchantment
Sacred Nectar,{1}{W},2,W,Dana Knutson,37,Sorcery,You gain 4 life.,"POR,S99,7ED,8ED,9ED","""For he on honey-dew hath fed,\nAnd drunk the milk of Paradise.""\n—Samuel Taylor Coleridge,\n""Kubla Khan""",normal,30168,,,Common,,Sorcery
Samite Healer,{1}{W},2,W,Anson Maddocks,38,Creature — Human Cleric,{T}: Prevent the next 1 damage that would be dealt to target creature or player this turn.,"LEA,LEB,2ED,CED,CEI,3ED,4ED,5ED,ATH,6ED,S00,7ED,8ED,9ED,10E",Why does a Samite heal? You might as well ask why a bird flies.,normal,11478,1,1,Common,"Human,Cleric",Creature
Sanctimony,{1}{W},2,W,Patrick Faricy,39,Enchantment,"Whenever an opponent taps a Mountain for mana, you may gain 1 life.","UDS,7ED,8ED","""The peasants labor for my profit. I approve.""",normal,26842,,,Uncommon,,Enchantment
Seasoned Marshal,{2}{W}{W},4,W,"Edward P. Beard, Jr.",40,Creature — Human Soldier,"Whenever Seasoned Marshal attacks, you may tap target creature.","POR,USG,BRB,7ED,8ED,9ED,DDF","He reads the battlefield like a map, always seeking the shortest route to victory.",normal,13130,2,2,Uncommon,"Human,Soldier",Creature
Serra Advocate,{3}{W},4,W,Matthew D. Wilson,41,Creature — Angel,Flying\n{T}: Target attacking or blocking creature gets +2/+2 until end of turn.,"UDS,7ED,DDC,DD3_DVD",An angel's blessing prepares a soldier for war better than a thousand military drills.,normal,13162,2,2,Uncommon,Angel,Creature
Serra Angel,{3}{W}{W},5,W,Mark Zug,42,Creature — Angel,Flying (This creature can't be blocked except by creatures with flying or reach.)\nVigilance (Attacking doesn't cause this creature to tap.),"LEA,LEB,2ED,CED,CEI,3ED,4ED,ATH,pWOS,7ED,8ED,9ED,10E,DDC,M10,M11,ME4,CMD,M12,M13,M14,M15,DD3_DVD,ORI,V15,W16,EMA",Her sword sings more beautifully than any choir.,normal,25555,4,4,Rare,Angel,Creature
Serra's Embrace,{2}{W}{W},4,W,Ciruelo,43,Enchantment — Aura,Enchant creature\nEnchanted creature gets +2/+2 and has flying and vigilance.,"USG,7ED,10E,DDC,DD3_DVD","""With one breath, the newborn angel took to the air . . . and the world sighed.""\n—The Book of Serra",normal,25658,,,Uncommon,Aura,Enchantment
Shield Wall,{1}{W},2,W,Adam Rex,44,Instant,Creatures you control get +0/+2 until end of turn.,"LEG,CHR,5ED,7ED","""If not for the wizard, we'd all be dead now. 'Course, it was him that started all this in the first place.""\n—Onean veteran",normal,11499,,,Common,,Instant
Skyshroud Falcon,{1}{W},2,W,Anson Maddocks,45,Creature — Bird,"Flying, vigilance","STH,7ED",The earliest mystics believed that the falcon slit the sky to let the light break through.,normal,15781,1,1,Common,Bird,Creature
Southern Paladin,{2}{W}{W},4,W,Greg Staples,46,Creature — Human Knight,"{W}{W}, {T}: Destroy target red permanent.","WTH,7ED","""How can anyone fight so much yet enjoy it so little?""\n—The Western Paladin",normal,13018,3,3,Rare,"Human,Knight",Creature
Spirit Link,{W},1,W,Daren Bader,47,Enchantment — Aura,"Enchant creature (Target a creature as you cast this. This card enters the battlefield attached to that creature.)\nWhenever enchanted creature deals damage, you gain that much life.","LEG,4ED,5ED,6ED,7ED,8ED,9ED,10E",The noble paladins draw strength from the courage of others.,normal,25547,,,Uncommon,Aura,Enchantment
Standing Troops,{2}{W},3,W,Gary Ruddell,48,Creature — Human Soldier,Vigilance,"EXO,6ED,7ED,8ED,DDO,TPR",They fight so closely together a mouse couldn't slip past their guard.,normal,13139,1,4,Common,"Human,Soldier",Creature
Starlight,{1}{W},2,W,Brian Despain,49,Sorcery,You gain 3 life for each black creature target opponent controls.,"POR,7ED","""Even in the darkest night\nStars and angels still shine bright.""\n—Onean children's rhyme",normal,13065,,,Uncommon,,Sorcery
Staunch Defenders,{3}{W}{W},5,W,Tristan Elwell,50,Creature — Human Soldier,"When Staunch Defenders enters the battlefield, you gain 4 life.","TMP,6ED,pFNM,7ED,8ED,TPR","""The key to winning any fight is simply staying alive.""\n—The Southern Paladin",normal,13068,3,4,Uncommon,"Human,Soldier",Creature
Sunweb,{3}{W},4,W,Greg Staples,51,Creature — Wall,Defender (This creature can't attack.)\nFlying\nSunweb can't block creatures with power 2 or less.,"MIR,6ED,7ED,8ED",Sometimes the wings of fallen dragons refuse to give up the sky.,normal,12979,5,6,Rare,Wall,Creature
Sustainer of the Realm,{2}{W}{W},4,W,Mark Zug,52,Creature — Angel,"Flying\nWhenever Sustainer of the Realm blocks, it gets +0/+2 until end of turn.","ULG,7ED,DDC,DD3_DVD","You may break her shield, but you'll never break her spirit.",normal,25550,2,3,Uncommon,Angel,Creature
Venerable Monk,{2}{W},3,W,Mark Brill,53,Creature — Human Monk Cleric,"When Venerable Monk enters the battlefield, you gain 2 life.","POR,STH,6ED,S99,S00,7ED,8ED,9ED,10E,DDC,DD3_DVD","""I rely not so much on the wisdom of age as on the overconfidence of youth.""",normal,13167,2,2,Common,"Human,Monk,Cleric",Creature
Vengeance,{3}{W},4,W,Paolo Parente,54,Sorcery,Destroy target tapped creature.,"POR,PO2,PTK,S99,7ED,8ED,9ED","""It is the duty of the strong to oppose any who threaten the weak.""\n—The Southern Paladin",normal,14462,,,Uncommon,,Sorcery
Wall of Swords,{3}{W},4,W,Hannibal King,55,Creature — Wall,Defender (This creature can't attack.)\nFlying,"LEA,LEB,2ED,CED,CEI,3ED,4ED,5ED,POR,6ED,7ED,8ED,10E,M14","Sharper than wind, lighter than air.",normal,11566,3,5,Uncommon,Wall,Creature
Worship,{3}{W},4,W,rk post,56,Enchantment,"If you control a creature, damage that would reduce your life total to less than 1 reduces it to 1 instead.","USG,7ED,8ED,9ED","""Believe in the ideal, not the idol.""\n—Serra",normal,25553,,,Rare,,Enchantment
Wrath of God,{2}{W}{W},4,W,Kev Walker,57,Sorcery,Destroy all creatures. They can't be regenerated.,"LEA,LEB,2ED,CED,CEI,3ED,4ED,5ED,POR,6ED,BRB,7ED,pMPR,8ED,9ED,10E,C13,V14,EMA",,normal,11581,,,Rare,,Sorcery
Air Elemental,{3}{U}{U},5,U,Wayne England,58,Creature — Elemental,Flying,"LEA,LEB,2ED,CED,CEI,3ED,4ED,5ED,PO2,6ED,S99,BRB,BTD,7ED,8ED,9ED,10E,DD2,M10,DPA,ME4,DD3_JVC",Where psycho meets cyclone.,normal,15802,4,4,Uncommon,Elemental,Creature
Ancestral Memories,{2}{U}{U}{U},5,U,Rebecca Guay,59,Sorcery,Look at the top seven cards of your library. Put two of them into your hand and the rest into your graveyard.,"MIR,POR,6ED,7ED","""It's a poor sort of memory that only works backwards.""\n—Lewis Carroll,\nThrough the Looking Glass",normal,27115,,,Rare,,Sorcery
Arcane Laboratory,{2}{U},3,U,Brian Snõddy,60,Enchantment,Each player can't cast more than one spell each turn.,"USG,7ED","Too many wizards spoil the spell, but too many spells spoil the wizard.\n—Sign on entry to arcane lab",normal,25562,,,Uncommon,,Enchantment
Archivist,{2}{U}{U},4,U,Donato Giancola,61,Creature — Human Wizard,{T}: Draw a card.,"ULG,7ED,8ED,9ED","""Knowledge is a feast for the mind. Savor every swallow.""",normal,13157,1,1,Rare,"Human,Wizard",Creature
Baleful Stare,{2}{U},3,U,Eric Peterson,62,Sorcery,Target opponent reveals his or her hand. You draw a card for each Mountain and red card in it.,"POR,7ED,9ED",He can drown you in his eyes.,normal,13124,,,Uncommon,,Sorcery
Benthic Behemoth,{5}{U}{U}{U},8,U,Heather Hudson,63,Creature — Serpent,Islandwalk (This creature can't be blocked as long as defending player controls an Island.),"TMP,7ED","The sea has many secrets, but some are too big to be kept.",normal,13030,7,6,Rare,Serpent,Creature
Boomerang,{U}{U},2,U,Rebecca Guay,64,Instant,Return target permanent to its owner's hand.,"LEG,CHR,MIR,5ED,6ED,7ED,8ED,9ED,pGTW,10E,ME3,DPA","""Returne from whence ye came. . . .""\n—Edmund Spenser,\nThe Faerie Queene",normal,11182,,,Common,,Instant
Confiscate,{4}{U}{U},6,U,Christopher Moeller,65,Enchantment — Aura,Enchant permanent (Target a permanent as you cast this. This card enters the battlefield attached to that permanent.)\nYou control enchanted permanent.,"USG,7ED,8ED,9ED","""The surface world contains nothing I cannot take.""\n—The Lord of Atlantis",normal,13165,,,Uncommon,Aura,Enchantment
Coral Merfolk,{1}{U},2,U,Rebecca Guay,66,Creature — Merfolk,,"USG,7ED,M10,M12,M14","The coral merfolk delight in wrestling with their foes, skinning them alive on the razor-sharp edges of their reef.",normal,26844,2,1,Common,Merfolk,Creature
Counterspell,{U}{U},2,U,Mark Romanoski,67,Instant,Counter target spell.,"LEA,LEB,2ED,CED,CEI,3ED,pLGM,4ED,ICE,5ED,TMP,pJGP,6ED,S99,MMQ,BRB,pFNM,S00,BTD,7ED,ME2,DD2,ME4,VMA,DD3_JVC,TPR,EMA",,normal,11214,,,Common,,Instant
Daring Apprentice,{1}{U}{U},3,U,Orizio Daniele,68,Creature — Human Wizard,"{T}, Sacrifice Daring Apprentice: Counter target spell.","MIR,6ED,7ED,8ED,9ED","""I've seen my master do this a hundred times. How hard can it be?""",normal,12960,1,1,Rare,"Human,Wizard",Creature
Deflection,{3}{U},4,U,Jeff Easley,69,Instant,Change the target of target spell with a single target.,"ICE,5ED,6ED,7ED,8ED","""You've thrown your net at the wrong fish.""\n—The Lord of Atlantis",normal,11232,,,Rare,,Instant
Delusions of Mediocrity,{3}{U},4,U,Terese Nielsen,70,Enchantment,"When Delusions of Mediocrity enters the battlefield, you gain 10 life.\nWhen Delusions of Mediocrity leaves the battlefield, you lose 10 life.","ULG,7ED",When nothing but second best will do.,normal,13152,,,Rare,,Enchantment
Equilibrium,{1}{U}{U},3,U,Don Hazeltine,71,Enchantment,"Whenever you cast a creature spell, you may pay {1}. If you do, return target creature to its owner's hand.","EXO,7ED",Seek balance in all things—as long as the scales are weighted in your favor.\n—Vodalian saying,normal,25568,,,Rare,,Enchantment
Evacuation,{3}{U}{U},5,U,Darrell Riche,72,Instant,Return all creatures to their owners' hands.,"STH,7ED,8ED,9ED,10E,DPA","""How many people can you save in that thing?""\n""All of them,"" replied the mage with a smile.",normal,13075,,,Rare,,Instant
Fighting Drake,{2}{U}{U},4,U,Matt Cavotta,73,Creature — Drake,Flying,"TMP,7ED,8ED,TPR","Scholars in their ivory towers call them ""sharks of the sky."" Scholars on the road don't call them at all.",normal,13031,2,4,Uncommon,Drake,Creature
Fleeting Image,{2}{U},3,U,Dave Dorman,74,Creature — Illusion,Flying (This creature can't be blocked except by creatures with flying or reach.)\n{1}{U}: Return Fleeting Image to its owner's hand.,"ULG,7ED,8ED,9ED","""It was as if we fought a shadow.""\n—Onean soldier",normal,13156,2,1,Rare,Illusion,Creature
Flight,{U},1,U,Bradley Williams,75,Enchantment — Aura,Enchant creature\nEnchanted creature has flying.,"LEA,LEB,2ED,CED,CEI,3ED,4ED,5ED,6ED,S00,7ED,8ED,9ED,M12",,normal,11280,,,Common,Aura,Enchantment
Force Spike,{U},1,U,Nelson DeCastro,76,Instant,Counter target spell unless its controller pays {1}.,"LEG,5ED,pFNM,7ED,ME3,DDJ","""I don't think so.""",normal,11285,,,Common,,Instant
Giant Octopus,{3}{U},4,U,Heather Hudson,77,Creature — Octopus,,"POR,S99,S00,7ED,8ED,9ED",The only thing that flows faster than water is fear.,normal,30170,3,3,Common,Octopus,Creature
Glacial Wall,{2}{U},3,U,Heather Hudson,78,Creature — Wall,Defender (This creature can't attack.),"ICE,5ED,6ED,7ED,EMA","Like arguing with ice\n—Vodalian expression meaning\n""wasting your time""",normal,11304,0,7,Uncommon,Wall,Creature
Hibernation,{2}{U},3,U,Matt Cavotta,79,Instant,Return all green permanents to their owners' hands.,"USG,7ED,8ED",The deep sleep of winter is not always restful.,normal,13116,,,Uncommon,,Instant
Horned Turtle,{2}{U},3,U,"Edward P. Beard, Jr.",80,Creature — Turtle,,"POR,TMP,6ED,7ED,8ED,9ED,M10,TPR",It doesn't like having visitors . . . unless it's having them for lunch.,normal,13080,1,4,Common,Turtle,Creature
Inspiration,{3}{U},4,U,Matt Cavotta,81,Instant,Target player draws two cards.,"VIS,6ED,S00,7ED,8ED,RTR",,normal,13169,,,Common,,Instant
Levitation,{2}{U}{U},4,U,John Matson,82,Enchantment,Creatures you control have flying.,"ULG,7ED,9ED,M10,M12","""We'll be easy targets if we remain on the ground. Let's take the fight to them.""",normal,13155,,,Uncommon,,Enchantment
Lord of Atlantis,{U}{U},2,U,Greg Staples,83,Creature — Merfolk,Other Merfolk creatures get +1/+1 and have islandwalk. (They can't be blocked as long as defending player controls an Island.),"LEA,LEB,2ED,CED,CEI,3ED,4ED,5ED,6ED,pSUS,7ED,TSB","A master of tactics, the Lord of Atlantis makes his people bold in battle merely by arriving to lead them.",normal,11387,2,2,Rare,Merfolk,Creature
Mahamoti Djinn,{4}{U}{U},6,U,Eric Peterson,84,Creature — Djinn,Flying (This creature can't be blocked except by creatures with flying or reach.),"LEA,LEB,2ED,CED,CEI,3ED,4ED,BTD,7ED,8ED,9ED,10E,DPA,ME4,M15,ORI","Of royal blood among the spirits of the air, the Mahamoti djinn rides on the wings of the winds. As dangerous in the gambling hall as he is in battle, he is a master of trickery and misdirection.",normal,25566,5,6,Rare,Djinn,Creature
Mana Breach,{2}{U},3,U,Gary Ruddell,85,Enchantment,"Whenever a player casts a spell, that player returns a land he or she controls to its owner's hand.","EXO,7ED",The mana that binds the world together can also tear it apart.,normal,25563,,,Uncommon,,Enchantment
Mana Short,{2}{U},3,U,Greg Staples,86,Instant,Tap all lands target player controls and empty his or her mana pool.,"LEA,LEB,2ED,CED,CEI,3ED,4ED,6ED,7ED","""Remove their power, and their will to fight will follow.""\n—Tolarian wizard",normal,25567,,,Rare,,Instant
Mawcor,{3}{U}{U},5,U,Kev Walker,87,Creature — Beast,Flying\n{T}: Mawcor deals 1 damage to target creature or player.,"TMP,7ED,TPR",Neither head holds a brain—that's located somewhere in the chest—but four eyes aim much better than two.,normal,13035,3,3,Rare,Beast,Creature
Memory Lapse,{1}{U},2,U,Tristan Elwell,88,Instant,"Counter target spell. If that spell is countered this way, put it on top of its owner's library instead of into that player's graveyard.","HML,MIR,5ED,pJGP,6ED,7ED,DDM,EMA","""Eri phar phesta . . . um, phistor . . . er, phistara . . .""",normal,27080,,,Common,,Instant
Merfolk Looter,{1}{U},2,U,Tristan Elwell,89,Creature — Merfolk Rogue,"{T}: Draw a card, then discard a card.","EXO,7ED,10E,M10,M12,TPR,EMA","When you sink a lot of ships, it's easy to find sunken treasure.",normal,13140,1,1,Uncommon,"Merfolk,Rogue",Creature
Merfolk of the Pearl Trident,{U},1,U,Ray Lago,90,Creature — Merfolk,,"LEA,LEB,2ED,CED,CEI,3ED,4ED,RQS,ITP,5ED,POR,6ED,S99,S00,7ED,M13","""The paladins would be wise not to forget about the Pearl Trident. The merfolk warriors have turned the tide of more than one human war . . . and I have no doubt they shall do so again.""\n—Onean scholar",normal,10810,1,1,Common,Merfolk,Creature
Opportunity,{4}{U}{U},6,U,Patrick Faricy,91,Instant,Target player draws four cards.,"ULG,BRB,7ED,M14,C13",Little things like morals shouldn't hinder one's ambition.\n—Pirate creed,normal,25564,,,Uncommon,,Instant
Opposition,{2}{U}{U},4,U,Mark Brill,92,Enchantment,"Tap an untapped creature you control: Tap target artifact, creature, or land.","UDS,7ED",Exhausting a wizard can be exhausting work.,normal,15796,,,Rare,,Enchantment
Phantom Warrior,{1}{U}{U},3,U,Greg Staples,93,Creature — Illusion Warrior,Phantom Warrior can't be blocked.,"POR,WTH,6ED,S99,7ED,8ED,9ED,10E,M10,DPA,M14",It can pass through solid matter—but that doesn't mean it's harmless.,normal,12997,2,2,Uncommon,"Illusion,Warrior",Creature
Prodigal Sorcerer,{2}{U},3,U,Tony Szczudlo,94,Creature — Human Wizard,{T}: Prodigal Sorcerer deals 1 damage to target creature or player.,"LEA,LEB,2ED,CED,CEI,3ED,4ED,5ED,6ED,BRB,pFNM,S00,7ED,TSB,ME4,EMA",He wastes his amazing talents on proving how amazing he really is.,normal,11458,1,1,Common,"Human,Wizard",Creature
Remove Soul,{1}{U},2,U,Adam Rex,95,Instant,Counter target creature spell.,"LEG,CHR,5ED,6ED,S99,7ED,pMPR,8ED,9ED,10E,ME3",,normal,11470,,,Common,,Instant
Sage Owl,{1}{U},2,U,Mark Brill,96,Creature — Bird,"Flying\nWhen Sage Owl enters the battlefield, look at the top four cards of your library, then put them back in any order.","WTH,6ED,7ED,8ED,10E,M10",,normal,15794,1,1,Common,Bird,Creature
Sea Monster,{4}{U}{U},6,U,John Howe,97,Creature — Serpent,Sea Monster can't attack unless defending player controls an Island.,"TMP,6ED,7ED,8ED,9ED,10E,TPR","""Abandon ship!""",normal,13036,6,6,Common,Serpent,Creature
Sleight of Hand,{U},1,U,Christopher Moeller,98,Sorcery,Look at the top two cards of your library. Put one of them into your hand and the other on the bottom of your library.,"PO2,S99,7ED,9ED,ME4","""Most people believe magic is only a trick. Why change their minds?""",normal,25557,,,Common,,Sorcery
Steal Artifact,{2}{U}{U},4,U,Peter Bollinger,99,Enchantment — Aura,Enchant artifact\nYou control enchanted artifact.,"LEA,LEB,2ED,CED,CEI,3ED,4ED,5ED,7ED,8ED",,normal,15801,,,Uncommon,Aura,Enchantment
Storm Crow,{1}{U},2,U,John Matson,100,Creature — Bird,Flying (This creature can't be blocked except by creatures with flying or reach.),"ALL,POR,pPOD,6ED,S99,7ED,8ED,9ED","Storm crow descending, winter unending.\nStorm crow departing, summer is starting.",normal,13172,1,2,Common,Bird,Creature
Telepathic Spies,{2}{U},3,U,Jim Nelson,101,Creature — Human Wizard,"When Telepathic Spies enters the battlefield, look at target opponent's hand.","UDS,7ED",Most spies sneak into enemy camps. These spies sneak into enemy minds.,normal,25561,2,2,Common,"Human,Wizard",Creature
Telepathy,{U},1,U,Mark Tedin,102,Enchantment,Your opponents play with their hands revealed.,"USG,7ED,8ED,9ED,10E,M10","""Secrets? What secrets?""",normal,15793,,,Uncommon,,Enchantment
Temporal Adept,{1}{U}{U},3,U,Roger Raupp,103,Creature — Human Wizard,"{U}{U}{U}, {T}: Return target permanent to its owner's hand.","UDS,7ED,8ED,9ED","""Of course she's at the head of her class. All of her classmates have disappeared.""\n—Tolarian renegade",normal,15791,1,1,Rare,"Human,Wizard",Creature
Thieving Magpie,{2}{U}{U},4,U,Christopher Moeller,104,Creature — Bird,"Flying (This creature can't be blocked except by creatures with flying or reach.)\nWhenever Thieving Magpie deals damage to an opponent, draw a card.","UDS,7ED,8ED,9ED,10E,DPA",Other birds collect twigs for their nests. Magpies steal jewels for theirs.,normal,25565,1,3,Uncommon,Bird,Creature
Tolarian Winds,{1}{U},2,U,Bob Petillo,105,Instant,"Discard all the cards in your hand, then draw that many cards.","USG,BTD,7ED","Why not ask the winds?\n—Tolarian expression meaning\n""Who knows?""",normal,25558,,,Common,,Instant
Treasure Trove,{2}{U}{U},4,U,Brian Despain,106,Enchantment,{2}{U}{U}: Draw a card.,"EXO,7ED,8ED,9ED","""Nope, there's nothing here either. You guys go on ahead, I'll catch up in a minute. . . . Whoo hoo!""",normal,13141,,,Uncommon,,Enchantment
Twiddle,{U},1,U,Rebecca Guay,107,Instant,"You may tap or untap target artifact, creature, or land.","LEA,LEB,2ED,CED,CEI,4ED,RQS,ITP,5ED,7ED,8ED",,normal,11544,,,Common,,Instant
Unsummon,{U},1,U,Ron Spencer,108,Instant,Return target creature to its owner's hand.,"LEA,LEB,2ED,CED,CEI,3ED,4ED,RQS,ITP,5ED,6ED,7ED,8ED,10E,CON,M10,DPA,M11,M12,M13",,normal,11548,,,Common,,Instant
Vigilant Drake,{4}{U},5,U,Dave Dorman,109,Creature — Drake,Flying\n{2}{U}: Untap Vigilant Drake.,"ULG,BTD,7ED",It can stay aloft for weeks with little or no sleep.,normal,26845,3,3,Common,Drake,Creature
Vizzerdrix,{6}{U},7,U,Dave Dorman,110,Creature — Rabbit Beast,,"S99,S00,7ED,8ED,9ED",A bored wizard once created a vizzerdrix out of a bunny and a piranha. He never made that mistake again.,normal,29322,6,6,Rare,"Rabbit,Beast",Creature
Wall of Air,{1}{U}{U},3,U,John Avon,111,Creature — Wall,"Defender, flying (This creature can't attack, and it can block creatures with flying.)","LEA,LEB,2ED,CED,CEI,3ED,4ED,5ED,6ED,7ED,8ED,10E","""Let the air itself protect you, for it is everywhere.""\n—Master wizard",normal,11560,1,5,Uncommon,Wall,Creature
Wall of Wonder,{2}{U}{U},4,U,Carl Critchlow,112,Creature — Wall,Defender (This creature can't attack.)\n{2}{U}{U}: Wall of Wonder gets +4/-4 until end of turn and can attack this turn as though it didn't have defender.,"LEG,CHR,7ED",They wondered at the size of it. It wondered which to eat first.,normal,15797,1,5,Rare,Wall,Creature
Wind Dancer,{1}{U},2,U,Rob Alexander,113,Creature — Faerie,Flying\n{T}: Target creature gains flying until end of turn.,"TMP,7ED,CNS,TPR",The sky is her stage.,normal,13038,1,1,Uncommon,Faerie,Creature
Wind Drake,{2}{U},3,U,Tom Wänerstrand,114,Creature — Drake,Flying,"POR,TMP,6ED,S99,BRB,S00,7ED,8ED,9ED,M10,M13,DGM,TPR","""But high she shoots through air and light,\nAbove all low delay,\nWhere nothing earthly bounds her flight,\nNor shadow dims her way.""\n—Thomas Moore,\n""Oh that I had Wings""",normal,13039,2,2,Common,Drake,Creature
Abyssal Horror,{4}{B}{B},6,B,Daren Bader,115,Creature — Horror,"Flying\nWhen Abyssal Horror enters the battlefield, target player discards two cards.","USG,S99,7ED","""I dreamt of it once. Now I fear it dreams of me.""\n—Tolarian scholar",normal,13111,2,2,Rare,Horror,Creature
Abyssal Specter,{2}{B}{B},4,B,Michael Sutfin,116,Creature — Specter,"Flying\nWhenever Abyssal Specter deals damage to a player, that player discards a card.","ICE,5ED,6ED,BRB,7ED,DKM,8ED,DDC,DPA,DD3_DVD",To gaze under its hood is to invite death.,normal,25636,2,3,Uncommon,Specter,Creature
Agonizing Memories,{2}{B}{B},4,B,Adam Rex,117,Sorcery,Look at target player's hand and choose two cards from it. Put them on top of that player's library in any order.,"WTH,6ED,7ED,10E","""I think little of the foes I've slain. But I'm haunted by the friends I've sent to die.""\n—The Southern Paladin",normal,12994,,,Uncommon,,Sorcery
Befoul,{2}{B}{B},4,B,Ciruelo,118,Sorcery,Destroy target land or nonblack creature. It can't be regenerated.,"USG,7ED,CHK",The bog's touch means death to all but the darkest of hearts.,normal,25632,,,Uncommon,,Sorcery
Bellowing Fiend,{4}{B},5,B,Chippy,119,Creature — Spirit,"Flying\nWhenever Bellowing Fiend deals damage to a creature, Bellowing Fiend deals 3 damage to that creature's controller and 3 damage to you.","TMP,7ED",,normal,25647,3,3,Rare,Spirit,Creature
Bereavement,{1}{B},2,B,Marc Fishman,120,Enchantment,"Whenever a green creature dies, its controller discards a card.","USG,7ED",Grief is a razor that slices the soul.,normal,25629,,,Uncommon,,Enchantment
Blood Pet,{B},1,B,Heather Hudson,121,Creature — Thrull,Sacrifice Blood Pet: Add {B} to your mana pool.,"TMP,6ED,7ED",No thrull has ever been burdened with a long life.,normal,25625,1,1,Common,Thrull,Creature
Bog Imp,{1}{B},2,B,Carl Critchlow,122,Creature — Imp,Flying (This creature can't be blocked except by creatures with flying or reach.),"DRK,4ED,RQS,ITP,5ED,POR,6ED,S99,S00,7ED,8ED,9ED",Think of it as a butcher knife with wings.,normal,11179,1,1,Common,Imp,Creature
Bog Wraith,{3}{B},4,B,Dave Dorman,123,Creature — Wraith,Swampwalk (This creature can't be blocked as long as defending player controls a Swamp.),"LEA,LEB,2ED,CED,CEI,3ED,4ED,RQS,ITP,5ED,POR,6ED,S99,7ED,8ED,9ED,10E,M10",The bodies of its victims are the only tracks it leaves.,normal,11181,3,3,Uncommon,Wraith,Creature
Corrupt,{5}{B},6,B,Scott M. Fischer,124,Sorcery,Corrupt deals damage equal to the number of Swamps you control to target creature or player. You gain life equal to the damage dealt this way.,"pMEI,USG,7ED,pMPR,SHM,DDC,DDD,M11,M14,DD3_DVD,DD3_GVL",,normal,25624,,,Common,,Sorcery
Crypt Rats,{2}{B},3,B,Matt Cavotta,125,Creature — Rat,{X}: Crypt Rats deals X damage to each creature and each player. Spend only black mana on X.,"VIS,7ED",Beware anything born among the dead.\n—Tolarian saying,normal,25637,1,1,Uncommon,Rat,Creature
Dakmor Lancer,{4}{B}{B},6,B,Luca Zontini,126,Creature — Human Knight,"When Dakmor Lancer enters the battlefield, destroy target nonblack creature.","S99,7ED",The darkness of his shield reflects the inky blackness of his soul.,normal,25640,3,3,Uncommon,"Human,Knight",Creature
Dark Banishing,{2}{B},3,B,Rebecca Guay,127,Instant,Destroy target nonblack creature. It can't be regenerated.,"ICE,MIR,TMP,7ED,DKM,8ED,9ED,CST,ME2,DDC,DD3_DVD,TPR","""Hence ‘banishèd' is banished from the world, / And the world's exile is death.""\n—William Shakespeare,\nRomeo and Juliet",normal,14754,,,Common,,Instant
Darkest Hour,{B},1,B,Ciruelo,128,Enchantment,All creatures are black.,"USG,7ED",The eclipse made it clear whose side the sky was on.,normal,15825,,,Rare,,Enchantment
Dregs of Sorrow,{X}{4}{B},5,B,Massimilano Frezzato,129,Sorcery,Destroy X target nonblack creatures. Draw X cards.,"TMP,7ED,C14","""We live for a thousand years. The death of even one brings untold sorrow.""\n—Elvish elder",normal,13021,,,Rare,,Sorcery
Drudge Skeletons,{1}{B},2,B,Jim Nelson,130,Creature — Skeleton,"{B}: Regenerate Drudge Skeletons. (The next time this creature would be destroyed this turn, it isn't. Instead tap it, remove all damage from it, and remove it from combat.)","LEA,LEB,2ED,CED,CEI,3ED,4ED,5ED,6ED,S00,7ED,8ED,9ED,10E,M10,DDD,DPA,DD3_GVL","""The dead make good soldiers. They can't disobey orders, they never surrender, and they don't stop fighting when a random body part falls off.""\n—Nevinyrral,\nNecromancer's Handbook",normal,11246,1,1,Common,Skeleton,Creature
Duress,{B},1,B,Pete Venters,131,Sorcery,"Target opponent reveals his or her hand. You choose a noncreature, nonland card from it. That player discards that card.","pMEI,pARL,USG,pFNM,7ED,DDC,M10,M11,PD3,M13,M14,MD1,DD3_DVD,DTK,EMA","""Change your mind, or I'll change it for you.""",normal,14557,,,Common,,Sorcery
Eastern Paladin,{2}{B}{B},4,B,Kev Walker,132,Creature — Zombie Knight,"{B}{B}, {T}: Destroy target green creature.","USG,7ED,8ED","""There is no worse enemy. His passion for death doesn't just border on insanity, it wallows in it.""\n—The Southern Paladin",normal,13137,3,3,Rare,"Zombie,Knight",Creature
Engineered Plague,{2}{B},3,B,Andrew Goldhawk,133,Enchantment,"As Engineered Plague enters the battlefield, choose a creature type.\nAll creatures of the chosen type get -1/-1.","ULG,pFNM,7ED",A single germ can kill more soldiers than ten thousand blades.,normal,13097,,,Uncommon,,Enchantment
Fallen Angel,{3}{B}{B},5,B,Arnie Swekel,134,Creature — Angel,Flying\nSacrifice a creature: Fallen Angel gets +2/+1 until end of turn.,"LEG,CHR,5ED,6ED,BTD,7ED,8ED,DDC,CMD,DD3_DVD","""Why do you weep for the dead? I rejoice, for they have died for me.""\n—Fallen angel, to Serra",normal,11268,3,3,Rare,Angel,Creature
Fear,{B}{B},2,B,Adam Rex,135,Enchantment — Aura,Enchant creature (Target a creature as you cast this. This card enters the battlefield attached to that creature.)\nEnchanted creature has fear. (It can't be blocked except by artifact creatures and/or black creatures.),"LEA,LEB,2ED,CED,CEI,3ED,4ED,ICE,5ED,6ED,7ED,8ED,9ED,10E","""Booga booga booga!""",normal,11269,,,Common,Aura,Enchantment
Foul Imp,{B}{B},2,B,Kev Walker,136,Creature — Imp,"Flying\nWhen Foul Imp enters the battlefield, you lose 2 life.","STH,7ED,9ED,DDC,DD3_DVD","The villagers call it ""winged stench.""",normal,25638,2,2,Uncommon,Imp,Creature
Fugue,{3}{B}{B},5,B,Alan Pollack,137,Sorcery,Target player discards three cards.,"EXO,7ED,TPR","""It's hard to keep our own troops from fleeing when he's like this. How can our foes possibly stand against him?""\n—Field marshal for the Eastern Paladin",normal,25634,,,Uncommon,,Sorcery
Giant Cockroach,{3}{B},4,B,John Matson,138,Creature — Insect,,"ULG,7ED,8ED,9ED","Toren had stepped on a lot of bugs during his life, so he couldn't help feeling embarrassed when a bug stepped on him.",normal,25628,4,2,Common,Insect,Creature
Gravedigger,{3}{B},4,B,James Bernardin,139,Creature — Zombie,"When Gravedigger enters the battlefield, you may return target creature card from your graveyard to your hand.","POR,TMP,6ED,S99,BTD,7ED,ODY,8ED,9ED,pGTW,10E,M10,HOP,M11,CMD,M12,M15,TPR,EMA",A full coffin is like a full coffer—both are attractive to thieves.,normal,13025,2,2,Common,Zombie,Creature
Greed,{3}{B},4,B,Peter Bollinger,140,Enchantment,"{B}, Pay 2 life: Draw a card.","LEG,4ED,6ED,7ED,C13","An advisor once asked the Western Paladin how much gold would be enough. ""I have no need of fools who can imagine ‘enough,'"" he told the advisor's corpse.",normal,25642,,,Rare,,Enchantment
Hollow Dogs,{4}{B},5,B,Arnie Swekel,141,Creature — Zombie Hound,"Whenever Hollow Dogs attacks, it gets +2/+0 until end of turn.","USG,S99,BTD,7ED,9ED",A hollow dog is never empty. It is filled with thirst for the hunt.,normal,13107,3,3,Common,"Zombie,Hound",Creature
Howl from Beyond,{X}{B},1,B,Dave Dorman,142,Instant,Target creature gets +X/+0 until end of turn.,"LEA,LEB,2ED,CED,CEI,3ED,4ED,ICE,5ED,6ED,7ED,ME4","Whether it howls for hunger or for joy, you're in trouble just the same.",normal,11326,,,Common,,Instant
Infernal Contract,{B}{B}{B},3,B,Pete Venters,143,Sorcery,"Draw four cards. You lose half your life, rounded up.","MIR,6ED,7ED","""East and West meet and angels cry.\nUnholy power darkens the sky.""\n—""The Ballad of the Paladins""",normal,12957,,,Rare,,Sorcery
Leshrac's Rite,{B},1,B,rk post,144,Enchantment — Aura,Enchant creature\nEnchanted creature has swampwalk. (It can't be blocked as long as defending player controls a Swamp.),"ICE,5ED,6ED,7ED","""Brackish water, dark and blind\nHeed my will, to you I bind.""\n—Opening passage of Leshrac's Rite",normal,11377,,,Uncommon,Aura,Enchantment
Looming Shade,{2}{B},3,B,Kev Walker,145,Creature — Shade,{B}: Looming Shade gets +1/+1 until end of turn.,"USG,7ED,8ED,9ED,10E,M10","On darkness feeding, in nightmares breeding.",normal,13104,1,1,Common,Shade,Creature
Megrim,{2}{B},3,B,Peter Bollinger,146,Enchantment,"Whenever an opponent discards a card, Megrim deals 2 damage to that player.","STH,7ED,8ED,9ED,10E,M10,DPA",Memories cut from the mind can cut right back.,normal,25631,,,Uncommon,,Enchantment
Mind Rot,{2}{B},3,B,Adam Rex,147,Sorcery,Target player discards two cards.,"POR,PO2,S99,7ED,8ED,9ED,10E,M10,DPA,M11,M12,M13,RTR,M14,M15,DTK,ORI,W16",What wizards fear most is losing their minds.,normal,15828,,,Common,,Sorcery
Nausea,{1}{B},2,B,James Bernardin,148,Sorcery,All creatures get -1/-1 until end of turn.,"EXO,7ED,8ED,EMA","No fear. No sense. And soon, no lunch.",normal,25623,,,Common,,Sorcery
Necrologia,{3}{B}{B},5,B,Scott M. Fischer,149,Instant,"Cast Necrologia only during your end step.\nAs an additional cost to cast Necrologia, pay X life.\nDraw X cards.","EXO,7ED,TPR",,normal,25635,,,Uncommon,,Instant
Nightmare,{5}{B},6,B,Carl Critchlow,150,Creature — Nightmare Horse,Flying (This creature can't be blocked except by creatures with flying or reach.)\nNightmare's power and toughness are each equal to the number of Swamps you control.,"LEA,LEB,2ED,CED,CEI,3ED,4ED,5ED,6ED,7ED,8ED,9ED,10E,M10,M14,M15,ORI,W16",The thunder of its hooves beats dreams into despair.,normal,15826,*,*,Rare,"Nightmare,Horse",Creature
Nocturnal Raid,{2}{B}{B},4,B,Pete Venters,151,Instant,Black creatures get +2/+0 until end of turn.,"MIR,7ED",The Eastern Paladin doesn't attack at night for the tactical advantage. He does it for the sheer joy of fighting beneath the moon.,normal,25633,,,Uncommon,,Instant
Oppression,{1}{B}{B},3,B,Alex Horley-Orlandelli,152,Enchantment,"Whenever a player casts a spell, that player discards a card.","USG,7ED","""Defeating an enemy is not nearly as satisfying as watching one suffer.""\n—The Western Paladin",normal,25641,,,Rare,,Enchantment
Ostracize,{B},1,B,Hannibal King,153,Sorcery,Target opponent reveals his or her hand. You choose a creature card from it. That player discards that card.,"ULG,7ED","""You won't be needing this.""",normal,12980,,,Common,,Sorcery
Persecute,{2}{B}{B},4,B,Luca Zontini,154,Sorcery,Choose a color. Target player reveals his or her hand and discards all cards of that color.,"USG,7ED,8ED,9ED","""I want every last one of these tree-hugging, earth-loving, pointy-eared weaklings out of here. Now!""",normal,25644,,,Rare,,Sorcery
Plague Beetle,{B},1,B,Matt Cavotta,155,Creature — Insect,Swampwalk (This creature can't be blocked as long as defending player controls a Swamp.),"ULG,7ED,8ED,9ED,10E",No one knows whether they were named for the diseases they carry or for the speed at which they multiply.,normal,13158,1,1,Common,Insect,Creature
Rag Man,{2}{B}{B},4,B,Scott M. Fischer,156,Creature — Human Minion,"{B}{B}{B}, {T}: Target opponent reveals his or her hand and discards a creature card at random. Activate this ability only during your turn.","DRK,4ED,5ED,6ED,7ED",He hunts what might have been.,normal,11464,2,1,Rare,"Human,Minion",Creature
Raise Dead,{B},1,B,Carl Critchlow,157,Sorcery,Return target creature card from your graveyard to your hand.,"LEA,LEB,2ED,CED,CEI,3ED,4ED,RQS,ITP,5ED,POR,PO2,6ED,S99,7ED,8ED,9ED",The earth cannot hold that which magic commands.,normal,11465,,,Common,,Sorcery
Razortooth Rats,{2}{B},3,B,Carl Critchlow,158,Creature — Rat,Fear (This creature can't be blocked except by artifact creatures and/or black creatures.),"WTH,6ED,7ED,9ED","They'll chew through armor, flesh, and bone. They'll even chew through each other if they're hungry enough.",normal,12996,2,1,Common,Rat,Creature
Reprocess,{2}{B}{B},4,B,John Howe,159,Sorcery,"Sacrifice any number of artifacts, creatures, and/or lands. Draw a card for each permanent sacrificed this way.","USG,7ED",The battle's end is the meal's beginning.,normal,13101,,,Rare,,Sorcery
Revenant,{4}{B},5,B,Andrew Goldhawk,160,Creature — Spirit,Flying\nRevenant's power and toughness are each equal to the number of creature cards in your graveyard.,"pPRE,STH,7ED,TPR,ORI",It eats death and drinks pain.,normal,13088,*,*,Rare,Spirit,Creature
Scathe Zombies,{2}{B},3,B,Kev Walker,161,Creature — Zombie,,"LEA,LEB,2ED,CED,CEI,3ED,4ED,ITP,5ED,6ED,S99,S00,7ED,8ED,9ED,10E","""They groaned, they stirred, they all uprose,\nNor spake, nor moved their eyes;\nIt had been strange, even in a dream,\nTo have seen those dead men rise.""\n—Samuel Taylor Coleridge,\n""The Rime of the Ancient Mariner""",normal,27588,2,2,Common,Zombie,Creature
Serpent Warrior,{2}{B},3,B,Eric Peterson,162,Creature — Snake Warrior,"When Serpent Warrior enters the battlefield, you lose 3 life.","POR,STH,S99,7ED,8ED,9ED,TPR",They're the fiercest of all the Western Paladin's soldiers. They're also the most fiercely loyal—but that loyalty comes at a price.,normal,25627,3,3,Common,"Snake,Warrior",Creature
Soul Feast,{3}{B}{B},5,B,Adam Rex,163,Sorcery,Target player loses 4 life and you gain 4 life.,"UDS,S99,7ED,8ED,9ED,10E",You are who you eat.,normal,15818,,,Uncommon,,Sorcery
Spineless Thug,{1}{B},2,B,Alan Pollack,164,Creature — Zombie Mercenary,Spineless Thug can't block.,"NMS,7ED,8ED,9ED,10E","What it lacks in backbone, it makes up for in cruelty.",normal,15883,2,2,Common,"Zombie,Mercenary",Creature
Strands of Night,{2}{B}{B},4,B,Glen Angus,165,Enchantment,"{B}{B}, Pay 2 life, Sacrifice a Swamp: Return target creature card from your graveyard to the battlefield.","WTH,6ED,7ED","When the strands call, only the dead answer.",normal,13175,,,Uncommon,,Enchantment
Stronghold Assassin,{1}{B}{B},3,B,Ron Walotsky,166,Creature — Zombie Assassin,"{T}, Sacrifice a creature: Destroy target nonblack creature.","STH,7ED,C13,TPR",The assassin sees only throats and hears only heartbeats.,normal,25645,2,1,Rare,"Zombie,Assassin",Creature
Tainted Æther,{2}{B}{B},4,B,Ciruelo,167,Enchantment,"Whenever a creature enters the battlefield, its controller sacrifices a creature or land.","USG,7ED",Pockets of Æther can be so foul they melt flesh from bone.,normal,25643,,,Rare,,Enchantment
Unholy Strength,{B},1,B,Gary Ruddell,168,Enchantment — Aura,Enchant creature\nEnchanted creature gets +2/+1.,"LEA,LEB,2ED,CED,CEI,3ED,4ED,5ED,ATH,7ED,8ED,9ED,10E,DDC,M10,DPA,M11,DD3_DVD","""I don't feel any different.""",normal,15821,,,Common,Aura,Enchantment
Wall of Bone,{2}{B},3,B,Alan Pollack,169,Creature — Skeleton Wall,"Defender (This creature can't attack.)\n{B}: Regenerate Wall of Bone. (The next time this creature would be destroyed this turn, it isn't. Instead tap it, remove all damage from it, and remove it from combat.)","LEA,LEB,2ED,CED,CEI,3ED,4ED,RQS,ITP,5ED,7ED,M10,DDD,DD3_GVL","A skeletal wall, strengthened by the souls of traitors, rings the city of the Eastern Paladin.",normal,25639,1,4,Uncommon,"Skeleton,Wall",Creature
Western Paladin,{2}{B}{B},4,B,Paolo Parente,170,Creature — Zombie Knight,"{B}{B}, {T}: Destroy target white creature.","USG,7ED,8ED","""Expect nothing but scorn, flattery, and lies. And never turn your back on him.""\n—The Northern Paladin",normal,13138,3,3,Rare,"Zombie,Knight",Creature
Yawgmoth's Edict,{1}{B},2,B,Donato Giancola,171,Enchantment,"Whenever an opponent casts a white spell, that player loses 1 life and you gain 1 life.","USG,7ED",The warping of bodies and souls has become the heart of Yawgmoth's existence.,normal,25630,,,Uncommon,,Enchantment
Æther Flash,{2}{R}{R},4,R,Wayne England,172,Enchantment,"Whenever a creature enters the battlefield, Æther Flash deals 2 damage to it.","WTH,6ED,7ED","As the foul beast appeared, arcane lightning crackled around it.",normal,25678,,,Uncommon,,Enchantment
Balduvian Barbarians,{1}{R}{R},3,R,Jim Nelson,173,Creature — Human Barbarian,,"ICE,6ED,7ED,8ED,9ED","""From the snowy slopes of Kaelor,\nTo the canyons of Bandu,\nWe drink and fight and feast and die\nAs we were born to do.""\n—Balduvian tavern song",normal,25673,3,2,Common,"Human,Barbarian",Creature
Bedlam,{2}{R}{R},4,R,Ron Spencer,174,Enchantment,Creatures can't block.,"USG,7ED",The generals were dead. The battle plans were forgotten. It was everyone for themselves.,normal,25689,,,Rare,,Enchantment
Blaze,{X}{R},1,R,Alex Horley-Orlandelli,175,Sorcery,Blaze deals X damage to target creature or player.,"POR,PO2,6ED,PTK,7ED,8ED,9ED,10E,HOP,DPA",Fire never dies alone.,normal,13187,,,Uncommon,,Sorcery
Bloodshot Cyclops,{5}{R},6,R,Daren Bader,176,Creature — Cyclops Giant,"{T}, Sacrifice a creature: Bloodshot Cyclops deals damage equal to the sacrificed creature's power to target creature or player.","UDS,7ED,8ED","After their first encounter, the goblins named him Chuck.",normal,15792,4,4,Rare,"Cyclops,Giant",Creature
Boil,{3}{R},4,R,Christopher Moeller,177,Instant,Destroy all Islands.,"TMP,6ED,7ED,8ED","""It is a slaughter, the death of a sea. Never speak of it again.""\n—The Lord of Atlantis",normal,25675,,,Uncommon,,Instant
Crimson Hellkite,{6}{R}{R}{R},9,R,Carl Critchlow,178,Creature — Dragon,"Flying\n{X}, {T}: Crimson Hellkite deals X damage to target creature. Spend only red mana on X.","MIR,6ED,7ED","The hellkites are artists with flames, painting the world with fire.",normal,15814,6,6,Rare,Dragon,Creature
Disorder,{1}{R},2,R,Glen Angus,179,Sorcery,Disorder deals 2 damage to each white creature and each player who controls a white creature.,"USG,7ED","""Fire hurts them almost as much as the chaos that follows. Almost.""\n—The Western Paladin",normal,13136,,,Uncommon,,Sorcery
Earthquake,{X}{R},1,R,Franz Vohwinkel,180,Sorcery,Earthquake deals X damage to each creature without flying and each player.,"LEA,LEB,2ED,CED,CEI,3ED,4ED,5ED,POR,PO2,6ED,7ED,M10,CMD,C15",,normal,11254,,,Rare,,Sorcery
Fervor,{2}{R},3,R,Wayne England,181,Enchantment,Creatures you control have haste. (They can attack and {T} as soon as they come under your control.),"WTH,6ED,7ED,M13",The intensity of their glare was soon surpassed by the intensity of their attack.,normal,13015,,,Rare,,Enchantment
Final Fortune,{R}{R},2,R,Greg & Tim Hildebrandt,182,Instant,"Take an extra turn after this one. At the beginning of that turn's end step, you lose the game.","MIR,6ED,7ED",A reward is worthless if you aren't around to enjoy it.,normal,12970,,,Rare,,Instant
Fire Elemental,{3}{R}{R},5,R,Douglas Shuler,183,Creature — Elemental,,"LEA,LEB,2ED,CED,CEI,3ED,4ED,6ED,S99,7ED,M13",It treads on feet of coals and strikes with the force of a volcano.,normal,15813,5,4,Uncommon,Elemental,Creature
Ghitu Fire-Eater,{2}{R},3,R,Eric Peterson,184,Creature — Human Nomad,"{T}, Sacrifice Ghitu Fire-Eater: Ghitu Fire-Eater deals damage equal to its power to target creature or player.","ULG,7ED","The Ghitu believe their race was born of fire, and it's an honor to return to it.",normal,15809,2,2,Uncommon,"Human,Nomad",Creature
Goblin Chariot,{2}{R},3,R,John Howe,185,Creature — Goblin Warrior,Haste (This creature can attack the turn it comes under your control.),"S99,7ED,8ED,9ED",The hardest part of his training is learning not to eat the boar.,normal,25672,2,2,Common,"Goblin,Warrior",Creature
Goblin Digging Team,{R},1,R,Ben Thompson,186,Creature — Goblin,"{T}, Sacrifice Goblin Digging Team: Destroy target Wall.","DRK,CHR,5ED,ATH,6ED,7ED","""Dig. Dig. Dig. Dig. Dig. Dig. Die""\n—Goblin chant",normal,11307,1,1,Common,Goblin,Creature
Goblin Elite Infantry,{1}{R},2,R,Daren Bader,187,Creature — Goblin Warrior,"Whenever Goblin Elite Infantry blocks or becomes blocked, it gets -1/-1 until end of turn.","MIR,6ED,7ED,10E",We're elite. You're not.\n—Infantry motto,normal,15805,2,2,Common,"Goblin,Warrior",Creature
Goblin Gardener,{3}{R},4,R,Jerry Tiritilli,188,Creature — Goblin,"When Goblin Gardener dies, destroy target land.","UDS,7ED",Years of attempts have brought the goblins no closer to growing a sausage tree.,normal,25674,2,1,Common,Goblin,Creature
Goblin Glider,{1}{R},2,R,Patrick Faricy,189,Creature — Goblin,Flying\nGoblin Glider can't block.,"PO2,S99,7ED,8ED","""What's got two arms, one wing, and no brains?""\n—Ghitu riddle",normal,25679,1,1,Uncommon,Goblin,Creature
Goblin King,{1}{R}{R},3,R,Ron Spears,190,Creature — Goblin,Other Goblin creatures get +1/+1 and have mountainwalk. (They can't be blocked as long as defending player controls a Mountain.),"LEA,LEB,2ED,CED,CEI,3ED,4ED,5ED,ATH,6ED,7ED,8ED,9ED,10E","To be king, Numsgil did in Blog, who did in Unkful, who did in Viddle, who did in Loll, who did in Alrok. . . .",normal,11309,2,2,Rare,Goblin,Creature
Goblin Matron,{2}{R},3,R,Dan Frazier,191,Creature — Goblin,"When Goblin Matron enters the battlefield, you may search your library for a Goblin card, reveal that card, and put it into your hand. If you do, shuffle your library.","PO2,USG,ATH,7ED,EVG,VMA,DD3_EVG",,normal,15810,1,1,Uncommon,Goblin,Creature
Goblin Raider,{1}{R},2,R,Arnie Swekel,192,Creature — Goblin Warrior,Goblin Raider can't block.,"PO2,USG,7ED,8ED,9ED",He's smart for a goblin. He can do two things: hit and run.,normal,13122,2,2,Common,"Goblin,Warrior",Creature
Goblin Spelunkers,{2}{R},3,R,Matt Cavotta,193,Creature — Goblin Warrior,Mountainwalk (This creature can't be blocked as long as defending player controls a Mountain.),"USG,7ED,RAV",Goblins prefer caves to just about anything else. Caves prefer just about anything else to goblins.,normal,13100,2,2,Common,"Goblin,Warrior",Creature
Goblin War Drums,{2}{R},3,R,Peter Bollinger,194,Enchantment,Creatures you control have menace. (They can't be blocked except by two or more creatures.),"FEM,5ED,7ED",The goblin idea of music is to hit something with a stick.,normal,25676,,,Uncommon,,Enchantment
Granite Grip,{2}{R},3,R,Ray Lago,195,Enchantment — Aura,Enchant creature\nEnchanted creature gets +1/+0 for each Mountain you control.,"ULG,7ED","""Let me introduce you to Rocky.""",normal,25671,,,Common,Aura,Enchantment
Hill Giant,{3}{R},4,R,Orizio Daniele,196,Creature — Giant,,"LEA,LEB,2ED,CED,CEI,3ED,4ED,RQS,ITP,5ED,POR,7ED,8ED,9ED,10E,DPA","Hill giants are mostly just big. Of course, that does count for a lot.",normal,25680,3,3,Common,Giant,Creature
Impatience,{2}{R},3,R,Kunio Hagio,197,Enchantment,"At the beginning of each player's end step, if that player didn't cast a spell this turn, Impatience deals 2 damage to him or her.","UDS,7ED","""I'm going to count to three. Three.""",normal,25681,,,Rare,,Enchantment
Inferno,{5}{R}{R},7,R,Don Hazeltine,198,Instant,Inferno deals 6 damage to each creature and each player.,"DRK,4ED,5ED,6ED,7ED,8ED","""Some have said there is no subtlety to destruction. You know what? They're dead.""\n—Wandering mage",normal,15815,,,Rare,,Instant
Lava Axe,{4}{R},5,R,Ray Lago,199,Sorcery,Lava Axe deals 5 damage to target player.,"POR,PO2,ULG,S99,S00,BTD,7ED,8ED,9ED,pGTW,10E,M10,M11,M12,M14,M15","""Catch!""",normal,13185,,,Common,,Sorcery
Lightning Blast,{3}{R},4,R,Ron Spencer,200,Instant,Lightning Blast deals 4 damage to target creature or player.,"TMP,6ED,7ED,8ED,TPR","""I'll climb down soon. Don't worry, it's just a thundersto—""\n—Former elvish scout",normal,13051,,,Common,,Instant
Lightning Elemental,{3}{R},4,R,Kev Walker,201,Creature — Elemental,Haste (This creature can attack and {T} as soon as it comes under your control.),"TMP,BRB,7ED,8ED,9ED,10E,M10,DPA,M12","""A flash of the lightning, a break of the wave,\nHe passes from life to his rest in the grave.""\n—William Knox, ""Mortality""",normal,13053,4,1,Common,Elemental,Creature
Mana Clash,{R},1,R,Larry Elmore,202,Sorcery,You and target opponent each flip a coin. Mana Clash deals 1 damage to each player whose coin comes up tails. Repeat this process until both players' coins come up heads on the same flip.,"DRK,4ED,5ED,7ED,8ED,9ED",,normal,25682,,,Rare,,Sorcery
Ogre Taskmaster,{3}{R},4,R,Jeff Easley,203,Creature — Ogre,Ogre Taskmaster can't block.,"PO2,MMQ,7ED,8ED,9ED,ME4",Ogres learn how to smash stuff even before they learn how to walk.,normal,15817,4,3,Uncommon,Ogre,Creature
Okk,{1}{R},2,R,Peter Bollinger,204,Creature — Goblin,Okk can't attack unless a creature with greater power also attacks.\nOkk can't block unless a creature with greater power also blocks.,"USG,7ED,8ED",,normal,25686,4,4,Rare,Goblin,Creature
Orcish Artillery,{1}{R}{R},3,R,Dan Frazier,205,Creature — Orc Warrior,{T}: Orcish Artillery deals 2 damage to target creature or player and 3 damage to you.,"LEA,LEB,2ED,CED,CEI,3ED,4ED,RQS,ITP,5ED,6ED,7ED,8ED,9ED,10E","""Ready . . . aim . . . fire""\n""Ow""",normal,15812,1,3,Uncommon,"Orc,Warrior",Creature
Orcish Oriflamme,{3}{R},4,R,Ben Thompson,206,Enchantment,Attacking creatures you control get +1/+0.,"LEA,LEB,2ED,CED,CEI,3ED,4ED,RQS,ITP,5ED,6ED,S00,7ED,EMA",,normal,11427,,,Uncommon,,Enchantment
Pillage,{1}{R}{R},3,R,Bradley Williams,207,Sorcery,Destroy target artifact or land. It can't be regenerated.,"ALL,pARL,6ED,7ED,DKM,ME2,PD2","""Burn their homes. Salt their lands. Nothing survives.""\n—The Western Paladin",normal,13182,,,Uncommon,,Sorcery
Pygmy Pyrosaur,{1}{R},2,R,Dan Frazier,208,Creature — Lizard,Pygmy Pyrosaur can't block.\n{R}: Pygmy Pyrosaur gets +1/+0 until end of turn.,"ULG,7ED,DDI",Do not judge a lizard by its size.\n—Ghitu proverb,normal,15879,1,1,Common,Lizard,Creature
Pyroclasm,{1}{R},2,R,Monte Michael Moore,209,Sorcery,Pyroclasm deals 2 damage to each creature.,"ICE,POR,7ED,pMPR,DKM,8ED,9ED,10E,M10,M11,DDK,DDL","""When the air burns, only death breathes deep.""\n—Bogardan mage",normal,25677,,,Uncommon,,Sorcery
Pyrotechnics,{4}{R},5,R,John Avon,210,Sorcery,Pyrotechnics deals 4 damage divided as you choose among any number of target creatures and/or players.,"LEG,4ED,RQS,ITP,5ED,ATH,6ED,7ED,8ED,HOP,FRF","""Who says lightning never strikes twice?""\n—Storm shaman",normal,25670,,,Uncommon,,Sorcery
Raging Goblin,{R},1,R,Peter Bollinger,211,Creature — Goblin Berserker,Haste (This creature can attack and {T} as soon as it comes under your control.),"POR,PO2,EXO,ATH,6ED,S99,BRB,BTD,7ED,8ED,9ED,10E,EVG,M10,DD3_EVG","He raged at the world, at his family, at his life. But mostly he just raged.",normal,13146,1,1,Common,"Goblin,Berserker",Creature
Reckless Embermage,{3}{R},4,R,Bob Petillo,212,Creature — Human Wizard,{1}{R}: Reckless Embermage deals 1 damage to target creature or player and 1 damage to itself.,"MIR,6ED,7ED",Those who play with fire are bound to get burned.,normal,25687,2,2,Rare,"Human,Wizard",Creature
Reflexes,{R},1,R,Donato Giancola,213,Enchantment — Aura,Enchant creature (Target a creature as you cast this. This card enters the battlefield attached to that creature.)\nEnchanted creature has first strike. (It deals combat damage before creatures without first strike.),"USG,7ED,8ED,9ED","""Be as fast as lightning, and you will be just as deadly.""\n—Combat trainer",normal,15833,,,Common,Aura,Enchantment
Relentless Assault,{2}{R}{R},4,R,Greg & Tim Hildebrandt,214,Sorcery,"Untap all creatures that attacked this turn. After this main phase, there is an additional combat phase followed by an additional main phase.","VIS,PO2,6ED,PTK,S99,7ED,8ED,9ED,10E,HOP","""Mercy? Mercy is for the playground, not the battleground.""",normal,25684,,,Rare,,Sorcery
Sabretooth Tiger,{2}{R},3,R,Monte Michael Moore,215,Creature — Cat,First strike,"ICE,5ED,6ED,7ED,8ED","""Here, kitty kitty. Here, kitty kitty. Aaaaugh!""",normal,15807,2,1,Common,Cat,Creature
Seismic Assault,{R}{R}{R},3,R,Greg Staples,216,Enchantment,Discard a land card: Seismic Assault deals 2 damage to target creature or player.,"EXO,7ED,8ED,10E",Earth arms itself with fire.,normal,11361,,,Rare,,Enchantment
Shatter,{1}{R},2,R,Michael Koelsch,217,Instant,Destroy target artifact.,"LEA,LEB,2ED,CED,CEI,3ED,4ED,ICE,5ED,TMP,6ED,7ED,DKM,8ED,MRD,9ED,M10,SOM,KTK,TPR",,normal,11496,,,Common,,Instant
Shivan Dragon,{4}{R}{R},6,R,Donato Giancola,218,Creature — Dragon,Flying (This creature can't be blocked except by creatures with flying or reach.)\n{R}: Shivan Dragon gets +1/+0 until end of turn.,"LEA,LEB,2ED,CED,CEI,3ED,4ED,5ED,BTD,7ED,pREL,8ED,9ED,10E,DRB,M10,DPA,ME4,M14,M15,ORI,W16",The undisputed master of the mountains of Shiv.,normal,25688,5,5,Rare,Dragon,Creature
Shock,{R},1,R,Mike Sass,219,Instant,Shock deals 2 damage to target creature or player.,"STH,6ED,pFNM,S00,BTD,7ED,ONS,8ED,9ED,10E,DPA,M12,M14,DDN",,normal,13074,,,Common,,Instant
Spitting Earth,{1}{R},2,R,Michael Koelsch,220,Sorcery,Spitting Earth deals damage to target creature equal to the number of Mountains you control.,"MIR,POR,PO2,6ED,S99,7ED,10E,EVG,DDG,DD3_EVG","""We were ready for an attack from the front, sides, or back—but the mage hit us from below.""\n—Veteran soldier",normal,12972,,,Common,,Sorcery
Stone Rain,{2}{R},3,R,Tony Szczudlo,221,Sorcery,Destroy target land.,"LEA,LEB,2ED,CED,CEI,3ED,4ED,ICE,MIR,5ED,POR,TMP,PO2,6ED,PTK,S99,MMQ,pFNM,S00,7ED,8ED,CHK,9ED",,normal,11515,,,Common,,Sorcery
Storm Shaman,{2}{R},3,R,D. J. Cleland-Hura,222,Creature — Human Cleric Shaman,{R}: Storm Shaman gets +1/+0 until end of turn.,"ALL,7ED,DKM","She speaks with the voice of the winds, and the earth trembles.",normal,15834,0,4,Uncommon,"Human,Cleric,Shaman",Creature
Sudden Impact,{3}{R},4,R,Greg & Tim Hildebrandt,223,Instant,Sudden Impact deals damage to target player equal to the number of cards in that player's hand.,"TMP,7ED,8ED,9ED,10E,PD2",Caught red-handed.,normal,13059,,,Uncommon,,Instant
Trained Orgg,{6}{R},7,R,Alex Horley-Orlandelli,224,Creature — Orgg,,"S99,S00,7ED","""That arm's for bashin'. That one's for smashin'. That one's for scratchin'. And that one . . . I don't know what that one's for.""\n—Orgg trainer",normal,12975,6,6,Rare,Orgg,Creature
Tremor,{R},1,R,Michael Koelsch,225,Sorcery,Tremor deals 1 damage to each creature without flying.,"VIS,PO2,6ED,S99,MMQ,7ED,8ED",Where do you run when the earth becomes your enemy?,normal,12988,,,Common,,Sorcery
Volcanic Hammer,{1}{R},2,R,Ben Thompson,226,Sorcery,Volcanic Hammer deals 3 damage to target creature or player.,"POR,PO2,S99,pSUS,7ED,8ED,9ED",Fire finds its form in the heat of the forge.,normal,30171,,,Common,,Sorcery
Wall of Fire,{1}{R}{R},3,R,Ron Spencer,227,Creature — Wall,Defender (This creature can't attack.)\n{R}: Wall of Fire gets +1/+0 until end of turn.,"LEA,LEB,2ED,CED,CEI,3ED,4ED,5ED,6ED,7ED,10E,M10,M13,M15",The erupting flames work as both barrier and weapon.,normal,11563,0,5,Uncommon,Wall,Creature
Wildfire,{4}{R}{R},6,R,Ron Spencer,228,Sorcery,Each player sacrifices four lands. Wildfire deals 4 damage to each creature.,"PO2,USG,7ED,9ED,MM2","Fire is always at the top of the food chain, and it has a big appetite.",normal,25685,,,Rare,,Sorcery
Anaconda,{3}{G},4,G,John Gallagher,229,Creature — Snake,Swampwalk (This creature can't be blocked as long as defending player controls a Swamp.),"POR,USG,7ED,9ED",You'll never find an anaconda in a swamp. It will always find you first.,normal,13106,3,3,Uncommon,Snake,Creature
Ancient Silverback,{4}{G}{G},6,G,Scott M. Fischer,230,Creature — Ape,"{G}: Regenerate Ancient Silverback. (The next time this creature would be destroyed this turn, it isn't. Instead tap it, remove all damage from it, and remove it from combat.)","UDS,7ED,9ED,M15",The Phyrexian killing machines couldn't have known the seriousness of their mistake in wounding the ape—they'd never seen it angry.,normal,25595,6,5,Rare,Ape,Creature
Birds of Paradise,{G},1,G,"Edward P. Beard, Jr.",231,Creature — Bird,Flying\n{T}: Add one mana of any color to your mana pool.,"LEA,LEB,2ED,CED,CEI,3ED,pMEI,4ED,5ED,6ED,7ED,8ED,RAV,10E,M10,M11,M12",,normal,11173,0,1,Rare,Bird,Creature
Blanchwood Armor,{2}{G},3,G,Paolo Parente,232,Enchantment — Aura,Enchant creature (Target a creature as you cast this. This card enters the battlefield attached to that creature.)\nEnchanted creature gets +1/+1 for each Forest you control.,"USG,7ED,8ED,9ED,10E,DPA","""There's never been a dwarven smith who could match the marvels that Gaea herself forges.""\n—The Elvish Champion",normal,25588,,,Uncommon,Aura,Enchantment
Bull Hippo,{3}{G},4,G,Heather Hudson,233,Creature — Hippo,Islandwalk (This creature can't be blocked as long as defending player controls an Island.),"POR,pPOD,USG,S99,7ED","The merfolk may rule the waters, but hippos have never had much respect for authority.",normal,13103,3,3,Uncommon,Hippo,Creature
Canopy Spider,{1}{G},2,G,Mike Raabe,234,Creature — Spider,Reach (This creature can block creatures with flying.),"TMP,ATH,7ED,8ED,10E,TPR",It keeps the upper reaches of the forest free of every menace . . . except for the spider itself.,normal,13040,1,3,Common,Spider,Creature
Compost,{1}{G},2,G,Marc Fishman,235,Enchantment,"Whenever a black card is put into an opponent's graveyard from anywhere, you may draw a card.","UDS,7ED",A fruit must rot before its seed can sprout.\n—Yavimaya saying,normal,15881,,,Uncommon,,Enchantment
Creeping Mold,{2}{G}{G},4,G,Gary Ruddell,236,Sorcery,"Destroy target artifact, enchantment, or land.","pARL,VIS,6ED,7ED,8ED,MRD,9ED,10E",Mold crept over the walls and into every crevice until the gleaming white stone strained and burst.,normal,25666,,,Uncommon,,Sorcery
Early Harvest,{1}{G}{G},3,G,Heather Hudson,237,Instant,Target player untaps all basic lands he or she controls.,"MIR,6ED,7ED,9ED","""Give it a week and it will feed an army.""",normal,12962,,,Rare,,Instant
Elder Druid,{3}{G},4,G,Alan Pollack,238,Creature — Elf Cleric Druid,"{3}{G}, {T}: You may tap or untap target artifact, creature, or land.","ICE,5ED,6ED,7ED","""I may seem wise to you, but I'm merely a sapling among mighty oaks.""",normal,11256,2,2,Rare,"Elf,Cleric,Druid",Creature
Elvish Archers,{1}{G},2,G,Doug Chaffee,239,Creature — Elf Archer,First strike,"LEA,LEB,2ED,CED,CEI,3ED,4ED,RQS,ITP,5ED,6ED,7ED",The archers have a reputation for attacking without warning. They claim that the first arrow is the warning.,normal,25593,2,1,Rare,"Elf,Archer",Creature
Elvish Champion,{1}{G}{G},3,G,Paolo Parente,240,Creature — Elf,Other Elf creatures get +1/+1 and have forestwalk. (They can't be blocked as long as defending player controls a Forest.),"pSUS,INV,7ED,8ED,9ED,10E,DPA","""For what are leaves but countless blades\nTo fight a countless foe on high.""\n—Elvish hymn",normal,11582,2,2,Rare,Elf,Creature
Elvish Lyrist,{G},1,G,Michael Koelsch,241,Creature — Elf,"{G}, {T}, Sacrifice Elvish Lyrist: Destroy target enchantment.","USG,BRB,pSUS,7ED,8ED","To an elf, magic and music are the same.",normal,11482,1,1,Uncommon,Elf,Creature
Elvish Piper,{3}{G},4,G,Tristan Elwell,242,Creature — Elf Shaman,"{G}, {T}: You may put a creature card from your hand onto the battlefield.","UDS,7ED,8ED,9ED,10E,M10","From Gaea grew the world, and the world was silent. From Gaea grew the world's elves, and the world was silent no more.\n—Elvish teaching",normal,13197,1,1,Rare,"Elf,Shaman",Creature
Familiar Ground,{2}{G},3,G,Thomas Gianni,243,Enchantment,Each creature you control can't be blocked by more than one creature.,"WTH,6ED,7ED","More than any other battlefield, the forest gives the advantage to those who know it best.",normal,13191,,,Uncommon,,Enchantment
Femeref Archers,{2}{G},3,G,Gary Ruddell,244,Creature — Human Archer,{T}: Femeref Archers deals 4 damage to target attacking creature with flying.,"MIR,6ED,7ED,10E","""Bet you can't put it through the eye.""\n""Left or right?""",normal,12963,2,2,Uncommon,"Human,Archer",Creature
Fog,{G},1,G,Arnie Swekel,245,Instant,Prevent all combat damage that would be dealt this turn.,"LEA,LEB,2ED,CED,CEI,3ED,4ED,MIR,5ED,6ED,BTD,7ED,M10,ARC,M11,ME4,M12,M13,M14,EMA",,normal,11283,,,Common,,Instant
Fyndhorn Elder,{2}{G},3,G,Greg Staples,246,Creature — Elf Druid,{T}: Add {G}{G} to your mana pool.,"ICE,5ED,6ED,7ED,8ED","""It is useful to be able to speak to the trees. But it is truly wondrous to be able to listen to them.""",normal,11296,1,1,Uncommon,"Elf,Druid",Creature
Gang of Elk,{5}{G},6,G,Thomas Gianni,247,Creature — Elk Beast,"Whenever Gang of Elk becomes blocked, it gets +2/+2 until end of turn for each creature blocking it.","ULG,7ED","""I felt the ground shake, so I hid in my tent until the earthquake passed. It passed all right, and it left hoofprints.""\n—Femeref explorer",normal,25668,5,4,Uncommon,"Elk,Beast",Creature
Giant Growth,{G},1,G,Terese Nielsen,248,Instant,Target creature gets +3/+3 until end of turn.,"LEA,LEB,2ED,CED,CEI,3ED,4ED,ICE,5ED,ATH,6ED,BRB,pSUS,pFNM,S00,BTD,7ED,pMPR,DKM,8ED,9ED,10E,EVG,ME2,M10,ME3,DDD,DPA,M11,ME4,RTR,M14,DD3_EVG,DD3_GVL",,normal,11301,,,Common,,Instant
Giant Spider,{3}{G},4,G,Ray Lago,249,Creature — Spider,Reach (This creature can block creatures with flying.),"LEA,LEB,2ED,CED,CEI,3ED,4ED,5ED,POR,ATH,6ED,7ED,8ED,9ED,10E,M10,DPA,M11,M12,M14","Watching the spider's web\n—Llanowar expression meaning\n""focusing on the wrong thing""",normal,11302,2,4,Common,Spider,Creature
Gorilla Chieftain,{2}{G}{G},4,G,Carl Critchlow,250,Creature — Ape,{1}{G}: Regenerate Gorilla Chieftain.,"ALL,ATH,6ED,7ED",A gorilla chief must always be prepared to defend his crown. This leads to some pretty tough apes.,normal,13047,3,3,Common,Ape,Creature
Grizzly Bears,{1}{G},2,G,D. J. Cleland-Hura,251,Creature — Bear,,"LEA,LEB,2ED,CED,CEI,3ED,4ED,RQS,ITP,5ED,POR,6ED,S99,7ED,8ED,9ED,10E","They've got claws as long as your arm. And they're grouchy. Really, really grouchy.",normal,11315,2,2,Common,Bear,Creature
Hurricane,{X}{G},1,G,John Howe,252,Sorcery,Hurricane deals X damage to each creature with flying and each player.,"LEA,LEB,2ED,CED,CEI,3ED,4ED,ICE,5ED,POR,PO2,ATH,6ED,BRB,7ED,DKM,10E",,normal,10844,,,Rare,,Sorcery
Llanowar Elves,{G},1,G,Jerry Tiritilli,253,Creature — Elf Druid,{T}: Add {G} to your mana pool.,"LEA,LEB,2ED,CED,CEI,3ED,4ED,5ED,ATH,6ED,BRB,pFNM,S00,BTD,7ED,9ED,pGTW,10E,EVG,M10,M11,M12,C14,DD3_EVG,EMA","Llanowar covers a million square miles, yet nobody enters the forest without the elves knowing it.",normal,11386,1,1,Common,"Elf,Druid",Creature
Lone Wolf,{2}{G},3,G,Douglas Shuler,254,Creature — Wolf,You may have Lone Wolf assign its combat damage as though it weren't blocked.,"PO2,ULG,PTK,S99,7ED,8ED",A wolf without a pack is either a survivor or a brute.,normal,13161,2,2,Common,Wolf,Creature
Lure,{1}{G}{G},3,G,Larry Elmore,255,Enchantment — Aura,Enchant creature\nAll creatures able to block enchanted creature do so.,"LEA,LEB,2ED,CED,CEI,3ED,4ED,ICE,5ED,6ED,MMQ,7ED,8ED,CHK,10E,M12","""When the forest wants something, no mortal mind can resist her.""\n—Maro",normal,11390,,,Uncommon,Aura,Enchantment
Maro,{2}{G}{G},4,G,Pete Venters,256,Creature — Elemental,Maro's power and toughness are each equal to the number of cards in your hand.,"MIR,6ED,7ED,8ED,9ED",No two see the same Maro.,normal,12965,*,*,Rare,Elemental,Creature
Might of Oaks,{3}{G},4,G,Greg Staples,257,Instant,Target creature gets +7/+7 until end of turn.,"ULG,7ED,8ED,9ED,10E,M10","""Guess where I'm gonna plant this!""",normal,13148,,,Rare,,Instant
Monstrous Growth,{1}{G},2,G,Ron Spencer,258,Sorcery,Target creature gets +4/+4 until end of turn.,"POR,PO2,S99,S00,7ED,8ED",Get in touch with your inner monster.,normal,30169,,,Common,,Sorcery
Nature's Resurgence,{2}{G}{G},4,G,Gary Ruddell,259,Sorcery,Each player draws a card for each creature card in his or her graveyard.,"WTH,6ED,7ED","""The dead whisper to the living. If you listen, you will learn.""\n—Maro",normal,12998,,,Rare,,Sorcery
Nature's Revolt,{3}{G}{G},5,G,Dave Dorman,260,Enchantment,All lands are 2/2 creatures that are still lands.,"TMP,7ED",The land rises up to defend against those who would spoil its beauty.,normal,25592,,,Rare,,Enchantment
Pride of Lions,{3}{G}{G},5,G,Gary Ruddell,261,Creature — Cat,You may have Pride of Lions assign its combat damage as though it weren't blocked.,"S99,7ED,DDH",There's only one thing worse than a hungry lion—many hungry lions.,normal,25667,4,4,Uncommon,Cat,Creature
Rampant Growth,{1}{G},2,G,Scott M. Fischer,262,Sorcery,Search your library for a basic land card and put that card onto the battlefield tapped. Then shuffle your library.,"MIR,TMP,6ED,BTD,7ED,pMPR,8ED,9ED,10E,M10,HOP,DPA,M12,TPR,MM2,C15",Nature grows solutions to her problems.,normal,11501,,,Common,,Sorcery
Reclaim,{G},1,G,Greg & Tim Hildebrandt,263,Instant,Put target card from your graveyard on top of your library.,"EXO,7ED,9ED,M12,ORI",The wise pay as much attention to what they throw away as to what they keep.,normal,15837,,,Common,,Instant
Redwood Treefolk,{4}{G},5,G,D. J. Cleland-Hura,264,Creature — Treefolk,,"POR,WTH,6ED,7ED","And would you strip the bark from a treefolk?\n—Elvish expression meaning\n""Are you crazy?""",normal,12999,3,6,Common,Treefolk,Creature
Regeneration,{1}{G},2,G,Adam Rex,265,Enchantment — Aura,"Enchant creature (Target a creature as you cast this. This card enters the battlefield attached to that creature.)\n{G}: Regenerate enchanted creature. (The next time that creature would be destroyed this turn, it isn't. Instead tap it, remove all damage from it, and remove it from combat.)","LEA,LEB,2ED,CED,CEI,3ED,4ED,ICE,MIR,5ED,6ED,7ED,8ED,9ED,10E","""Why should death always have the last word?""\n—Llanowar druid",normal,11469,,,Common,Aura,Enchantment
Rowen,{2}{G}{G},4,G,Franz Vohwinkel,266,Enchantment,"Reveal the first card you draw each turn. Whenever you reveal a basic land card this way, draw a card.","VIS,6ED,7ED",Those who understand the forest are free to harvest its bounty.,normal,25591,,,Rare,,Enchantment
Scavenger Folk,{G},1,G,Matt Cavotta,267,Creature — Human,"{G}, {T}, Sacrifice Scavenger Folk: Destroy target artifact.","DRK,CHR,5ED,ATH,7ED,ME4","""One piece? Now there's a hundred!""",normal,25590,1,1,Uncommon,Human,Creature
Seeker of Skybreak,{1}{G},2,G,Alex Horley-Orlandelli,268,Creature — Elf,{T}: Untap target creature.,"TMP,BRB,7ED",Seekers spend their lives protecting a home they rarely visit.,normal,13046,2,1,Common,Elf,Creature
Shanodin Dryads,{G},1,G,Eric Peterson,269,Creature — Nymph Dryad,Forestwalk (This creature can't be blocked as long as defending player controls a Forest.),"LEA,LEB,2ED,CED,CEI,3ED,4ED,5ED,6ED,7ED","Where dryads dance, seeds sprout and flowers bloom.",normal,11494,1,1,Common,"Nymph,Dryad",Creature
Spined Wurm,{4}{G},5,G,Carl Critchlow,270,Creature — Wurm,,"pMEI,POR,STH,S00,7ED,8ED,9ED,10E,DPA,M11,TPR","""I wouldn't stand in front of that wurm, son. 'Course, I wouldn't stand behind it neither. In fact, standing anywhere near that wurm's not much of a plan. Running, now that's a plan""\n—Wandering mage",normal,13096,5,4,Common,Wurm,Creature
Squall,{2}{G},3,G,Greg Staples,271,Sorcery,Squall deals 2 damage to each creature with flying.,"S99,MMQ,7ED,ME4","""May the winds blow till they have wakened death. . . .""\n—William Shakespeare,\nOthello",normal,25586,,,Common,,Sorcery
Stream of Life,{X}{G},1,G,Andrew Goldhawk,272,Sorcery,Target player gains X life.,"LEA,LEB,2ED,CED,CEI,3ED,4ED,5ED,6ED,7ED,8ED,9ED",,normal,11517,,,Common,,Sorcery
Thorn Elemental,{5}{G}{G},7,G,rk post,273,Creature — Elemental,You may have Thorn Elemental assign its combat damage as though it weren't blocked.,"UDS,S99,7ED,8ED",Rain from this storm leaves you pinned to the ground like an insect.,normal,25596,7,7,Rare,Elemental,Creature
Thoughtleech,{G}{G},2,G,Rebecca Guay,274,Enchantment,"Whenever an Island an opponent controls becomes tapped, you may gain 1 life.","ICE,7ED","""Their thoughts flow through my mind, and I am healed.""\n—Fyndhorn elder",normal,25587,,,Uncommon,,Enchantment
Trained Armodon,{1}{G}{G},3,G,John Matson,275,Creature — Elephant,,"TMP,6ED,7ED,8ED,9ED,DPA,TPR",Armodons are trained to step on things. Enemy things.,normal,13048,3,3,Common,Elephant,Creature
Tranquility,{2}{G},3,G,John Matson,276,Sorcery,Destroy all enchantments.,"LEA,LEB,2ED,CED,CEI,3ED,4ED,5ED,TMP,6ED,MMQ,BRB,INV,7ED,TPR",,normal,11540,,,Common,,Sorcery
Treefolk Seedlings,{2}{G},3,G,Don Hazeltine,277,Creature — Treefolk,Treefolk Seedlings's toughness is equal to the number of Forests you control.,"USG,7ED",Even the grandest forest begins with a single seedling.\n—Llanowar saying,normal,25589,2,*,Uncommon,Treefolk,Creature
Uktabi Wildcats,{4}{G},5,G,Thomas Gianni,278,Creature — Cat,"Uktabi Wildcats's power and toughness are each equal to the number of Forests you control.\n{G}, Sacrifice a Forest: Regenerate Uktabi Wildcats.","MIR,6ED,7ED",,normal,12968,*,*,Rare,Cat,Creature
Untamed Wilds,{2}{G},3,G,Thomas Gianni,279,Sorcery,Search your library for a basic land card and put that card onto the battlefield. Then shuffle your library.,"LEG,4ED,RQS,ITP,5ED,POR,PO2,6ED,S99,7ED",No forest is so remote that the elves don't know its secrets.,normal,11549,,,Uncommon,,Sorcery
Verduran Enchantress,{1}{G}{G},3,G,Rob Alexander,280,Creature — Human Druid,"Whenever you cast an enchantment spell, you may draw a card.","LEA,LEB,2ED,CED,CEI,3ED,4ED,5ED,6ED,7ED,8ED,9ED","Each spell has its own song, and the enchantress knows the dance for each.",normal,25594,0,2,Rare,"Human,Druid",Creature
Vernal Bloom,{3}{G},4,G,Scott Bailey,281,Enchantment,"Whenever a Forest is tapped for mana, its controller adds {G} to his or her mana pool (in addition to the mana the land produces).","USG,7ED,8ED",Spring breathes the magic of new life.,normal,13119,,,Rare,,Enchantment
Wild Growth,{G},1,G,Tony Szczudlo,282,Enchantment — Aura,"Enchant land\nWhenever enchanted land is tapped for mana, its controller adds {G} to his or her mana pool (in addition to the mana the land produces).","LEA,LEB,2ED,CED,CEI,3ED,4ED,ICE,5ED,6ED,BTD,7ED","If you stop to listen, you can hear it grow.",normal,11573,,,Common,Aura,Enchantment
Wing Snare,{2}{G},3,G,Daren Bader,283,Sorcery,Destroy target creature with flying.,"ULG,7ED,8ED","The elves long ago mastered the art of hunting with nets. They call it ""fishing the sky.""",normal,13195,,,Uncommon,,Sorcery
Wood Elves,{2}{G},3,G,Christopher Moeller,284,Creature — Elf Scout,"When Wood Elves enters the battlefield, search your library for a Forest card and put that card onto the battlefield. Then shuffle your library.","POR,EXO,S99,7ED,8ED,9ED,pGTW,EVG,C14,DD3_EVG,C15","Every branch a crossroads, every vine a swift steed.",normal,13147,1,1,Common,"Elf,Scout",Creature
Yavimaya Enchantress,{2}{G},3,G,Terese Nielsen,285,Creature — Human Druid,Yavimaya Enchantress gets +1/+1 for each enchantment on the battlefield.,"UDS,7ED,8ED,9ED,10E,EMA",Her roots connect her to the forest's wishes.,normal,15882,2,2,Uncommon,"Human,Druid",Creature
Aladdin's Ring,{8},8,,Dave Dorman,286,Artifact,"{8}, {T}: Aladdin's Ring deals 4 damage to target creature or player.","ARN,3ED,4ED,5ED,6ED,7ED,8ED,9ED",Some say Aladdin's third wish was for this ring.,normal,11145,,,Rare,,Artifact
Beast of Burden,{6},6,,Chippy,287,Artifact Creature — Golem,Beast of Burden's power and toughness are each equal to the number of creatures on the battlefield.,"pPRE,ULG,7ED,8ED,9ED","The heavier the load, the harder it works.",normal,15861,*,*,Rare,Golem,"Artifact,Creature"
Caltrops,{3},3,,Eric Peterson,288,Artifact,"Whenever a creature attacks, Caltrops deals 1 damage to it.","UDS,7ED","The Eastern Paladin knew how highly his southern rival valued horses, so he gleefully prepared a suitable welcome.",normal,25655,,,Uncommon,,Artifact
Charcoal Diamond,{2},2,B,David Martin,289,Artifact,Charcoal Diamond enters the battlefield tapped.\n{T}: Add {B} to your mana pool.,"MIR,6ED,7ED,C14",,normal,15849,,,Uncommon,,Artifact
Coat of Arms,{5},5,,D. Alexander Gregory,290,Artifact,"Each creature gets +1/+1 for each other creature on the battlefield that shares at least one creature type with it. (For example, if two Goblin Warriors and a Goblin Shaman are on the battlefield, each gets +2/+2.)","EXO,7ED,8ED,9ED,10E,M10,H09,DPA,TPR",,normal,15863,,,Rare,,Artifact
Crystal Rod,{1},1,,Ciruelo,291,Artifact,"Whenever a player casts a blue spell, you may pay {1}. If you do, you gain 1 life.","LEA,LEB,2ED,CED,CEI,3ED,4ED,5ED,6ED,7ED,8ED",Polished by a thousand waves.,normal,25648,,,Uncommon,,Artifact
Dingus Egg,{4},4,,Tony Szczudlo,292,Artifact,"Whenever a land is put into a graveyard from the battlefield, Dingus Egg deals 2 damage to that land's controller.","LEA,LEB,2ED,CED,CEI,3ED,4ED,5ED,6ED,7ED,8ED",Legend has it that the world was hatched from a dingus egg.,normal,15864,,,Rare,,Artifact
Disrupting Scepter,{3},3,,Darrell Riche,293,Artifact,"{3}, {T}: Target player discards a card. Activate this ability only during your turn.","LEA,LEB,2ED,CED,CEI,3ED,4ED,5ED,6ED,7ED,8ED,9ED",,normal,15868,,,Rare,,Artifact
Ensnaring Bridge,{3},3,,Ron Spencer,294,Artifact,Creatures with power greater than the number of cards in your hand can't attack.,"STH,7ED,8ED",Bridges usually get you from one place to another. This one just gets you.,normal,15866,,,Rare,,Artifact
Feroz's Ban,{6},6,,Donato Giancola,295,Artifact,Creature spells cost {2} more to cast.,"HML,5ED,7ED","Feroz is gone, but what remains is his final gift to his people: the right to be left alone.",normal,25664,,,Rare,,Artifact
Fire Diamond,{2},2,R,David Martin,296,Artifact,Fire Diamond enters the battlefield tapped.\n{T}: Add {R} to your mana pool.,"MIR,6ED,7ED,C14",,normal,15853,,,Uncommon,,Artifact
Flying Carpet,{4},4,,Scott M. Fischer,297,Artifact,"{2}, {T}: Target creature gains flying until end of turn.","ARN,3ED,4ED,5ED,6ED,7ED,8ED,ME4","""Wheeeeeeeeeeeeeee!""",normal,11282,,,Rare,,Artifact
Grafted Skullcap,{4},4,,Bradley Williams,298,Artifact,"At the beginning of your draw step, draw an additional card.\nAt the beginning of your end step, discard your hand.","USG,7ED","""Every day, I fight for my life and win. Every night, I fight to remember my name and lose.""",normal,25661,,,Rare,,Artifact
Grapeshot Catapult,{4},4,,Dave Dorman,299,Artifact Creature — Construct,{T}: Grapeshot Catapult deals 1 damage to target creature with flying.,"ATQ,4ED,5ED,7ED,ME4",The Southern Paladin taught the airborne vermin to fear the storm that rains upward.,normal,25659,2,3,Uncommon,Construct,"Artifact,Creature"
Howling Mine,{2},2,,Dana Knutson,300,Artifact,"At the beginning of each player's draw step, if Howling Mine is untapped, that player draws an additional card.","LEA,LEB,2ED,CED,CEI,3ED,4ED,5ED,6ED,7ED,8ED,9ED,10E,M10,CMD",Legend has it that the mine howls out the last words of those who died inside.,normal,11327,,,Rare,,Artifact
Iron Star,{1},1,,Pete Venters,301,Artifact,"Whenever a player casts a red spell, you may pay {1}. If you do, you gain 1 life.","LEA,LEB,2ED,CED,CEI,3ED,4ED,5ED,6ED,7ED,8ED",Forged by a thousand flames.,normal,25649,,,Uncommon,,Artifact
Ivory Cup,{1},1,,Alan Pollack,302,Artifact,"Whenever a player casts a white spell, you may pay {1}. If you do, you gain 1 life.","LEA,LEB,2ED,CED,CEI,3ED,4ED,5ED,6ED,7ED,8ED",Blessed by a thousand prayers.,normal,25650,,,Uncommon,,Artifact
Jalum Tome,{3},3,,Jerry Tiritilli,303,Artifact,"{2}, {T}: Draw a card, then discard a card.","ATQ,CHR,5ED,ATH,6ED,7ED,C14",Most books simply deliver knowledge. This one expects some in return.,normal,11356,,,Rare,,Artifact
Jandor's Saddlebags,{2},2,,Brian Despain,304,Artifact,"{3}, {T}: Untap target creature.","ARN,3ED,4ED,5ED,7ED",Your heart's desire is found within.\n—Saddlebag inscription,normal,11357,,,Rare,,Artifact
Jayemdae Tome,{4},4,,Donato Giancola,305,Artifact,"{4}, {T}: Draw a card.","LEA,LEB,2ED,CED,CEI,3ED,4ED,RQS,ITP,5ED,6ED,7ED,8ED,10E,M13,ORI","""Knowledge is power.""\n—Sir Francis Bacon,\nMeditationes Sacrae",normal,25660,,,Rare,,Artifact
Marble Diamond,{2},2,W,David Martin,306,Artifact,Marble Diamond enters the battlefield tapped.\n{T}: Add {W} to your mana pool.,"MIR,6ED,7ED,DDC,C14,DD3_DVD",,normal,15850,,,Uncommon,,Artifact
Meekstone,{1},1,,David Martin,307,Artifact,Creatures with power 3 or greater don't untap during their controllers' untap steps.,"LEA,LEB,2ED,CED,CEI,3ED,4ED,5ED,6ED,7ED","The bigger they are, the stronger its pull.",normal,11398,,,Rare,,Artifact
Millstone,{2},2,,John Avon,308,Artifact,"{2}, {T}: Target player puts the top two cards of his or her library into his or her graveyard.","ATQ,3ED,4ED,5ED,6ED,7ED,8ED,9ED,10E,M14",More than one mage has been driven insane by the sound of the millstone relentlessly grinding away.,normal,11403,,,Rare,,Artifact
Moss Diamond,{2},2,G,David Martin,309,Artifact,Moss Diamond enters the battlefield tapped.\n{T}: Add {G} to your mana pool.,"MIR,6ED,7ED,C14",,normal,15854,,,Uncommon,,Artifact
Patagia Golem,{4},4,,Kev Walker,310,Artifact Creature — Golem,{3}: Patagia Golem gains flying until end of turn.,"MIR,6ED,7ED,8ED","Its wings were only designed to be ornamental, but it learned to use them on its own.",normal,15856,2,3,Uncommon,Golem,"Artifact,Creature"
Phyrexian Colossus,{7},7,,Mark Tedin,311,Artifact Creature — Golem,Phyrexian Colossus doesn't untap during your untap step.\nPay 8 life: Untap Phyrexian Colossus.\nPhyrexian Colossus can't be blocked except by three or more creatures.,"USG,7ED,8ED,DDE",,normal,15860,8,8,Rare,Golem,"Artifact,Creature"
Phyrexian Hulk,{6},6,,Brian Snõddy,312,Artifact Creature — Golem,,"TMP,7ED,8ED,9ED,DDE,NPH,M13,TPR",It doesn't think. It doesn't feel.\nIt doesn't laugh or cry.\nAll it does from dusk till dawn\nIs make the soldiers die.\n—Onean children's rhyme,normal,25656,5,4,Uncommon,Golem,"Artifact,Creature"
Pit Trap,{2},2,,Nelson DeCastro,313,Artifact,"{2}, {T}, Sacrifice Pit Trap: Destroy target attacking creature without flying. It can't be regenerated.","ICE,USG,7ED","Never forget your feet\n—Elvish expression meaning\n""watch your step""",normal,25657,,,Uncommon,,Artifact
Rod of Ruin,{4},4,,Ciruelo,314,Artifact,"{3}, {T}: Rod of Ruin deals 1 damage to target creature or player.","LEA,LEB,2ED,CED,CEI,3ED,4ED,RQS,ITP,5ED,6ED,S00,7ED,8ED,9ED,10E,M10,M14","The rod is a relic from ancient times . . . cruel, vicious, mean-spirited times.",normal,11474,,,Uncommon,,Artifact
Sisay's Ring,{4},4,,David Martin,315,Artifact,{T}: Add {C}{C} to your mana pool.,"VIS,7ED","""I'm not one for pretty things,"" said Sisay. ""Unless they're pretty useful as well.""",normal,15846,,,Uncommon,,Artifact
Sky Diamond,{2},2,U,Tony Szczudlo,316,Artifact,Sky Diamond enters the battlefield tapped.\n{T}: Add {U} to your mana pool.,"MIR,6ED,7ED,C14",,normal,15851,,,Uncommon,,Artifact
Soul Net,{1},1,,Ron Spencer,317,Artifact,"Whenever a creature dies, you may pay {1}. If you do, you gain 1 life.","LEA,LEB,2ED,CED,CEI,3ED,4ED,5ED,6ED,S00,7ED",,normal,25651,,,Uncommon,,Artifact
Spellbook,{0},,,Andrew Goldhawk,318,Artifact,You have no maximum hand size.,"EXO,7ED,8ED,9ED,10E,M10",Knowledge knows no bounds.,normal,25654,,,Uncommon,,Artifact
Static Orb,{3},3,,Terese Nielsen,319,Artifact,"As long as Static Orb is untapped, players can't untap more than two permanents during their untap steps.","TMP,7ED",The warriors fought against the paralyzing waves until even their thoughts froze in place.,normal,15862,,,Rare,,Artifact
Storm Cauldron,{5},5,,Doug Chaffee,320,Artifact,"Each player may play an additional land during each of his or her turns.\nWhenever a land is tapped for mana, return it to its owner's hand.","ALL,6ED,7ED",,normal,25663,,,Rare,,Artifact
Teferi's Puzzle Box,{4},4,,Donato Giancola,321,Artifact,"At the beginning of each player's draw step, that player puts the cards in his or her hand on the bottom of his or her library in any order, then draws that many cards.","VIS,6ED,7ED,8ED,9ED",,normal,25662,,,Rare,,Artifact
Throne of Bone,{1},1,,Ron Spears,322,Artifact,"Whenever a player casts a black spell, you may pay {1}. If you do, you gain 1 life.","LEA,LEB,2ED,CED,CEI,3ED,4ED,5ED,6ED,7ED,8ED",Tainted by a thousand fears.,normal,25652,,,Uncommon,,Artifact
Wall of Spears,{3},3,,Christopher Moeller,323,Artifact Creature — Wall,Defender (This creature can't attack.)\nFirst strike,"ATQ,4ED,5ED,7ED,8ED,DPA","""A stick is your friend. A pointed stick is your good friend. An army of pointed sticks is your best friend.""\n—Onean sergeant",normal,11564,2,3,Uncommon,Wall,"Artifact,Creature"
Wooden Sphere,{1},1,,Terese Nielsen,324,Artifact,"Whenever a player casts a green spell, you may pay {1}. If you do, you gain 1 life.","LEA,LEB,2ED,CED,CEI,3ED,4ED,5ED,6ED,7ED,8ED",Strengthened by a thousand limbs.,normal,25653,,,Uncommon,,Artifact
Adarkar Wastes,,,"W,U",John Avon,325,Land,{T}: Add {C} to your mana pool.\n{T}: Add {W} or {U} to your mana pool. Adarkar Wastes deals 1 damage to you.,"ICE,5ED,6ED,7ED,9ED,10E",,normal,11140,,,Rare,,Land
Brushland,,,"G,W",Scott Bailey,326,Land,{T}: Add {C} to your mana pool.\n{T}: Add {G} or {W} to your mana pool. Brushland deals 1 damage to you.,"ICE,5ED,ATH,6ED,7ED,9ED,10E",,normal,11191,,,Rare,,Land
City of Brass,,,,Ron Walotsky,327,Land,"Whenever City of Brass becomes tapped, it deals 1 damage to you.\n{T}: Add one mana of any color to your mana pool.","ARN,CHR,5ED,6ED,pSUS,7ED,8ED,ME4,MMA,MD1",,normal,11205,,,Rare,,Land
Forest,,,G,D. J. Cleland-Hura,328,Basic Land — Forest,,"LEA,LEB,2ED,CED,CEI,3ED,4ED,ICE,RQS,pARL,MIR,ITP,5ED,POR,TMP,pJGP,PO2,UGL,pALP,USG,ATH,6ED,PTK,S99,pGRU,MMQ,BRB,pELP,S00,BTD,INV,7ED,ODY,DKM,ONS,8ED,MRD,CHK,UNH,9ED,RAV,CST,TSP,10E,MED,LRW,EVG,SHM,ALA,M10,HOP,ME3,ZEN,DDD,H09,DDE,ROE,DPA,ARC,M11,SOM,MBS,DDG,NPH,CMD,M12,DDH,ISD,AVR,PC2,M13,DDJ,RTR,M14,DDL,THS,C13,DDM,M15,KTK,C14,DD3_EVG,DD3_GVL,FRF,DDO,DTK,TPR,ORI,DDP,BFZ,C15,SOI",,normal,11286,,,Basic Land,Forest,Land
Forest,,,G,Rob Alexander,329,Basic Land — Forest,,"LEA,LEB,2ED,CED,CEI,3ED,4ED,ICE,RQS,pARL,MIR,ITP,5ED,POR,TMP,pJGP,PO2,UGL,pALP,USG,ATH,6ED,PTK,S99,pGRU,MMQ,BRB,pELP,S00,BTD,INV,7ED,ODY,DKM,ONS,8ED,MRD,CHK,UNH,9ED,RAV,CST,TSP,10E,MED,LRW,EVG,SHM,ALA,M10,HOP,ME3,ZEN,DDD,H09,DDE,ROE,DPA,ARC,M11,SOM,MBS,DDG,NPH,CMD,M12,DDH,ISD,AVR,PC2,M13,DDJ,RTR,M14,DDL,THS,C13,DDM,M15,KTK,C14,DD3_EVG,DD3_GVL,FRF,DDO,DTK,TPR,ORI,DDP,BFZ,C15,SOI",,normal,11287,,,Basic Land,Forest,Land
Forest,,,G,John Avon,330,Basic Land — Forest,,"LEA,LEB,2ED,CED,CEI,3ED,4ED,ICE,RQS,pARL,MIR,ITP,5ED,POR,TMP,pJGP,PO2,UGL,pALP,USG,ATH,6ED,PTK,S99,pGRU,MMQ,BRB,pELP,S00,BTD,INV,7ED,ODY,DKM,ONS,8ED,MRD,CHK,UNH,9ED,RAV,CST,TSP,10E,MED,LRW,EVG,SHM,ALA,M10,HOP,ME3,ZEN,DDD,H09,DDE,ROE,DPA,ARC,M11,SOM,MBS,DDG,NPH,CMD,M12,DDH,ISD,AVR,PC2,M13,DDJ,RTR,M14,DDL,THS,C13,DDM,M15,KTK,C14,DD3_EVG,DD3_GVL,FRF,DDO,DTK,TPR,ORI,DDP,BFZ,C15,SOI",,normal,11288,,,Basic Land,Forest,Land
Forest,,,G,John Avon,331,Basic Land — Forest,,"LEA,LEB,2ED,CED,CEI,3ED,4ED,ICE,RQS,pARL,MIR,ITP,5ED,POR,TMP,pJGP,PO2,UGL,pALP,USG,ATH,6ED,PTK,S99,pGRU,MMQ,BRB,pELP,S00,BTD,INV,7ED,ODY,DKM,ONS,8ED,MRD,CHK,UNH,9ED,RAV,CST,TSP,10E,MED,LRW,EVG,SHM,ALA,M10,HOP,ME3,ZEN,DDD,H09,DDE,ROE,DPA,ARC,M11,SOM,MBS,DDG,NPH,CMD,M12,DDH,ISD,AVR,PC2,M13,DDJ,RTR,M14,DDL,THS,C13,DDM,M15,KTK,C14,DD3_EVG,DD3_GVL,FRF,DDO,DTK,TPR,ORI,DDP,BFZ,C15,SOI",,normal,11289,,,Basic Land,Forest,Land
Island,,,U,Scott Bailey,332,Basic Land — Island,,"LEA,LEB,2ED,CED,CEI,3ED,4ED,ICE,RQS,pARL,MIR,ITP,5ED,POR,TMP,pJGP,PO2,UGL,pALP,USG,6ED,PTK,S99,pGRU,MMQ,BRB,pELP,S00,BTD,INV,7ED,ODY,ONS,8ED,MRD,CHK,UNH,9ED,RAV,CST,TSP,10E,MED,LRW,SHM,ALA,DD2,M10,HOP,ME3,ZEN,H09,DDE,ROE,DPA,ARC,M11,DDF,SOM,MBS,NPH,CMD,M12,DDH,ISD,DDI,AVR,PC2,M13,DDJ,RTR,M14,THS,C13,DDM,M15,DDN,KTK,C14,DD3_JVC,FRF,DDO,DTK,TPR,ORI,BFZ,C15,DDQ,SOI",,normal,11348,,,Basic Land,Island,Land
Island,,,U,Rob Alexander,333,Basic Land — Island,,"LEA,LEB,2ED,CED,CEI,3ED,4ED,ICE,RQS,pARL,MIR,ITP,5ED,POR,TMP,pJGP,PO2,UGL,pALP,USG,6ED,PTK,S99,pGRU,MMQ,BRB,pELP,S00,BTD,INV,7ED,ODY,ONS,8ED,MRD,CHK,UNH,9ED,RAV,CST,TSP,10E,MED,LRW,SHM,ALA,DD2,M10,HOP,ME3,ZEN,H09,DDE,ROE,DPA,ARC,M11,DDF,SOM,MBS,NPH,CMD,M12,DDH,ISD,DDI,AVR,PC2,M13,DDJ,RTR,M14,THS,C13,DDM,M15,DDN,KTK,C14,DD3_JVC,FRF,DDO,DTK,TPR,ORI,BFZ,C15,DDQ,SOI",,normal,11349,,,Basic Land,Island,Land
Island,,,U,John Avon,334,Basic Land — Island,,"LEA,LEB,2ED,CED,CEI,3ED,4ED,ICE,RQS,pARL,MIR,ITP,5ED,POR,TMP,pJGP,PO2,UGL,pALP,USG,6ED,PTK,S99,pGRU,MMQ,BRB,pELP,S00,BTD,INV,7ED,ODY,ONS,8ED,MRD,CHK,UNH,9ED,RAV,CST,TSP,10E,MED,LRW,SHM,ALA,DD2,M10,HOP,ME3,ZEN,H09,DDE,ROE,DPA,ARC,M11,DDF,SOM,MBS,NPH,CMD,M12,DDH,ISD,DDI,AVR,PC2,M13,DDJ,RTR,M14,THS,C13,DDM,M15,DDN,KTK,C14,DD3_JVC,FRF,DDO,DTK,TPR,ORI,BFZ,C15,DDQ,SOI",,normal,11350,,,Basic Land,Island,Land
Island,,,U,Tony Szczudlo,335,Basic Land — Island,,"LEA,LEB,2ED,CED,CEI,3ED,4ED,ICE,RQS,pARL,MIR,ITP,5ED,POR,TMP,pJGP,PO2,UGL,pALP,USG,6ED,PTK,S99,pGRU,MMQ,BRB,pELP,S00,BTD,INV,7ED,ODY,ONS,8ED,MRD,CHK,UNH,9ED,RAV,CST,TSP,10E,MED,LRW,SHM,ALA,DD2,M10,HOP,ME3,ZEN,H09,DDE,ROE,DPA,ARC,M11,DDF,SOM,MBS,NPH,CMD,M12,DDH,ISD,DDI,AVR,PC2,M13,DDJ,RTR,M14,THS,C13,DDM,M15,DDN,KTK,C14,DD3_JVC,FRF,DDO,DTK,TPR,ORI,BFZ,C15,DDQ,SOI",,normal,11351,,,Basic Land,Island,Land
Karplusan Forest,,,"R,G",Scott Bailey,336,Land,{T}: Add {C} to your mana pool.\n{T}: Add {R} or {G} to your mana pool. Karplusan Forest deals 1 damage to you.,"ICE,5ED,6ED,7ED,DKM,9ED,10E",,normal,11366,,,Rare,,Land
Mountain,,,R,D. J. Cleland-Hura,337,Basic Land — Mountain,,"LEA,LEB,2ED,ARN,CED,CEI,3ED,4ED,ICE,RQS,pARL,MIR,ITP,5ED,POR,TMP,pJGP,PO2,UGL,pALP,USG,ATH,6ED,PTK,S99,pGRU,MMQ,BRB,pELP,S00,BTD,INV,7ED,ODY,DKM,ONS,8ED,MRD,CHK,UNH,9ED,RAV,CST,TSP,10E,MED,LRW,EVG,SHM,ALA,DD2,M10,HOP,ME3,ZEN,H09,DDE,ROE,DPA,ARC,M11,SOM,PD2,MBS,DDG,NPH,CMD,M12,DDH,ISD,DDI,AVR,PC2,M13,DDJ,RTR,DDK,M14,DDL,THS,C13,M15,DDN,KTK,C14,DD3_EVG,DD3_JVC,FRF,DTK,TPR,ORI,DDP,BFZ,C15,SOI",,normal,11410,,,Basic Land,Mountain,Land
Mountain,,,R,Rob Alexander,338,Basic Land — Mountain,,"LEA,LEB,2ED,ARN,CED,CEI,3ED,4ED,ICE,RQS,pARL,MIR,ITP,5ED,POR,TMP,pJGP,PO2,UGL,pALP,USG,ATH,6ED,PTK,S99,pGRU,MMQ,BRB,pELP,S00,BTD,INV,7ED,ODY,DKM,ONS,8ED,MRD,CHK,UNH,9ED,RAV,CST,TSP,10E,MED,LRW,EVG,SHM,ALA,DD2,M10,HOP,ME3,ZEN,H09,DDE,ROE,DPA,ARC,M11,SOM,PD2,MBS,DDG,NPH,CMD,M12,DDH,ISD,DDI,AVR,PC2,M13,DDJ,RTR,DDK,M14,DDL,THS,C13,M15,DDN,KTK,C14,DD3_EVG,DD3_JVC,FRF,DTK,TPR,ORI,DDP,BFZ,C15,SOI",,normal,11411,,,Basic Land,Mountain,Land
Mountain,,,R,Rob Alexander,339,Basic Land — Mountain,,"LEA,LEB,2ED,ARN,CED,CEI,3ED,4ED,ICE,RQS,pARL,MIR,ITP,5ED,POR,TMP,pJGP,PO2,UGL,pALP,USG,ATH,6ED,PTK,S99,pGRU,MMQ,BRB,pELP,S00,BTD,INV,7ED,ODY,DKM,ONS,8ED,MRD,CHK,UNH,9ED,RAV,CST,TSP,10E,MED,LRW,EVG,SHM,ALA,DD2,M10,HOP,ME3,ZEN,H09,DDE,ROE,DPA,ARC,M11,SOM,PD2,MBS,DDG,NPH,CMD,M12,DDH,ISD,DDI,AVR,PC2,M13,DDJ,RTR,DDK,M14,DDL,THS,C13,M15,DDN,KTK,C14,DD3_EVG,DD3_JVC,FRF,DTK,TPR,ORI,DDP,BFZ,C15,SOI",,normal,11412,,,Basic Land,Mountain,Land
Mountain,,,R,John Avon,340,Basic Land — Mountain,,"LEA,LEB,2ED,ARN,CED,CEI,3ED,4ED,ICE,RQS,pARL,MIR,ITP,5ED,POR,TMP,pJGP,PO2,UGL,pALP,USG,ATH,6ED,PTK,S99,pGRU,MMQ,BRB,pELP,S00,BTD,INV,7ED,ODY,DKM,ONS,8ED,MRD,CHK,UNH,9ED,RAV,CST,TSP,10E,MED,LRW,EVG,SHM,ALA,DD2,M10,HOP,ME3,ZEN,H09,DDE,ROE,DPA,ARC,M11,SOM,PD2,MBS,DDG,NPH,CMD,M12,DDH,ISD,DDI,AVR,PC2,M13,DDJ,RTR,DDK,M14,DDL,THS,C13,M15,DDN,KTK,C14,DD3_EVG,DD3_JVC,FRF,DTK,TPR,ORI,DDP,BFZ,C15,SOI",,normal,11413,,,Basic Land,Mountain,Land
Plains,,,W,Scott Bailey,341,Basic Land — Plains,,"LEA,LEB,2ED,CED,CEI,3ED,4ED,ICE,RQS,pARL,MIR,ITP,5ED,POR,pPRE,TMP,pJGP,PO2,UGL,pALP,USG,ATH,6ED,PTK,S99,pGRU,MMQ,BRB,pELP,S00,INV,7ED,ODY,ONS,8ED,MRD,CHK,UNH,9ED,RAV,CST,TSP,10E,MED,LRW,SHM,ALA,DDC,M10,HOP,ME3,ZEN,H09,DDE,ROE,ARC,M11,DDF,SOM,MBS,DDG,NPH,CMD,M12,DDH,ISD,DDI,AVR,PC2,M13,RTR,DDK,M14,DDL,THS,C13,MD1,M15,DDN,KTK,C14,DD3_DVD,FRF,DDO,DTK,TPR,ORI,DDP,BFZ,C15,DDQ,SOI",,normal,11446,,,Basic Land,Plains,Land
Plains,,,W,Rob Alexander,342,Basic Land — Plains,,"LEA,LEB,2ED,CED,CEI,3ED,4ED,ICE,RQS,pARL,MIR,ITP,5ED,POR,pPRE,TMP,pJGP,PO2,UGL,pALP,USG,ATH,6ED,PTK,S99,pGRU,MMQ,BRB,pELP,S00,INV,7ED,ODY,ONS,8ED,MRD,CHK,UNH,9ED,RAV,CST,TSP,10E,MED,LRW,SHM,ALA,DDC,M10,HOP,ME3,ZEN,H09,DDE,ROE,ARC,M11,DDF,SOM,MBS,DDG,NPH,CMD,M12,DDH,ISD,DDI,AVR,PC2,M13,RTR,DDK,M14,DDL,THS,C13,MD1,M15,DDN,KTK,C14,DD3_DVD,FRF,DDO,DTK,TPR,ORI,DDP,BFZ,C15,DDQ,SOI",,normal,11447,,,Basic Land,Plains,Land
Plains,,,W,Rob Alexander,343,Basic Land — Plains,,"LEA,LEB,2ED,CED,CEI,3ED,4ED,ICE,RQS,pARL,MIR,ITP,5ED,POR,pPRE,TMP,pJGP,PO2,UGL,pALP,USG,ATH,6ED,PTK,S99,pGRU,MMQ,BRB,pELP,S00,INV,7ED,ODY,ONS,8ED,MRD,CHK,UNH,9ED,RAV,CST,TSP,10E,MED,LRW,SHM,ALA,DDC,M10,HOP,ME3,ZEN,H09,DDE,ROE,ARC,M11,DDF,SOM,MBS,DDG,NPH,CMD,M12,DDH,ISD,DDI,AVR,PC2,M13,RTR,DDK,M14,DDL,THS,C13,MD1,M15,DDN,KTK,C14,DD3_DVD,FRF,DDO,DTK,TPR,ORI,DDP,BFZ,C15,DDQ,SOI",,normal,11448,,,Basic Land,Plains,Land
Plains,,,W,John Avon,344,Basic Land — Plains,,"LEA,LEB,2ED,CED,CEI,3ED,4ED,ICE,RQS,pARL,MIR,ITP,5ED,POR,pPRE,TMP,pJGP,PO2,UGL,pALP,USG,ATH,6ED,PTK,S99,pGRU,MMQ,BRB,pELP,S00,INV,7ED,ODY,ONS,8ED,MRD,CHK,UNH,9ED,RAV,CST,TSP,10E,MED,LRW,SHM,ALA,DDC,M10,HOP,ME3,ZEN,H09,DDE,ROE,ARC,M11,DDF,SOM,MBS,DDG,NPH,CMD,M12,DDH,ISD,DDI,AVR,PC2,M13,RTR,DDK,M14,DDL,THS,C13,MD1,M15,DDN,KTK,C14,DD3_DVD,FRF,DDO,DTK,TPR,ORI,DDP,BFZ,C15,DDQ,SOI",,normal,11449,,,Basic Land,Plains,Land
Sulfurous Springs,,,"B,R",Rob Alexander,345,Land,{T}: Add {C} to your mana pool.\n{T}: Add {B} or {R} to your mana pool. Sulfurous Springs deals 1 damage to you.,"ICE,5ED,6ED,7ED,DKM,9ED,10E",,normal,11519,,,Rare,,Land
Swamp,,,B,D. J. Cleland-Hura,346,Basic Land — Swamp,,"LEA,LEB,2ED,CED,CEI,3ED,4ED,ICE,RQS,pARL,MIR,ITP,5ED,POR,TMP,pJGP,PO2,UGL,pALP,USG,ATH,6ED,PTK,S99,pGRU,MMQ,BRB,pELP,S00,BTD,INV,7ED,ODY,DKM,ONS,8ED,MRD,CHK,UNH,9ED,RAV,CST,TSP,10E,MED,LRW,SHM,ALA,DDC,M10,HOP,ME3,ZEN,DDD,H09,DDE,ROE,DPA,ARC,M11,SOM,MBS,NPH,CMD,M12,DDH,ISD,PD3,AVR,PC2,M13,DDJ,RTR,DDK,M14,THS,C13,DDM,MD1,M15,DDN,KTK,C14,DD3_DVD,DD3_GVL,FRF,DTK,TPR,ORI,DDP,BFZ,C15,DDQ,SOI",,normal,11521,,,Basic Land,Swamp,Land
Swamp,,,B,Rob Alexander,347,Basic Land — Swamp,,"LEA,LEB,2ED,CED,CEI,3ED,4ED,ICE,RQS,pARL,MIR,ITP,5ED,POR,TMP,pJGP,PO2,UGL,pALP,USG,ATH,6ED,PTK,S99,pGRU,MMQ,BRB,pELP,S00,BTD,INV,7ED,ODY,DKM,ONS,8ED,MRD,CHK,UNH,9ED,RAV,CST,TSP,10E,MED,LRW,SHM,ALA,DDC,M10,HOP,ME3,ZEN,DDD,H09,DDE,ROE,DPA,ARC,M11,SOM,MBS,NPH,CMD,M12,DDH,ISD,PD3,AVR,PC2,M13,DDJ,RTR,DDK,M14,THS,C13,DDM,MD1,M15,DDN,KTK,C14,DD3_DVD,DD3_GVL,FRF,DTK,TPR,ORI,DDP,BFZ,C15,DDQ,SOI",,normal,11522,,,Basic Land,Swamp,Land
Swamp,,,B,Larry Elmore,348,Basic Land — Swamp,,"LEA,LEB,2ED,CED,CEI,3ED,4ED,ICE,RQS,pARL,MIR,ITP,5ED,POR,TMP,pJGP,PO2,UGL,pALP,USG,ATH,6ED,PTK,S99,pGRU,MMQ,BRB,pELP,S00,BTD,INV,7ED,ODY,DKM,ONS,8ED,MRD,CHK,UNH,9ED,RAV,CST,TSP,10E,MED,LRW,SHM,ALA,DDC,M10,HOP,ME3,ZEN,DDD,H09,DDE,ROE,DPA,ARC,M11,SOM,MBS,NPH,CMD,M12,DDH,ISD,PD3,AVR,PC2,M13,DDJ,RTR,DDK,M14,THS,C13,DDM,MD1,M15,DDN,KTK,C14,DD3_DVD,DD3_GVL,FRF,DTK,TPR,ORI,DDP,BFZ,C15,DDQ,SOI",,normal,11523,,,Basic Land,Swamp,Land
Swamp,,,B,Tony Szczudlo,349,Basic Land — Swamp,,"LEA,LEB,2ED,CED,CEI,3ED,4ED,ICE,RQS,pARL,MIR,ITP,5ED,POR,TMP,pJGP,PO2,UGL,pALP,USG,ATH,6ED,PTK,S99,pGRU,MMQ,BRB,pELP,S00,BTD,INV,7ED,ODY,DKM,ONS,8ED,MRD,CHK,UNH,9ED,RAV,CST,TSP,10E,MED,LRW,SHM,ALA,DDC,M10,HOP,ME3,ZEN,DDD,H09,DDE,ROE,DPA,ARC,M11,SOM,MBS,NPH,CMD,M12,DDH,ISD,PD3,AVR,PC2,M13,DDJ,RTR,DDK,M14,THS,C13,DDM,MD1,M15,DDN,KTK,C14,DD3_DVD,DD3_GVL,FRF,DTK,TPR,ORI,DDP,BFZ,C15,DDQ,SOI",,normal,11524,,,Basic Land,Swamp,Land
Underground River,,,"U,B",Andrew Goldhawk,350,Land,{T}: Add {C} to your mana pool.\n{T}: Add {U} or {B} to your mana pool. Underground River deals 1 damage to you.,"ICE,5ED,6ED,7ED,DKM,9ED,10E",,normal,11545,,,Rare,,Land
