name,manaCost,cmc,colorIdentity,artist,number,type,text,printings,flavor,layout,multiverseid,power,toughness,rarity,subtypes,types
Akrasan Squire,{W},1,W,Todd Lockwood,1,Creature — Human Soldier,"Exalted (Whenever a creature you control attacks alone, that creature gets +1/+1 until end of turn.)",ALA,"Bant's armies are primarily composed of members of the Mortar caste, loyal commoners who haven't yet earned a sigil.",normal,174963,1,1,Common,"Human,Soldier",Creature
Angel's Herald,{W},1,W,Greg Staples,2,Creature — Human Cleric,"{2}{W}, {T}, Sacrifice a green creature, a white creature, and a blue creature: Search your library for a card named Empyrial Archangel and put it onto the battlefield. Then shuffle your library.",ALA,"Rigorous faith and belief are rewarded on occasion, and richly so.",normal,175141,1,1,Uncommon,"Human,Cleric",Creature
Angelic Benediction,{3}{W},4,W,Michael Komarck,3,Enchantment,"Exalted (Whenever a creature you control attacks alone, that creature gets +1/+1 until end of turn.)\nWhenever a creature you control attacks alone, you may tap target creature.","ALA,DDC,M13,DD3_DVD","""Even in single combat, I am never alone.""\n—Rafiq of the Many",normal,174826,,,Uncommon,,Enchantment
Angelsong,{1}{W},2,W,Sal Villagran,4,Instant,"Prevent all combat damage that would be dealt this turn.\nCycling {2} ({2}, Discard this card: Draw a card.)","ALA,DDC,DD3_DVD",Clash of sword and cry of beast fall mute when angels sound the call to prayer.,normal,175000,,,Common,,Instant
Bant Battlemage,{2}{W},3,"W,G,U",Donato Giancola,5,Creature — Human Wizard,"{G}, {T}: Target creature gains trample until end of turn.\n{U}, {T}: Target creature gains flying until end of turn.",ALA,"""A night attack will be easy. We'll make an air raid over the Akrasan border. Just get me some flint to light the war torches.""",normal,175123,2,2,Uncommon,"Human,Wizard",Creature
Battlegrace Angel,{3}{W}{W},5,W,Matt Stewart,6,Creature — Angel,"Flying\nExalted (Whenever a creature you control attacks alone, that creature gets +1/+1 until end of turn.)\nWhenever a creature you control attacks alone, it gains lifelink until end of turn.","ALA,MM2",,normal,175394,4,4,Rare,Angel,Creature
Cradle of Vitality,{3}{W},4,W,Trevor Hairsine,7,Enchantment,"Whenever you gain life, you may pay {1}{W}. If you do, put a +1/+1 counter on target creature for each 1 life you gained.","ALA,C13","Naya's trees grow tall and sturdy. Their foliage intertwines to form dewcups, rainwater pools where the elves gather to celebrate life.",normal,174789,,,Rare,,Enchantment
Dispeller's Capsule,{W},1,W,Franz Vohwinkel,8,Artifact,"{2}{W}, {T}, Sacrifice Dispeller's Capsule: Destroy target artifact or enchantment.","ALA,MMA","""I find its symmetry pleasing. It rids our world of offensive refuse while disposing of itself.""\n—Dolomarus, Proctor of the Clean",normal,174830,,,Common,,Artifact
"Elspeth, Knight-Errant",{2}{W}{W},4,W,Volkan Baga,9,Planeswalker — Elspeth,"+1: Put a 1/1 white Soldier creature token onto the battlefield.\n+1: Target creature gets +3/+3 and gains flying until end of turn.\n−8: You get an emblem with ""Artifacts, creatures, enchantments, and lands you control have indestructible.""","ALA,DDF,MMA,MD1",,normal,174859,,,Mythic Rare,Elspeth,Planeswalker
Ethersworn Canonist,{1}{W},2,W,Izzy,10,Artifact Creature — Human Cleric,Each player who has cast a nonartifact spell this turn can't cast additional nonartifact spells.,"ALA,MMA","""The noble work of our order is to infuse all life on Esper with etherium. Our goal will be reached more rapidly if new life is . . . suppressed.""",normal,174931,2,2,Rare,"Human,Cleric","Artifact,Creature"
Excommunicate,{2}{W},3,W,Matt Stewart,11,Sorcery,Put target creature on top of its owner's library.,"ALA,M10,M11",Rebels and other malcontents forced into the ritual awake lost in Topa's vast savannahs. Those who find their way back return humble and repentant.,normal,180144,,,Common,,Sorcery
Guardians of Akrasa,{2}{W},3,W,Alan Pollack,12,Creature — Human Soldier,"Defender (This creature can't attack.)\nExalted (Whenever a creature you control attacks alone, that creature gets +1/+1 until end of turn.)","ALA,M13","""Only by the bravery of those who put loyalty above glory is our home kept safe.""\n—Elspeth",normal,175103,0,4,Common,"Human,Soldier",Creature
Gustrider Exuberant,{2}{W},3,W,Wayne Reynolds,13,Creature — Human Wizard,Flying\nSacrifice Gustrider Exuberant: Creatures you control with power 5 or greater gain flying until end of turn.,ALA,"""The elves claim the canopy. The nacatl claim the mountains. I suppose you think we ought to stay on the jungle floor?""",normal,174805,1,2,Common,"Human,Wizard",Creature
Invincible Hymn,{6}{W}{W},8,W,Matt Stewart,14,Sorcery,Count the number of cards in your library. Your life total becomes that number.,ALA,Bantians believe those who are born into the highest caste and live a life of discipline and virtue can ascend to become angels.,normal,175039,,,Rare,,Sorcery
Knight of the Skyward Eye,{1}{W},2,"W,G",Matt Stewart,15,Creature — Human Knight,{3}{G}: Knight of the Skyward Eye gets +3/+3 until end of turn. Activate this ability only once each turn.,ALA,"The Order of the Skyward Eye does the bidding of an evil force, unwittingly stirring fear and mistrust across Bant in accordance with his plans.",normal,175047,2,2,Common,"Human,Knight",Creature
Knight of the White Orchid,{W}{W},2,W,Mark Zug,16,Creature — Human Knight,"First strike\nWhen Knight of the White Orchid enters the battlefield, if an opponent controls more lands than you, you may search your library for a Plains card, put it onto the battlefield, then shuffle your library.","ALA,DDG,ORI",Both guide and guard on open plain.,normal,178094,2,2,Rare,"Human,Knight",Creature
Knight-Captain of Eos,{4}{W},5,W,Chris Rahn,17,Creature — Human Knight,"When Knight-Captain of Eos enters the battlefield, put two 1/1 white Soldier creature tokens onto the battlefield.\n{W}, Sacrifice a Soldier: Prevent all combat damage that would be dealt this turn.",ALA,The strength of Bant's caste system is the unfailing loyalty of its meekest members.,normal,179421,2,2,Rare,"Human,Knight",Creature
Marble Chalice,{2}{W},3,W,Howard Lyon,18,Artifact,{T}: You gain 1 life.,ALA,"The cup was a gift from the sphinx Tameron, who hoped that those who drank from it would live long enough to decrypt the sphinxes' wisdom.",normal,175249,,,Common,,Artifact
Metallurgeon,{1}{W},2,W,Warren Mahy,19,Artifact Creature — Human Artificer,"{W}, {T}: Regenerate target artifact.","ALA,ARC","""By the time I got there, the heart had stopped. Fortunately, I was able to replace it with something better.""",normal,175113,1,2,Uncommon,"Human,Artificer","Artifact,Creature"
Oblivion Ring,{2}{W},3,W,Franz Vohwinkel,20,Enchantment,"When Oblivion Ring enters the battlefield, exile another target nonland permanent.\nWhen Oblivion Ring leaves the battlefield, return the exiled card to the battlefield under its owner's control.","pFNM,LRW,ALA,HOP,ARC,DDG,CMD,M12,DDI,M13,MM2",A circle of light and a word of confinement.,normal,174909,,,Common,,Enchantment
Ranger of Eos,{3}{W},4,W,Volkan Baga,21,Creature — Human Soldier,"When Ranger of Eos enters the battlefield, you may search your library for up to two creature cards with converted mana cost 1 or less, reveal them, and put them into your hand. If you do, shuffle your library.",ALA,"At his side, humble beasts become weapons more deadly than sharpened steel.",normal,174823,3,2,Rare,"Human,Soldier",Creature
Resounding Silence,{3}{W},4,"W,G,U",Mark Zug,22,Instant,"Exile target attacking creature.\nCycling {5}{G}{W}{U} ({5}{G}{W}{U}, Discard this card: Draw a card.)\nWhen you cycle Resounding Silence, exile up to two target attacking creatures.",ALA,,normal,174985,,,Common,,Instant
Rockcaster Platoon,{5}{W}{W},7,"W,G",David Palumbo,23,Creature — Rhino Soldier,{4}{G}: Rockcaster Platoon deals 2 damage to each creature with flying and each player.,ALA,"""Aven bandits can be sly. You've got to fill the sky with boulders—and then seek cover immediately.""\n—Knight-Captain Wyhorn",normal,175024,5,7,Uncommon,"Rhino,Soldier",Creature
Sanctum Gargoyle,{3}{W},4,W,Shelly Wan,24,Artifact Creature — Gargoyle,"Flying\nWhen Sanctum Gargoyle enters the battlefield, you may return target artifact card from your graveyard to your hand.","ALA,ARC,MMA","As their supplies of etherium dwindled, mechanists sent gargoyles farther and farther afield in search of salvage.",normal,174925,2,3,Common,Gargoyle,"Artifact,Creature"
Scourglass,{3}{W}{W},5,W,Matt Cavotta,25,Artifact,"{T}, Sacrifice Scourglass: Destroy all permanents except for artifacts and lands. Activate this ability only during your upkeep.",ALA,"""Soon I will sleep, eyes closing to a world tarnished with flesh, and then wake to a polished vision.""\n—Sharuum",normal,174853,,,Rare,,Artifact
Sighted-Caste Sorcerer,{1}{W},2,"W,U",Chris Rahn,26,Creature — Human Wizard,"Exalted (Whenever a creature you control attacks alone, that creature gets +1/+1 until end of turn.)\n{U}: Sighted-Caste Sorcerer gains shroud until end of turn. (It can't be the target of spells or abilities.)",ALA,,normal,174956,1,1,Common,"Human,Wizard",Creature
Sigiled Paladin,{W}{W},2,W,Greg Staples,27,Creature — Human Knight,"First strike\nExalted (Whenever a creature you control attacks alone, that creature gets +1/+1 until end of turn.)",ALA,Each sigil marks the recognition of a great deed and signifies a duty owed to the one who granted it.,normal,174958,2,2,Uncommon,"Human,Knight",Creature
Soul's Grace,{1}{W},2,W,Christopher Moeller,28,Instant,You gain life equal to target creature's power.,ALA,An avatar he sculpts of fellowship and light.,normal,174813,,,Common,,Instant
Sunseed Nurturer,{2}{W},3,W,Steve Argyle,29,Creature — Human Druid Wizard,"At the beginning of your end step, if you control a creature with power 5 or greater, you may gain 2 life.\n{T}: Add {C} to your mana pool.",ALA,Sunseeders quest for areas of open sky. They train plowbeasts to beat back the dense jungle long enough to cultivate a crop.,normal,175122,1,1,Uncommon,"Human,Druid,Wizard",Creature
Welkin Guide,{4}{W},5,W,David Palumbo,30,Creature — Bird Cleric,"Flying\nWhen Welkin Guide enters the battlefield, target creature gets +2/+2 and gains flying until end of turn.","ALA,EMA","""Those talons really dig into your skin, but it's better than being dropped.""\n—Rafiq of the Many",normal,178096,2,2,Common,"Bird,Cleric",Creature
Yoked Plowbeast,{5}{W}{W},7,W,Steve Argyle,31,Creature — Beast,"Cycling {2} ({2}, Discard this card: Draw a card.)",ALA,"""It is sacrilege to confine a gargantuan to the grinding of straight lines. I will pray that it remembers who is the master of this land.""\n—Syeena, elvish godtoucher",normal,175078,5,5,Common,Beast,Creature
Call to Heel,{1}{U},2,U,Randy Gallegos,32,Instant,Return target creature to its owner's hand. Its controller draws a card.,"ALA,DDJ","On Bant, a sigil is both a prize of honor and a bond of duty. The one who bears it may be called to fulfill that charge at any moment.",normal,175053,,,Common,,Instant
Cancel,{1}{U}{U},3,U,David Palumbo,33,Instant,Counter target spell.,"pMPR,TSP,10E,ALA,M10,ZEN,DPA,M11,M12,PC2,RTR,M14,M15,KTK","""What you are attempting is not against the law. It is, however, extremely foolish.""",normal,178092,,,Common,,Instant
Cathartic Adept,{U},1,U,Carl Critchlow,34,Creature — Human Wizard,{T}: Target player puts the top card of his or her library into his or her graveyard.,ALA,"""Forget. Only then will there be space for hope between the pain and fear.""",normal,176433,1,1,Common,"Human,Wizard",Creature
Cloudheath Drake,{4}{U},5,"U,W",Izzy,35,Artifact Creature — Drake,Flying\n{1}{W}: Cloudheath Drake gains vigilance until end of turn.,ALA,"A permanent storm rages over the plain of Cloudheath, and drakes ride its currents—two reminders that some elements of Esper will not be controlled.",normal,174814,3,3,Common,Drake,"Artifact,Creature"
Coma Veil,{4}{U},5,U,Dan Scott,36,Enchantment — Aura,Enchant artifact or creature\nEnchanted permanent doesn't untap during its controller's untap step.,ALA,Etherium does not know sleep. Only magic can teach it the resting state of cold steel.,normal,175042,,,Common,Aura,Enchantment
Courier's Capsule,{1}{U},2,U,Andrew Murray,37,Artifact,"{1}{U}, {T}, Sacrifice Courier's Capsule: Draw two cards.",ALA,"In ages past, Esper couriers bore messages written on ornate scrolls. The medium has grown more sophisticated, but the principle remains the same.",normal,174800,,,Common,,Artifact
Covenant of Minds,{4}{U},5,U,Dan Seagrave,38,Sorcery,"Reveal the top three cards of your library. Target opponent may choose to put those cards into your hand. If he or she doesn't, put those cards into your graveyard and draw five cards.",ALA,"Before signing anything on Grixis, always read the fine print.",normal,178091,,,Rare,,Sorcery
Dawnray Archer,{2}{U},3,"U,W",Dan Dos Santos,39,Creature — Human Archer,"Exalted (Whenever a creature you control attacks alone, that creature gets +1/+1 until end of turn.)\n{W}, {T}: Dawnray Archer deals 1 damage to target attacking or blocking creature.",ALA,Their shots are fired most often as signals—or at those who didn't get the message.,normal,175085,1,1,Uncommon,"Human,Archer",Creature
Esper Battlemage,{2}{U},3,"U,W,B",Matt Cavotta,40,Artifact Creature — Human Wizard,"{W}, {T}: Prevent the next 2 damage that would be dealt to you this turn.\n{B}, {T}: Target creature gets -1/-1 until end of turn.",ALA,"She can heal the flesh, or exploit its many weaknesses.",normal,174872,2,2,Uncommon,"Human,Wizard","Artifact,Creature"
Etherium Astrolabe,{2}{U},3,"U,B",Michael Bruinsma,41,Artifact,"Flash\n{B}, {T}, Sacrifice an artifact: Draw a card.",ALA,"""Speculation is foolish when the tools of certainty are available.""\n—Cinna, vedalken consul",normal,175138,,,Uncommon,,Artifact
Etherium Sculptor,{1}{U},2,U,Steven Belledin,42,Artifact Creature — Vedalken Artificer,Artifact spells you cast cost {1} less to cast.,"ALA,MMA","The greatest masters of the craft abandon tools altogether, shaping metal with hand and mind alone.",normal,176435,1,2,Common,"Vedalken,Artificer","Artifact,Creature"
Fatestitcher,{3}{U},4,U,E. M. Gist,43,Creature — Zombie Wizard,{T}: You may tap or untap another target permanent.\nUnearth {U} ({U}: Return this card from your graveyard to the battlefield. It gains haste. Exile it at the beginning of the next end step or if it would leave the battlefield. Unearth only as a sorcery.),ALA,,normal,176456,1,2,Uncommon,"Zombie,Wizard",Creature
Filigree Sages,{3}{U},4,U,Dan Scott,44,Artifact Creature — Vedalken Wizard,{2}{U}: Untap target artifact.,ALA,"""We of the Sanctum Arcanum have pondered every word on every page of the Filigree Texts. If you can't say the same, don't bother speaking.""",normal,174888,2,3,Uncommon,"Vedalken,Wizard","Artifact,Creature"
Gather Specimens,{3}{U}{U}{U},6,U,Michael Bruinsma,45,Instant,"If a creature would enter the battlefield under an opponent's control this turn, it enters the battlefield under your control instead.",ALA,"""It's free to do whatever it wants. I've merely told it what that is.""\n—Xorin, Architect of Will",normal,175011,,,Rare,,Instant
Jhessian Lookout,{1}{U},2,U,Donato Giancola,46,Creature — Human Scout,,ALA,"She stands ready, always watchful, knowing that weeks of peace and serenity can be overturned by a single distant sail.",normal,176428,2,1,Common,"Human,Scout",Creature
Kathari Screecher,{2}{U},3,U,Pete Venters,47,Creature — Bird Soldier,Flying\nUnearth {2}{U} ({2}{U}: Return this card from your graveyard to the battlefield. It gains haste. Exile it at the beginning of the next end step or if it would leave the battlefield. Unearth only as a sorcery.),ALA,,normal,174837,2,2,Common,"Bird,Soldier",Creature
Kederekt Leviathan,{6}{U}{U},8,U,Mark Hyzer,48,Creature — Leviathan,"When Kederekt Leviathan enters the battlefield, return all other nonland permanents to their owners' hands.\nUnearth {6}{U} ({6}{U}: Return this card from your graveyard to the battlefield. It gains haste. Exile it at the beginning of the next end step or if it would leave the battlefield. Unearth only as a sorcery.)",ALA,,normal,174882,5,5,Rare,Leviathan,Creature
Master of Etherium,{2}{U},3,U,Matt Cavotta,49,Artifact Creature — Vedalken Wizard,Master of Etherium's power and toughness are each equal to the number of artifacts you control.\nOther artifact creatures you control get +1/+1.,"ALA,HOP,DDF","""Only a mind unfettered with the concerns of the flesh can see the world as it truly is.""",normal,175114,*,*,Rare,"Vedalken,Wizard","Artifact,Creature"
Memory Erosion,{1}{U}{U},3,U,Howard Lyon,50,Enchantment,"Whenever an opponent casts a spell, that player puts the top two cards of his or her library into his or her graveyard.","ALA,CMD","""The Filigree Texts do not compel you to act in accordance with their precepts. They only specify the consequences should you fail.""\n—Lodus of the Ethersworn",normal,175108,,,Rare,,Enchantment
Mindlock Orb,{3}{U},4,U,rk post,51,Artifact,Players can't search libraries.,ALA,"Rogue mechanists once rummaged through the wastes of the Tidehollow, constructing unauthorized golems to threaten the hegemony of the sphinxes. The orbs put a stop to that.",normal,175385,,,Rare,,Artifact
Outrider of Jhess,{3}{U},4,U,Alan Pollack,52,Creature — Human Knight,"Exalted (Whenever a creature you control attacks alone, that creature gets +1/+1 until end of turn.)",ALA,"The island nation of Jhess is under constant siege from Valeron on the mainland. Riders traverse the coastline, always on the lookout for sails or aven.",normal,175252,2,2,Common,"Human,Knight",Creature
Protomatter Powder,{2}{U},3,"U,W",Francis Tsai,53,Artifact,"{4}{W}, {T}, Sacrifice Protomatter Powder: Return target artifact card from your graveyard to the battlefield.",ALA,"""There is no such thing as scrap metal. All such material can be repaired with the proper bonding agent.""\n—Quennus, metallurgeon",normal,174833,,,Uncommon,,Artifact
Resounding Wave,{2}{U},3,"U,W,B",Izzy,54,Instant,"Return target permanent to its owner's hand.\nCycling {5}{W}{U}{B} ({5}{W}{U}{B}, Discard this card: Draw a card.)\nWhen you cycle Resounding Wave, return two target permanents to their owners' hands.",ALA,,normal,175098,,,Common,,Instant
Sharding Sphinx,{4}{U}{U},6,U,Michael Bruinsma,55,Artifact Creature — Sphinx,"Flying\nWhenever an artifact creature you control deals combat damage to a player, you may put a 1/1 blue Thopter artifact creature token with flying onto the battlefield.","ALA,C13","Whether mechanical or biological, life finds a way to propagate itself.",normal,174881,4,4,Rare,Sphinx,"Artifact,Creature"
Skill Borrower,{2}{U},3,U,Shelly Wan,56,Artifact Creature — Human Wizard,"Play with the top card of your library revealed.\nAs long as the top card of your library is an artifact or creature card, Skill Borrower has all activated abilities of that card. (If any of the abilities use that card's name, use this creature's name instead.)",ALA,,normal,179428,1,3,Rare,"Human,Wizard","Artifact,Creature"
Spell Snip,{2}{U},3,U,Michael Sutfin,57,Instant,"Counter target spell unless its controller pays {1}.\nCycling {2} ({2}, Discard this card: Draw a card.)",ALA,"""Magic cast through a hand of flesh is just as weak as the flesh itself.""\n—Lodus of the Ethersworn",normal,175038,,,Common,,Instant
Sphinx's Herald,{U},1,U,Dan Scott,58,Artifact Creature — Vedalken Wizard,"{2}{U}, {T}, Sacrifice a white creature, a blue creature, and a black creature: Search your library for a card named Sphinx Sovereign and put it onto the battlefield. Then shuffle your library.",ALA,"He calls a riddle through the gaps of cloven clouds, hoping for an answer.",normal,175242,1,1,Uncommon,"Vedalken,Wizard","Artifact,Creature"
Steelclad Serpent,{5}{U},6,U,Carl Critchlow,59,Artifact Creature — Serpent,Steelclad Serpent can't attack unless you control another artifact.,ALA,"""From the highest towers to the deepest sea, all life must be touched by etherium.""\n—Lodus of the Ethersworn",normal,175009,4,5,Common,Serpent,"Artifact,Creature"
Tezzeret the Seeker,{3}{U}{U},5,U,Anthony Francisco,60,Planeswalker — Tezzeret,+1: Untap up to two target artifacts.\n−X: Search your library for an artifact card with converted mana cost X or less and put it onto the battlefield. Then shuffle your library.\n−5: Artifacts you control become artifact creatures with base power and toughness 5/5 until end of turn.,"ALA,DDF,MM2",,normal,174912,,,Mythic Rare,Tezzeret,Planeswalker
Tortoise Formation,{3}{U},4,U,Mark Zug,61,Instant,Creatures you control gain shroud until end of turn. (They can't be the targets of spells or abilities.),ALA,"At sea, the Jhessian fleet strikes swiftly and decisively. On land, facing the elite cavalry of Valeron, its marines must rely on more cautious strategies.",normal,179432,,,Common,,Instant
Vectis Silencers,{2}{U},3,"U,B",Steven Belledin,62,Artifact Creature — Human Rogue,{2}{B}: Vectis Silencers gains deathtouch until end of turn. (Any amount of damage it deals to a creature is enough to destroy that creature.),ALA,"Even on Esper, there are those who eschew the use of magic in favor of simpler methods.",normal,175147,1,2,Common,"Human,Rogue","Artifact,Creature"
Ad Nauseam,{3}{B}{B},5,B,Jeremy Jarvis,63,Instant,Reveal the top card of your library and put that card into your hand. You lose life equal to its converted mana cost. You may repeat this process any number of times.,ALA,"When the task spilled over into undeath, he stopped calling it his life's work.",normal,174915,,,Rare,,Instant
Archdemon of Unx,{5}{B}{B},7,B,Dave Allsop,64,Creature — Demon,"Flying, trample\nAt the beginning of your upkeep, sacrifice a non-Zombie creature, then put a 2/2 black Zombie creature token onto the battlefield.",ALA,"The necropolis at Unx was once a living city, its streets untrodden by death.",normal,174847,6,6,Rare,Demon,Creature
Banewasp Affliction,{1}{B},2,B,Dave Allsop,65,Enchantment — Aura,"Enchant creature\nWhen enchanted creature dies, that creature's controller loses life equal to its toughness.",ALA,"The consuming undeath of Grixis terrifies the survivors of Vithia, but its fauna is just as fearsome.",normal,174817,,,Common,Aura,Enchantment
Blister Beetle,{1}{B},2,B,Anthony S. Waters,66,Creature — Insect,"When Blister Beetle enters the battlefield, target creature gets -1/-1 until end of turn.",ALA,"Warriors of the Rip Clan wear their beetle-acid scars proudly, even modifying clothing and armor to better display the trophy.",normal,174893,1,1,Common,Insect,Creature
Bone Splinters,{B},1,B,Cole Eastburn,67,Sorcery,"As an additional cost to cast Bone Splinters, sacrifice a creature.\nDestroy target creature.","ALA,AVR,DDN,MM2,BFZ","Witches of the Split-Eye Coven speak of a future when Grixis will overflow with life energy. For now, they must harvest vis from the living to fuel their dark magics.",normal,174967,,,Common,,Sorcery
Corpse Connoisseur,{4}{B},5,B,Mark Hyzer,68,Creature — Zombie Wizard,"When Corpse Connoisseur enters the battlefield, you may search your library for a creature card and put that card into your graveyard. If you do, shuffle your library.\nUnearth {3}{B} ({3}{B}: Return this card from your graveyard to the battlefield. It gains haste. Exile it at the beginning of the next end step or if it would leave the battlefield. Unearth only as a sorcery.)","ALA,ARC,DDK",,normal,176448,3,3,Uncommon,"Zombie,Wizard",Creature
Cunning Lethemancer,{2}{B},3,B,Paul Bonner,69,Creature — Human Wizard,"At the beginning of your upkeep, each player discards a card.",ALA,"""Give me your memories, and you will have release from the suffering they bring you.""",normal,176429,2,2,Rare,"Human,Wizard",Creature
Death Baron,{1}{B}{B},3,B,Nils Hamm,70,Creature — Zombie Wizard,Skeleton creatures you control and other Zombie creatures you control get +1/+1 and have deathtouch.,"ALA,HOP","For the necromancer barons, killing and recruitment are one and the same.",normal,176430,2,2,Rare,"Zombie,Wizard",Creature
Deathgreeter,{B},1,B,Dominick Domingo,71,Creature — Human Shaman,"Whenever another creature dies, you may gain 1 life.","ALA,DDD,DD3_GVL","""The bones of allies grant wisdom. The bones of enemies grant strength. The bones of dragons grant life eternal.""",normal,175073,1,1,Common,"Human,Shaman",Creature
Demon's Herald,{B},1,B,Karl Kopinski,72,Creature — Human Wizard,"{2}{B}, {T}, Sacrifice a blue creature, a black creature, and a red creature: Search your library for a card named Prince of Thralls and put it onto the battlefield. Then shuffle your library.",ALA,"""May these deaths be the first of many.""",normal,175243,1,1,Uncommon,"Human,Wizard",Creature
Dreg Reaver,{4}{B},5,B,Thomas M. Baxa,73,Creature — Zombie Beast,,ALA,"""On our thirty-fourth day of digging, we unearthed a chamber that contained the intact remains of several species long extinct from Grixis. One in particular should make a fine siege engine . . . .""\n—Last notes of Shungus Nod, fleshcrafter",normal,174848,4,3,Common,"Zombie,Beast",Creature
Dregscape Zombie,{1}{B},2,B,Lars Grant-West,74,Creature — Zombie,Unearth {B} ({B}: Return this card from your graveyard to the battlefield. It gains haste. Exile it at the beginning of the next end step or if it would leave the battlefield. Unearth only as a sorcery.),"ALA,HOP,ARC,DDN",The undead of Grixis are fueled by their hatred of the living.,normal,174835,2,1,Common,Zombie,Creature
Executioner's Capsule,{B},1,B,Warren Mahy,75,Artifact,"{1}{B}, {T}, Sacrifice Executioner's Capsule: Destroy target nonblack creature.","ALA,MMA","There is always a moment of trepidation before opening a message capsule, for fear of the judgment that might be contained within.",normal,174895,,,Common,,Artifact
Fleshbag Marauder,{2}{B},3,B,Pete Venters,76,Creature — Zombie Warrior,"When Fleshbag Marauder enters the battlefield, each player sacrifices a creature.","ALA,DDD,CMD,DDN,DD3_GVL,ORI","Grixis is a world where the only things found in abundance are death and decay. Corpses, whole or in part, are the standard currency among necromancers and demons.",normal,174871,3,1,Uncommon,"Zombie,Warrior",Creature
Glaze Fiend,{1}{B},2,B,Joshua Hagler,77,Artifact Creature — Illusion,"Flying\nWhenever another artifact enters the battlefield under your control, Glaze Fiend gets +2/+2 until end of turn.",ALA,"Before the zealots of the Ethersworn came to power, Esper illusionists dreamed up creations to mimic a variety of substances.",normal,174816,0,1,Common,Illusion,"Artifact,Creature"
Grixis Battlemage,{2}{B},3,"B,U,R",Nils Hamm,78,Creature — Human Wizard,"{U}, {T}: Draw a card, then discard a card.\n{R}, {T}: Target creature can't block this turn.",ALA,Vitals of Grixis who eschew undeath must scrape and scratch to retain their mortality. The result is a breed of inventive mages.,normal,174868,2,2,Uncommon,"Human,Wizard",Creature
Immortal Coil,{2}{B}{B},4,B,Dan Scott,79,Artifact,"{T}, Exile two cards from your graveyard: Draw a card.\nIf damage would be dealt to you, prevent that damage. Exile a card from your graveyard for each 1 damage prevented this way.\nWhen there are no cards in your graveyard, you lose the game.",ALA,,normal,175125,,,Rare,,Artifact
Infest,{1}{B}{B},3,B,Karl Kopinski,80,Sorcery,All creatures get -2/-2 until end of turn.,"pMPR,ONS,ALA,ARC,C13","""This is why we don't go out in banewasp weather.""\n—Rannon, Vithian holdout",normal,179424,,,Uncommon,,Sorcery
Onyx Goblet,{2}{B},3,B,rk post,81,Artifact,{T}: Target player loses 1 life.,ALA,"The goblet was a gift from the sphinx Gorael, who hoped humans and vedalken would eventually destroy each other to acquire it, leaving all of Esper to her own kind.",normal,174831,,,Common,,Artifact
Puppet Conjurer,{1}{B},2,"B,U",Steven Belledin,82,Artifact Creature — Human Wizard,"{U}, {T}: Put a 0/1 blue Homunculus artifact creature token onto the battlefield.\nAt the beginning of your upkeep, sacrifice a Homunculus.",ALA,"He scowls at his imperfect creation, then crushes it to scrap. He salvages the etherium and begins anew.",normal,175012,1,2,Uncommon,"Human,Wizard","Artifact,Creature"
Resounding Scream,{2}{B},3,"B,U,R",Thomas M. Baxa,83,Sorcery,"Target player discards a card at random.\nCycling {5}{U}{B}{R} ({5}{U}{B}{R}, Discard this card: Draw a card.)\nWhen you cycle Resounding Scream, target player discards two cards at random.",ALA,,normal,176444,,,Common,,Sorcery
Salvage Titan,{4}{B}{B},6,B,Anthony Francisco,84,Artifact Creature — Golem,You may sacrifice three artifacts rather than pay Salvage Titan's mana cost.\nExile three artifact cards from your graveyard: Return Salvage Titan from your graveyard to your hand.,ALA,,normal,174900,6,4,Rare,Golem,"Artifact,Creature"
Scavenger Drake,{3}{B},4,B,Trevor Claxton,85,Creature — Drake,"Flying\nWhenever another creature dies, you may put a +1/+1 counter on Scavenger Drake.","ALA,MM2","Dragons consider drakes to be mockeries of their perfection, destroying them on sight.",normal,174987,1,1,Uncommon,Drake,Creature
Shadowfeed,{B},1,B,Dave Kendall,86,Instant,Exile target card from a graveyard. You gain 3 life.,ALA,"""The future is a snake, devouring your life backwards through time. And when you die, believe me, it doesn't stop feeding.""\n—Sedris, the Traitor King",normal,177473,,,Common,,Instant
Shore Snapper,{2}{B},3,"B,U",Dave Kendall,87,Creature — Beast,{U}: Shore Snapper gains islandwalk until end of turn. (It can't be blocked as long as defending player controls an Island.),ALA,"Kathari, the sickly aven of Grixis, have learned that the corpses by the shoreline are more trap than treat.",normal,175390,2,2,Common,Beast,Creature
Skeletal Kathari,{4}{B},5,B,Carl Critchlow,88,Creature — Bird Skeleton,"Flying\n{B}, Sacrifice a creature: Regenerate Skeletal Kathari.",ALA,Undeath doesn't end the kathari's search for carrion; it only removes one corpse from the Dregscape.,normal,175119,3,2,Common,"Bird,Skeleton",Creature
Tar Fiend,{5}{B},6,B,Anthony S. Waters,89,Creature — Elemental,"Devour 2 (As this enters the battlefield, you may sacrifice any number of creatures. This creature enters the battlefield with twice that many +1/+1 counters on it.)\nWhen Tar Fiend enters the battlefield, target player discards a card for each creature it devoured.",ALA,,normal,175101,4,4,Rare,Elemental,Creature
Undead Leotau,{5}{B},6,"B,R",Carl Critchlow,90,Creature — Zombie Cat,{R}: Undead Leotau gets +1/-1 until end of turn.\nUnearth {2}{B} ({2}{B}: Return this card from your graveyard to the battlefield. It gains haste. Exile it at the beginning of the next end step or if it would leave the battlefield. Unearth only as a sorcery.),ALA,,normal,176452,3,4,Common,"Zombie,Cat",Creature
Vein Drinker,{4}{B}{B},6,"B,R",Lars Grant-West,91,Creature — Vampire,"Flying\n{R}, {T}: Vein Drinker deals damage equal to its power to target creature. That creature deals damage equal to its power to Vein Drinker.\nWhenever a creature dealt damage by Vein Drinker this turn dies, put a +1/+1 counter on Vein Drinker.",ALA,,normal,175004,4,4,Rare,Vampire,Creature
Viscera Dragger,{3}{B},4,B,Ralph Horsley,92,Creature — Zombie Ogre Warrior,"Cycling {2} ({2}, Discard this card: Draw a card.)\nUnearth {1}{B} ({1}{B}: Return this card from your graveyard to the battlefield. It gains haste. Exile it at the beginning of the next end step or if it would leave the battlefield. Unearth only as a sorcery.)",ALA,,normal,175144,3,3,Common,"Zombie,Ogre,Warrior",Creature
Bloodpyre Elemental,{4}{R},5,R,Trevor Claxton,93,Creature — Elemental,Sacrifice Bloodpyre Elemental: Bloodpyre Elemental deals 4 damage to target creature. Activate this ability only any time you could cast a sorcery.,ALA,Elementals born of Jund are as cruel and unstable as the plane itself.,normal,175117,4,1,Common,Elemental,Creature
Bloodthorn Taunter,{1}{R},2,R,Jesper Ejsing,94,Creature — Human Scout,Haste\n{T}: Target creature with power 5 or greater gains haste until end of turn.,ALA,"Naya's celebrants stoke the gargantuans into a rage, loosing a tide of muscle with the precision of an arrow.",normal,174821,1,1,Common,"Human,Scout",Creature
Caldera Hellion,{3}{R}{R},5,R,Raymond Swanland,95,Creature — Hellion,"Devour 1 (As this enters the battlefield, you may sacrifice any number of creatures. This creature enters the battlefield with that many +1/+1 counters on it.)\nWhen Caldera Hellion enters the battlefield, it deals 3 damage to each creature.",ALA,,normal,175072,3,3,Rare,Hellion,Creature
Crucible of Fire,{3}{R},4,R,Dominick Domingo,96,Enchantment,Dragon creatures you control get +3/+3.,"ALA,M15","""The dragon is a perfect marriage of power and the will to use it.""\n—Sarkhan Vol",normal,179426,,,Rare,,Enchantment
Dragon Fodder,{1}{R},2,R,Jaime Jones,97,Sorcery,Put two 1/1 red Goblin creature tokens onto the battlefield.,"pMEI,ALA,ARC,DDG,DTK,ORI",Goblins journey to the sacrificial peaks in pairs so that the rare survivor might be able to relate the details of the other's grisly demise.,normal,174936,,,Common,,Sorcery
Dragon's Herald,{R},1,R,Daarken,98,Creature — Goblin Shaman,"{2}{R}, {T}, Sacrifice a black creature, a red creature, and a green creature: Search your library for a card named Hellkite Overlord and put it onto the battlefield. Then shuffle your library.",ALA,The penultimate step of the ritual involves bathing in a delicious glaze.,normal,175239,1,1,Uncommon,"Goblin,Shaman",Creature
Exuberant Firestoker,{2}{R},3,R,Zoltan Boros & Gabor Szikszai,99,Creature — Human Druid Shaman,"At the beginning of your end step, if you control a creature with power 5 or greater, you may have Exuberant Firestoker deal 2 damage to target player.\n{T}: Add {C} to your mana pool.",ALA,The artistry of Etlan's firedancers is more spectacular when behemoths join in.,normal,175049,1,1,Uncommon,"Human,Druid,Shaman",Creature
Flameblast Dragon,{4}{R}{R},6,R,Jaime Jones,100,Creature — Dragon,"Flying\nWhenever Flameblast Dragon attacks, you may pay {X}{R}. If you do, Flameblast Dragon deals X damage to target creature or player.","ALA,ARC,M12",Dragon lords of Jund rule by edicts of flame.,normal,177476,5,5,Rare,Dragon,Creature
Goblin Assault,{2}{R},3,R,Jaime Jones,101,Enchantment,"At the beginning of your upkeep, put a 1/1 red Goblin creature token with haste onto the battlefield.\nGoblin creatures attack each turn if able.",ALA,"A goblin raid is a delicate gambit—a blend of stealth, precision, and screaming death.",normal,174939,,,Rare,,Enchantment
Goblin Mountaineer,{R},1,R,Michael Ryan,102,Creature — Goblin Scout,Mountainwalk (This creature can't be blocked as long as defending player controls a Mountain.),"PO2,S99,9ED,ALA",Goblin lairs sit high in Jund's mountains. This gives the goblins easy access to the sacrificial peaks above and lets them build up a head of steam before attacking prey down below.,normal,174938,1,1,Common,"Goblin,Scout",Creature
Hell's Thunder,{1}{R}{R},3,R,Karl Kopinski,103,Creature — Elemental,"Flying, haste\nAt the beginning of the end step, sacrifice Hell's Thunder.\nUnearth {4}{R} ({4}{R}: Return this card from your graveyard to the battlefield. It gains haste. Exile it at the beginning of the next end step or if it would leave the battlefield. Unearth only as a sorcery.)","ALA,DDN",,normal,176455,4,4,Rare,Elemental,Creature
Hissing Iguanar,{2}{R},3,R,Brandon Kitkouski,104,Creature — Lizard,"Whenever another creature dies, you may have Hissing Iguanar deal 1 damage to target player.","ALA,PC2","Viashino thrashes keep iguanars as hunting companions, giving them wounded captives as playthings.",normal,174873,3,1,Common,Lizard,Creature
Incurable Ogre,{3}{R},4,R,Carl Critchlow,105,Creature — Ogre Mutant,,ALA,Each mutation causes the incurables to look vastly different from one another. They are left with only one thing in common: their insatiable lust for the slaughter.,normal,174806,5,1,Common,"Ogre,Mutant",Creature
Jund Battlemage,{2}{R},3,"R,B,G",Vance Kovacs,106,Creature — Human Shaman,"{B}, {T}: Target player loses 1 life.\n{G}, {T}: Put a 1/1 green Saproling creature token onto the battlefield.",ALA,"""Of your blood I will make my mead, an offering to the thirsty jungle.""",normal,175050,2,2,Uncommon,"Human,Shaman",Creature
Lightning Talons,{2}{R},3,R,Pete Venters,107,Enchantment — Aura,Enchant creature\nEnchanted creature gets +3/+0 and has first strike. (It deals combat damage before creatures without first strike.),"ALA,M14","""This is going to hurt a lot, but on the bright side, you'll be dead soon.""\n—Sedris, the Traitor King",normal,176446,,,Common,Aura,Enchantment
Magma Spray,{R},1,R,Jarreau Wimberly,108,Instant,"Magma Spray deals 2 damage to target creature. If that creature would die this turn, exile it instead.","pFNM,ALA,DDJ,JOU","""Jund is a wounded world. Beware its searing blood spilling out onto the surface.""\n—Rakka Mar",normal,175245,,,Common,,Instant
Predator Dragon,{3}{R}{R}{R},6,R,Raymond Swanland,109,Creature — Dragon,"Flying, haste\nDevour 2 (As this enters the battlefield, you may sacrifice any number of creatures. This creature enters the battlefield with twice that many +1/+1 counters on it.)",ALA,Dragons make for spiteful gods.,normal,174968,4,4,Rare,Dragon,Creature
Resounding Thunder,{2}{R},3,"R,B,G",Jon Foster,110,Instant,"Resounding Thunder deals 3 damage to target creature or player.\nCycling {5}{B}{R}{G} ({5}{B}{R}{G}, Discard this card: Draw a card.)\nWhen you cycle Resounding Thunder, it deals 6 damage to target creature or player.",ALA,,normal,175043,,,Common,,Instant
Ridge Rannet,{5}{R}{R},7,R,Jim Murray,111,Creature — Beast,"Cycling {2} ({2}, Discard this card: Draw a card.)",ALA,"""Only those with the strength to seize their destiny deserve to have one.""\n—Nacatl scratchforms",normal,175257,6,4,Common,Beast,Creature
Rockslide Elemental,{2}{R},3,R,Joshua Hagler,112,Creature — Elemental,"First strike\nWhenever another creature dies, you may put a +1/+1 counter on Rockslide Elemental.","ALA,HOP","On Jund, even the landscape is a deadly hunter. Volcanoes, tar pits, and rock slides seem to prey upon the living.",normal,174988,1,1,Uncommon,Elemental,Creature
Scourge Devil,{4}{R},5,R,Dave Kendall,113,Creature — Devil,"When Scourge Devil enters the battlefield, creatures you control get +1/+0 until end of turn.\nUnearth {2}{R} ({2}{R}: Return this card from your graveyard to the battlefield. It gains haste. Exile it at the beginning of the next end step or if it would leave the battlefield. Unearth only as a sorcery.)","ALA,DDK,DDN",,normal,174845,3,3,Uncommon,Devil,Creature
Skeletonize,{4}{R},5,"R,B",Karl Kopinski,114,Instant,"Skeletonize deals 3 damage to target creature. When a creature dealt damage this way dies this turn, put a 1/1 black Skeleton creature token onto the battlefield with ""{B}: Regenerate this creature.""",ALA,Fire burns away both flesh and freedom.,normal,175070,,,Uncommon,,Instant
Soul's Fire,{2}{R},3,R,Wayne Reynolds,115,Instant,Target creature you control on the battlefield deals damage equal to its power to target creature or player.,ALA,An avatar he sculpts of anger and flame.,normal,174951,,,Common,,Instant
Thorn-Thrash Viashino,{3}{R},4,"R,G",Jon Foster,116,Creature — Viashino Warrior,"Devour 2 (As this enters the battlefield, you may sacrifice any number of creatures. This creature enters the battlefield with twice that many +1/+1 counters on it.)\n{G}: Thorn-Thrash Viashino gains trample until end of turn.","ALA,PC2",,normal,175064,2,2,Common,"Viashino,Warrior",Creature
Thunder-Thrash Elder,{2}{R},3,R,Brandon Kitkouski,117,Creature — Viashino Warrior,"Devour 3 (As this enters the battlefield, you may sacrifice any number of creatures. This creature enters the battlefield with three times that many +1/+1 counters on it.)","ALA,PC2",Viashino thrashes are led by elders who have survived countless challenges.,normal,174870,1,1,Uncommon,"Viashino,Warrior",Creature
Viashino Skeleton,{3}{R},4,"R,B",Cole Eastburn,118,Creature — Viashino Skeleton,"{1}{B}, Discard a card: Regenerate Viashino Skeleton.",ALA,Underneath the Dregscape lay the remains of creatures long extinct from Grixis.,normal,175097,2,1,Common,"Viashino,Skeleton",Creature
Vicious Shadows,{6}{R},7,R,Joshua Hagler,119,Enchantment,"Whenever a creature dies, you may have Vicious Shadows deal damage to target player equal to the number of cards in that player's hand.",ALA,"""Thrashes of the ancient past still linger in spirit and shadow, desperate to sink their claws into our souls.""\n—Rakka Mar",normal,175048,,,Rare,,Enchantment
Vithian Stinger,{2}{R},3,R,Dave Kendall,120,Creature — Human Shaman,{T}: Vithian Stinger deals 1 damage to target creature or player.\nUnearth {1}{R} ({1}{R}: Return this card from your graveyard to the battlefield. It gains haste. Exile it at the beginning of the next end step or if it would leave the battlefield. Unearth only as a sorcery.),"ALA,DDK",,normal,174922,0,1,Common,"Human,Shaman",Creature
Volcanic Submersion,{4}{R},5,R,Trevor Claxton,121,Sorcery,"Destroy target artifact or land.\nCycling {2} ({2}, Discard this card: Draw a card.)",ALA,"A dragon's death is almost as feared as its life. Old, dying dragons throw themselves into volcanoes, causing massive upheaval and widespread disaster.",normal,174889,,,Common,,Sorcery
Where Ancients Tread,{4}{R},5,R,Zoltan Boros & Gabor Szikszai,122,Enchantment,"Whenever a creature with power 5 or greater enters the battlefield under your control, you may have Where Ancients Tread deal 5 damage to target creature or player.","ALA,C13","""Never subtle nor cryptic is the reckoning of the mighty.""\n—Mayael the Anima",normal,175115,,,Rare,,Enchantment
Algae Gharial,{3}{G},4,G,Michael Ryan,123,Creature — Crocodile,"Shroud (This creature can't be the target of spells or abilities.)\nWhenever another creature dies, you may put a +1/+1 counter on Algae Gharial.","ALA,MM2","It lurks just under the surface, using the algae-choked tar pits of Jund as both home and hunting blind.",normal,174986,1,1,Uncommon,Crocodile,Creature
Behemoth's Herald,{G},1,G,Paolo Parente,124,Creature — Elf Shaman,"{2}{G}, {T}, Sacrifice a red creature, a green creature, and a white creature: Search your library for a card named Godsire and put it onto the battlefield. Then shuffle your library.",ALA,"""Mine is an insatiable god, with appetites as magnificent as the jungle itself.""",normal,175263,1,1,Uncommon,"Elf,Shaman",Creature
Cavern Thoctar,{5}{G},6,"G,R",Jean-Sébastien Rossbach,125,Creature — Beast,{1}{R}: Cavern Thoctar gets +1/+0 until end of turn.,ALA,Natives of Naya know better than to loiter near the mouth of a cave. Two glowing red eyes and the stench of foul breath are all the warning you're likely to get.,normal,174994,5,5,Common,Beast,Creature
Court Archers,{2}{G},3,G,Randy Gallegos,126,Creature — Human Archer,"Reach (This creature can block creatures with flying.)\nExalted (Whenever a creature you control attacks alone, that creature gets +1/+1 until end of turn.)",ALA,The Sun-Dappled Court of Valeron stands secure behind a wall of steel-tipped arrows.,normal,174960,1,3,Common,"Human,Archer",Creature
Cylian Elf,{1}{G},2,G,Steve Prescott,127,Creature — Elf Scout,,ALA,"From her sunsail tent high above the forest floor, an elf harkener can hear the footfalls of a single creature through the cacophony of Naya's jungle sounds.",normal,174935,2,2,Common,"Elf,Scout",Creature
Druid of the Anima,{1}{G},2,"G,R,W",Jim Murray,128,Creature — Elf Druid,"{T}: Add {R}, {G}, or {W} to your mana pool.",ALA,"Although the Anima herself remains at the Sacellum, her druids roam Naya, collecting mana bonds with every location in the world.",normal,174903,1,1,Common,"Elf,Druid",Creature
Drumhunter,{3}{G},4,G,Jim Murray,129,Creature — Human Druid Warrior,"At the beginning of your end step, if you control a creature with power 5 or greater, you may draw a card.\n{T}: Add {C} to your mana pool.","ALA,C13","""I feel the vine-rhythm as my friends drive the beast to me. I will not miss my mark.""",normal,174943,2,2,Uncommon,"Human,Druid,Warrior",Creature
Elvish Visionary,{1}{G},2,G,D. Alexander Gregory,130,Creature — Elf Shaman,"When Elvish Visionary enters the battlefield, draw a card.","pFNM,ALA,M10,DPA,M13,C14,ORI,C15","Before any major undertaking, a Cylian elf seeks the guidance of a visionary to learn the will of the gargantuan ancients.",normal,175124,1,1,Common,"Elf,Shaman",Creature
Feral Hydra,{X}{G},1,G,Steve Prescott,131,Creature — Hydra Beast,Feral Hydra enters the battlefield with X +1/+1 counters on it.\n{3}: Put a +1/+1 counter on Feral Hydra. Any player may activate this ability.,"ALA,ARC",It shreds its prey as each head fights for the choicest bits.,normal,174973,0,0,Rare,"Hydra,Beast",Creature
Gift of the Gargantuan,{2}{G},3,G,Jean-Sébastien Rossbach,132,Sorcery,Look at the top four cards of your library. You may reveal a creature card and/or a land card from among them and put the revealed cards into your hand. Put the rest on the bottom of your library in any order.,ALA,,normal,175036,,,Common,,Sorcery
Godtoucher,{3}{G},4,"G,W",Jesper Ejsing,133,Creature — Elf Cleric,"{1}{W}, {T}: Prevent all damage that would be dealt to target creature with power 5 or greater this turn.",ALA,"""Gargantuans die not in moments but in moons. There is still time to aid this noble ancient.""",normal,174822,2,2,Common,"Elf,Cleric",Creature
Jungle Weaver,{5}{G}{G},7,G,Trevor Hairsine,134,Creature — Spider,"Reach (This creature can block creatures with flying.)\nCycling {2} ({2}, Discard this card: Draw a card.)",ALA,Weavers' webs wall off swaths of territory more effectively than any portcullis made of iron.,normal,175262,5,6,Common,Spider,Creature
Keeper of Progenitus,{3}{G},4,G,Kev Walker,135,Creature — Elf Druid,"Whenever a player taps a Mountain, Forest, or Plains for mana, that player adds one mana to his or her mana pool of any type that land produced.",ALA,"He watches over the valley where Progenitus sleeps, culling signs from its steaming breaths.",normal,175033,1,3,Rare,"Elf,Druid",Creature
Lush Growth,{G},1,G,Jesper Ejsing,136,Enchantment — Aura,"Enchant land\nEnchanted land is a Mountain, Forest, and Plains.",ALA,"Naya's bounty spills over upon itself. Each leaf and flower struggles against the next with thrashing thorns, acidic pollen, and strangling roots.",normal,176441,,,Common,Aura,Enchantment
Mighty Emergence,{2}{G},3,G,Steve Prescott,137,Enchantment,"Whenever a creature with power 5 or greater enters the battlefield under your control, you may put two +1/+1 counters on it.",ALA,Why settle for mere enormity?,normal,178097,,,Uncommon,,Enchantment
Manaplasm,{2}{G},3,G,Daarken,138,Creature — Ooze,"Whenever you cast a spell, Manaplasm gets +X/+X until end of turn, where X is that spell's converted mana cost.",ALA,Urak froze when he heard it. That was his first mistake. He turned and cast a dramatic ward spell. That was his last.,normal,175006,1,1,Rare,Ooze,Creature
Mosstodon,{4}{G},5,G,Paolo Parente,139,Creature — Plant Elephant,{1}: Target creature with power 5 or greater gains trample until end of turn.,ALA,Whether gargantuans are the manifested will of Progenitus or simply the result of overabundant resources is moot when a herd of them is thundering at you.,normal,174787,5,3,Common,"Plant,Elephant",Creature
Mycoloth,{3}{G}{G},5,G,Raymond Swanland,140,Creature — Fungus,"Devour 2 (As this enters the battlefield, you may sacrifice any number of creatures. This creature enters the battlefield with twice that many +1/+1 counters on it.)\nAt the beginning of your upkeep, put a 1/1 green Saproling creature token onto the battlefield for each +1/+1 counter on Mycoloth.","ALA,PC2,C15",,normal,174975,4,4,Rare,Fungus,Creature
Naturalize,{1}{G},2,G,Trevor Hairsine,141,Instant,Destroy target artifact or enchantment.,"ONS,8ED,9ED,10E,ALA,M10,ROE,DPA,M11,M12,ISD,M13,GTC,M14,M15,KTK,DTK",The idols of old are rich in minerals and magic. They are torn apart when nature aims to eat well.,normal,174890,,,Common,,Instant
Naya Battlemage,{2}{G},3,"G,R,W",Steve Argyle,142,Creature — Human Shaman,"{R}, {T}: Target creature gets +2/+0 until end of turn.\n{W}, {T}: Tap target creature.",ALA,"""I have trained in all three schools of magic.""",normal,174944,2,2,Uncommon,"Human,Shaman",Creature
Ooze Garden,{1}{G},2,G,Anthony S. Waters,143,Enchantment,"{1}{G}, Sacrifice a non-Ooze creature: Put an X/X green Ooze creature token onto the battlefield, where X is the sacrificed creature's power. Activate this ability only any time you could cast a sorcery.",ALA,"Jund has little necromancy. Instead, the flesh of its dead gives rise to algal fiends.",normal,174886,,,Rare,,Enchantment
Resounding Roar,{1}{G},2,"G,R,W",Steve Prescott,144,Instant,"Target creature gets +3/+3 until end of turn.\nCycling {5}{R}{G}{W} ({5}{R}{G}{W}, Discard this card: Draw a card.)\nWhen you cycle Resounding Roar, target creature gets +6/+6 until end of turn.",ALA,,normal,174901,,,Common,,Instant
Rhox Charger,{3}{G},4,G,Chris Rahn,145,Creature — Rhino Soldier,"Trample\nExalted (Whenever a creature you control attacks alone, that creature gets +1/+1 until end of turn.)",ALA,"""Momentum is a great ally.""",normal,174959,3,3,Uncommon,"Rhino,Soldier",Creature
Sacellum Godspeaker,{2}{G},3,G,Wayne Reynolds,146,Creature — Elf Druid,{T}: Reveal any number of creature cards with power 5 or greater from your hand. Add {G} to your mana pool for each card revealed this way.,ALA,"Her connection to the gargantuans puts her in line to become Anima, a sacred but daunting duty.",normal,174828,2,2,Rare,"Elf,Druid",Creature
Savage Hunger,{2}{G},3,G,Trevor Claxton,147,Enchantment — Aura,"Enchant creature\nEnchanted creature gets +1/+0 and has trample.\nCycling {2} ({2}, Discard this card: Draw a card.)",ALA,,normal,174941,,,Common,Aura,Enchantment
Skullmulcher,{4}{G},5,G,Michael Ryan,148,Creature — Elemental,"Devour 1 (As this enters the battlefield, you may sacrifice any number of creatures. This creature enters the battlefield with that many +1/+1 counters on it.)\nWhen Skullmulcher enters the battlefield, draw a card for each creature it devoured.",ALA,,normal,176436,3,3,Rare,Elemental,Creature
Soul's Might,{4}{G},5,G,Kev Walker,149,Sorcery,"Put X +1/+1 counters on target creature, where X is that creature's power.",ALA,An avatar he sculpts of instinct and force.,normal,174808,,,Common,,Sorcery
Spearbreaker Behemoth,{5}{G}{G},7,G,Christopher Moeller,150,Creature — Beast,Indestructible\n{1}: Target creature with power 5 or greater gains indestructible until end of turn.,ALA,"Few Nayans dare hunt the gargantuans. They're regarded not as animals but as forces of nature, like landslides or typhoons.",normal,174916,5,5,Rare,Beast,Creature
Topan Ascetic,{2}{G},3,G,Sal Villagran,151,Creature — Human Monk,Tap an untapped creature you control: Topan Ascetic gets +1/+1 until end of turn.,ALA,"Monks from Topa wander all of Bant, encouraging the Unbeholden to find their place in society through honorable combat.",normal,174999,2,2,Uncommon,"Human,Monk",Creature
Wild Nacatl,{G},1,G,Wayne Reynolds,152,Creature — Cat Warrior,Wild Nacatl gets +1/+1 as long as you control a Mountain.\nWild Nacatl gets +1/+1 as long as you control a Plains.,"pFNM,ALA,DDH","""The Cloud Nacatl sit and think, a bunch of soft paws. We are the Claws of Marisi, stalking, pouncing, drawing blood.""",normal,174989,1,1,Common,"Cat,Warrior",Creature
Agony Warp,{U}{B},2,"U,B",Dave Allsop,153,Instant,Target creature gets -3/-0 until end of turn.\nTarget creature gets -0/-3 until end of turn.,"ALA,ARC,MM2",Life's circle has become inverted in Grixis. The same energy is endlessly recycled and becomes more stagnant with each pass.,normal,175052,,,Common,,Instant
Ajani Vengeant,{2}{R}{W},4,"W,R",Wayne Reynolds,154,Planeswalker — Ajani,+1: Target permanent doesn't untap during its controller's next untap step.\n−2: Ajani Vengeant deals 3 damage to target creature or player and you gain 3 life.\n−7: Destroy all lands target player controls.,"pPRE,pLPA,ALA,DDH",,normal,174852,,,Mythic Rare,Ajani,Planeswalker
Bant Charm,{G}{W}{U},3,"W,U,G",Randy Gallegos,155,Instant,Choose one —\n• Destroy target artifact.\n• Put target creature on the bottom of its owner's library.\n• Counter target instant spell.,ALA,Bant is a world where death and chaos hold no sway.,normal,137931,,,Uncommon,,Instant
Blightning,{1}{B}{R},3,"B,R",Thomas M. Baxa,156,Sorcery,Blightning deals 3 damage to target player. That player discards two cards.,"pMPR,ALA,DDK","While the smell of burning flesh is common in Grixis, the odor of smoldering brain matter is a rare treat.",normal,174917,,,Common,,Sorcery
Blood Cultist,{1}{B}{R},3,"B,R",Karl Kopinski,157,Creature — Human Wizard,"{T}: Blood Cultist deals 1 damage to target creature.\nWhenever a creature dealt damage by Blood Cultist this turn dies, put a +1/+1 counter on Blood Cultist.",ALA,"""To immortality.""",normal,175100,1,1,Uncommon,"Human,Wizard",Creature
Branching Bolt,{1}{R}{G},3,"R,G",Vance Kovacs,158,Instant,Choose one or both —\n• Branching Bolt deals 3 damage to target creature with flying.\n• Branching Bolt deals 3 damage to target creature without flying.,"ALA,HOP,ARC","""Lightning lives in everything, in living flesh and growing things. It must be set free.""\n—Rakka Mar",normal,177602,,,Common,,Instant
Brilliant Ultimatum,{W}{W}{U}{U}{U}{B}{B},7,"W,U,B",Anthony Francisco,159,Sorcery,Exile the top five cards of your library. An opponent separates those cards into two piles. You may play any number of cards from one of those piles without paying their mana costs.,ALA,Revealing the truth only deepened Tezzeret's curiosity for the secrets still buried.,normal,175143,,,Rare,,Sorcery
Broodmate Dragon,{3}{B}{R}{G},6,"B,R,G",Vance Kovacs,160,Creature — Dragon,"Flying\nWhen Broodmate Dragon enters the battlefield, put a 4/4 red Dragon creature token with flying onto the battlefield.","pMEI,ALA","Frozen in fear, the goblins stared upward at the circling hunter—and were promptly eaten by its diving mate.",normal,178101,4,4,Rare,Dragon,Creature
Bull Cerodon,{4}{R}{W},6,"W,R",Jesper Ejsing,161,Creature — Beast,"Vigilance, haste","ALA,HOP","It holds motionless vigil, watching Naya in silence through the screen of the whitecover. When it senses anything amiss, it launches forward with the uncanny sound of torn fog.",normal,174952,5,5,Uncommon,Beast,Creature
Carrion Thrash,{2}{B}{R}{G},5,"B,R,G",Jaime Jones,162,Creature — Viashino Warrior,"When Carrion Thrash dies, you may pay {2}. If you do, return another target creature card from your graveyard to your hand.",ALA,Viashino hunt in gangs called thrashes. Not all thrashes hunt the freshest game.,normal,176443,4,4,Common,"Viashino,Warrior",Creature
Clarion Ultimatum,{G}{G}{W}{W}{W}{U}{U},7,"W,U,G",Michael Komarck,163,Sorcery,"Choose five permanents you control. For each of those permanents, you may search your library for a card with the same name as that permanent. Put those cards onto the battlefield tapped, then shuffle your library.",ALA,"Be worthy of a single blessing, and many more will follow.",normal,175142,,,Rare,,Sorcery
Cruel Ultimatum,{U}{U}{B}{B}{B}{R}{R},7,"U,B,R",Ralph Horsley,164,Sorcery,"Target opponent sacrifices a creature, discards three cards, then loses 5 life. You return a creature card from your graveyard to your hand, draw three cards, then gain 5 life.","ALA,DDH,V13,C13",There is always a greater power.,normal,175079,,,Rare,,Sorcery
Deft Duelist,{W}{U},2,"W,U",David Palumbo,165,Creature — Human Rogue,First strike\nShroud (This creature can't be the target of spells or abilities.),ALA,"Some Serul Cove rogues traffic in stolen sigils, which fetch a high price from those who would rather pay for honor than earn it.",normal,175121,2,1,Common,"Human,Rogue",Creature
Empyrial Archangel,{4}{G}{W}{W}{U},8,"W,U,G",Greg Staples,166,Creature — Angel,Flying\nShroud (This creature can't be the target of spells or abilities.)\nAll damage that would be dealt to you is dealt to Empyrial Archangel instead.,ALA,"Her wings are the prayers of the devoted; her sword, the despair of the vile.",normal,175104,5,8,Mythic Rare,Angel,Creature
Esper Charm,{W}{U}{B},3,"W,U,B",Michael Bruinsma,167,Instant,Choose one —\n• Destroy target enchantment.\n• Draw two cards.\n• Target player discards two cards.,ALA,"""Thoughts are commodities. Someone will pay a good price for them. Even ones as simplistic as yours . . .""\n—Ennor, mentalist",normal,137913,,,Uncommon,,Instant
Fire-Field Ogre,{1}{U}{B}{R},4,"U,B,R",Mitch Cotie,168,Creature — Ogre Mutant,First strike\nUnearth {U}{B}{R} ({U}{B}{R}: Return this card from your graveyard to the battlefield. It gains haste. Exile it at the beginning of the next end step or if it would leave the battlefield. Unearth only as a sorcery.),"ALA,DDH",,normal,176447,4,2,Uncommon,"Ogre,Mutant",Creature
Goblin Deathraiders,{B}{R},2,"B,R",Raymond Swanland,169,Creature — Goblin Warrior,Trample,"ALA,DDN","Every once in a while, when they aren't getting incinerated in lava, crushed under rock slides, or devoured by dragons, goblins experience moments of unmitigated glory in battle.",normal,177596,3,1,Common,"Goblin,Warrior",Creature
Godsire,{4}{R}{G}{G}{W},8,"W,R,G",Jim Murray,170,Creature — Beast,"Vigilance\n{T}: Put an 8/8 Beast creature token that's red, green, and white onto the battlefield.",ALA,"""Lay sacrifice to the godsire that it may spare us, but save some for his progeny who also will hunger.""\n—Syeena, elvish godtoucher",normal,175105,8,8,Mythic Rare,Beast,Creature
Grixis Charm,{U}{B}{R},3,"U,B,R",Lars Grant-West,171,Instant,Choose one —\n• Return target permanent to its owner's hand.\n• Target creature gets -4/-4 until end of turn.\n• Creatures you control get +2/+0 until end of turn.,"ALA,DDH,C13","""So many choices. Shall I choose loathing, hate, or malice today?""\n—Eliza of the Keep",normal,137927,,,Uncommon,,Instant
Hellkite Overlord,{4}{B}{R}{R}{G},8,"B,R,G",Justin Sweet,172,Creature — Dragon,"Flying, trample, haste\n{R}: Hellkite Overlord gets +1/+0 until end of turn.\n{B}{G}: Regenerate Hellkite Overlord.","DRB,ALA","""The dragon has no pretense of compassion, no false mask of civilization—just hunger, heat, and need.""\n—Sarkhan Vol",normal,175057,8,8,Mythic Rare,Dragon,Creature
Hindering Light,{W}{U},2,"W,U",Chris Rahn,173,Instant,Counter target spell that targets you or a permanent you control.\nDraw a card.,ALA,Centuries of careful practice have elevated the casting of protective spells to an art form. What little offensive magic remains on Bant stands little chance of breaching them.,normal,177598,,,Common,,Instant
Jhessian Infiltrator,{G}{U},2,"U,G",Donato Giancola,174,Creature — Human Rogue,Jhessian Infiltrator can't be blocked.,ALA,The Jhessian navy makes successful raids on Valeron's coastal towns thanks to their spies planted during peacetime.,normal,175392,2,2,Uncommon,"Human,Rogue",Creature
Jund Charm,{B}{R}{G},3,"B,R,G",Brandon Kitkouski,175,Instant,Choose one —\n• Exile all cards from target player's graveyard.\n• Jund Charm deals 2 damage to each creature.\n• Put two +1/+1 counters on target creature.,"ALA,C13","Jund pulses with raw energy, waiting for shamans to shape it into useful form.",normal,137900,,,Uncommon,,Instant
Kederekt Creeper,{U}{B}{R},3,"U,B,R",Mark Hyzer,176,Creature — Horror,Menace (This creature can't be blocked except by two or more creatures.)\nDeathtouch (Any amount of damage this deals to a creature is enough to destroy it.),ALA,"Bloated with venom, it crawls Grixis looking for victims to ooze onto.",normal,179430,2,3,Common,Horror,Creature
Kiss of the Amesha,{4}{W}{U},6,"W,U",Todd Lockwood,177,Sorcery,Target player gains 7 life and draws two cards.,ALA,"Once a year, Akrasa holds a joust that draws knights and their leotaus from every nation on Bant. The prize is an Akrasan sigil, but the true reward is the angel's kiss.",normal,174976,,,Uncommon,,Sorcery
Kresh the Bloodbraided,{2}{B}{R}{G},5,"B,R,G",Raymond Swanland,178,Legendary Creature — Human Warrior,"Whenever another creature dies, you may put X +1/+1 counters on Kresh the Bloodbraided, where X is that creature's power.","ALA,V11",Each of his twenty-two braids is bound with bone and leather from a foe.,normal,174876,3,3,Mythic Rare,"Human,Warrior",Creature
Mayael the Anima,{R}{G}{W},3,"W,R,G",Jason Chan,179,Legendary Creature — Elf Shaman,"{3}{R}{G}{W}, {T}: Look at the top five cards of your library. You may put a creature card with power 5 or greater from among them onto the battlefield. Put the rest on the bottom of your library in any order.","ALA,C13",The sacred Anima's eyes are blind to all but the grandest truths.,normal,175058,2,3,Mythic Rare,"Elf,Shaman",Creature
Naya Charm,{R}{G}{W},3,"W,R,G",Jesper Ejsing,180,Instant,Choose one —\n• Naya Charm deals 3 damage to target creature.\n• Return target card from a graveyard to its owner's hand.\n• Tap all creatures target player controls.,"ALA,DDH,C13",Deep in nature's core lies a potential unsullied by greed or civilization.,normal,137905,,,Uncommon,,Instant
Necrogenesis,{B}{G},2,"B,G",Trevor Claxton,181,Enchantment,{2}: Exile target creature card from a graveyard. Put a 1/1 green Saproling creature token onto the battlefield.,"ALA,CMD,MM2","""Those may be the squirms of one life ending or of another beginning. Either way, I'd leave it alone.""\n—Rakka Mar",normal,175023,,,Uncommon,,Enchantment
Prince of Thralls,{4}{U}{B}{B}{R},8,"U,B,R",Paul Bonner,182,Creature — Demon,"Whenever a permanent an opponent controls is put into a graveyard, put that card onto the battlefield under your control unless that opponent pays 3 life.",ALA,"""There are none alive that I cannot crush. There are none dead that I do not command.""",normal,175106,7,7,Mythic Rare,Demon,Creature
Punish Ignorance,{W}{U}{U}{B},4,"W,U,B",Shelly Wan,183,Instant,Counter target spell. Its controller loses 3 life and you gain 3 life.,ALA,"""Amateurish. Nearsighted. A waste of my time and everyone else's.""\n—Indra, nullmage of Vectis",normal,176450,,,Rare,,Instant
Qasali Ambusher,{1}{G}{W},3,"W,G",Kev Walker,184,Creature — Cat Warrior,"Reach\nIf a creature is attacking you and you control a Forest and a Plains, you may cast Qasali Ambusher without paying its mana cost and as though it had flash.",ALA,The surprise of a battle cry can be as deadly as a blade.,normal,174869,2,3,Uncommon,"Cat,Warrior",Creature
Rafiq of the Many,{1}{G}{W}{U},4,"W,U,G",Michael Komarck,185,Legendary Creature — Human Knight,"Exalted (Whenever a creature you control attacks alone, that creature gets +1/+1 until end of turn.)\nWhenever a creature you control attacks alone, it gains double strike until end of turn.","ALA,V11","Many sigils, one purpose.",normal,174948,3,3,Mythic Rare,"Human,Knight",Creature
Rakeclaw Gargantuan,{2}{R}{G}{W},5,"W,R,G",Jesper Ejsing,186,Creature — Beast,{1}: Target creature with power 5 or greater gains first strike until end of turn.,"ALA,C13","Naya teems with gargantuans, titanic monsters to whom both nature and civilization defer.",normal,175253,5,3,Common,Beast,Creature
Realm Razer,{3}{R}{G}{W},6,"W,R,G",Hideaki Takamura,187,Creature — Beast,"When Realm Razer enters the battlefield, exile all lands.\nWhen Realm Razer leaves the battlefield, return the exiled cards to the battlefield tapped under their owners' control.",ALA,"The behemoth roared, and the world was blasted free of empires and tyrants.",normal,179422,4,2,Rare,Beast,Creature
Rhox War Monk,{G}{W}{U},3,"W,U,G",Dan Dos Santos,188,Creature — Rhino Monk,Lifelink,"pFNM,ALA","Rhox monks are dedicated to spiritual growth and learning, and most bear the sigils of many students. However, they do not gladly suffer fools or those who disagree with their carefully wrought dogma.",normal,174957,3,4,Uncommon,"Rhino,Monk",Creature
Rip-Clan Crasher,{R}{G},2,"R,G",Justin Sweet,189,Creature — Human Warrior,Haste,ALA,"If you breathe, she will fight you. If you breathe fire, she must fight you.",normal,177600,2,2,Common,"Human,Warrior",Creature
Sangrite Surge,{4}{R}{G},6,"R,G",Jarreau Wimberly,190,Sorcery,Target creature gets +3/+3 and gains double strike until end of turn.,ALA,Some believe the spiky crystal called sangrite is concentrated dragon's breath. Others think it's crystallized life energy. The clans care only about the power it unleashes when crushed.,normal,176438,,,Uncommon,,Sorcery
Sarkhan Vol,{2}{R}{G},4,"R,G",Daarken,191,Planeswalker — Sarkhan,+1: Creatures you control get +1/+1 and gain haste until end of turn.\n−2: Gain control of target creature until end of turn. Untap that creature. It gains haste until end of turn.\n−6: Put five 4/4 red Dragon creature tokens with flying onto the battlefield.,"ALA,MMA",,normal,174983,,,Mythic Rare,Sarkhan,Planeswalker
Sedraxis Specter,{U}{B}{R},3,"U,B,R",Cole Eastburn,192,Creature — Specter,"Flying\nWhenever Sedraxis Specter deals combat damage to a player, that player discards a card.\nUnearth {1}{B} ({1}{B}: Return this card from your graveyard to the battlefield. It gains haste. Exile it at the beginning of the next end step or if it would leave the battlefield. Unearth only as a sorcery.)",ALA,,normal,174838,3,2,Rare,Specter,Creature
"Sedris, the Traitor King",{3}{U}{B}{R},6,"U,B,R",Paul Bonner,193,Legendary Creature — Zombie Warrior,Each creature card in your graveyard has unearth {2}{B}. ({2}{B}: Return the card to the battlefield. The creature gains haste. Exile it at the beginning of the next end step or if it would leave the battlefield. Unearth only as a sorcery.),ALA,He bids his minions rise from their graves to their knees.,normal,175111,5,5,Mythic Rare,"Zombie,Warrior",Creature
Sharuum the Hegemon,{3}{W}{U}{B},6,"W,U,B",Izzy,194,Legendary Artifact Creature — Sphinx,"Flying\nWhen Sharuum the Hegemon enters the battlefield, you may return target artifact card from your graveyard to the battlefield.","ALA,V11,C13","To gain audience with the hegemon, one must bring a riddle she has not heard.",normal,175127,5,5,Mythic Rare,Sphinx,"Artifact,Creature"
Sigil Blessing,{G}{W},2,"W,G",Matt Stewart,195,Instant,"Until end of turn, target creature you control gets +3/+3 and other creatures you control get +1/+1.","ALA,DDG,MM2","""For unwavering commitment and unflinching strength, the Order of the White Orchid confers its sigil. Rise, knight-captain, and do your duty.""",normal,177597,,,Common,,Instant
Sphinx Sovereign,{4}{W}{U}{U}{B},8,"W,U,B",Chippy,196,Artifact Creature — Sphinx,"Flying\nAt the beginning of your end step, you gain 3 life if Sphinx Sovereign is untapped. Otherwise, each opponent loses 3 life.",ALA,"""What rises without legs, whispers without a voice, bites without teeth, and dies without having life?""",normal,175107,6,6,Mythic Rare,Sphinx,"Artifact,Creature"
Sprouting Thrinax,{B}{R}{G},3,"B,R,G",Jarreau Wimberly,197,Creature — Lizard,"When Sprouting Thrinax dies, put three 1/1 green Saproling creature tokens onto the battlefield.","pWPN,ALA,C13",The vast network of predation on Jund has actually caused some strange creatures to adapt to being eaten.,normal,174863,3,3,Uncommon,Lizard,Creature
Steward of Valeron,{G}{W},2,"W,G",Greg Staples,198,Creature — Human Druid Knight,Vigilance\n{T}: Add {G} to your mana pool.,"pMEI,ALA,DDG","Knight-stewards guard the Sun-Dappled Court, a grove of immense, sculptured olive trees that represent Valeron's twelve noble families.",normal,175134,2,2,Common,"Human,Druid,Knight",Creature
Stoic Angel,{1}{G}{W}{U},4,"W,U,G",Volkan Baga,199,Creature — Angel,"Flying, vigilance\nPlayers can't untap more than one creature during their untap steps.",ALA,Even the most battle-hardened soldiers pause in her presence for a moment of introspection.,normal,175396,3,4,Rare,Angel,Creature
Swerve,{U}{R},2,"U,R",Karl Kopinski,200,Instant,Change the target of target spell with a single target.,ALA,"""We can't beat the necromancers in numbers or raw power. We must beat them with ingenuity and timing.""\n—Rannon, Vithian holdout",normal,175010,,,Uncommon,,Instant
Thoughtcutter Agent,{U}{B},2,"U,B",Cyril Van Der Haegen,201,Artifact Creature — Human Rogue,"{U}{B}, {T}: Target player loses 1 life and reveals his or her hand.",ALA,Agents of the Architects of Will mark their victims as a reminder that their secrets are secret no longer.,normal,177601,1,1,Uncommon,"Human,Rogue","Artifact,Creature"
Tidehollow Sculler,{W}{B},2,"W,B",rk post,202,Artifact Creature — Zombie,"When Tidehollow Sculler enters the battlefield, target opponent reveals his or her hand and you choose a nonland card from it. Exile that card.\nWhen Tidehollow Sculler leaves the battlefield, return the exiled card to its owner's hand.","pFNM,ALA,MMA,MD1",,normal,175054,2,2,Uncommon,Zombie,"Artifact,Creature"
Tidehollow Strix,{U}{B},2,"U,B",Cyril Van Der Haegen,203,Artifact Creature — Bird,Flying\nDeathtouch (Any amount of damage this deals to a creature is enough to destroy it.),"ALA,C13","The scullers beneath Esper keep strixes as trained pets, and set them loose when a fare refuses to pay.",normal,175015,2,1,Common,Bird,"Artifact,Creature"
Titanic Ultimatum,{R}{R}{G}{G}{G}{W}{W},7,"W,R,G",Steve Prescott,204,Sorcery,"Until end of turn, creatures you control get +5/+5 and gain first strike, lifelink, and trample.","ALA,DDH","""Retribution is best delivered by claws and rage, with both magnified.""\n—Ajani",normal,174839,,,Rare,,Sorcery
Tower Gargoyle,{1}{W}{U}{B},4,"W,U,B",Matt Cavotta,205,Artifact Creature — Gargoyle,Flying,"ALA,C13","""Esper, like any work of art, can be truly appreciated only from a distance.""\n—Tezzeret",normal,174924,4,4,Uncommon,Gargoyle,"Artifact,Creature"
Violent Ultimatum,{B}{B}{R}{R}{R}{G}{G},7,"B,R,G",Raymond Swanland,206,Sorcery,Destroy three target permanents.,ALA,"""Words are a waste of time. Destruction is a language everyone understands.""\n—Sarkhan Vol",normal,175135,,,Rare,,Sorcery
Waveskimmer Aven,{2}{G}{W}{U},5,"W,U,G",Mark Zug,207,Creature — Bird Soldier,"Flying\nExalted (Whenever a creature you control attacks alone, that creature gets +1/+1 until end of turn.)",ALA,The greatest gift you can give a sea aven is solitude.,normal,174955,2,4,Common,"Bird,Soldier",Creature
Windwright Mage,{W}{U}{B},3,"W,U,B",Chippy,208,Artifact Creature — Human Wizard,Lifelink (Damage dealt by this creature also causes you to gain that much life.)\nWindwright Mage has flying as long as an artifact card is in your graveyard.,ALA,She knows the names and secrets of each of Esper's twenty-three winds.,normal,175014,2,2,Common,"Human,Wizard","Artifact,Creature"
Woolly Thoctar,{R}{G}{W},3,"W,R,G",Wayne Reynolds,209,Creature — Beast,,"pWPN,ALA,DDH","One of the most ferocious and deadly gargantuans, the thoctar never sees its worshippers, but it often awakens surrounded by gifts and sacrifices.",normal,175062,5,4,Uncommon,Beast,Creature
Lich's Mirror,{5},5,,Ash Wood,210,Artifact,"If you would lose the game, instead shuffle your hand, your graveyard, and all permanents you own into your library, then draw seven cards and your life total becomes 20.",ALA,It shows not what you are but what you were.,normal,174818,,,Mythic Rare,,Artifact
Minion Reflector,{5},5,,Mark Tedin,211,Artifact,"Whenever a nontoken creature enters the battlefield under your control, you may pay {2}. If you do, put a token that's a copy of that creature onto the battlefield. That token has haste and ""At the beginning of the end step, sacrifice this permanent.""",ALA,To crack a mirror is to provide an opening for the reflection to escape.,normal,174796,,,Rare,,Artifact
Obelisk of Bant,{3},3,"G,W,U",David Palumbo,212,Artifact,"{T}: Add {G}, {W}, or {U} to your mana pool.",ALA,"Whether incorporated into the structure of castles or admired as lone symbols, the obelisks stand for Bant's values of loyalty, honor, and truth.",normal,175102,,,Common,,Artifact
Obelisk of Esper,{3},3,"W,U,B",Francis Tsai,213,Artifact,"{T}: Add {W}, {U}, or {B} to your mana pool.","ALA,ARC,C13","It is a monument as austere, unyielding, and inscrutable as Esper itself.",normal,174906,,,Common,,Artifact
Obelisk of Grixis,{3},3,"U,B,R",Nils Hamm,214,Artifact,"{T}: Add {U}, {B}, or {R} to your mana pool.","ALA,DDH,C13","Like most features of Grixis, the obelisks that remain from the time of Alara now exist only for dark exploitation.",normal,174887,,,Common,,Artifact
Obelisk of Jund,{3},3,"B,R,G",Brandon Kitkouski,215,Artifact,"{T}: Add {B}, {R}, or {G} to your mana pool.","ALA,C13","Volcanic ash-winds batter it, climbing vines overwhelm it, dragonfire roasts it, and yet it still stands as a testament to a forgotten world.",normal,174892,,,Common,,Artifact
Obelisk of Naya,{3},3,"R,G,W",Steve Prescott,216,Artifact,"{T}: Add {R}, {G}, or {W} to your mana pool.",ALA,"Centuries have passed since the plane shattered, yet the obelisks of each shard faithfully serve their long-forgotten purpose.",normal,175061,,,Common,,Artifact
Quietus Spike,{3},3,,Mark Brill,217,Artifact — Equipment,"Equipped creature has deathtouch.\nWhenever equipped creature deals combat damage to a player, that player loses half his or her life, rounded up.\nEquip {3}","ALA,PC2",,normal,185774,,,Rare,Equipment,Artifact
Relic of Progenitus,{1},1,,Jean-Sébastien Rossbach,218,Artifact,"{T}: Target player exiles a card from his or her graveyard.\n{1}, Exile Relic of Progenitus: Exile all cards from all graveyards. Draw a card.","ALA,HOP,MMA,MD1,EMA","Elves believe the hydra-god Progenitus sleeps beneath Naya, feeding on forgotten magics.",normal,174824,,,Common,,Artifact
Sigil of Distinction,{X},,,Alan Pollack,219,Artifact — Equipment,Sigil of Distinction enters the battlefield with X charge counters on it.\nEquipped creature gets +1/+1 for each charge counter on Sigil of Distinction.\nEquip—Remove a charge counter from Sigil of Distinction.,ALA,,normal,174867,,,Rare,Equipment,Artifact
Arcane Sanctum,,,"W,U,B",Anthony Francisco,220,Land,"Arcane Sanctum enters the battlefield tapped.\n{T}: Add {W}, {U}, or {B} to your mana pool.","ALA,C13","""We must rely on our own knowledge, not on the dogma of the seekers or the mutterings of the sphinxes.""\n—Tullus of Palandius",normal,175128,,,Uncommon,,Land
Bant Panorama,,,,Donato Giancola,221,Land,"{T}: Add {C} to your mana pool.\n{1}, {T}, Sacrifice Bant Panorama: Search your library for a basic Forest, Plains, or Island card and put it onto the battlefield tapped. Then shuffle your library.","ALA,C13",Bant's hearts are as pure as its air and as bright as its skies.,normal,174842,,,Common,,Land
Crumbling Necropolis,,,"U,B,R",Dave Kendall,222,Land,"Crumbling Necropolis enters the battlefield tapped.\n{T}: Add {U}, {B}, or {R} to your mana pool.","ALA,DDH,C13","""They say the ruins of Sedraxis were once a shining capital in Vithia. Now it is a blight, a place to be avoided by the living.""\n—Olcot, Rider of Joffik",normal,175112,,,Uncommon,,Land
Esper Panorama,,,,Franz Vohwinkel,223,Land,"{T}: Add {C} to your mana pool.\n{1}, {T}, Sacrifice Esper Panorama: Search your library for a basic Plains, Island, or Swamp card and put it onto the battlefield tapped. Then shuffle your library.","ALA,C13","Esper is an expansive canvas painted by precise, controlling hands.",normal,179431,,,Common,,Land
Grixis Panorama,,,,Nils Hamm,224,Land,"{T}: Add {C} to your mana pool.\n{1}, {T}, Sacrifice Grixis Panorama: Search your library for a basic Island, Swamp, or Mountain card and put it onto the battlefield tapped. Then shuffle your library.","ALA,C13",There is no height above Grixis that is free from the stench of death.,normal,179433,,,Common,,Land
Jund Panorama,,,,Jaime Jones,225,Land,"{T}: Add {C} to your mana pool.\n{1}, {T}, Sacrifice Jund Panorama: Search your library for a basic Swamp, Mountain, or Forest card and put it onto the battlefield tapped. Then shuffle your library.","ALA,C13","The sky is the dragon's throne, the seat from which it issues its fiery decrees.",normal,179425,,,Common,,Land
Jungle Shrine,,,"R,G,W",Wayne Reynolds,226,Land,"Jungle Shrine enters the battlefield tapped.\n{T}: Add {R}, {G}, or {W} to your mana pool.","ALA,DDH,C13","On Naya, ambition and treachery are scarce, hunted nearly to extinction by the awe owed to terrestrial gods.",normal,175060,,,Uncommon,,Land
Naya Panorama,,,,Hideaki Takamura,227,Land,"{T}: Add {C} to your mana pool.\n{1}, {T}, Sacrifice Naya Panorama: Search your library for a basic Mountain, Forest, or Plains card and put it onto the battlefield tapped. Then shuffle your library.","ALA,C13",Between the thunderous footfalls of Naya's behemoths lie moments of perfect quiet.,normal,179423,,,Common,,Land
Savage Lands,,,"B,R,G",Vance Kovacs,228,Land,"Savage Lands enters the battlefield tapped.\n{T}: Add {B}, {R}, or {G} to your mana pool.","pFNM,ALA,C13","Jund is a world as cruel as those who call it home. Their brutal struggles scar the land even as it carves them in its image, a vicious circle spiraling out of control.",normal,174877,,,Uncommon,,Land
Seaside Citadel,,,"G,W,U",Volkan Baga,229,Land,"Seaside Citadel enters the battlefield tapped.\n{T}: Add {G}, {W}, or {U} to your mana pool.","ALA,C13","For wisdom's sake, it was built high to gaze on all things. For glory's sake, it was built high as a testament of power. For strength's sake, it was built high to repel all attacks.",normal,174950,,,Uncommon,,Land
Plains,,,W,Zoltan Boros & Gabor Szikszai,230,Basic Land — Plains,,"LEA,LEB,2ED,CED,CEI,3ED,4ED,ICE,RQS,pARL,MIR,ITP,5ED,POR,pPRE,TMP,pJGP,PO2,UGL,pALP,USG,ATH,6ED,PTK,S99,pGRU,MMQ,BRB,pELP,S00,INV,7ED,ODY,ONS,8ED,MRD,CHK,UNH,9ED,RAV,CST,TSP,10E,MED,LRW,SHM,ALA,DDC,M10,HOP,ME3,ZEN,H09,DDE,ROE,ARC,M11,DDF,SOM,MBS,DDG,NPH,CMD,M12,DDH,ISD,DDI,AVR,PC2,M13,RTR,DDK,M14,DDL,THS,C13,MD1,M15,DDN,KTK,C14,DD3_DVD,FRF,DDO,DTK,TPR,ORI,DDP,BFZ,C15,DDQ,SOI",,normal,175029,,,Basic Land,Plains,Land
Plains,,,W,Michael Komarck,231,Basic Land — Plains,,"LEA,LEB,2ED,CED,CEI,3ED,4ED,ICE,RQS,pARL,MIR,ITP,5ED,POR,pPRE,TMP,pJGP,PO2,UGL,pALP,USG,ATH,6ED,PTK,S99,pGRU,MMQ,BRB,pELP,S00,INV,7ED,ODY,ONS,8ED,MRD,CHK,UNH,9ED,RAV,CST,TSP,10E,MED,LRW,SHM,ALA,DDC,M10,HOP,ME3,ZEN,H09,DDE,ROE,ARC,M11,DDF,SOM,MBS,DDG,NPH,CMD,M12,DDH,ISD,DDI,AVR,PC2,M13,RTR,DDK,M14,DDL,THS,C13,MD1,M15,DDN,KTK,C14,DD3_DVD,FRF,DDO,DTK,TPR,ORI,DDP,BFZ,C15,DDQ,SOI",,normal,175030,,,Basic Land,Plains,Land
Plains,,,W,Michael Komarck,232,Basic Land — Plains,,"LEA,LEB,2ED,CED,CEI,3ED,4ED,ICE,RQS,pARL,MIR,ITP,5ED,POR,pPRE,TMP,pJGP,PO2,UGL,pALP,USG,ATH,6ED,PTK,S99,pGRU,MMQ,BRB,pELP,S00,INV,7ED,ODY,ONS,8ED,MRD,CHK,UNH,9ED,RAV,CST,TSP,10E,MED,LRW,SHM,ALA,DDC,M10,HOP,ME3,ZEN,H09,DDE,ROE,ARC,M11,DDF,SOM,MBS,DDG,NPH,CMD,M12,DDH,ISD,DDI,AVR,PC2,M13,RTR,DDK,M14,DDL,THS,C13,MD1,M15,DDN,KTK,C14,DD3_DVD,FRF,DDO,DTK,TPR,ORI,DDP,BFZ,C15,DDQ,SOI",,normal,175031,,,Basic Land,Plains,Land
Plains,,,W,Chippy,233,Basic Land — Plains,,"LEA,LEB,2ED,CED,CEI,3ED,4ED,ICE,RQS,pARL,MIR,ITP,5ED,POR,pPRE,TMP,pJGP,PO2,UGL,pALP,USG,ATH,6ED,PTK,S99,pGRU,MMQ,BRB,pELP,S00,INV,7ED,ODY,ONS,8ED,MRD,CHK,UNH,9ED,RAV,CST,TSP,10E,MED,LRW,SHM,ALA,DDC,M10,HOP,ME3,ZEN,H09,DDE,ROE,ARC,M11,DDF,SOM,MBS,DDG,NPH,CMD,M12,DDH,ISD,DDI,AVR,PC2,M13,RTR,DDK,M14,DDL,THS,C13,MD1,M15,DDN,KTK,C14,DD3_DVD,FRF,DDO,DTK,TPR,ORI,DDP,BFZ,C15,DDQ,SOI",,normal,175032,,,Basic Land,Plains,Land
Island,,,U,Michael Komarck,234,Basic Land — Island,,"LEA,LEB,2ED,CED,CEI,3ED,4ED,ICE,RQS,pARL,MIR,ITP,5ED,POR,TMP,pJGP,PO2,UGL,pALP,USG,6ED,PTK,S99,pGRU,MMQ,BRB,pELP,S00,BTD,INV,7ED,ODY,ONS,8ED,MRD,CHK,UNH,9ED,RAV,CST,TSP,10E,MED,LRW,SHM,ALA,DD2,M10,HOP,ME3,ZEN,H09,DDE,ROE,DPA,ARC,M11,DDF,SOM,MBS,NPH,CMD,M12,DDH,ISD,DDI,AVR,PC2,M13,DDJ,RTR,M14,THS,C13,DDM,M15,DDN,KTK,C14,DD3_JVC,FRF,DDO,DTK,TPR,ORI,BFZ,C15,DDQ,SOI",,normal,174977,,,Basic Land,Island,Land
Island,,,U,Chippy,235,Basic Land — Island,,"LEA,LEB,2ED,CED,CEI,3ED,4ED,ICE,RQS,pARL,MIR,ITP,5ED,POR,TMP,pJGP,PO2,UGL,pALP,USG,6ED,PTK,S99,pGRU,MMQ,BRB,pELP,S00,BTD,INV,7ED,ODY,ONS,8ED,MRD,CHK,UNH,9ED,RAV,CST,TSP,10E,MED,LRW,SHM,ALA,DD2,M10,HOP,ME3,ZEN,H09,DDE,ROE,DPA,ARC,M11,DDF,SOM,MBS,NPH,CMD,M12,DDH,ISD,DDI,AVR,PC2,M13,DDJ,RTR,M14,THS,C13,DDM,M15,DDN,KTK,C14,DD3_JVC,FRF,DDO,DTK,TPR,ORI,BFZ,C15,DDQ,SOI",,normal,174978,,,Basic Land,Island,Land
Island,,,U,Chippy,236,Basic Land — Island,,"LEA,LEB,2ED,CED,CEI,3ED,4ED,ICE,RQS,pARL,MIR,ITP,5ED,POR,TMP,pJGP,PO2,UGL,pALP,USG,6ED,PTK,S99,pGRU,MMQ,BRB,pELP,S00,BTD,INV,7ED,ODY,ONS,8ED,MRD,CHK,UNH,9ED,RAV,CST,TSP,10E,MED,LRW,SHM,ALA,DD2,M10,HOP,ME3,ZEN,H09,DDE,ROE,DPA,ARC,M11,DDF,SOM,MBS,NPH,CMD,M12,DDH,ISD,DDI,AVR,PC2,M13,DDJ,RTR,M14,THS,C13,DDM,M15,DDN,KTK,C14,DD3_JVC,FRF,DDO,DTK,TPR,ORI,BFZ,C15,DDQ,SOI",,normal,174980,,,Basic Land,Island,Land
Island,,,U,Mark Tedin,237,Basic Land — Island,,"LEA,LEB,2ED,CED,CEI,3ED,4ED,ICE,RQS,pARL,MIR,ITP,5ED,POR,TMP,pJGP,PO2,UGL,pALP,USG,6ED,PTK,S99,pGRU,MMQ,BRB,pELP,S00,BTD,INV,7ED,ODY,ONS,8ED,MRD,CHK,UNH,9ED,RAV,CST,TSP,10E,MED,LRW,SHM,ALA,DD2,M10,HOP,ME3,ZEN,H09,DDE,ROE,DPA,ARC,M11,DDF,SOM,MBS,NPH,CMD,M12,DDH,ISD,DDI,AVR,PC2,M13,DDJ,RTR,M14,THS,C13,DDM,M15,DDN,KTK,C14,DD3_JVC,FRF,DDO,DTK,TPR,ORI,BFZ,C15,DDQ,SOI",,normal,174979,,,Basic Land,Island,Land
Swamp,,,B,Chippy,238,Basic Land — Swamp,,"LEA,LEB,2ED,CED,CEI,3ED,4ED,ICE,RQS,pARL,MIR,ITP,5ED,POR,TMP,pJGP,PO2,UGL,pALP,USG,ATH,6ED,PTK,S99,pGRU,MMQ,BRB,pELP,S00,BTD,INV,7ED,ODY,DKM,ONS,8ED,MRD,CHK,UNH,9ED,RAV,CST,TSP,10E,MED,LRW,SHM,ALA,DDC,M10,HOP,ME3,ZEN,DDD,H09,DDE,ROE,DPA,ARC,M11,SOM,MBS,NPH,CMD,M12,DDH,ISD,PD3,AVR,PC2,M13,DDJ,RTR,DDK,M14,THS,C13,DDM,MD1,M15,DDN,KTK,C14,DD3_DVD,DD3_GVL,FRF,DTK,TPR,ORI,DDP,BFZ,C15,DDQ,SOI",,normal,175090,,,Basic Land,Swamp,Land
Swamp,,,B,Mark Tedin,239,Basic Land — Swamp,,"LEA,LEB,2ED,CED,CEI,3ED,4ED,ICE,RQS,pARL,MIR,ITP,5ED,POR,TMP,pJGP,PO2,UGL,pALP,USG,ATH,6ED,PTK,S99,pGRU,MMQ,BRB,pELP,S00,BTD,INV,7ED,ODY,DKM,ONS,8ED,MRD,CHK,UNH,9ED,RAV,CST,TSP,10E,MED,LRW,SHM,ALA,DDC,M10,HOP,ME3,ZEN,DDD,H09,DDE,ROE,DPA,ARC,M11,SOM,MBS,NPH,CMD,M12,DDH,ISD,PD3,AVR,PC2,M13,DDJ,RTR,DDK,M14,THS,C13,DDM,MD1,M15,DDN,KTK,C14,DD3_DVD,DD3_GVL,FRF,DTK,TPR,ORI,DDP,BFZ,C15,DDQ,SOI",,normal,175089,,,Basic Land,Swamp,Land
Swamp,,,B,Mark Tedin,240,Basic Land — Swamp,,"LEA,LEB,2ED,CED,CEI,3ED,4ED,ICE,RQS,pARL,MIR,ITP,5ED,POR,TMP,pJGP,PO2,UGL,pALP,USG,ATH,6ED,PTK,S99,pGRU,MMQ,BRB,pELP,S00,BTD,INV,7ED,ODY,DKM,ONS,8ED,MRD,CHK,UNH,9ED,RAV,CST,TSP,10E,MED,LRW,SHM,ALA,DDC,M10,HOP,ME3,ZEN,DDD,H09,DDE,ROE,DPA,ARC,M11,SOM,MBS,NPH,CMD,M12,DDH,ISD,PD3,AVR,PC2,M13,DDJ,RTR,DDK,M14,THS,C13,DDM,MD1,M15,DDN,KTK,C14,DD3_DVD,DD3_GVL,FRF,DTK,TPR,ORI,DDP,BFZ,C15,DDQ,SOI",,normal,175088,,,Basic Land,Swamp,Land
Swamp,,,B,Aleksi Briclot,241,Basic Land — Swamp,,"LEA,LEB,2ED,CED,CEI,3ED,4ED,ICE,RQS,pARL,MIR,ITP,5ED,POR,TMP,pJGP,PO2,UGL,pALP,USG,ATH,6ED,PTK,S99,pGRU,MMQ,BRB,pELP,S00,BTD,INV,7ED,ODY,DKM,ONS,8ED,MRD,CHK,UNH,9ED,RAV,CST,TSP,10E,MED,LRW,SHM,ALA,DDC,M10,HOP,ME3,ZEN,DDD,H09,DDE,ROE,DPA,ARC,M11,SOM,MBS,NPH,CMD,M12,DDH,ISD,PD3,AVR,PC2,M13,DDJ,RTR,DDK,M14,THS,C13,DDM,MD1,M15,DDN,KTK,C14,DD3_DVD,DD3_GVL,FRF,DTK,TPR,ORI,DDP,BFZ,C15,DDQ,SOI",,normal,175091,,,Basic Land,Swamp,Land
Mountain,,,R,Mark Tedin,242,Basic Land — Mountain,,"LEA,LEB,2ED,ARN,CED,CEI,3ED,4ED,ICE,RQS,pARL,MIR,ITP,5ED,POR,TMP,pJGP,PO2,UGL,pALP,USG,ATH,6ED,PTK,S99,pGRU,MMQ,BRB,pELP,S00,BTD,INV,7ED,ODY,DKM,ONS,8ED,MRD,CHK,UNH,9ED,RAV,CST,TSP,10E,MED,LRW,EVG,SHM,ALA,DD2,M10,HOP,ME3,ZEN,H09,DDE,ROE,DPA,ARC,M11,SOM,PD2,MBS,DDG,NPH,CMD,M12,DDH,ISD,DDI,AVR,PC2,M13,DDJ,RTR,DDK,M14,DDL,THS,C13,M15,DDN,KTK,C14,DD3_EVG,DD3_JVC,FRF,DTK,TPR,ORI,DDP,BFZ,C15,SOI",,normal,175019,,,Basic Land,Mountain,Land
Mountain,,,R,Aleksi Briclot,243,Basic Land — Mountain,,"LEA,LEB,2ED,ARN,CED,CEI,3ED,4ED,ICE,RQS,pARL,MIR,ITP,5ED,POR,TMP,pJGP,PO2,UGL,pALP,USG,ATH,6ED,PTK,S99,pGRU,MMQ,BRB,pELP,S00,BTD,INV,7ED,ODY,DKM,ONS,8ED,MRD,CHK,UNH,9ED,RAV,CST,TSP,10E,MED,LRW,EVG,SHM,ALA,DD2,M10,HOP,ME3,ZEN,H09,DDE,ROE,DPA,ARC,M11,SOM,PD2,MBS,DDG,NPH,CMD,M12,DDH,ISD,DDI,AVR,PC2,M13,DDJ,RTR,DDK,M14,DDL,THS,C13,M15,DDN,KTK,C14,DD3_EVG,DD3_JVC,FRF,DTK,TPR,ORI,DDP,BFZ,C15,SOI",,normal,175018,,,Basic Land,Mountain,Land
Mountain,,,R,Aleksi Briclot,244,Basic Land — Mountain,,"LEA,LEB,2ED,ARN,CED,CEI,3ED,4ED,ICE,RQS,pARL,MIR,ITP,5ED,POR,TMP,pJGP,PO2,UGL,pALP,USG,ATH,6ED,PTK,S99,pGRU,MMQ,BRB,pELP,S00,BTD,INV,7ED,ODY,DKM,ONS,8ED,MRD,CHK,UNH,9ED,RAV,CST,TSP,10E,MED,LRW,EVG,SHM,ALA,DD2,M10,HOP,ME3,ZEN,H09,DDE,ROE,DPA,ARC,M11,SOM,PD2,MBS,DDG,NPH,CMD,M12,DDH,ISD,DDI,AVR,PC2,M13,DDJ,RTR,DDK,M14,DDL,THS,C13,M15,DDN,KTK,C14,DD3_EVG,DD3_JVC,FRF,DTK,TPR,ORI,DDP,BFZ,C15,SOI",,normal,175017,,,Basic Land,Mountain,Land
Mountain,,,R,Zoltan Boros & Gabor Szikszai,245,Basic Land — Mountain,,"LEA,LEB,2ED,ARN,CED,CEI,3ED,4ED,ICE,RQS,pARL,MIR,ITP,5ED,POR,TMP,pJGP,PO2,UGL,pALP,USG,ATH,6ED,PTK,S99,pGRU,MMQ,BRB,pELP,S00,BTD,INV,7ED,ODY,DKM,ONS,8ED,MRD,CHK,UNH,9ED,RAV,CST,TSP,10E,MED,LRW,EVG,SHM,ALA,DD2,M10,HOP,ME3,ZEN,H09,DDE,ROE,DPA,ARC,M11,SOM,PD2,MBS,DDG,NPH,CMD,M12,DDH,ISD,DDI,AVR,PC2,M13,DDJ,RTR,DDK,M14,DDL,THS,C13,M15,DDN,KTK,C14,DD3_EVG,DD3_JVC,FRF,DTK,TPR,ORI,DDP,BFZ,C15,SOI",,normal,175020,,,Basic Land,Mountain,Land
Forest,,,G,Aleksi Briclot,246,Basic Land — Forest,,"LEA,LEB,2ED,CED,CEI,3ED,4ED,ICE,RQS,pARL,MIR,ITP,5ED,POR,TMP,pJGP,PO2,UGL,pALP,USG,ATH,6ED,PTK,S99,pGRU,MMQ,BRB,pELP,S00,BTD,INV,7ED,ODY,DKM,ONS,8ED,MRD,CHK,UNH,9ED,RAV,CST,TSP,10E,MED,LRW,EVG,SHM,ALA,M10,HOP,ME3,ZEN,DDD,H09,DDE,ROE,DPA,ARC,M11,SOM,MBS,DDG,NPH,CMD,M12,DDH,ISD,AVR,PC2,M13,DDJ,RTR,M14,DDL,THS,C13,DDM,M15,KTK,C14,DD3_EVG,DD3_GVL,FRF,DDO,DTK,TPR,ORI,DDP,BFZ,C15,SOI",,normal,174927,,,Basic Land,Forest,Land
Forest,,,G,Zoltan Boros & Gabor Szikszai,247,Basic Land — Forest,,"LEA,LEB,2ED,CED,CEI,3ED,4ED,ICE,RQS,pARL,MIR,ITP,5ED,POR,TMP,pJGP,PO2,UGL,pALP,USG,ATH,6ED,PTK,S99,pGRU,MMQ,BRB,pELP,S00,BTD,INV,7ED,ODY,DKM,ONS,8ED,MRD,CHK,UNH,9ED,RAV,CST,TSP,10E,MED,LRW,EVG,SHM,ALA,M10,HOP,ME3,ZEN,DDD,H09,DDE,ROE,DPA,ARC,M11,SOM,MBS,DDG,NPH,CMD,M12,DDH,ISD,AVR,PC2,M13,DDJ,RTR,M14,DDL,THS,C13,DDM,M15,KTK,C14,DD3_EVG,DD3_GVL,FRF,DDO,DTK,TPR,ORI,DDP,BFZ,C15,SOI",,normal,174929,,,Basic Land,Forest,Land
Forest,,,G,Zoltan Boros & Gabor Szikszai,248,Basic Land — Forest,,"LEA,LEB,2ED,CED,CEI,3ED,4ED,ICE,RQS,pARL,MIR,ITP,5ED,POR,TMP,pJGP,PO2,UGL,pALP,USG,ATH,6ED,PTK,S99,pGRU,MMQ,BRB,pELP,S00,BTD,INV,7ED,ODY,DKM,ONS,8ED,MRD,CHK,UNH,9ED,RAV,CST,TSP,10E,MED,LRW,EVG,SHM,ALA,M10,HOP,ME3,ZEN,DDD,H09,DDE,ROE,DPA,ARC,M11,SOM,MBS,DDG,NPH,CMD,M12,DDH,ISD,AVR,PC2,M13,DDJ,RTR,M14,DDL,THS,C13,DDM,M15,KTK,C14,DD3_EVG,DD3_GVL,FRF,DDO,DTK,TPR,ORI,DDP,BFZ,C15,SOI",,normal,174928,,,Basic Land,Forest,Land
Forest,,,G,Michael Komarck,249,Basic Land — Forest,,"LEA,LEB,2ED,CED,CEI,3ED,4ED,ICE,RQS,pARL,MIR,ITP,5ED,POR,TMP,pJGP,PO2,UGL,pALP,USG,ATH,6ED,PTK,S99,pGRU,MMQ,BRB,pELP,S00,BTD,INV,7ED,ODY,DKM,ONS,8ED,MRD,CHK,UNH,9ED,RAV,CST,TSP,10E,MED,LRW,EVG,SHM,ALA,M10,HOP,ME3,ZEN,DDD,H09,DDE,ROE,DPA,ARC,M11,SOM,MBS,DDG,NPH,CMD,M12,DDH,ISD,AVR,PC2,M13,DDJ,RTR,M14,DDL,THS,C13,DDM,M15,KTK,C14,DD3_EVG,DD3_GVL,FRF,DDO,DTK,TPR,ORI,DDP,BFZ,C15,SOI",,normal,174930,,,Basic Land,Forest,Land
