name,manaCost,cmc,colorIdentity,artist,number,type,text,printings,flavor,layout,multiverseid,power,toughness,rarity,subtypes,types
Aesthir Glider,{3},3,,Ruth Thompson,,Artifact Creature — Bird,Flying\nAesthir Glider can't block.,"ALL,ATH,ME4","""Sacrilege A noble ally in life, made nothing more than a glorified kite in death""\n—Arna Kennerüd, Skycaptain",normal,3040,2,1,Common,Bird,"Artifact,Creature"
Aesthir Glider,{3},3,,Ruth Thompson,,Artifact Creature — Bird,Flying\nAesthir Glider can't block.,"ALL,ATH,ME4","""A fine example of the rewards of artifice: a thoroughly obedient steed with wings of Soldevi steel.""\n—Arcum Dagsson,\nSoldevi Machinist",normal,3041,2,1,Common,Bird,"Artifact,Creature"
Agent of Stromgald,{R},1,"R,B",Alan Rabinowitz,,Creature — Human Knight,{R}: Add {B} to your mana pool.,ALL,"""The Order of Stromgald spreads its poisonous lies from within Varchild's troops, and still she sees only visions of conquest.""\n—Lovisa Coldeyes, Balduvian Chieftain",normal,3159,1,1,Common,"Human,Knight",Creature
Agent of Stromgald,{R},1,"R,B",Alan Rabinowitz,,Creature — Human Knight,{R}: Add {B} to your mana pool.,ALL,"""The ‘fabled' Order of Stromgald is cast to the four winds, lost for all time. I, for one, give them no thought.""\n—General Varchild",normal,3160,1,1,Common,"Human,Knight",Creature
Arcane Denial,{1}{U},2,U,Richard Kane Ferguson,,Instant,Counter target spell. Its controller may draw up to two cards at the beginning of the next turn's upkeep.\nYou draw a card at the beginning of the next turn's upkeep.,"ALL,MED,C13",,normal,3097,,,Common,,Instant
Arcane Denial,{1}{U},2,U,Richard Kane Ferguson,,Instant,Counter target spell. Its controller may draw up to two cards at the beginning of the next turn's upkeep.\nYou draw a card at the beginning of the next turn's upkeep.,"ALL,MED,C13",,normal,3098,,,Common,,Instant
Ashnod's Cylix,{2},2,,Nicola Leonard,,Artifact,"{3}, {T}: Target player looks at the top three cards of his or her library, puts one of them back on top of his or her library, then exiles the rest.","ALL,ME2",Few remember that Ashnod's defilement of Terisiare's resources outstripped even that of her peers.,normal,3042,,,Rare,,Artifact
Astrolabe,{3},3,,Amy Weber,,Artifact,"{1}, {T}, Sacrifice Astrolabe: Add two mana of any one color to your mana pool. Draw a card at the beginning of the next turn's upkeep.","ALL,ME3",,normal,3043,,,Common,,Artifact
Astrolabe,{3},3,,Amy Weber,,Artifact,"{1}, {T}, Sacrifice Astrolabe: Add two mana of any one color to your mana pool. Draw a card at the beginning of the next turn's upkeep.","ALL,ME3",,normal,3044,,,Common,,Artifact
Awesome Presence,{U},1,U,Lawrence Snelly,,Enchantment — Aura,Enchant creature\nEnchanted creature can't be blocked unless defending player pays {3} for each creature he or she controls that's blocking it.,ALL,"""At the core of all power is raw passion.""Gerda Äagesdotter,\nArchmage of the Unseen",normal,3099,,,Common,Aura,Enchantment
Awesome Presence,{U},1,U,Lawrence Snelly,,Enchantment — Aura,Enchant creature\nEnchanted creature can't be blocked unless defending player pays {3} for each creature he or she controls that's blocking it.,ALL,"""I shape my weapons from the fears of my enemies.""\n—Chaeska, Keeper of Tresserhorn",normal,3100,,,Common,Aura,Enchantment
Balduvian Dead,{3}{B},4,"B,R",Mike Kimble,,Creature — Zombie,"{2}{R}, Exile a creature card from your graveyard: Put a 3/1 black and red Graveborn creature token with haste onto the battlefield. Sacrifice it at the beginning of the next end step.","ALL,CST,ME2",,normal,3066,2,3,Uncommon,Zombie,Creature
Balduvian Horde,{2}{R}{R},4,R,Brian Snõddy,,Creature — Human Barbarian,"When Balduvian Horde enters the battlefield, sacrifice it unless you discard a card at random.","ALL,6ED,pWOR,BTD,DKM,MED","""Peace will come only when we have taken Varchild's head.""\n—Lovisa Coldeyes,\nBalduvian Chieftain",normal,3161,5,5,Rare,"Human,Barbarian",Creature
Balduvian Trading Post,,,R,Tom Wänerstrand,,Land,"If Balduvian Trading Post would enter the battlefield, sacrifice an untapped Mountain instead. If you do, put Balduvian Trading Post onto the battlefield. If you don't, put it into its owner's graveyard.\n{T}: Add {C}{R} to your mana pool.\n{1}, {T}: Balduvian Trading Post deals 1 damage to target attacking creature.","ALL,ME2",,normal,3231,,,Rare,,Land
Balduvian War-Makers,{4}{R},5,R,Mike Kimble,,Creature — Human Barbarian,"Haste\nRampage 1 (Whenever this creature becomes blocked, it gets +1/+1 until end of turn for each creature blocking it beyond the first.)",ALL,"""Those mewling Barbarians will cower before my righteous steel!""\n—General Varchild",normal,3162,3,3,Common,"Human,Barbarian",Creature
Balduvian War-Makers,{4}{R},5,R,Mike Kimble,,Creature — Human Barbarian,"Haste\nRampage 1 (Whenever this creature becomes blocked, it gets +1/+1 until end of turn for each creature blocking it beyond the first.)",ALL,"""We send our best to battle, but every man, woman, and child will stand against Varchild's butchers."" —Lovisa Coldeyes, Balduvian Chieftain",normal,3163,3,3,Common,"Human,Barbarian",Creature
Benthic Explorers,{3}{U},4,U,Greg Simanson,,Creature — Merfolk Scout,"{T}, Untap a tapped land an opponent controls: Add one mana of any type that land could produce to your mana pool.","ALL,ME3",Distant Atlantis charged these Explorers with the task of venturing into unknown waters to track the despised Viscerids.,normal,3101,2,4,Common,"Merfolk,Scout",Creature
Benthic Explorers,{3}{U},4,U,Greg Simanson,,Creature — Merfolk Scout,"{T}, Untap a tapped land an opponent controls: Add one mana of any type that land could produce to your mana pool.","ALL,ME3",The rising oceans brought new lakes—and new terrors—to Terisiare. The Explorers found their ancient enemies spawning everywhere.,normal,3102,2,4,Common,"Merfolk,Scout",Creature
Bestial Fury,{2}{R},3,R,Mike Raabe,,Enchantment — Aura,"Enchant creature\nWhen Bestial Fury enters the battlefield, draw a card at the beginning of the next turn's upkeep.\nWhenever enchanted creature becomes blocked, it gets +4/+0 and gains trample until end of turn.","ALL,MED",,normal,3164,,,Common,Aura,Enchantment
Bestial Fury,{2}{R},3,R,Mike Raabe,,Enchantment — Aura,"Enchant creature\nWhen Bestial Fury enters the battlefield, draw a card at the beginning of the next turn's upkeep.\nWhenever enchanted creature becomes blocked, it gets +4/+0 and gains trample until end of turn.","ALL,MED",,normal,3165,,,Common,Aura,Enchantment
Bounty of the Hunt,{3}{G}{G},5,G,Jeff A. Menges,,Instant,"You may exile a green card from your hand rather than pay Bounty of the Hunt's mana cost.\nDistribute three +1/+1 counters among one, two, or three target creatures. For each +1/+1 counter you put on a creature this way, remove a +1/+1 counter from that creature at the beginning of the next cleanup step.","ALL,DKM,CST,ME2",,normal,3128,,,Uncommon,,Instant
Browse,{2}{U}{U},4,U,Phil Foglio,,Enchantment,"{2}{U}{U}: Look at the top five cards of your library, put one of them into your hand, and exile the rest.","ALL,6ED,CST,ME2","""Once great literature—now great litter.""\n—Jaya Ballard, Task Mage",normal,3103,,,Uncommon,,Enchantment
Burnout,{1}{R},2,R,Mike Raabe,,Instant,Counter target instant spell if it's blue.\nDraw a card at the beginning of the next turn's upkeep.,"ALL,ME2","""GOTCHA!""\n—Jaya Ballard, Task Mage",normal,3166,,,Uncommon,,Instant
Carrier Pigeons,{3}{W},4,W,Pat Morrissey,,Creature — Bird,"Flying\nWhen Carrier Pigeons enters the battlefield, draw a card at the beginning of the next turn's upkeep.",ALL,"""It's true I ask no fealty of the flocks—but surely we are more than mere beasts."" —King Darien of Kjeldor, in a missive to General Varchild",normal,3190,1,1,Common,Bird,Creature
Carrier Pigeons,{3}{W},4,W,Pat Morrissey,,Creature — Bird,"Flying\nWhen Carrier Pigeons enters the battlefield, draw a card at the beginning of the next turn's upkeep.",ALL,"""Birds know no borders! Why, then, should we?""\n—General Varchild, in a missive to King Darien of Kjeldor",normal,3191,1,1,Common,Bird,Creature
Casting of Bones,{2}{B},3,B,Anson Maddocks,,Enchantment — Aura,"Enchant creature\nWhen enchanted creature dies, draw three cards, then discard one of them.","ALL,CST","""Only a necromancer would create such a foul form of divination.""\n—Gerda Äagesdotter,\nArchmage of the Unseen",normal,3067,,,Common,Aura,Enchantment
Casting of Bones,{2}{B},3,B,Anson Maddocks,,Enchantment — Aura,"Enchant creature\nWhen enchanted creature dies, draw three cards, then discard one of them.","ALL,CST","""Whether whole or not, still we serve Lim-Dûl's wishes.""\n—Chaeska, Keeper of Tresserhorn",normal,3068,,,Common,Aura,Enchantment
Chaos Harlequin,{2}{R}{R},4,R,Alan Rabinowitz,,Creature — Human,"{R}: Exile the top card of your library. If that card is a land card, Chaos Harlequin gets -4/-0 until end of turn. Otherwise, Chaos Harlequin gets +2/+0 until end of turn.",ALL,,normal,3167,2,4,Rare,Human,Creature
Contagion,{3}{B}{B},5,B,Mike Raabe,,Instant,You may pay 1 life and exile a black card from your hand rather than pay Contagion's mana cost.\nDistribute two -2/-1 counters among one or two target creatures.,"ALL,DKM,MED",,normal,3069,,,Uncommon,,Instant
Deadly Insect,{4}{G},5,G,Scott Kirschner,,Creature — Insect,Shroud (This creature can't be the target of spells or abilities.),"ALL,MMQ,BTD,CST","""Beautiful, indeed—but one sting could fell a Giant in a heartbeat.""\n—Taaveti of Kelsinko,\nElvish Hunter",normal,3129,6,1,Common,Insect,Creature
Deadly Insect,{4}{G},5,G,Scott Kirschner,,Creature — Insect,Shroud (This creature can't be the target of spells or abilities.),"ALL,MMQ,BTD,CST","""There is no time for pain when this beast leaves its terrible sting.""\n—Jaeuhl Carthalion,\nJuniper Order Advocate",normal,3130,6,1,Common,Insect,Creature
Death Spark,{R},1,R,Mark Tedin,,Instant,"Death Spark deals 1 damage to target creature or player.\nAt the beginning of your upkeep, if Death Spark is in your graveyard with a creature card directly above it, you may pay {1}. If you do, return Death Spark to your hand.","ALL,DKM,CST,ME2",,normal,3168,,,Uncommon,,Instant
Diminishing Returns,{2}{U}{U},4,U,L. A. Williams,,Sorcery,Each player shuffles his or her hand and graveyard into his or her library. You exile the top ten cards of your library. Then each player draws up to seven cards.,"ALL,6ED,MED,EMA",,normal,3104,,,Rare,,Sorcery
Diseased Vermin,{2}{B},3,B,Scott Kirschner,,Creature — Rat,"Whenever Diseased Vermin deals combat damage to a player, put an infection counter on it.\nAt the beginning of your upkeep, Diseased Vermin deals X damage to target opponent previously dealt damage by it, where X is the number of infection counters on it.",ALL,,normal,3070,1,1,Uncommon,Rat,Creature
Dystopia,{1}{B}{B},3,B,Ruth Thompson,,Enchantment,"Cumulative upkeep—Pay 1 life. (At the beginning of your upkeep, put an age counter on this permanent, then sacrifice it unless you pay its upkeep cost for each age counter on it.)\nAt the beginning of each player's upkeep, that player sacrifices a green or white permanent.","ALL,ME2",,normal,3071,,,Rare,,Enchantment
Elvish Bard,{3}{G}{G},5,G,Susan Van Camp,,Creature — Elf Shaman,All creatures able to block Elvish Bard do so.,"ALL,DKM,9ED",,normal,3131,2,4,Uncommon,"Elf,Shaman",Creature
Elvish Ranger,{2}{G},3,G,Terese Nielsen,,Creature — Elf,,"ALL,POR,ME2","""How can any Human hope to match our skills? We are children of Fyndhorn, and its sap runs in our veins.""\n—Taaveti of Kelsinko,\nElvish Hunter",normal,3132,4,1,Common,Elf,Creature
Elvish Ranger,{2}{G},3,G,Terese Nielsen,,Creature — Elf,,"ALL,POR,ME2","""No one may fault an Elvish Ranger's heart, but the simplest frailty may fell even the proudest warrior.""\n—Kaysa, Elder Druid of the Juniper Order",normal,3133,4,1,Common,Elf,Creature
Elvish Spirit Guide,{2}{G},3,G,Julie Baroh,,Creature — Elf Spirit,Exile Elvish Spirit Guide from your hand: Add {G} to your mana pool.,"ALL,ME2","""We are never without guidance, if we but seek it.""\n—Taaveti of Kelsinko, Elvish Hunter",normal,3134,2,2,Uncommon,"Elf,Spirit",Creature
Energy Arc,{W}{U},2,"W,U",Terese Nielsen,,Instant,Untap any number of target creatures. Prevent all combat damage that would be dealt to and dealt by those creatures this turn.,"ALL,MED","""Relent, and you may transcend your situation.""\n—Gerda Äagesdotter,\nArchmage of the Unseen",normal,3221,,,Uncommon,,Instant
Enslaved Scout,{2}{R},3,R,Rebecca Guay,,Creature — Goblin Scout,{2}: Enslaved Scout gains mountainwalk until end of turn. (It can't be blocked as long as defending player controls a Mountain.),ALL,"""Her soldiers' hatred for the Goblins is tempered only by their need for what the Goblins alone hold: knowledge of their mountain home.""\n—King Darien of Kjeldor",normal,3169,2,2,Common,"Goblin,Scout",Creature
Enslaved Scout,{2}{R},3,R,Rebecca Guay,,Creature — Goblin Scout,{2}: Enslaved Scout gains mountainwalk until end of turn. (It can't be blocked as long as defending player controls a Mountain.),ALL,"""Even the basest creatures may serve a purpose. Still, their lives need be only as long as the paths we tread.""\n—General Varchild",normal,3170,2,2,Common,"Goblin,Scout",Creature
Errand of Duty,{1}{W},2,W,Julie Baroh,,Instant,"Put a 1/1 white Knight creature token with banding onto the battlefield. (Any creatures with banding, and up to one without, can attack in a band. Bands are blocked as a group. If any creatures with banding you control are blocking or being blocked by a creature, you divide that creature's combat damage, not its controller, among any of the creatures it's being blocked by or is blocking.)","ALL,ME2","""May they speed to their task, for the Skyknights alone cannot hold Kjeldor safe.""\n—Arna Kennerüd, Skycaptain",normal,3192,,,Common,,Instant
Errand of Duty,{1}{W},2,W,Julie Baroh,,Instant,"Put a 1/1 white Knight creature token with banding onto the battlefield. (Any creatures with banding, and up to one without, can attack in a band. Bands are blocked as a group. If any creatures with banding you control are blocking or being blocked by a creature, you divide that creature's combat damage, not its controller, among any of the creatures it's being blocked by or is blocking.)","ALL,ME2","""Call every able sword to our side. Kjeldor will stand triumphant""\n—King Darien of Kjeldor",normal,3193,,,Common,,Instant
Exile,{2}{W},3,W,Rob Alexander,,Instant,Exile target nonwhite attacking creature. You gain life equal to its toughness.,"ALL,6ED,MED,VMA",,normal,3194,,,Rare,,Instant
False Demise,{2}{U},3,U,Randy Gallegos,,Enchantment — Aura,"Enchant creature\nWhen enchanted creature dies, return that card to the battlefield under your control.","ALL,MMQ","""Fool Never believe they're dead until you see the body""\n—General Varchild",normal,3105,,,Common,Aura,Enchantment
False Demise,{2}{U},3,U,Randy Gallegos,,Enchantment — Aura,"Enchant creature\nWhen enchanted creature dies, return that card to the battlefield under your control.","ALL,MMQ","""Far too many of our missing ‘dead' seem to be turning up in Varchild's ranks""\n—King Darien of Kjeldor",normal,3106,,,Common,Aura,Enchantment
Fatal Lore,{2}{B}{B},4,B,Lawrence Snelly,,Sorcery,An opponent chooses one —\n• You draw three cards.\n• You destroy up to two target creatures that player controls. They can't be regenerated. That player draws up to three cards.,ALL,"""All knowledge has its price.""\n—Gerda Äagesdotter,\nArchmage of the Unseen",normal,3072,,,Rare,,Sorcery
Feast or Famine,{3}{B},4,B,Pete Venters,,Instant,"Choose one —\n• Put a 2/2 black Zombie creature token onto the battlefield.\n• Destroy target nonartifact, nonblack creature. It can't be regenerated.","ALL,MED,DDJ","""The living cannot understand the benefits of death.""\n—Chaeska, Keeper of Tresserhorn",normal,3073,,,Common,,Instant
Feast or Famine,{3}{B},4,B,Pete Venters,,Instant,"Choose one —\n• Put a 2/2 black Zombie creature token onto the battlefield.\n• Destroy target nonartifact, nonblack creature. It can't be regenerated.","ALL,MED,DDJ","""We are not yet free of Lim-Dûl's terrors.""\n—Halvor Arensson, Kjeldoran Priest",normal,3074,,,Common,,Instant
Fevered Strength,{2}{B},3,B,Brian Snõddy,,Instant,Target creature gets +2/+0 until end of turn.\nDraw a card at the beginning of the next turn's upkeep.,"ALL,ME3","""The burst of strength brought on by this plague should not be mistaken for a sign of renewed health.""\n—Kolbjörn, High Honored Druid",normal,3075,,,Common,,Instant
Fevered Strength,{2}{B},3,B,Brian Snõddy,,Instant,Target creature gets +2/+0 until end of turn.\nDraw a card at the beginning of the next turn's upkeep.,"ALL,ME3","""The fever clouds the mind as it energizes the body. Both will pass in time.""\n—Halvor Arensson, Kjeldoran Priest",normal,3076,,,Common,,Instant
Floodwater Dam,{3},3,,Randy Gallegos,,Artifact,"{X}{X}{1}, {T}: Tap X target lands.","ALL,ME4",Viscerid dams may be of living creatures as well as bones and mud.,normal,3045,,,Rare,,Artifact
Force of Will,{3}{U}{U},5,U,Terese Nielsen,,Instant,You may pay 1 life and exile a blue card from your hand rather than pay Force of Will's mana cost.\nCounter target spell.,"ALL,pJGP,MED,VMA,EMA",,normal,3107,,,Uncommon,,Instant
Foresight,{1}{U},2,U,Terese Nielsen,,Sorcery,"Search your library for three cards, exile them, then shuffle your library.\nDraw a card at the beginning of the next turn's upkeep.",ALL,,normal,3108,,,Common,,Sorcery
Foresight,{1}{U},2,U,Terese Nielsen,,Sorcery,"Search your library for three cards, exile them, then shuffle your library.\nDraw a card at the beginning of the next turn's upkeep.",ALL,,normal,3109,,,Common,,Sorcery
Fyndhorn Druid,{2}{G},3,G,Rob Alexander,,Creature — Elf Druid,"When Fyndhorn Druid dies, if it was blocked this turn, you gain 4 life.",ALL,"""Honor those who honor Fyndhorn above themselves.""\n—Kolbjörn, High Honored Druid",normal,3135,2,2,Common,"Elf,Druid",Creature
Fyndhorn Druid,{2}{G},3,G,Rob Alexander,,Creature — Elf Druid,"When Fyndhorn Druid dies, if it was blocked this turn, you gain 4 life.",ALL,"""All struggles ultimately require sacrifice. It's just that some sacrifices are dearer than others.""\n—Jaeuhl Carthalion,\nJuniper Order Advocate",normal,3136,2,2,Common,"Elf,Druid",Creature
Gargantuan Gorilla,{4}{G}{G}{G},7,G,Greg Simanson,,Creature — Ape,"At the beginning of your upkeep, you may sacrifice a Forest. If you sacrifice a snow Forest this way, Gargantuan Gorilla gains trample until end of turn. If you don't sacrifice a Forest, sacrifice Gargantuan Gorilla and it deals 7 damage to you.\n{T}: Gargantuan Gorilla deals damage equal to its power to another target creature. That creature deals damage equal to its power to Gargantuan Gorilla.","ALL,MED",,normal,3137,7,7,Rare,Ape,Creature
Gift of the Woods,{G},1,G,Susan Van Camp,,Enchantment — Aura,"Enchant creature\nWhenever enchanted creature blocks or becomes blocked, it gets +0/+3 until end of turn and you gain 1 life.",ALL,,normal,3138,,,Common,Aura,Enchantment
Gift of the Woods,{G},1,G,Susan Van Camp,,Enchantment — Aura,"Enchant creature\nWhenever enchanted creature blocks or becomes blocked, it gets +0/+3 until end of turn and you gain 1 life.",ALL,,normal,3139,,,Common,Aura,Enchantment
Gorilla Berserkers,{3}{G}{G},5,G,John Matson,,Creature — Ape Berserker,"Trample; rampage 2 (Whenever this creature becomes blocked, it gets +2/+2 until end of turn for each creature blocking it beyond the first.)\nGorilla Berserkers can't be blocked except by three or more creatures.",ALL,"""Their fury is their greatest weapon.""\n—Taaveti of Kelsinko, Elvish Hunter",normal,3140,2,3,Common,"Ape,Berserker",Creature
Gorilla Berserkers,{3}{G}{G},5,G,John Matson,,Creature — Ape Berserker,"Trample; rampage 2 (Whenever this creature becomes blocked, it gets +2/+2 until end of turn for each creature blocking it beyond the first.)\nGorilla Berserkers can't be blocked except by three or more creatures.",ALL,"""Beneath serenity may lie\n a hidden rage.""\n—Jaeuhl Carthalion,\nJuniper Order Advocate",normal,3141,2,3,Common,"Ape,Berserker",Creature
Gorilla Chieftain,{2}{G}{G},4,G,Quinton Hoover,,Creature — Ape,{1}{G}: Regenerate Gorilla Chieftain.,"ALL,ATH,6ED,7ED","""In the soil of leadership sprout the seeds of immortality.""\n—Kaysa, Elder Druid of the Juniper Order",normal,3142,3,3,Common,Ape,Creature
Gorilla Chieftain,{2}{G}{G},4,G,Quinton Hoover,,Creature — Ape,{1}{G}: Regenerate Gorilla Chieftain.,"ALL,ATH,6ED,7ED","""Oh, no—not you again?""\n—Jaya Ballard, Task Mage",normal,3143,3,3,Common,Ape,Creature
Gorilla Shaman,{R},1,R,Anthony Waters,,Creature — Ape Shaman,{X}{X}{1}: Destroy target noncreature artifact with converted mana cost X.,"ALL,CST,ME2","""Frankly, destruction is best left to professionals.""\n—Jaya Ballard, Task Mage",normal,3171,1,1,Common,"Ape,Shaman",Creature
Gorilla Shaman,{R},1,R,Anthony Waters,,Creature — Ape Shaman,{X}{X}{1}: Destroy target noncreature artifact with converted mana cost X.,"ALL,CST,ME2","""Each generation teaches the next that artifice is the enemy of natural order.""\n—Kaysa, Elder Druid of the Juniper Order",normal,3172,1,1,Common,"Ape,Shaman",Creature
Gorilla War Cry,{1}{R},2,R,Bryon Wackwitz,,Instant,Cast Gorilla War Cry only during combat before blockers are declared.\nAll creatures gain menace until end of turn. (They can't be blocked except by two or more creatures.)\nDraw a card at the beginning of the next turn's upkeep.,"ALL,ME4","""The only ‘art' these beasts possess is the art of noise!"" —Jaya Ballard",normal,3173,,,Common,,Instant
Gorilla War Cry,{1}{R},2,R,Bryon Wackwitz,,Instant,Cast Gorilla War Cry only during combat before blockers are declared.\nAll creatures gain menace until end of turn. (They can't be blocked except by two or more creatures.)\nDraw a card at the beginning of the next turn's upkeep.,"ALL,ME4","""Theirs is the art of blood."" —Jaeuhl Carthalion, Juniper Order Advocate",normal,3174,,,Common,,Instant
Guerrilla Tactics,{1}{R},2,R,Randy Asplund-Faith,,Instant,"Guerrilla Tactics deals 2 damage to target creature or player.\nWhen a spell or ability an opponent controls causes you to discard Guerrilla Tactics, Guerrilla Tactics deals 4 damage to target creature or player.","ALL,DKM,8ED,9ED,10E",,normal,3175,,,Common,,Instant
Guerrilla Tactics,{1}{R},2,R,Randy Asplund-Faith,,Instant,"Guerrilla Tactics deals 2 damage to target creature or player.\nWhen a spell or ability an opponent controls causes you to discard Guerrilla Tactics, Guerrilla Tactics deals 4 damage to target creature or player.","ALL,DKM,8ED,9ED,10E",,normal,3176,,,Common,,Instant
Gustha's Scepter,{0},,,Sandra Everingham,,Artifact,"{T}: Exile a card from your hand face down. You may look at it for as long as it remains exiled.\n{T}: Return a card you own exiled with Gustha's Scepter to your hand.\nWhen you lose control of Gustha's Scepter, put all cards exiled with Gustha's Scepter into their owner's graveyard.","ALL,ME2",,normal,3046,,,Rare,,Artifact
Hail Storm,{1}{G}{G},3,G,Jeff A. Menges,,Instant,Hail Storm deals 2 damage to each attacking creature and 1 damage to you and each creature you control.,"ALL,TSB","""If they can't take the hail, they'd better stay home.""\n—Arna Kennerüd, Skycaptain",normal,3144,,,Uncommon,,Instant
Heart of Yavimaya,,,G,Pete Venters,,Land,"If Heart of Yavimaya would enter the battlefield, sacrifice a Forest instead. If you do, put Heart of Yavimaya onto the battlefield. If you don't, put it into its owner's graveyard.\n{T}: Add {G} to your mana pool.\n{T}: Target creature gets +1/+1 until end of turn.","ALL,ME2",,normal,3232,,,Rare,,Land
Helm of Obedience,{4},4,,Brian Snõddy,,Artifact,"{X}, {T}: Target opponent puts cards from the top of his or her library into his or her graveyard until a creature card or X cards are put into that graveyard this way, whichever comes first. If a creature card is put into that graveyard this way, sacrifice Helm of Obedience and put that card onto the battlefield under your control. X can't be 0.","ALL,ME2",,normal,3047,,,Rare,,Artifact
Inheritance,{W},1,W,Kaja Foglio,,Enchantment,"Whenever a creature dies, you may pay {3}. If you do, draw a card.","ALL,ME2","""More than lessons may be gained from the past.""\n—Halvor Arensson, Kjeldoran Priest",normal,3195,,,Uncommon,,Enchantment
Insidious Bookworms,{B},1,B,Greg Simanson,,Creature — Worm,"When Insidious Bookworms dies, you may pay {1}{B}. If you do, target player discards a card at random.","ALL,CST",,normal,3077,1,1,Common,Worm,Creature
Insidious Bookworms,{B},1,B,Greg Simanson,,Creature — Worm,"When Insidious Bookworms dies, you may pay {1}{B}. If you do, target player discards a card at random.","ALL,CST",,normal,3078,1,1,Common,Worm,Creature
Ivory Gargoyle,{4}{W},5,W,Quinton Hoover,,Creature — Gargoyle,"Flying\nWhen Ivory Gargoyle dies, return it to the battlefield under its owner's control at the beginning of the next end step and you skip your next draw step.\n{4}{W}: Exile Ivory Gargoyle.","ALL,ME2",,normal,3196,2,2,Rare,Gargoyle,Creature
Juniper Order Advocate,{2}{W},3,W,Douglas Shuler,,Creature — Human Knight,"As long as Juniper Order Advocate is untapped, green creatures you control get +1/+1.","ALL,ME2","""In these troubled times, we alone carry the hope of reconciliation between Elf and Human.""\n—Jaeuhl Carthalion,\nJuniper Order Advocate",normal,3197,1,2,Uncommon,"Human,Knight",Creature
Kaysa,{3}{G}{G},5,G,Rebecca Guay,,Legendary Creature — Elf Druid,Green creatures you control get +1/+1.,"ALL,ME2","Kaysa speaks as the Elder Druid, but the Yavimaya recognizes only one voice: its own.",normal,3145,2,3,Rare,"Elf,Druid",Creature
Keeper of Tresserhorn,{5}{B},6,B,Z. Plucinski & D. Alexander Gregory,,Creature — Avatar,"Whenever Keeper of Tresserhorn attacks and isn't blocked, it assigns no combat damage this turn and defending player loses 2 life.",ALL,,normal,3079,6,6,Rare,Avatar,Creature
Kjeldoran Escort,{2}{W}{W},4,W,Bryon Wackwitz,,Creature — Human Soldier,"Banding (Any creatures with banding, and up to one without, can attack in a band. Bands are blocked as a group. If any creatures with banding you control are blocking or being blocked by a creature, you divide that creature's combat damage, not its controller, among any of the creatures it's being blocked by or is blocking.)",ALL,"""The first caravan has passed safely through the Karplusan Mountains without incident, forging a trade route to Balduvia. Kjeld himself would never have believed it""\n—King Darien of Kjeldor",normal,3198,2,3,Common,"Human,Soldier",Creature
Kjeldoran Escort,{2}{W}{W},4,W,Bryon Wackwitz,,Creature — Human Soldier,"Banding (Any creatures with banding, and up to one without, can attack in a band. Bands are blocked as a group. If any creatures with banding you control are blocking or being blocked by a creature, you divide that creature's combat damage, not its controller, among any of the creatures it's being blocked by or is blocking.)",ALL,"""We willingly trade with Kjeldor, but the peace we build must come from both our lands.""\n—Lovisa Coldeyes,\nBalduvian Chieftain",normal,3199,2,3,Common,"Human,Soldier",Creature
Kjeldoran Home Guard,{3}{W},4,W,Andi Rusu,,Creature — Human Soldier,"At end of combat, if Kjeldoran Home Guard attacked or blocked this combat, put a -0/-1 counter on Kjeldoran Home Guard and put a 0/1 white Deserter creature token onto the battlefield.","ALL,CST,ME2",,normal,3200,1,6,Uncommon,"Human,Soldier",Creature
Kjeldoran Outpost,,,W,Jeff A. Menges,,Land,"If Kjeldoran Outpost would enter the battlefield, sacrifice a Plains instead. If you do, put Kjeldoran Outpost onto the battlefield. If you don't, put it into its owner's graveyard.\n{T}: Add {W} to your mana pool.\n{1}{W}, {T}: Put a 1/1 white Soldier creature token onto the battlefield.","ALL,ME2,VMA",,normal,3233,,,Rare,,Land
Kjeldoran Pride,{1}{W},2,"W,U",Kaja Foglio,,Enchantment — Aura,Enchant creature\nEnchanted creature gets +1/+2.\n{2}{U}: Attach Kjeldoran Pride to target creature other than enchanted creature.,"ALL,CST",,normal,3201,,,Common,Aura,Enchantment
Kjeldoran Pride,{1}{W},2,"W,U",Kaja Foglio,,Enchantment — Aura,Enchant creature\nEnchanted creature gets +1/+2.\n{2}{U}: Attach Kjeldoran Pride to target creature other than enchanted creature.,"ALL,CST",,normal,3202,,,Common,Aura,Enchantment
Krovikan Horror,{3}{B},4,B,Christopher Rush,,Creature — Horror Spirit,"At the beginning of the end step, if Krovikan Horror is in your graveyard with a creature card directly above it, you may return Krovikan Horror to your hand.\n{1}, Sacrifice a creature: Krovikan Horror deals 1 damage to target creature or player.","ALL,ME2",,normal,3080,2,2,Rare,"Horror,Spirit",Creature
Krovikan Plague,{2}{B},3,B,Liz Danforth,,Enchantment — Aura,"Enchant non-Wall creature you control\nWhen Krovikan Plague enters the battlefield, draw a card at the beginning of the next turn's upkeep.\nTap enchanted creature: Krovikan Plague deals 1 damage to target creature or player. Put a -0/-1 counter on enchanted creature. Activate this ability only if enchanted creature is untapped.",ALL,,normal,3081,,,Uncommon,Aura,Enchantment
Lake of the Dead,,,B,Pete Venters,,Land,"If Lake of the Dead would enter the battlefield, sacrifice a Swamp instead. If you do, put Lake of the Dead onto the battlefield. If you don't, put it into its owner's graveyard.\n{T}: Add {B} to your mana pool.\n{T}, Sacrifice a Swamp: Add {B}{B}{B}{B} to your mana pool.","ALL,MED,VMA",,normal,3234,,,Rare,,Land
Lat-Nam's Legacy,{1}{U},2,U,Tom Wänerstrand,,Instant,"Shuffle a card from your hand into your library. If you do, draw two cards at the beginning of the next turn's upkeep.","ALL,CST,ME2","""Lat-Nam has bequeathed us its secrets. With them we shall attain true enlightenment."" —Gerda Äagesdotter, Archmage of the Unseen",normal,3110,,,Common,,Instant
Lat-Nam's Legacy,{1}{U},2,U,Tom Wänerstrand,,Instant,"Shuffle a card from your hand into your library. If you do, draw two cards at the beginning of the next turn's upkeep.","ALL,CST,ME2","""All the knowledge of Lat-Nam could not protect its sages from the Brothers' War."" —Gerda Äagesdotter, Archmage of the Unseen",normal,3111,,,Common,,Instant
Library of Lat-Nam,{4}{U},5,U,Alan Rabinowitz,,Sorcery,"An opponent chooses one —\n• You draw three cards at the beginning of the next turn's upkeep.\n• You search your library for a card, put that card into your hand, then shuffle your library.","ALL,6ED",,normal,3112,,,Rare,,Sorcery
Lim-Dûl's High Guard,{1}{B}{B},3,B,Anson Maddocks,,Creature — Skeleton,First strike\n{1}{B}: Regenerate Lim-Dûl's High Guard.,"ALL,DKM,ME2","""Death does not prevent us from service to our absent master. As long as Tresserhorn stands, so shall we.""\n—Chaeska, Keeper of Tresserhorn",normal,3082,2,1,Common,Skeleton,Creature
Lim-Dûl's High Guard,{1}{B}{B},3,B,Anson Maddocks,,Creature — Skeleton,First strike\n{1}{B}: Regenerate Lim-Dûl's High Guard.,"ALL,DKM,ME2","""The Guard will forever stand ready. For them, death is merely an inconvenience, not an ending."" —Chaeska, Keeper of Tresserhorn",normal,3083,2,1,Common,Skeleton,Creature
Lim-Dûl's Paladin,{2}{B}{R},4,"B,R",Christopher Rush,,Creature — Human Knight,"Trample\nAt the beginning of your upkeep, you may discard a card. If you don't, sacrifice Lim-Dûl's Paladin and draw a card.\nWhenever Lim-Dûl's Paladin becomes blocked, it gets +6/+3 until end of turn.\nWhenever Lim-Dûl's Paladin attacks and isn't blocked, it assigns no combat damage to defending player this turn and that player loses 4 life.",ALL,,normal,3222,0,3,Uncommon,"Human,Knight",Creature
Lim-Dûl's Vault,{U}{B},2,"U,B",Rob Alexander,,Instant,"Look at the top five cards of your library. As many times as you choose, you may pay 1 life, put those cards on the bottom of your library in any order, then look at the top five cards of your library. Then shuffle your library and put the last cards you looked at this way on top of it in any order.","ALL,MED,C13",,normal,3223,,,Uncommon,,Instant
Lodestone Bauble,{0},,,Douglas Shuler,,Artifact,"{1}, {T}, Sacrifice Lodestone Bauble: Put up to four target basic land cards from a player's graveyard on top of his or her library in any order. That player draws a card at the beginning of the next turn's upkeep.","ALL,ME2",,normal,3048,,,Rare,,Artifact
Lord of Tresserhorn,{1}{U}{B}{R},4,"U,B,R",Anson Maddocks,,Legendary Creature — Zombie,"When Lord of Tresserhorn enters the battlefield, you lose 2 life, you sacrifice two creatures, and target opponent draws two cards.\n{B}: Regenerate Lord of Tresserhorn.","ALL,MED",,normal,3224,10,4,Rare,Zombie,Creature
Martyrdom,{1}{W}{W},3,W,Mark Poole,,Instant,"Until end of turn, target creature you control gains ""{0}: The next 1 damage that would be dealt to target creature or player this turn is dealt to this creature instead."" Only you may activate this ability.",ALL,"""Martyrs are cheaper than mercenaries, and a far better investment.""\n—General Varchild",normal,3203,,,Common,,Instant
Martyrdom,{1}{W}{W},3,W,Mark Poole,,Instant,"Until end of turn, target creature you control gains ""{0}: The next 1 damage that would be dealt to target creature or player this turn is dealt to this creature instead."" Only you may activate this ability.",ALL,"""The only true immortality is in dying for a cause.""\n—Halvor Arensson, Kjeldoran Priest",normal,3204,,,Common,,Instant
Misfortune,{1}{B}{R}{G},4,"B,R,G",Ron Spencer,,Sorcery,An opponent chooses one —\n• You put a +1/+1 counter on each creature you control and gain 4 life.\n• You put a -1/-1 counter on each creature that player controls and Misfortune deals 4 damage to him or her.,ALL,,normal,3225,,,Rare,,Sorcery
Mishra's Groundbreaker,{4},4,,Randy Gallegos,,Artifact,"{T}, Sacrifice Mishra's Groundbreaker: Target land becomes a 3/3 artifact creature that's still a land. (This effect lasts indefinitely.)","ALL,ME2",The very ground yielded to Mishra's wishes.,normal,3049,,,Uncommon,,Artifact
Misinformation,{B},1,B,Richard Kane Ferguson,,Instant,Put up to three target cards from an opponent's graveyard on top of his or her library in any order.,"ALL,ME2","""When you cannot rely on your sources, trust your own senses. When you cannot trust those, you must follow your instincts."" —Lovisa Coldeyes, Balduvian Chieftain",normal,3084,,,Uncommon,,Instant
Mystic Compass,{2},2,,Amy Weber,,Artifact,"{1}, {T}: Target land becomes the basic land type of your choice until end of turn.","ALL,6ED","""And I say north is where I want it to be!""\n—Jaya Ballard, Task Mage",normal,3050,,,Uncommon,,Artifact
Nature's Blessing,{2}{G}{W},4,"W,G",Sandra Everingham,,Enchantment,"{G}{W}, Discard a card: Put a +1/+1 counter on target creature or that creature gains banding, first strike, or trample. (This effect lasts indefinitely. Any creatures with banding, and up to one without, can attack in a band. Bands are blocked as a group. If any creatures with banding a player controls are blocking or being blocked by a creature, that player divides that creature's combat damage, not its controller, among any of the creatures it's being blocked by or is blocking.)","ALL,ME2","""Be open to the blessings, whatever their form.""\n —Kaysa, Elder Druid of the Juniper Order",normal,3226,,,Uncommon,,Enchantment
Nature's Chosen,{G},1,G,Rebecca Guay,,Enchantment — Aura,"Enchant creature you control\n{0}: Untap enchanted creature. Activate this ability only during your turn and only once each turn.\nTap enchanted creature: Untap target artifact, creature, or land. Activate this ability only if enchanted creature is white and is untapped and only once each turn.",ALL,,normal,3146,,,Uncommon,Aura,Enchantment
Nature's Wrath,{4}{G}{G},6,G,Liz Danforth,,Enchantment,"At the beginning of your upkeep, sacrifice Nature's Wrath unless you pay {G}.\nWhenever a player puts an Island or blue permanent onto the battlefield, he or she sacrifices an Island or blue permanent.\nWhenever a player puts a Swamp or black permanent onto the battlefield, he or she sacrifices a Swamp or black permanent.","ALL,ME2",,normal,3147,,,Rare,,Enchantment
Noble Steeds,{2}{W},3,W,Rebecca Guay,,Enchantment,{1}{W}: Target creature gains first strike until end of turn.,ALL,"""They are fighters as fine as any Knight they carry.""\n—Arna Kennerüd, Skycaptain",normal,3205,,,Common,,Enchantment
Noble Steeds,{2}{W},3,W,Rebecca Guay,,Enchantment,{1}{W}: Target creature gains first strike until end of turn.,ALL,"""Only an animal born in the wild has sufficient heart to be a true Knight's steed.""\n—King Darien of Kjeldor",normal,3206,,,Common,,Enchantment
Omen of Fire,{3}{R}{R},5,R,Pete Venters,,Instant,Return all Islands to their owners' hands.\nEach player sacrifices a Plains or a white permanent for each white permanent he or she controls.,ALL,"""Let Balduvia burn to warm Kjeldor's hearth!""\n—General Varchild",normal,3177,,,Rare,,Instant
Phantasmal Fiend,{3}{B},4,"B,U",Scott Kirschner,,Creature — Illusion,{B}: Phantasmal Fiend gets +1/-1 until end of turn.\n{1}{U}: Switch Phantasmal Fiend's power and toughness until end of turn.,"ALL,DKM,CST,ME2",,normal,3085,1,5,Common,Illusion,Creature
Phantasmal Fiend,{3}{B},4,"B,U",Scott Kirschner,,Creature — Illusion,{B}: Phantasmal Fiend gets +1/-1 until end of turn.\n{1}{U}: Switch Phantasmal Fiend's power and toughness until end of turn.,"ALL,DKM,CST,ME2",,normal,3086,1,5,Common,Illusion,Creature
Phantasmal Sphere,{1}{U},2,U,Mark Tedin,,Creature — Illusion,"Flying\nAt the beginning of your upkeep, put a +1/+1 counter on Phantasmal Sphere, then sacrifice Phantasmal Sphere unless you pay {1} for each +1/+1 counter on it.\nWhen Phantasmal Sphere leaves the battlefield, target opponent puts an X/X blue Orb creature token with flying onto the battlefield, where X is the number of +1/+1 counters on Phantasmal Sphere.",ALL,,normal,3113,0,1,Rare,Illusion,Creature
Phelddagrif,{1}{G}{W}{U},4,"W,U,G",Amy Weber,,Legendary Creature — Phelddagrif,{G}: Phelddagrif gains trample until end of turn. Target opponent puts a 1/1 green Hippo creature token onto the battlefield.\n{W}: Phelddagrif gains flying until end of turn. Target opponent gains 2 life.\n{U}: Return Phelddagrif to its owner's hand. Target opponent may draw a card.,"ALL,MED",,normal,3227,4,4,Rare,Phelddagrif,Creature
Phyrexian Boon,{2}{B},3,B,Mark Tedin,,Enchantment — Aura,"Enchant creature\nEnchanted creature gets +2/+1 as long as it's black. Otherwise, it gets -1/-2.","ALL,MED","""Dagsson should have paid attention to the lessons of Phyrexia before attempting to create a mechanical utopia.""\n—Sorine Relicbane, Soldevi Heretic",normal,3087,,,Common,Aura,Enchantment
Phyrexian Boon,{2}{B},3,B,Mark Tedin,,Enchantment — Aura,"Enchant creature\nEnchanted creature gets +2/+1 as long as it's black. Otherwise, it gets -1/-2.","ALL,MED","""Phyrexia's touch is painful to all but the blackest of hearts.""\n—Gerda Äagesdotter,\nArchmage of the Unseen",normal,3088,,,Common,Aura,Enchantment
Phyrexian Devourer,{6},6,,Mark Tedin,,Artifact Creature — Construct,"When Phyrexian Devourer's power is 7 or greater, sacrifice it.\nExile the top card of your library: Put X +1/+1 counters on Phyrexian Devourer, where X is the exiled card's converted mana cost.","ALL,ME2",,normal,3051,1,1,Rare,Construct,"Artifact,Creature"
Phyrexian Portal,{3},3,,Pete Venters,,Artifact,"{3}: If your library has ten or more cards in it, target opponent looks at the top ten cards of your library and separates them into two face-down piles. Exile one of those piles. Search the other pile for a card, put it into your hand, then shuffle the rest of that pile into your library.","ALL,ME2",,normal,3052,,,Rare,,Artifact
Phyrexian War Beast,{3},3,,Bill Sienkiewicz,,Artifact Creature — Beast,"When Phyrexian War Beast leaves the battlefield, sacrifice a land and Phyrexian War Beast deals 1 damage to you.","ALL,DKM,MED","""Deal with the spawn of Phyrexia cautiously; only with time may we control them.""\n—Arcum Dagsson,\nSoldevi Machinist",normal,3053,3,4,Common,Beast,"Artifact,Creature"
Phyrexian War Beast,{3},3,,Bill Sienkiewicz,,Artifact Creature — Beast,"When Phyrexian War Beast leaves the battlefield, sacrifice a land and Phyrexian War Beast deals 1 damage to you.","ALL,DKM,MED","""Knowing its origins, how could they have thought they could control it?""\n—Sorine Relicbane, Soldevi Heretic",normal,3054,3,4,Common,Beast,"Artifact,Creature"
Pillage,{1}{R}{R},3,R,Richard Kane Ferguson,,Sorcery,Destroy target artifact or land. It can't be regenerated.,"ALL,pARL,6ED,7ED,DKM,ME2,PD2","""Were they to reduce us to ash, we would clog their throats and sting their eyes in payment.""\n—Lovisa Coldeyes,\nBalduvian Chieftain",normal,3178,,,Uncommon,,Sorcery
Primitive Justice,{1}{R},2,"R,G",Anthony Waters,,Sorcery,"As an additional cost to cast Primitive Justice, you may pay {1}{R} and/or {1}{G} any number of times.\nDestroy target artifact. For each additional {1}{R} you paid, destroy another target artifact. For each additional {1}{G} you paid, destroy another target artifact, and you gain 1 life.","ALL,ME4",,normal,3179,,,Uncommon,,Sorcery
Pyrokinesis,{4}{R}{R},6,R,Ron Spencer,,Instant,You may exile a red card from your hand rather than pay Pyrokinesis's mana cost.\nPyrokinesis deals 4 damage divided as you choose among any number of target creatures.,"ALL,ATH,ME2,DDL,EMA","""Anybody want some . . . toast?""\n—Jaya Ballard, Task Mage",normal,3180,,,Uncommon,,Instant
Reinforcements,{W},1,W,Diana Vick,,Instant,Put up to three target creature cards from your graveyard on top of your library.,"ALL,CST,ME2","""We aided the Balduvians once before. They need but ask and we shall do so again.""\n—King Darien of Kjeldor",normal,3207,,,Common,,Instant
Reinforcements,{W},1,W,Diana Vick,,Instant,Put up to three target creature cards from your graveyard on top of your library.,"ALL,CST,ME2","""Let them send their legions I will show them that my truth is stronger than their swords.""\n—General Varchild",normal,3208,,,Common,,Instant
Reprisal,{1}{W},2,W,Randy Asplund-Faith,,Instant,Destroy target creature with power 4 or greater. It can't be regenerated.,"ALL,6ED,7ED,ME2,DDG,JOU","""The meek shall fight as one, and they shall overcome even the greatest of foes.""\n—Halvor Arensson, Kjeldoran Priest",normal,3209,,,Common,,Instant
Reprisal,{1}{W},2,W,Randy Asplund-Faith,,Instant,Destroy target creature with power 4 or greater. It can't be regenerated.,"ALL,6ED,7ED,ME2,DDG,JOU","""Kjeldor's borders are secure, and its citizens are prepared to take up arms in defense of their families.""\n—King Darien of Kjeldor",normal,3210,,,Common,,Instant
Ritual of the Machine,{2}{B}{B},4,B,Anson Maddocks,,Sorcery,"As an additional cost to cast Ritual of the Machine, sacrifice a creature.\nGain control of target nonartifact, nonblack creature.","ALL,ME2","""Rumors persist of dark deeds performed in the depths of Soldev. When will Dagsson heed the danger therein?""\n—Sorine Relicbane, Soldevi Heretic",normal,3089,,,Rare,,Sorcery
Rogue Skycaptain,{2}{R},3,R,Randy Asplund-Faith,,Creature — Human Rogue Mercenary,"Flying\nAt the beginning of your upkeep, put a wage counter on Rogue Skycaptain. You may pay {2} for each wage counter on it. If you don't, remove all wage counters from Rogue Skycaptain and an opponent gains control of it.","ALL,ME2",,normal,3181,3,4,Rare,"Human,Rogue,Mercenary",Creature
Royal Decree,{2}{W}{W},4,W,Pete Venters,,Enchantment,"Cumulative upkeep {W} (At the beginning of your upkeep, put an age counter on this permanent, then sacrifice it unless you pay its upkeep cost for each age counter on it.)\nWhenever a Swamp, Mountain, black permanent, or red permanent becomes tapped, Royal Decree deals 1 damage to that permanent's controller.","ALL,ME2",,normal,3211,,,Rare,,Enchantment
Royal Herbalist,{W},1,W,Douglas Shuler,,Creature — Human Cleric,"{2}, Exile the top card of your library: You gain 1 life.",ALL,"""It's not so easy anymore. Nothing grows in Kjeldor but seaweed.""\n—Halvor Arensson, Kjeldoran Priest",normal,3212,1,1,Common,"Human,Cleric",Creature
Royal Herbalist,{W},1,W,Douglas Shuler,,Creature — Human Cleric,"{2}, Exile the top card of your library: You gain 1 life.",ALL,"""Just as an Herbalist heals a wound, so must we heal the rift between Balduvia and Kjeldor.""\n—King Darien of Kjeldor",normal,3213,1,1,Common,"Human,Cleric",Creature
Scarab of the Unseen,{2},2,,Sandra Everingham,,Artifact,"{T}, Sacrifice Scarab of the Unseen: Return all Auras attached to target permanent you own to their owners' hands. Draw a card at the beginning of the next turn's upkeep.",ALL,,normal,3055,,,Uncommon,,Artifact
Scars of the Veteran,{4}{W},5,W,Dan Frazier,,Instant,"You may exile a white card from your hand rather than pay Scars of the Veteran's mana cost.\nPrevent the next 7 damage that would be dealt to target creature or player this turn. At the beginning of the next end step, put a +0/+1 counter on that creature for each 1 damage prevented this way.","ALL,CST,ME2",,normal,3214,,,Uncommon,,Instant
School of the Unseen,,,,Pat Morrissey,,Land,"{T}: Add {C} to your mana pool.\n{2}, {T}: Add one mana of any color to your mana pool.",ALL,"After the terrible retribution visited upon Lat-Nam, this school of mages chose to hide from the eyes of the world.",normal,3235,,,Uncommon,,Land
Seasoned Tactician,{2}{W},3,W,Dan Frazier,,Creature — Human Advisor,"{3}, Exile the top four cards of your library: The next time a source of your choice would deal damage to you this turn, prevent that damage.",ALL,"""The benefits of peace far outweigh the pride of Generals.""\n—King Darien of Kjeldor",normal,3215,1,3,Uncommon,"Human,Advisor",Creature
Sheltered Valley,,,,Rob Alexander,,Land,"If Sheltered Valley would enter the battlefield, instead sacrifice each other permanent named Sheltered Valley you control, then put Sheltered Valley onto the battlefield.\nAt the beginning of your upkeep, if you control three or fewer lands, you gain 1 life.\n{T}: Add {C} to your mana pool.",ALL,,normal,3236,,,Rare,,Land
Shield Sphere,{0},,,Alan Rabinowitz,,Artifact Creature — Wall,"Defender\nWhenever Shield Sphere blocks, put a -0/-1 counter on it.","ALL,MED","""My Soldiers know that they need never fear for their protection.""\n—King Darien of Kjeldor",normal,3056,0,6,Uncommon,Wall,"Artifact,Creature"
Sol Grail,{3},3,,Christopher Rush,,Artifact,"As Sol Grail enters the battlefield, choose a color.\n{T}: Add one mana of the chosen color to your mana pool.","ALL,ME3","""Look deep into the Grail, and see there what you desire most."" —Gerda Äagesdotter, Archmage of the Unseen",normal,3057,,,Uncommon,,Artifact
Soldevi Adnate,{1}{B},2,B,Christopher Rush,,Creature — Human Cleric,"{T}, Sacrifice a black or artifact creature: Add to your mana pool an amount of {B} equal to the sacrificed creature's converted mana cost.",ALL,"""People love to follow fools; they don't feel so alone then.""\n—Sorine Relicbane, Soldevi Heretic",normal,3090,1,2,Common,"Human,Cleric",Creature
Soldevi Adnate,{1}{B},2,B,Christopher Rush,,Creature — Human Cleric,"{T}, Sacrifice a black or artifact creature: Add to your mana pool an amount of {B} equal to the sacrificed creature's converted mana cost.",ALL,"""An idiot cannot hear sense, even when a thousand people speak it.""\n—Sorine Relicbane, Soldevi Heretic",normal,3091,1,2,Common,"Human,Cleric",Creature
Soldevi Digger,{2},2,,Amy Weber,,Artifact,{2}: Put the top card of your graveyard on the bottom of your library.,"ALL,ME2","""This ceaseless device has helped uncover marvels unreachable by mere flesh.""\n—Arcum Dagsson,\nSoldevi Machinist",normal,3058,,,Rare,,Artifact
Soldevi Excavations,,,U,Liz Danforth,,Land,"If Soldevi Excavations would enter the battlefield, sacrifice an untapped Island instead. If you do, put Soldevi Excavations onto the battlefield. If you don't, put it into its owner's graveyard.\n{T}: Add {C}{U} to your mana pool.\n{1}, {T}: Scry 1. (Look at the top card of your library. You may put that card on the bottom of your library.)","ALL,ME2",,normal,3237,,,Rare,,Land
Soldevi Heretic,{2}{U},3,"U,W",Mike Kimble,,Creature — Human Cleric,"{W}, {T}: Prevent the next 2 damage that would be dealt to target creature this turn. Target opponent may draw a card.",ALL,"""It cannot be Soldev crushed, and my machines to blame?""\n—Arcum Dagsson, Soldevi Machinist",normal,3114,2,2,Common,"Human,Cleric",Creature
Soldevi Heretic,{2}{U},3,"U,W",Mike Kimble,,Creature — Human Cleric,"{W}, {T}: Prevent the next 2 damage that would be dealt to target creature this turn. Target opponent may draw a card.",ALL,"""In the arms of tragedy, there is little comfort in being right.""\n—Sorine Relicbane, Soldevi Heretic",normal,3115,2,2,Common,"Human,Cleric",Creature
Soldevi Sage,{1}{U},2,U,Carol Heyer,,Creature — Human Wizard,"{T}, Sacrifice two lands: Draw three cards, then discard one of them.","ALL,6ED","""Our underground archives grow daily, as our excavators and sages alike dig to uncover hidden wonders.""\n—Arcum Dagsson,\nSoldevi Machinist",normal,3116,1,1,Common,"Human,Wizard",Creature
Soldevi Sage,{1}{U},2,U,Carol Heyer,,Creature — Human Wizard,"{T}, Sacrifice two lands: Draw three cards, then discard one of them.","ALL,6ED","""To hide the truth is more than folly—it is fatal.""\n—Sorine Relicbane, Soldevi Heretic",normal,3117,1,1,Common,"Human,Wizard",Creature
Soldevi Sentry,{1},1,,Alan Rabinowitz,,Artifact Creature — Soldier,"{1}: Choose target opponent. Regenerate Soldevi Sentry. When it regenerates this way, that player may draw a card.",ALL,"""Our newfound security enables us to turn more of our attentions to the wonders that lie deep within the soil.""\n—Arcum Dagsson,\nSoldevi Machinist",normal,3059,1,1,Common,Soldier,"Artifact,Creature"
Soldevi Sentry,{1},1,,Alan Rabinowitz,,Artifact Creature — Soldier,"{1}: Choose target opponent. Regenerate Soldevi Sentry. When it regenerates this way, that player may draw a card.",ALL,"""A dreadful invention. What ease is there under the watchful eye of cold steel?""\n—Sorine Relicbane, Soldevi Heretic",normal,3060,1,1,Common,Soldier,"Artifact,Creature"
Soldevi Steam Beast,{5},5,,Bill Sienkiewicz,,Artifact Creature — Beast,"Whenever Soldevi Steam Beast becomes tapped, target opponent gains 2 life.\n{2}: Regenerate Soldevi Steam Beast.",ALL,"""Dagsson saw the steam as life-giving—until his followers felt its scalding touch.""\n—Sorine Relicbane, Soldevi Heretic",normal,3061,4,2,Common,Beast,"Artifact,Creature"
Soldevi Steam Beast,{5},5,,Bill Sienkiewicz,,Artifact Creature — Beast,"Whenever Soldevi Steam Beast becomes tapped, target opponent gains 2 life.\n{2}: Regenerate Soldevi Steam Beast.",ALL,"""Nothing has ever broken my heart so much as this—the betrayal of Soldev by my beloved machines""Arcum Dagsson, Soldevi Machinist",normal,3062,4,2,Common,Beast,"Artifact,Creature"
Soldier of Fortune,{R},1,R,Douglas Shuler,,Creature — Human Mercenary,"{R}, {T}: Target player shuffles his or her library.",ALL,"""Loyalty to coin alone is loyalty nonetheless.""\n—General Varchild",normal,3182,1,1,Uncommon,"Human,Mercenary",Creature
Spiny Starfish,{2}{U},3,U,Alan Rabinowitz,,Creature — Starfish,"{U}: Regenerate Spiny Starfish.\nAt the beginning of each end step, if Spiny Starfish regenerated this turn, put a 0/1 blue Starfish creature token onto the battlefield for each time it regenerated this turn.","ALL,ME3",,normal,3118,0,1,Uncommon,Starfish,Creature
Splintering Wind,{2}{G}{G},4,G,Ron Spencer,,Enchantment,"{2}{G}: Splintering Wind deals 1 damage to target creature. Put a 1/1 green Splinter creature token onto the battlefield. It has flying and ""Cumulative upkeep {G}."" When it leaves the battlefield, it deals 1 damage to you and each creature you control. (At the beginning of its controller's upkeep, that player puts an age counter on it, then sacrifices it unless he or she pays its upkeep cost for each age counter on it.)",ALL,,normal,3148,,,Rare,,Enchantment
Stench of Decay,{1}{B}{B},3,B,Heather Hudson,,Instant,Nonartifact creatures get -1/-1 until end of turn.,ALL,"""My lord, there is only so much I can do. This plague infests Krov worse than any other city.""\n—Halvor Arensson, Kjeldoran Priest",normal,3092,,,Common,,Instant
Stench of Decay,{1}{B}{B},3,B,Heather Hudson,,Instant,Nonartifact creatures get -1/-1 until end of turn.,ALL,"""Disa is dead, and I am left. I shall allow no others to succumb to this pestilence.""\n—Kolbjörn, High Honored Druid",normal,3093,,,Common,,Instant
Storm Cauldron,{5},5,,Dan Frazier,,Artifact,"Each player may play an additional land during each of his or her turns.\nWhenever a land is tapped for mana, return it to its owner's hand.","ALL,6ED,7ED",,normal,3063,,,Rare,,Artifact
Storm Crow,{1}{U},2,U,Sandra Everingham,,Creature — Bird,Flying (This creature can't be blocked except by creatures with flying or reach.),"ALL,POR,pPOD,6ED,S99,7ED,8ED,9ED","""It tells you that the worst is coming. Do you listen?\n—Lovisa Coldeyes,\nBalduvian Chieftain",normal,3119,1,2,Common,Bird,Creature
Storm Crow,{1}{U},2,U,Sandra Everingham,,Creature — Bird,Flying (This creature can't be blocked except by creatures with flying or reach.),"ALL,POR,pPOD,6ED,S99,7ED,8ED,9ED","""Watch for it Right on its tailfeathers will be a storm from your nightmares.""\n—Arna Kennerüd, Skycaptain",normal,3120,1,2,Common,Bird,Creature
Storm Elemental,{5}{U},6,U,John Matson,,Creature — Elemental,"Flying\n{U}, Exile the top card of your library: Tap target creature with flying.\n{U}, Exile the top card of your library: If the exiled card is a snow land, Storm Elemental gets +1/+1 until end of turn.","ALL,CST,ME2",,normal,3121,3,4,Uncommon,Elemental,Creature
Storm Shaman,{2}{R},3,R,Carol Heyer,,Creature — Human Cleric Shaman,{R}: Storm Shaman gets +1/+0 until end of turn.,"ALL,7ED,DKM","""Embrace the storm. Its voice shall echo within you, and its fire shall become your touch""\n—Lovisa Coldeyes,\nBalduvian Chieftain",normal,3183,0,4,Common,"Human,Cleric,Shaman",Creature
Storm Shaman,{2}{R},3,R,Carol Heyer,,Creature — Human Cleric Shaman,{R}: Storm Shaman gets +1/+0 until end of turn.,"ALL,7ED,DKM","""Let the lightning be your warning, and the thunder your battle cry.""\n—Lovisa Coldeyes,\nBalduvian Chieftain",normal,3184,0,4,Common,"Human,Cleric,Shaman",Creature
Stromgald Spy,{3}{B},4,B,Zak Plucinski,,Creature — Human Rogue,"Whenever Stromgald Spy attacks and isn't blocked, you may have defending player play with his or her hand revealed for as long as Stromgald Spy remains on the battlefield. If you do, Stromgald Spy assigns no combat damage this turn.",ALL,,normal,3094,2,4,Uncommon,"Human,Rogue",Creature
Suffocation,{1}{U},2,U,L. A. Williams,,Instant,Cast Suffocation only if you were dealt damage this turn by a red instant or sorcery spell.\nSuffocation deals 4 damage to the controller of the last red instant or sorcery spell that dealt damage to you this turn.\nDraw a card at the beginning of the next turn's upkeep.,ALL,,normal,3122,,,Uncommon,,Instant
Surge of Strength,{R}{G},2,"R,G",Ruth Thompson,,Instant,"As an additional cost to cast Surge of Strength, discard a red or green card.\nTarget creature gains trample and gets +X/+0 until end of turn, where X is that creature's converted mana cost.",ALL,,normal,3228,,,Uncommon,,Instant
Sustaining Spirit,{1}{W},2,W,Rebecca Guay,,Creature — Angel Spirit,"Cumulative upkeep {1}{W} (At the beginning of your upkeep, put an age counter on this permanent, then sacrifice it unless you pay its upkeep cost for each age counter on it.)\nDamage that would reduce your life total to less than 1 reduces it to 1 instead.","ALL,ME2","""Faith is our greatest protector.""\n—Halvor Arensson, Kjeldoran Priest",normal,3216,0,3,Rare,"Angel,Spirit",Creature
Swamp Mosquito,{1}{B},2,B,Nicola Leonard,,Creature — Insect,"Flying\nWhenever Swamp Mosquito attacks and isn't blocked, defending player gets a poison counter. (A player with ten or more poison counters loses the game.)","ALL,TSB",,normal,3095,0,1,Common,Insect,Creature
Swamp Mosquito,{1}{B},2,B,Nicola Leonard,,Creature — Insect,"Flying\nWhenever Swamp Mosquito attacks and isn't blocked, defending player gets a poison counter. (A player with ten or more poison counters loses the game.)","ALL,TSB",,normal,3096,0,1,Common,Insect,Creature
Sworn Defender,{2}{W}{W},4,W,D. Alexander Gregory,,Creature — Human Knight,"{1}: Sworn Defender's power becomes the toughness of target creature blocking or being blocked by Sworn Defender minus 1 until end of turn, and Sworn Defender's toughness becomes 1 plus the power of that creature until end of turn.",ALL,,normal,3217,1,3,Rare,"Human,Knight",Creature
Taste of Paradise,{3}{G},4,G,Lawrence Snelly,,Sorcery,"As an additional cost to cast Taste of Paradise, you may pay {1}{G} any number of times.\nYou gain 3 life plus an additional 3 life for each additional {1}{G} you paid.",ALL,"""There is, in each of us, the potential to heal and the gift of renewed life.""\n—Kaysa, Elder Druid of the Juniper Order",normal,3149,,,Common,,Sorcery
Taste of Paradise,{3}{G},4,G,Lawrence Snelly,,Sorcery,"As an additional cost to cast Taste of Paradise, you may pay {1}{G} any number of times.\nYou gain 3 life plus an additional 3 life for each additional {1}{G} you paid.",ALL,"""Any who drink of Freyalise's bounty drink the mead of rebirth.""\n—Kaysa, Elder Druid of the Juniper Order",normal,3150,,,Common,,Sorcery
Thawing Glaciers,,,,Jeff A. Menges,,Land,"Thawing Glaciers enters the battlefield tapped.\n{1}, {T}: Search your library for a basic land card, put that card onto the battlefield tapped, then shuffle your library. Return Thawing Glaciers to its owner's hand at the beginning of the next cleanup step.","ALL,pJGP,MED,VMA",,normal,3238,,,Rare,,Land
Thought Lash,{2}{U}{U},4,U,Mark Tedin,,Enchantment,"Cumulative upkeep—Exile the top card of your library. (At the beginning of your upkeep, put an age counter on this permanent, then sacrifice it unless you pay its upkeep cost for each age counter on it.)\nWhen a player doesn't pay Thought Lash's cumulative upkeep, that player exiles all cards from his or her library.\nExile the top card of your library: Prevent the next 1 damage that would be dealt to you this turn.","ALL,ME2",,normal,3123,,,Rare,,Enchantment
Tidal Control,{1}{U}{U},3,U,Randy Gallegos,,Enchantment,"Cumulative upkeep {2} (At the beginning of your upkeep, put an age counter on this permanent, then sacrifice it unless you pay its upkeep cost for each age counter on it.)\nPay 2 life or {2}: Counter target red or green spell. Any player may activate this ability.",ALL,,normal,3124,,,Rare,,Enchantment
Tornado,{4}{G},5,G,Susan Van Camp,,Enchantment,"Cumulative upkeep {G} (At the beginning of your upkeep, put an age counter on this permanent, then sacrifice it unless you pay its upkeep cost for each age counter on it.)\n{2}{G}, Pay 3 life for each velocity counter on Tornado: Destroy target permanent and put a velocity counter on Tornado. Activate this ability only once each turn.","ALL,MED",,normal,3151,,,Rare,,Enchantment
Undergrowth,{G},1,"G,R",Pat Morrissey,,Instant,"As an additional cost to cast Undergrowth, you may pay {2}{R}.\nPrevent all combat damage that would be dealt this turn. If its additional cost was paid, Undergrowth doesn't affect combat damage that would be dealt by red creatures.",ALL,"""It is the work of sorcery. Burn it!"" —Taaveti of Kelsinko, Elvish Hunter",normal,3152,,,Common,,Instant
Undergrowth,{G},1,"G,R",Pat Morrissey,,Instant,"As an additional cost to cast Undergrowth, you may pay {2}{R}.\nPrevent all combat damage that would be dealt this turn. If its additional cost was paid, Undergrowth doesn't affect combat damage that would be dealt by red creatures.",ALL,"""The art of war is turning obstacle to advantage."" —Jaeuhl Carthalion, Juniper Order Advocate",normal,3153,,,Common,,Instant
Unlikely Alliance,{1}{W},2,W,Phil Foglio,,Enchantment,"{1}{W}: Target nonattacking, nonblocking creature gets +0/+2 until end of turn.",ALL,"""Strange alliances are alliances still, and provide the same protection.""\n—King Darien of Kjeldor",normal,3218,,,Uncommon,,Enchantment
Urza's Engine,{5},5,,Greg Simanson,,Artifact Creature — Juggernaut,"Trample\n{3}: Urza's Engine gains banding until end of turn. (Any creatures with banding, and up to one without, can attack in a band. Bands are blocked as a group. If any creatures with banding you control are blocking or being blocked by a creature, you divide that creature's combat damage, not its controller, among any of the creatures it's being blocked by or is blocking.)\n{3}: Attacking creatures banded with Urza's Engine gain trample until end of turn.",ALL,"""Humans and machines working together can be fearsome indeed!"" —Arcum Dagsson",normal,3064,1,5,Uncommon,Juggernaut,"Artifact,Creature"
Varchild's Crusader,{3}{R},4,R,Mark Poole,,Creature — Human Knight,{0}: Varchild's Crusader can't be blocked this turn except by Walls. Sacrifice Varchild's Crusader at the beginning of the next end step.,"ALL,ME2","""Every patch of land must belong to Kjeldor, no matter what the cost!""\n—General Varchild",normal,3185,3,2,Common,"Human,Knight",Creature
Varchild's Crusader,{3}{R},4,R,Mark Poole,,Creature — Human Knight,{0}: Varchild's Crusader can't be blocked this turn except by Walls. Sacrifice Varchild's Crusader at the beginning of the next end step.,"ALL,ME2","""We could have peace, but Varchild would rather have the maps of the new Kjeldor drawn in Balduvian blood."" —King Darien of Kjeldor",normal,3186,3,2,Common,"Human,Knight",Creature
Varchild's War-Riders,{1}{R},2,R,Susan Van Camp,,Creature — Human Warrior,"Cumulative upkeep—Have an opponent put a 1/1 red Survivor creature token onto the battlefield. (At the beginning of your upkeep, put an age counter on this permanent, then sacrifice it unless you pay its upkeep cost for each age counter on it.)\nTrample; rampage 1 (Whenever this creature becomes blocked, it gets +1/+1 until end of turn for each creature blocking it beyond the first.)","ALL,MED","""What tries to crush our spirit only strengthens our resolve."" —Lovisa Coldeyes, Balduvian Chieftain",normal,3187,3,4,Rare,"Human,Warrior",Creature
Veteran's Voice,{R},1,R,Andi Rusu,,Enchantment — Aura,Enchant creature you control\nTap enchanted creature: Target creature other than the creature tapped this way gets +2/+1 until end of turn. Activate this ability only if enchanted creature is untapped.,ALL,"""Teach by example. If your students do not survive, they were not worth the lesson.""\n—General Varchild",normal,3188,,,Common,Aura,Enchantment
Veteran's Voice,{R},1,R,Andi Rusu,,Enchantment — Aura,Enchant creature you control\nTap enchanted creature: Target creature other than the creature tapped this way gets +2/+1 until end of turn. Activate this ability only if enchanted creature is untapped.,ALL,"""Good soldiers rely first upon their training, then upon their instincts."" —King Darien of Kjeldor",normal,3189,,,Common,Aura,Enchantment
Viscerid Armor,{1}{U},2,U,Heather Hudson,,Enchantment — Aura,Enchant creature\nEnchanted creature gets +1/+1.\n{1}{U}: Return Viscerid Armor to its owner's hand.,"ALL,ME2",One Viscerid's death is often another's gain.,normal,3125,,,Common,Aura,Enchantment
Viscerid Armor,{1}{U},2,U,Heather Hudson,,Enchantment — Aura,Enchant creature\nEnchanted creature gets +1/+1.\n{1}{U}: Return Viscerid Armor to its owner's hand.,"ALL,ME2",A fallen Viscerid's only tribute is to be worn by a comrade.,normal,3126,,,Common,Aura,Enchantment
Viscerid Drone,{1}{U},2,U,Heather Hudson,,Creature — Homarid Drone,"{T}, Sacrifice a creature and a Swamp: Destroy target nonartifact creature. It can't be regenerated.\n{T}, Sacrifice a creature and a snow Swamp: Destroy target creature. It can't be regenerated.","ALL,CST,ME2",Not all of Terisiare's flooding was natural . . . .,normal,3127,1,2,Uncommon,"Homarid,Drone",Creature
Wandering Mage,{W}{U}{B},3,"W,U,B",Pete Venters,,Creature — Human Cleric Wizard,"{W}, Pay 1 life: Prevent the next 2 damage that would be dealt to target creature this turn.\n{U}: Prevent the next 1 damage that would be dealt to target Cleric or Wizard creature this turn.\n{B}, Put a -1/-1 counter on a creature you control: Prevent the next 2 damage that would be dealt to target player this turn.","ALL,ME3",,normal,3229,0,3,Rare,"Human,Cleric,Wizard",Creature
Whip Vine,{2}{G},3,G,L. A. Williams,,Creature — Plant Wall,Defender; reach (This creature can block creatures with flying.)\nYou may choose not to untap Whip Vine during your untap step.\n{T}: Tap target creature with flying blocked by Whip Vine. That creature doesn't untap during its controller's untap step for as long as Whip Vine remains tapped.,ALL,,normal,3154,1,4,Common,"Plant,Wall",Creature
Whip Vine,{2}{G},3,G,L. A. Williams,,Creature — Plant Wall,Defender; reach (This creature can block creatures with flying.)\nYou may choose not to untap Whip Vine during your untap step.\n{T}: Tap target creature with flying blocked by Whip Vine. That creature doesn't untap during its controller's untap step for as long as Whip Vine remains tapped.,ALL,,normal,3155,1,4,Common,"Plant,Wall",Creature
Whirling Catapult,{4},4,,Dan Frazier,,Artifact,"{2}, Exile the top two cards of your library: Whirling Catapult deals 1 damage to each creature with flying and each player.","ALL,ME2","""Direct confrontation never was to the Orcs' taste.""\n—General Varchild",normal,3065,,,Uncommon,,Artifact
Wild Aesthir,{2}{W},3,W,Greg Simanson,,Creature — Bird,"Flying, first strike\n{W}{W}: Wild Aesthir gets +2/+0 until end of turn. Activate this ability only once each turn.","ALL,ME4","""What Barbarian secrets do they spy from their lofty perch?""\n—General Varchild",normal,3219,1,1,Common,Bird,Creature
Wild Aesthir,{2}{W},3,W,Greg Simanson,,Creature — Bird,"Flying, first strike\n{W}{W}: Wild Aesthir gets +2/+0 until end of turn. Activate this ability only once each turn.","ALL,ME4","""High in the Karplusans, death is swift and razor-clawed.""\n—Arna Kennerüd, Skycaptain",normal,3220,1,1,Common,Bird,Creature
Winter's Night,{R}{G}{W},3,"W,R,G",Rob Alexander,,World Enchantment,"Whenever a player taps a snow land for mana, that player adds one mana to his or her mana pool of any type that land produced. That land doesn't untap during its controller's next untap step.","ALL,ME2",,normal,3230,,,Rare,,Enchantment
Yavimaya Ancients,{3}{G}{G},5,G,Quinton Hoover,,Creature — Treefolk,{G}: Yavimaya Ancients gets +1/-2 until end of turn.,"ALL,DKM,ME2","""The Ancients teach us that if we can but last, we shall prevail.""\n—Kaysa, Elder Druid of the Juniper Order",normal,3156,2,7,Common,Treefolk,Creature
Yavimaya Ancients,{3}{G}{G},5,G,Quinton Hoover,,Creature — Treefolk,{G}: Yavimaya Ancients gets +1/-2 until end of turn.,"ALL,DKM,ME2","""We orphans of Fyndhorn have found no welcome in this alien place.""\n—Taaveti of Kelsinko, Elvish Hunter",normal,3157,2,7,Common,Treefolk,Creature
Yavimaya Ants,{2}{G}{G},4,G,Pat Morrissey,,Creature — Insect,"Trample, haste\nCumulative upkeep {G}{G} (At the beginning of your upkeep, put an age counter on this permanent, then sacrifice it unless you pay its upkeep cost for each age counter on it.)","ALL,DKM,MED","""Few natural forces are as devastating as hunger.""\n—Kaysa, Elder Druid of the Juniper Order",normal,3158,5,1,Uncommon,Insect,Creature
