name,manaCost,cmc,colorIdentity,artist,number,type,text,printings,flavor,layout,multiverseid,power,toughness,rarity,subtypes,types
Day of Destiny,{3}{W},4,W,Daren Bader,1,Legendary Enchantment,Legendary creatures you control get +2/+2.,BOK,"""Rise like the sun, stand like the mountain, charge like the lion, die as a hero.""\n—General Takeno",normal,74517,,,Rare,,Enchantment
Empty-Shrine Kannushi,{W},1,W,Ron Spears,2,Creature — Human Cleric,Empty-Shrine Kannushi has protection from the colors of permanents you control.,BOK,"""Crease the folds, bend the paper, turn the spirits, shield the soul.""",normal,74513,1,1,Uncommon,"Human,Cleric",Creature
Faithful Squire,{1}{W}{W},3,W,Mark Zug,3a,Creature — Human Soldier,"Whenever you cast a Spirit or Arcane spell, you may put a ki counter on Faithful Squire.\nAt the beginning of the end step, if there are two or more ki counters on Faithful Squire, you may flip it.",BOK,,flip,74093,2,2,Uncommon,"Human,Soldier",Creature
"Kaiso, Memory of Loyalty",{1}{W}{W},3,W,Mark Zug,3b,Legendary Creature — Spirit,"Flying\nRemove a ki counter from Kaiso, Memory of Loyalty: Prevent all damage that would be dealt to target creature this turn.",BOK,,flip,74093,3,4,Uncommon,Spirit,Creature
Final Judgment,{4}{W}{W},6,W,Kev Walker,4,Sorcery,Exile all creatures.,BOK,"""The clashing warriors turned to face O-Kagachi, the greatest kami, and their sigh of awe was their last breath.""\n—Great Battles of Kamigawa",normal,81991,,,Rare,,Sorcery
Genju of the Fields,{W},1,W,Greg Staples,5,Enchantment — Aura,"Enchant Plains\n{2}: Until end of turn, enchanted Plains becomes a 2/5 white Spirit creature with ""Whenever this creature deals damage, its controller gains that much life."" It's still a land.\nWhen enchanted Plains is put into a graveyard, you may return Genju of the Fields from your graveyard to your hand.",BOK,,normal,74087,,,Uncommon,Aura,Enchantment
Heart of Light,{2}{W},3,W,Luca Zontini,6,Enchantment — Aura,Enchant creature (Target a creature as you cast this. This card enters the battlefield attached to that creature.)\nPrevent all damage that would be dealt to and dealt by enchanted creature.,"BOK,10E","""There is a shining in the mortal heart that even the kami cannot reach.""\n—Sensei Golden-Tail",normal,81982,,,Common,Aura,Enchantment
"Hokori, Dust Drinker",{2}{W}{W},4,W,Darrell Riche,7,Legendary Creature — Spirit,"Lands don't untap during their controllers' untap steps.\nAt the beginning of each player's upkeep, that player untaps a land he or she controls.",BOK,,normal,74647,2,2,Rare,Spirit,Creature
Hundred-Talon Strike,{W},1,W,Matt Cavotta,8,Instant — Arcane,"Target creature gets +1/+0 and gains first strike until end of turn.\nSplice onto Arcane—Tap an untapped white creature you control. (As you cast an Arcane spell, you may reveal this card from your hand and pay its splice cost. If you do, add this card's effects to that spell.)",BOK,,normal,74581,,,Common,Arcane,Instant
Indebted Samurai,{3}{W},4,W,Carl Critchlow,9,Creature — Human Samurai,"Bushido 1 (Whenever this creature blocks or becomes blocked, it gets +1/+1 until end of turn.)\nWhenever a Samurai you control dies, you may put a +1/+1 counter on Indebted Samurai.",BOK,"""Forgive me, Saburo. I could not save you. But your blade will not rest in my hand.""",normal,74091,2,3,Uncommon,"Human,Samurai",Creature
Kami of False Hope,{W},1,W,Daren Bader,10,Creature — Spirit,Sacrifice Kami of False Hope: Prevent all combat damage that would be dealt this turn.,BOK,"""Across the rift of battle, a bridge of gossamer. And for one moment, it holds.""\n—Snow-Fur, kitsune poet",normal,74097,1,1,Common,Spirit,Creature
Kami of Tattered Shoji,{4}{W},5,W,Shishizaru,11,Creature — Spirit,"Whenever you cast a Spirit or Arcane spell, Kami of Tattered Shoji gains flying until end of turn.",BOK,"It remembered all the shadows lantern-cast upon its paper wings, and sometimes those silhouettes played across its shape again, acting out silent tragedies.",normal,74460,2,5,Common,Spirit,Creature
Kami of the Honored Dead,{5}{W}{W},7,W,Mark Zug,12,Creature — Spirit,"Flying\nWhenever Kami of the Honored Dead is dealt damage, you gain that much life.\nSoulshift 6 (When this creature dies, you may return target Spirit card with converted mana cost 6 or less from your graveyard to your hand.)",BOK,,normal,81977,3,5,Uncommon,Spirit,Creature
"Kentaro, the Smiling Cat",{1}{W},2,W,Donato Giancola,13,Legendary Creature — Human Samurai,"Bushido 1 (Whenever this creature blocks or becomes blocked, it gets +1/+1 until end of turn.)\nYou may pay {X} rather than pay the mana cost for Samurai spells you cast, where X is that spell's converted mana cost.",BOK,"""The bonds of bushido will draw the dishonored back someday, and I will be there waiting.""",normal,81968,2,1,Rare,"Human,Samurai",Creature
Kitsune Palliator,{2}{W},3,W,Dave Dorman,14,Creature — Fox Cleric,{T}: Prevent the next 1 damage that would be dealt to each creature and each player this turn.,BOK,"""Who am I to judge who is deserving and who is not? That is a question for lords, not healers.""",normal,74603,0,2,Uncommon,"Fox,Cleric",Creature
Mending Hands,{W},1,W,Douglas Shuler,15,Instant,Prevent the next 4 damage that would be dealt to target creature or player this turn.,"BOK,9ED","""I can staunch their blood, mend their flesh, and knit their bones. But I cannot restore their hope.""\n—Tender-Hand, kitsune healer",normal,74538,,,Common,,Instant
Moonlit Strider,{3}{W},4,W,John Avon,16,Creature — Spirit,"Sacrifice Moonlit Strider: Target creature you control gains protection from the color of your choice until end of turn.\nSoulshift 3 (When this creature dies, you may return target Spirit card with converted mana cost 3 or less from your graveyard to your hand.)","BOK,MM2",,normal,74028,1,4,Common,Spirit,Creature
"Opal-Eye, Konda's Yojimbo",{1}{W}{W},3,W,Greg Staples,17,Legendary Creature — Fox Samurai,"Defender (This creature can't attack.)\nBushido 1 (Whenever this creature blocks or becomes blocked, it gets +1/+1 until end of turn.)\n{T}: The next time a source of your choice would deal damage this turn, that damage is dealt to Opal-Eye, Konda's Yojimbo instead.\n{1}{W}: Prevent the next 1 damage that would be dealt to Opal-Eye this turn.",BOK,,normal,74655,1,4,Rare,"Fox,Samurai",Creature
"Oyobi, Who Split the Heavens",{6}{W},7,W,Christopher Moeller,18,Legendary Creature — Spirit,"Flying\nWhenever you cast a Spirit or Arcane spell, put a 3/3 white Spirit creature token with flying onto the battlefield.",BOK,Her angry call split the sky. From that rift descended her champions.,normal,74027,3,6,Rare,Spirit,Creature
Patron of the Kitsune,{4}{W}{W},6,W,Ben Thompson,19,Legendary Creature — Spirit,"Fox offering (You may cast this card any time you could cast an instant by sacrificing a Fox and paying the difference in mana costs between this and the sacrificed Fox. Mana cost includes color.)\nWhenever a creature attacks, you may gain 1 life.",BOK,,normal,74620,5,6,Rare,Spirit,Creature
Scour,{2}{W}{W},4,W,Ittoku,20,Instant,"Exile target enchantment. Search its controller's graveyard, hand, and library for all cards with the same name as that enchantment and exile them. Then that player shuffles his or her library.","UDS,BOK",,normal,74640,,,Uncommon,,Instant
Shining Shoal,{X}{W}{W},2,W,Ben Thompson,21,Instant — Arcane,You may exile a white card with converted mana cost X from your hand rather than pay Shining Shoal's mana cost.\nThe next X damage that a source of your choice would deal to you and/or creatures you control this turn is dealt to target creature or player instead.,BOK,,normal,74519,,,Rare,Arcane,Instant
Silverstorm Samurai,{4}{W}{W},6,W,Michael Sutfin,22,Creature — Fox Samurai,"Flash\nBushido 1 (Whenever this creature blocks or becomes blocked, it gets +1/+1 until end of turn.)",BOK,,normal,74545,3,3,Common,"Fox,Samurai",Creature
Split-Tail Miko,{1}{W},2,W,Kev Walker,23,Creature — Fox Cleric,"{W}, {T}: Prevent the next 2 damage that would be dealt to target creature or player this turn.",BOK,"""I wish there were no use for those with my talents. I wish that I could walk Kamigawa forgotten and unneeded, with no war wounds to heal and no broken bones to mend.""",normal,74493,1,1,Common,"Fox,Cleric",Creature
Takeno's Cavalry,{3}{W},4,W,Darrell Riche,24,Creature — Human Samurai Archer,"Bushido 1 (Whenever this creature blocks or becomes blocked, it gets +1/+1 until end of turn.)\n{T}: Takeno's Cavalry deals 1 damage to target attacking or blocking Spirit.",BOK,"At night he perfected his aim, shooting spiderwebs by starlight.",normal,74597,1,1,Common,"Human,Samurai,Archer",Creature
Tallowisp,{1}{W},2,W,Ron Spears,25,Creature — Spirit,"Whenever you cast a Spirit or Arcane spell, you may search your library for an Aura card with enchant creature, reveal it, and put it into your hand. If you do, shuffle your library.",BOK,"Isolated on its little candlewick, the kami never heard of the crime that drove its comrades to war.",normal,74412,1,3,Uncommon,Spirit,Creature
Terashi's Grasp,{2}{W},3,W,Mark Tedin,26,Sorcery — Arcane,Destroy target artifact or enchantment. You gain life equal to its converted mana cost.,"BOK,MMA,MM2","""The jeweler, the potter, the smith . . . They all imbue a bit of their souls into their creations. The kami destroy that crafted mortal shell and absorb the soul within.""\n—Noboru, master kitemaker",normal,74585,,,Common,Arcane,Sorcery
Terashi's Verdict,{1}{W},2,W,Ron Spears,27,Instant — Arcane,Destroy target attacking creature with power 3 or less.,BOK,It was as though the sky opened its eyes and found what it saw displeasing.,normal,74481,,,Uncommon,Arcane,Instant
Ward of Piety,{1}{W},2,W,Tim Hildebrandt,28,Enchantment — Aura,Enchant creature\n{1}{W}: The next 1 damage that would be dealt to enchanted creature this turn is dealt to target creature or player instead.,BOK,"Reluctant to strike at the kami directly, some kitsune trained in more passive fighting techniques.",normal,74610,,,Uncommon,Aura,Enchantment
Waxmane Baku,{2}{W},3,W,Greg Hildebrandt,29,Creature — Spirit,"Whenever you cast a Spirit or Arcane spell, you may put a ki counter on Waxmane Baku.\n{1}, Remove X ki counters from Waxmane Baku: Tap X target creatures.","BOK,MM2",,normal,74518,2,2,Common,Spirit,Creature
"Yomiji, Who Bars the Way",{5}{W}{W},7,W,Hideaki Takamura,30,Legendary Creature — Spirit,"Whenever a legendary permanent other than Yomiji, Who Bars the Way is put into a graveyard from the battlefield, return that card to its owner's hand.",BOK,"""As I died, I rejoiced. I would see my family again. But then I woke up back on the battlefield. Back in Kamigawa. Back in hell.""\n—Kenzo the Hardhearted",normal,74526,4,4,Rare,Spirit,Creature
Callow Jushi,{1}{U}{U},3,U,Tsutomu Kawade,31a,Creature — Human Wizard,"Whenever you cast a Spirit or Arcane spell, you may put a ki counter on Callow Jushi.\nAt the beginning of the end step, if there are two or more ki counters on Callow Jushi, you may flip it.",BOK,,flip,74489,2,2,Uncommon,"Human,Wizard",Creature
Jaraku the Interloper,{1}{U}{U},3,U,Tsutomu Kawade,31b,Legendary Creature — Spirit,Remove a ki counter from Jaraku the Interloper: Counter target spell unless its controller pays {2}.,BOK,,flip,74489,3,4,Uncommon,Spirit,Creature
"Chisei, Heart of Oceans",{2}{U}{U},4,U,Matt Cavotta,32,Legendary Creature — Spirit,"Flying\nAt the beginning of your upkeep, sacrifice Chisei, Heart of Oceans unless you remove a counter from a permanent you control.",BOK,,normal,74096,4,4,Rare,Spirit,Creature
Disrupting Shoal,{X}{U}{U},2,U,Scott M. Fischer,33,Instant — Arcane,You may exile a blue card with converted mana cost X from your hand rather than pay Disrupting Shoal's mana cost.\nCounter target spell if its converted mana cost is X.,BOK,,normal,74128,,,Rare,Arcane,Instant
Floodbringer,{1}{U},2,U,Ittoku,34,Creature — Moonfolk Wizard,"Flying\n{2}, Return a land you control to its owner's hand: Tap target land.",BOK,"""Such a small thing, a drop of water . . . And yet enough of them together can flood a field, cleanse a mire, or choke a forest.""",normal,74637,1,2,Common,"Moonfolk,Wizard",Creature
Genju of the Falls,{U},1,U,Glen Angus,35,Enchantment — Aura,"Enchant Island\n{2}: Enchanted Island becomes a 3/2 blue Spirit creature with flying until end of turn. It's still a land.\nWhen enchanted Island is put into a graveyard, you may return Genju of the Falls from your graveyard to your hand.",BOK,,normal,74582,,,Uncommon,Aura,Enchantment
Heed the Mists,{3}{U}{U},5,U,Christopher Rush,36,Sorcery — Arcane,"Put the top card of your library into your graveyard, then draw cards equal to that card's converted mana cost.",BOK,"""Once, I looked to the mists for wisdom. Now I wish only for understanding.""",normal,74660,,,Uncommon,Arcane,Sorcery
"Higure, the Still Wind",{3}{U}{U},5,U,Christopher Moeller,37,Legendary Creature — Human Ninja,"Ninjutsu {2}{U}{U} ({2}{U}{U}, Return an unblocked attacker you control to hand: Put this card onto the battlefield from your hand tapped and attacking.)\nWhenever Higure, the Still Wind deals combat damage to a player, you may search your library for a Ninja card, reveal it, and put it into your hand. If you do, shuffle your library.\n{2}: Target Ninja creature can't be blocked this turn.","BOK,PC2",,normal,74448,3,4,Rare,"Human,Ninja",Creature
Jetting Glasskite,{4}{U}{U},6,U,Shishizaru,38,Creature — Spirit,"Flying\nWhenever Jetting Glasskite becomes the target of a spell or ability for the first time in a turn, counter that spell or ability.","BOK,CNS,EMA","The bolt struck with a flash and there was a terrible sound, as of glass shattering, but the creature was unharmed.",normal,81976,4,4,Uncommon,Spirit,Creature
Kaijin of the Vanishing Touch,{1}{U},2,U,Randy Gallegos,39,Creature — Spirit,"Defender (This creature can't attack.)\nWhenever Kaijin of the Vanishing Touch blocks a creature, return that creature to its owner's hand at end of combat. (Return it only if it's on the battlefield.)",BOK,"When it's finished, all that's left of you is a ripple on a still pond.",normal,74443,0,3,Uncommon,Spirit,Creature
"Kira, Great Glass-Spinner",{1}{U}{U},3,U,Kev Walker,40,Legendary Creature — Spirit,"Flying\nCreatures you control have ""Whenever this creature becomes the target of a spell or ability for the first time in a turn, counter that spell or ability.""","BOK,MMA","Each spell is an intricate tapestry, and Kira is the great unraveler.",normal,74445,2,2,Rare,Spirit,Creature
Minamo Sightbender,{1}{U},2,U,Luca Zontini,41,Creature — Human Wizard,"{X}, {T}: Target creature with power X or less can't be blocked this turn.","BOK,DDI","Woven from threads of the spirit world, the mistcloak rendered its wearer invisible, but quickly fell to tatters.",normal,74600,1,2,Uncommon,"Human,Wizard",Creature
Minamo's Meddling,{2}{U}{U},4,U,Alex Horley-Orlandelli,42,Instant,"Counter target spell. That spell's controller reveals his or her hand, then discards each card with the same name as a card spliced onto that spell.",BOK,"Like storm water through the segments of bamboo, the spell followed the links of magic. Then it destroyed them.",normal,74665,,,Common,,Instant
Mistblade Shinobi,{2}{U},3,U,Kev Walker,43,Creature — Human Ninja,"Ninjutsu {U} ({U}, Return an unblocked attacker you control to hand: Put this card onto the battlefield from your hand tapped and attacking.)\nWhenever Mistblade Shinobi deals combat damage to a player, you may return target creature that player controls to its owner's hand.","BOK,PC2",,normal,74084,1,1,Common,"Human,Ninja",Creature
Ninja of the Deep Hours,{3}{U},4,U,Dan Scott,44,Creature — Human Ninja,"Ninjutsu {1}{U} ({1}{U}, Return an unblocked attacker you control to hand: Put this card onto the battlefield from your hand tapped and attacking.)\nWhenever Ninja of the Deep Hours deals combat damage to a player, you may draw a card.","BOK,PC2,C15",,normal,74587,2,2,Common,"Human,Ninja",Creature
Patron of the Moon,{5}{U}{U},7,U,Scott M. Fischer,45,Legendary Creature — Spirit,Moonfolk offering (You may cast this card any time you could cast an instant by sacrificing a Moonfolk and paying the difference in mana costs between this and the sacrificed Moonfolk. Mana cost includes color.)\nFlying\n{1}: Put up to two land cards from your hand onto the battlefield tapped.,BOK,,normal,74669,5,4,Rare,Spirit,Creature
Phantom Wings,{1}{U},2,U,Greg Staples,46,Enchantment — Aura,Enchant creature\nEnchanted creature has flying.\nSacrifice Phantom Wings: Return enchanted creature to its owner's hand.,"WTH,BOK","Many kami could fly, which put some warriors at a distinct disadvantage. The mages of Minamo took it upon themselves to correct that imbalance.",normal,74496,,,Common,Aura,Enchantment
Quash,{2}{U}{U},4,U,Shishizaru,47,Instant,"Counter target instant or sorcery spell. Search its controller's graveyard, hand, and library for all cards with the same name as that spell and exile them. Then that player shuffles his or her library.","UDS,BOK",,normal,74500,,,Uncommon,,Instant
Quillmane Baku,{4}{U},5,U,David Martin,48,Creature — Spirit,"Whenever you cast a Spirit or Arcane spell, you may put a ki counter on Quillmane Baku.\n{1}, {T}, Remove X ki counters from Quillmane Baku: Return target creature with converted mana cost X or less to its owner's hand.",BOK,,normal,74657,3,3,Common,Spirit,Creature
Reduce to Dreams,{3}{U}{U},5,U,Daren Bader,49,Sorcery,Return all artifacts and enchantments to their owners' hands.,BOK,"""This world is a dream. We cling to our toys like children, but sooner or later we must learn to live without them.""\n—Sensei Hisoka",normal,74110,,,Rare,,Sorcery
Ribbons of the Reikai,{4}{U},5,U,Martina Pilcerova,50,Sorcery — Arcane,Draw a card for each Spirit you control.,BOK,"""If wisdom is a river, then we cup our hands, reach in, and drink from it in sips. The kami, however, are like fish, swimming, breathing, surrounded in its presence.""\n—Dosan the Falling Leaf",normal,74532,,,Common,Arcane,Sorcery
Shimmering Glasskite,{3}{U},4,U,John Avon,51,Creature — Spirit,"Flying\nWhenever Shimmering Glasskite becomes the target of a spell or ability for the first time in a turn, counter that spell or ability.",BOK,"A child's whisper could crack its shell, but not even an oni's scream could penetrate it.",normal,81978,2,3,Common,Spirit,Creature
Soratami Mindsweeper,{3}{U},4,U,Alex Horley-Orlandelli,52,Creature — Moonfolk Wizard,"Flying\n{2}, Return a land you control to its owner's hand: Target player puts the top two cards of his or her library into his or her graveyard.",BOK,,normal,73995,1,4,Uncommon,"Moonfolk,Wizard",Creature
Stream of Consciousness,{1}{U},2,U,John Avon,53,Instant — Arcane,Target player shuffles up to four target cards from his or her graveyard into his or her library.,BOK,"""All things return to their beginnings. The waters that spill across the Kamitaki Falls flow to sea, only to be returned to her as the rain that joins the mighty river.""\n—Dosan the Falling Leaf",normal,73997,,,Uncommon,Arcane,Instant
Sway of the Stars,{8}{U}{U},10,U,Randy Gallegos,54,Sorcery,"Each player shuffles his or her hand, graveyard, and permanents he or she owns into his or her library, then draws seven cards. Each player's life total becomes 7.",BOK,,normal,74034,,,Rare,,Sorcery
Teardrop Kami,{U},1,U,Michael Sutfin,55,Creature — Spirit,Sacrifice Teardrop Kami: You may tap or untap target creature.,BOK,"""Do not fall into the trap of thinking you understand the kami. Cannot a drop of water be dew on the meadow, a glacier's thaw, or the tear of a child?""\n—Sensei Hisoka",normal,74458,1,1,Common,Spirit,Creature
Threads of Disloyalty,{1}{U}{U},3,U,Anthony S. Waters,56,Enchantment — Aura,Enchant creature with converted mana cost 2 or less\nYou control enchanted creature.,BOK,"""Over time, Konda grew ever more suspicious, fearing even his most loyal allies were being manipulated by unseen hands.""\n—The History of Kamigawa",normal,74652,,,Rare,Aura,Enchantment
Toils of Night and Day,{2}{U},3,U,Matt Cavotta,57,Instant — Arcane,"You may tap or untap target permanent, then you may tap or untap another target permanent.",BOK,"""The war sent Kamigawa into turmoil. Here it was spring and there winter. For some, time stood still, while for others, moments flashed past like minnows in a pond.""\n—Observations of the Kami War",normal,74113,,,Common,Arcane,Instant
"Tomorrow, Azami's Familiar",{5}{U},6,U,Christopher Rush,58,Legendary Creature — Spirit,"If you would draw a card, look at the top three cards of your library instead. Put one of those cards into your hand and the rest on the bottom of your library in any order.",BOK,,normal,74447,1,5,Rare,Spirit,Creature
Veil of Secrecy,{1}{U},2,U,Arnie Swekel,59,Instant — Arcane,"Target creature gains shroud until end of turn and can't be blocked this turn. (A creature with shroud can't be the target of spells or abilities.)\nSplice onto Arcane—Return a blue creature you control to its owner's hand. (As you cast an Arcane spell, you may reveal this card from your hand and pay its splice cost. If you do, add this card's effects to that spell.)",BOK,,normal,74515,,,Common,Arcane,Instant
Walker of Secret Ways,{2}{U},3,U,Scott M. Fischer,60,Creature — Human Ninja,"Ninjutsu {1}{U} ({1}{U}, Return an unblocked attacker you control to hand: Put this card onto the battlefield from your hand tapped and attacking.)\nWhenever Walker of Secret Ways deals combat damage to a player, look at that player's hand.\n{1}{U}: Return target Ninja you control to its owner's hand. Activate this ability only during your turn.","BOK,PC2",,normal,74033,1,2,Uncommon,"Human,Ninja",Creature
Bile Urchin,{B},1,B,Dany Orizio,61,Creature — Spirit,Sacrifice Bile Urchin: Target player loses 1 life.,BOK,"""The two youths argued and tempers flared. One youth opened his mouth to utter a vile curse, but what he spat out instead was a kami of poison and filth.""\n—Sensei Golden-Tail",normal,74427,1,1,Common,Spirit,Creature
Blessing of Leeches,{2}{B},3,B,Rebecca Guay,62,Enchantment — Aura,"Flash\nEnchant creature\nAt the beginning of your upkeep, you lose 1 life.\n{0}: Regenerate enchanted creature.",BOK,,normal,74417,,,Common,Aura,Enchantment
Call for Blood,{4}{B},5,B,Carl Critchlow,63,Instant — Arcane,"As an additional cost to cast Call for Blood, sacrifice a creature.\nTarget creature gets -X/-X until end of turn, where X is the sacrificed creature's power.",BOK,,normal,74616,,,Common,Arcane,Instant
Crawling Filth,{5}{B},6,B,Martina Pilcerova,64,Creature — Spirit,"Fear (This creature can't be blocked except by artifact creatures and/or black creatures.)\nSoulshift 5 (When this creature dies, you may return target Spirit card with converted mana cost 5 or less from your graveyard to your hand.)",BOK,,normal,74032,2,2,Common,Spirit,Creature
Eradicate,{2}{B}{B},4,B,Glen Angus,65,Sorcery,"Exile target nonblack creature. Search its controller's graveyard, hand, and library for all cards with the same name as that creature and exile them. Then that player shuffles his or her library.","UDS,BOK",,normal,74546,,,Uncommon,,Sorcery
Genju of the Fens,{B},1,B,Tsutomu Kawade,66,Enchantment — Aura,"Enchant Swamp\n{2}: Until end of turn, enchanted Swamp becomes a 2/2 black Spirit creature with ""{B}: This creature gets +1/+1 until end of turn."" It's still a land.\nWhen enchanted Swamp is put into a graveyard, you may return Genju of the Fens from your graveyard to your hand.","BOK,DDD,DD3_GVL",,normal,74035,,,Uncommon,Aura,Enchantment
Goryo's Vengeance,{1}{B},2,B,Ittoku,67,Instant — Arcane,"Return target legendary creature card from your graveyard to the battlefield. That creature gains haste. Exile it at the beginning of the next end step.\nSplice onto Arcane {2}{B} (As you cast an Arcane spell, you may reveal this card from your hand and pay its splice cost. If you do, add this card's effects to that spell.)",BOK,,normal,74475,,,Rare,Arcane,Instant
Hero's Demise,{1}{B},2,B,Jim Nelson,68,Instant,Destroy target legendary creature.,BOK,"""What will it say on our graves, Lord Konda? Will it say we led our world to conquer immortal forces or that we were crushed by our own arrogance? At each defeat, I wonder.""\n—Sensei Hisoka, letter to Lord Konda",normal,74465,,,Rare,,Instant
Hired Muscle,{1}{B}{B},3,B,Arnie Swekel,69a,Creature — Human Warrior,"Whenever you cast a Spirit or Arcane spell, you may put a ki counter on Hired Muscle.\nAt the beginning of the end step, if there are two or more ki counters on Hired Muscle, you may flip it.",BOK,,flip,74476,2,2,Uncommon,"Human,Warrior",Creature
Scarmaker,{1}{B}{B},3,B,Arnie Swekel,69b,Legendary Creature — Spirit,Remove a ki counter from Scarmaker: Target creature gains fear until end of turn. (It can't be blocked except by artifact creatures and/or black creatures.),BOK,,flip,74476,4,4,Uncommon,Spirit,Creature
Horobi's Whisper,{1}{B}{B},3,B,Aleksi Briclot,70,Instant — Arcane,"If you control a Swamp, destroy target nonblack creature.\nSplice onto Arcane—Exile four cards from your graveyard. (As you cast an Arcane spell, you may reveal this card from your hand and pay its splice cost. If you do, add this card's effects to that spell.)","BOK,MMA",,normal,74590,,,Common,Arcane,Instant
"Ink-Eyes, Servant of Oni",{4}{B}{B},6,B,Wayne Reynolds,71,Legendary Creature — Rat Ninja,"Ninjutsu {3}{B}{B} ({3}{B}{B}, Return an unblocked attacker you control to hand: Put this card onto the battlefield from your hand tapped and attacking.)\nWhenever Ink-Eyes, Servant of Oni deals combat damage to a player, you may put target creature card from that player's graveyard onto the battlefield under your control.\n{1}{B}: Regenerate Ink-Eyes.","pPRE,BOK,PC2,V13",,normal,74626,5,4,Rare,"Rat,Ninja",Creature
"Kyoki, Sanity's Eclipse",{4}{B}{B},6,B,Paolo Parente,72,Legendary Creature — Demon Spirit,"Whenever you cast a Spirit or Arcane spell, target opponent exiles a card from his or her hand.",BOK,"""Kyoki, Eater of Minds, Corrupter of Thoughts, Bringer of Madness, Lord of Fear. Return, by our blood, and walk again.""\n—Ogre chant",normal,74552,6,4,Rare,"Demon,Spirit",Creature
Mark of the Oni,{2}{B},3,B,Heather Hudson,73,Enchantment — Aura,"Enchant creature\nYou control enchanted creature.\nAt the beginning of the end step, if you control no Demons, sacrifice Mark of the Oni.",BOK,"""As more oni walked Kamigawa, more darkness infested its inhabitants' souls.""\n—The History of Kamigawa",normal,74006,,,Uncommon,Aura,Enchantment
Nezumi Shadow-Watcher,{B},1,B,Pete Venters,74,Creature — Rat Warrior,Sacrifice Nezumi Shadow-Watcher: Destroy target Ninja.,BOK,"""The Okiba Gang! Night-cursed thieves and assassins! I've had enough of their meddling! Triple the guard!""\n—Marrow-Gnawer",normal,74467,1,1,Uncommon,"Rat,Warrior",Creature
Ogre Marauder,{1}{B}{B},3,B,Adam Rex,75,Creature — Ogre Warrior,"Whenever Ogre Marauder attacks, it gains ""Ogre Marauder can't be blocked"" until end of turn unless defending player sacrifices a creature.",BOK,"Once freed, the oni demanded more and more sacrifices to appease them. The ogres happily obliged.",normal,74594,3,1,Uncommon,"Ogre,Warrior",Creature
Okiba-Gang Shinobi,{3}{B}{B},5,B,Mark Zug,76,Creature — Rat Ninja,"Ninjutsu {3}{B} ({3}{B}, Return an unblocked attacker you control to hand: Put this card onto the battlefield from your hand tapped and attacking.)\nWhenever Okiba-Gang Shinobi deals combat damage to a player, that player discards two cards.","BOK,PC2",,normal,74576,3,2,Common,"Rat,Ninja",Creature
Patron of the Nezumi,{5}{B}{B},7,B,Kev Walker,77,Legendary Creature — Spirit,"Rat offering (You may cast this card any time you could cast an instant by sacrificing a Rat and paying the difference in mana costs between this and the sacrificed Rat. Mana cost includes color.)\nWhenever a permanent is put into an opponent's graveyard, that player loses 1 life.","BOK,CMD",,normal,74646,6,6,Rare,Spirit,Creature
Psychic Spear,{B},1,B,Ron Spears,78,Sorcery,Target player reveals his or her hand. You choose a Spirit or Arcane card from it. That player discards that card.,BOK,"""The wizards of Takenuma Swamp faced the horrors of humanity every day. It's no wonder they fared so well against the kami.""\n—Observations of the Kami War",normal,74554,,,Common,,Sorcery
Pus Kami,{5}{B}{B},7,B,Dave Allsop,79,Creature — Spirit,"{B}, Sacrifice Pus Kami: Destroy target nonblack creature.\nSoulshift 6 (When this creature dies, you may return target Spirit card with converted mana cost 6 or less from your graveyard to your hand.)",BOK,,normal,74124,3,3,Uncommon,Spirit,Creature
Scourge of Numai,{3}{B},4,B,Arnie Swekel,80,Creature — Demon Spirit,"At the beginning of your upkeep, you lose 2 life if you don't control an Ogre.",BOK,"""Where a once-proud human city stood, only the ruins of Numai remain, deep amid rotting bamboo and plagued by oni.""\n—The History of Kamigawa",normal,74488,4,4,Uncommon,"Demon,Spirit",Creature
"Shirei, Shizo's Caretaker",{4}{B},5,B,Wayne Reynolds,81,Legendary Creature — Spirit,"Whenever a creature with power 1 or less is put into your graveyard from the battlefield, you may return that card to the battlefield at the beginning of the next end step if Shirei, Shizo's Caretaker is still on the battlefield.",BOK,,normal,81987,2,2,Rare,Spirit,Creature
Sickening Shoal,{X}{B}{B},2,B,Dan Scott,82,Instant — Arcane,You may exile a black card with converted mana cost X from your hand rather than pay Sickening Shoal's mana cost.\nTarget creature gets -X/-X until end of turn.,BOK,,normal,74127,,,Rare,Arcane,Instant
Skullmane Baku,{3}{B}{B},5,B,Tim Hildebrandt,83,Creature — Spirit,"Whenever you cast a Spirit or Arcane spell, you may put a ki counter on Skullmane Baku.\n{1}, {T}, Remove X ki counters from Skullmane Baku: Target creature gets -X/-X until end of turn.",BOK,,normal,74577,2,1,Common,Spirit,Creature
Skullsnatcher,{1}{B},2,B,Matt Cavotta,84,Creature — Rat Ninja,"Ninjutsu {B} ({B}, Return an unblocked attacker you control to hand: Put this card onto the battlefield from your hand tapped and attacking.)\nWhenever Skullsnatcher deals combat damage to a player, exile up to two target cards from that player's graveyard.","BOK,PC2",,normal,81983,2,1,Common,"Rat,Ninja",Creature
Stir the Grave,{X}{B},1,B,Jim Nelson,85,Sorcery,Return target creature card with converted mana cost X or less from your graveyard to the battlefield.,BOK,"""Your lungs may not draw breath, but while your hands can grip a sword, you will be useful to me.""\n—Nighteyes, nezumi necromancer",normal,74643,,,Common,,Sorcery
Takenuma Bleeder,{2}{B},3,B,Kev Walker,86,Creature — Ogre Shaman,"Whenever Takenuma Bleeder attacks or blocks, you lose 1 life if you don't control a Demon.",BOK,"""I prefer to weave my magic through oni blood, but yours will do in a pinch.""",normal,74095,3,3,Common,"Ogre,Shaman",Creature
Three Tragedies,{3}{B}{B},5,B,Darrell Riche,87,Sorcery — Arcane,Target player discards three cards.,BOK,"""As the kami passed over the village of Mita, the inhabitants relived their three most grievous tragedies. Some cried. Some raged. Some were driven to madness. But the next morning, none possessed the will to fight.""\n—Observations of the Kami War",normal,74117,,,Uncommon,Arcane,Sorcery
Throat Slitter,{4}{B},5,B,Paolo Parente,88,Creature — Rat Ninja,"Ninjutsu {2}{B} ({2}{B}, Return an unblocked attacker you control to hand: Put this card onto the battlefield from your hand tapped and attacking.)\nWhenever Throat Slitter deals combat damage to a player, destroy target nonblack creature that player controls.","BOK,PC2",,normal,74108,2,2,Uncommon,"Rat,Ninja",Creature
Toshiro Umezawa,{1}{B}{B},3,B,Christopher Moeller,89,Legendary Creature — Human Samurai,"Bushido 1 (Whenever this creature blocks or becomes blocked, it gets +1/+1 until end of turn.)\nWhenever a creature an opponent controls dies, you may cast target instant card from your graveyard. If that card would be put into a graveyard this turn, exile it instead.",BOK,,normal,74431,2,2,Rare,"Human,Samurai",Creature
"Yukora, the Prisoner",{2}{B}{B},4,B,Tony Szczudlo,90,Legendary Creature — Demon Spirit,"When Yukora, the Prisoner leaves the battlefield, sacrifice all non-Ogre creatures you control.",BOK,"It took ninety-nine monks to weave the spell that trapped Yukora. Upon the death of the ninety-nine, the spell was broken, and the demon returned to the mortal world seeking vengeance for its imprisonment.",normal,74510,5,5,Rare,"Demon,Spirit",Creature
Akki Blizzard-Herder,{1}{R},2,R,Pete Venters,91,Creature — Goblin Shaman,"When Akki Blizzard-Herder dies, each player sacrifices a land.",BOK,"""It remains unclear whether the akki shamans could in fact create storms or simply predicted them.""\n—The History of Kamigawa",normal,74428,1,1,Common,"Goblin,Shaman",Creature
Akki Raider,{1}{R},2,R,Martina Pilcerova,92,Creature — Goblin Warrior,"Whenever a land is put into a graveyard from the battlefield, Akki Raider gets +1/+0 until end of turn.",BOK,"Akki were very territorial, attacking and destroying any settlements that came too close to their mountain homes. The more successful their raids, the bolder they became.",normal,74596,2,1,Uncommon,"Goblin,Warrior",Creature
Ashen Monstrosity,{5}{R}{R},7,R,Chris Appelhans,93,Creature — Spirit,Haste\nAshen Monstrosity attacks each turn if able.,BOK,"There was a dull thunder at the vanguard, then shocked cries in the midst of the column. Moments later, Takada, last of the rearguard, faced the kami alone.",normal,74469,7,4,Uncommon,Spirit,Creature
Aura Barbs,{2}{R},3,R,Aleksi Briclot,94,Instant — Arcane,"Each enchantment deals 2 damage to its controller, then each Aura attached to a creature deals 2 damage to the creature it's attached to.",BOK,,normal,74522,,,Uncommon,Arcane,Instant
Blademane Baku,{1}{R},2,R,"Edward P. Beard, Jr.",95,Creature — Spirit,"Whenever you cast a Spirit or Arcane spell, you may put a ki counter on Blademane Baku.\n{1}, Remove X ki counters from Blademane Baku: For each counter removed, Blademane Baku gets +2/+0 until end of turn.",BOK,,normal,74535,1,1,Common,Spirit,Creature
Blazing Shoal,{X}{R}{R},2,R,Glen Angus,96,Instant — Arcane,You may exile a red card with converted mana cost X from your hand rather than pay Blazing Shoal's mana cost.\nTarget creature gets +X/+0 until end of turn.,BOK,,normal,74441,,,Rare,Arcane,Instant
Clash of Realities,{3}{R},4,R,Jim Nelson,97,Enchantment,"All Spirits have ""When this permanent enters the battlefield, you may have it deal 3 damage to target non-Spirit creature.""\nNon-Spirit creatures have ""When this creature enters the battlefield, you may have it deal 3 damage to target Spirit creature.""",BOK,,normal,74598,,,Rare,,Enchantment
Crack the Earth,{R},1,R,Wayne Reynolds,98,Sorcery — Arcane,Each player sacrifices a permanent.,BOK,"""As the war progressed, the destruction the kami caused became more widespread and less predictable.""\n—Observations of the Kami War",normal,74480,,,Common,Arcane,Sorcery
Cunning Bandit,{1}{R}{R},3,R,Paolo Parente,99a,Creature — Human Warrior,"Whenever you cast a Spirit or Arcane spell, you may put a ki counter on Cunning Bandit.\nAt the beginning of the end step, if there are two or more ki counters on Cunning Bandit, you may flip it.",BOK,,flip,74671,2,2,Uncommon,"Human,Warrior",Creature
"Azamuki, Treachery Incarnate",{1}{R}{R},3,R,Paolo Parente,99b,Legendary Creature — Spirit,"Remove a ki counter from Azamuki, Treachery Incarnate: Gain control of target creature until end of turn.",BOK,,flip,74671,5,2,Uncommon,Spirit,Creature
First Volley,{1}{R},2,R,Glen Angus,100,Instant — Arcane,First Volley deals 1 damage to target creature and 1 damage to that creature's controller.,BOK,"""We searched their bodies for signs of the blades that had killed them, but found nothing more than scorched flesh.""\n—Tender-Hand, kitsune healer",normal,74451,,,Common,Arcane,Instant
Flames of the Blood Hand,{2}{R},3,R,Aleksi Briclot,101,Instant,"Flames of the Blood Hand deals 4 damage to target player. The damage can't be prevented. If that player would gain life this turn, that player gains no life instead.","BOK,PD2",Many ogres extracted blood oaths from the oni they summoned. Others simply extracted blood.,normal,74625,,,Uncommon,,Instant
Frost Ogre,{3}{R}{R},5,R,Dan Scott,102,Creature — Ogre Warrior,,BOK,"Mountain ogres allowed blizzards to sheathe them in ice, both to reinforce their armor and to hide their pungent musk from potential prey.",normal,74589,5,3,Common,"Ogre,Warrior",Creature
Frostling,{R},1,R,Carl Critchlow,103,Creature — Spirit,Sacrifice Frostling: Frostling deals 1 damage to target creature.,BOK,Its bite will take off more than a toe.,normal,74621,1,1,Common,Spirit,Creature
Fumiko the Lowblood,{2}{R}{R},4,R,Michael Sutfin,104,Legendary Creature — Human Samurai,"Fumiko the Lowblood has bushido X, where X is the number of attacking creatures. (Whenever this creature blocks or becomes blocked, it gets +X/+X until end of turn.)\nCreatures your opponents control attack each turn if able.","BOK,C15",,normal,74534,3,2,Rare,"Human,Samurai",Creature
Genju of the Spires,{R},1,R,Joel Thomas,105,Enchantment — Aura,"Enchant Mountain\n{2}: Enchanted Mountain becomes a 6/1 red Spirit creature until end of turn. It's still a land.\nWhen enchanted Mountain is put into a graveyard, you may return Genju of the Spires from your graveyard to your hand.","pARL,BOK",,normal,74666,,,Uncommon,Aura,Enchantment
Goblin Cohort,{R},1,R,Darrell Riche,106,Creature — Goblin Warrior,Goblin Cohort can't attack unless you've cast a creature spell this turn.,"BOK,EVG,DD3_EVG",Akki shells provided good protection when downhill charging became headlong tumbling.,normal,74433,2,2,Common,"Goblin,Warrior",Creature
Heartless Hidetsugu,{3}{R}{R},5,R,Carl Critchlow,107,Legendary Creature — Ogre Shaman,"{T}: Heartless Hidetsugu deals damage to each player equal to half that player's life total, rounded down.","BOK,CNS","Hidetsugu held over a dozen oni in blood oath. At his touch, rocks scorched. At his word, cities burned.",normal,74572,4,3,Rare,"Ogre,Shaman",Creature
In the Web of War,{3}{R}{R},5,R,Ron Spencer,108,Enchantment,"Whenever a creature enters the battlefield under your control, it gets +2/+0 and gains haste until end of turn.",BOK,"""In desperation, Konda sent warriors to parley with the ogre-magi. No one knows whether they were slaughtered at Shinka or if they even reached its bloodstained walls.""\n—Observations of the Kami War",normal,74041,,,Rare,,Enchantment
Ire of Kaminari,{3}{R},4,R,Kev Walker,109,Instant — Arcane,Ire of Kaminari deals damage to target creature or player equal to the number of Arcane cards in your graveyard.,BOK,"""Thunder broke the brittle silence over the Araba. A surge of raw energy lifted the soldier's body into the air and briefly, in the heart of the flash, he saw the face of a god.""\n—Great Battles of Kamigawa",normal,74609,,,Common,Arcane,Instant
"Ishi-Ishi, Akki Crackshot",{1}{R},2,R,Christopher Rush,110,Legendary Creature — Goblin Warrior,"Whenever an opponent casts a Spirit or Arcane spell, Ishi-Ishi, Akki Crackshot deals 2 damage to that player.",BOK,"""Here fell Ishi-Ishi, King of the Flaming Pebbles, Scourge of the Mountain Kami, Lover of Goats. May his shell never burn.""\n—Cave inscription",normal,74636,1,1,Rare,"Goblin,Warrior",Creature
Kumano's Blessing,{2}{R},3,R,Keith Garletts,111,Enchantment — Aura,"Flash\nEnchant creature\nIf a creature dealt damage by enchanted creature this turn would die, exile it instead.",BOK,,normal,74573,,,Common,Aura,Enchantment
"Mannichi, the Fevered Dream",{2}{R},3,R,Martina Pilcerova,112,Legendary Creature — Spirit,{1}{R}: Switch each creature's power and toughness until end of turn.,BOK,"""Early in his reign, Konda fell ill. His head burned with fever, and he saw visions of his future. In them, he saw a spirit-child, and, in that child's eyes, a way to make his empire last forever.""\n—The History of Kamigawa",normal,74490,1,2,Rare,Spirit,Creature
Ogre Recluse,{3}{R},4,R,Jim Murray,113,Creature — Ogre Warrior,"Whenever a player casts a spell, tap Ogre Recluse.",BOK,"""Those ogres who did not embrace oni worship were cast out, cursed, and forced into hermitage, waiting for the day the oni would come for them.""\n—The History of Kamigawa",normal,74645,5,4,Uncommon,"Ogre,Warrior",Creature
Overblaze,{3}{R},4,R,Ron Spencer,114,Instant — Arcane,"Each time target permanent would deal damage to a creature or player this turn, it deals double that damage to that creature or player instead.\nSplice onto Arcane {2}{R}{R} (As you cast an Arcane spell, you may reveal this card from your hand and pay its splice cost. If you do, add this card's effects to that spell.)",BOK,,normal,81986,,,Uncommon,Arcane,Instant
Patron of the Akki,{4}{R}{R},6,R,Jim Nelson,115,Legendary Creature — Spirit,"Goblin offering (You may cast this card any time you could cast an instant by sacrificing a Goblin and paying the difference in mana costs between this and the sacrificed Goblin. Mana cost includes color.)\nWhenever Patron of the Akki attacks, creatures you control get +2/+0 until end of turn.",BOK,,normal,74109,5,5,Rare,Spirit,Creature
Ronin Cliffrider,{3}{R}{R},5,R,Dan Scott,116,Creature — Human Samurai,"Bushido 1 (Whenever this creature blocks or becomes blocked, it gets +1/+1 until end of turn.)\nWhenever Ronin Cliffrider attacks, you may have it deal 1 damage to each creature defending player controls.",BOK,,normal,74122,2,2,Uncommon,"Human,Samurai",Creature
Shinka Gatekeeper,{2}{R},3,R,Pete Venters,117,Creature — Ogre Warrior,"Whenever Shinka Gatekeeper is dealt damage, it deals that much damage to you.",BOK,"""Understanding is not a virtue of the ogre. Do not seek to reason your way into Shinka Keep.""\n—Kiku, Night's Flower",normal,74099,3,2,Common,"Ogre,Warrior",Creature
Sowing Salt,{2}{R}{R},4,R,Hideaki Takamura,118,Sorcery,"Exile target nonbasic land. Search its controller's graveyard, hand, and library for all cards with the same name as that land and exile them. Then that player shuffles his or her library.","UDS,BOK",,normal,74623,,,Uncommon,,Sorcery
Torrent of Stone,{3}{R},4,R,Greg Staples,119,Instant — Arcane,"Torrent of Stone deals 4 damage to target creature.\nSplice onto Arcane—Sacrifice two Mountains. (As you cast an Arcane spell, you may reveal this card from your hand and pay its splice cost. If you do, add this card's effects to that spell.)","BOK,MMA",,normal,81990,,,Common,Arcane,Instant
Twist Allegiance,{6}{R},7,R,Wayne Reynolds,120,Sorcery,You and target opponent each gain control of all creatures the other controls until end of turn. Untap those creatures. Those creatures gain haste until end of turn.,BOK,,normal,74023,,,Rare,,Sorcery
Body of Jukai,{7}{G}{G},9,G,Luca Zontini,121,Creature — Spirit,"Trample\nSoulshift 8 (When this creature dies, you may return target Spirit card with converted mana cost 8 or less from your graveyard to your hand.)",BOK,,normal,74613,8,5,Uncommon,Spirit,Creature
Budoka Pupil,{1}{G}{G},3,G,Shishizaru,122a,Creature — Human Monk,"Whenever you cast a Spirit or Arcane spell, you may put a ki counter on Budoka Pupil.\nAt the beginning of the end step, if there are two or more ki counters on Budoka Pupil, you may flip it.","pREL,BOK",,flip,74536,2,2,Uncommon,"Human,Monk",Creature
"Ichiga, Who Topples Oaks",{1}{G}{G},3,G,Shishizaru,122b,Legendary Creature — Spirit,"Trample\nRemove a ki counter from Ichiga, Who Topples Oaks: Target creature gets +2/+2 until end of turn.","pREL,BOK",,flip,74536,4,3,Uncommon,Spirit,Creature
Child of Thorns,{G},1,G,Jeff Easley,123,Creature — Spirit,Sacrifice Child of Thorns: Target creature gets +1/+1 until end of turn.,BOK,"""The soratami scoff at the perils of Jukai, calling the forest an ‘unruly garden.' Perhaps we should send them a rose such as this.""\n—Dokai, Weaver of Life",normal,74461,1,1,Common,Spirit,Creature
Enshrined Memories,{X}{G},1,G,Jeff Easley,124,Sorcery,Reveal the top X cards of your library. Put all creature cards revealed this way into your hand and the rest on the bottom of your library in any order.,BOK,"""The race is run in the mind before the first step is taken.""\n—Dosan the Falling Leaf",normal,81998,,,Rare,,Sorcery
Forked-Branch Garami,{3}{G}{G},5,G,Dany Orizio,125,Creature — Spirit,"Soulshift 4, soulshift 4 (When this creature dies, you may return up to two target Spirit cards with converted mana cost 4 or less from your graveyard to your hand.)",BOK,,normal,74410,4,4,Uncommon,Spirit,Creature
Genju of the Cedars,{G},1,G,Arnie Swekel,126,Enchantment — Aura,"Enchant Forest\n{2}: Enchanted Forest becomes a 4/4 green Spirit creature until end of turn. It's still a land.\nWhen enchanted Forest is put into a graveyard, you may return Genju of the Cedars from your graveyard to your hand.","BOK,DDD,DD3_GVL",,normal,74424,,,Uncommon,Aura,Enchantment
Gnarled Mass,{1}{G}{G},3,G,Tony Szczudlo,127,Creature — Spirit,,BOK,"""On the fifty-seventh day of the Battle of Silk, the bell again tolled in hopes of summoning mortal aid. This time, a new breed of kami rose to answer its call.""\n—Great Battles of Kamigawa",normal,74435,3,3,Common,Spirit,Creature
Harbinger of Spring,{4}{G},5,G,Cara Mitten,128,Creature — Spirit,"Protection from non-Spirit creatures\nSoulshift 4 (When this creature dies, you may return target Spirit card with converted mana cost 4 or less from your graveyard to your hand.)",BOK,,normal,74580,2,1,Common,Spirit,Creature
"Isao, Enlightened Bushi",{2}{G},3,G,Christopher Moeller,129,Legendary Creature — Human Samurai,"Isao, Enlightened Bushi can't be countered.\nBushido 2 (Whenever this creature blocks or becomes blocked, it gets +2/+2 until end of turn.)\n{2}: Regenerate target Samurai.",BOK,"""I do not care if he claims no allegiance in this war. Find him, Takeno.""\n—Lord Konda",normal,74039,2,1,Rare,"Human,Samurai",Creature
Iwamori of the Open Fist,{2}{G}{G},4,G,Paolo Parente,130,Legendary Creature — Human Monk,"Trample\nWhen Iwamori of the Open Fist enters the battlefield, each opponent may put a legendary creature card from his or her hand onto the battlefield.",BOK,,normal,74507,5,5,Rare,"Human,Monk",Creature
Kodama of the Center Tree,{4}{G},5,G,Jim Murray,131,Legendary Creature — Spirit,"Kodama of the Center Tree's power and toughness are each equal to the number of Spirits you control.\nKodama of the Center Tree has soulshift X, where X is the number of Spirits you control. (When this creature dies, you may return target Spirit card with converted mana cost X or less from your graveyard to your hand.)",BOK,,normal,74086,*,*,Rare,Spirit,Creature
Lifegift,{2}{G},3,G,John Matson,132,Enchantment,"Whenever a land enters the battlefield, you may gain 1 life.",BOK,"""Walk the world and you'll find your soul; search your soul and you'll discover the world.""\n—Diary of Azusa",normal,74571,,,Rare,,Enchantment
Lifespinner,{3}{G},4,G,Cara Mitten,133,Creature — Spirit,"{T}, Sacrifice three Spirits: Search your library for a legendary Spirit permanent card and put it onto the battlefield. Then shuffle your library.",BOK,"""The husk splits like a madman's smile\nAnd mystery steps forth.""\n—Snow-Fur, kitsune poet",normal,74642,3,3,Uncommon,Spirit,Creature
Loam Dweller,{1}{G},2,G,Paolo Parente,134,Creature — Spirit,"Whenever you cast a Spirit or Arcane spell, you may put a land card from your hand onto the battlefield tapped.",BOK,"""You know its mood by the plants that spring up around it. When it is placid, fields of lilies flow in its wake; when it is angry, every stem has a thorn.""\n—Isao, Enlightened Bushi",normal,74584,2,2,Uncommon,Spirit,Creature
Mark of Sakiko,{1}{G},2,G,Alex Horley-Orlandelli,135,Enchantment — Aura,"Enchant creature\nEnchanted creature has ""Whenever this creature deals combat damage to a player, add that much {G} to your mana pool. Until end of turn, this mana doesn't empty from your mana pool as steps and phases end.""",BOK,,normal,74430,,,Uncommon,Aura,Enchantment
Matsu-Tribe Sniper,{1}{G},2,G,Carl Critchlow,136,Creature — Snake Warrior Archer,"{T}: Matsu-Tribe Sniper deals 1 damage to target creature with flying.\nWhenever Matsu-Tribe Sniper deals damage to a creature, tap that creature and it doesn't untap during its controller's next untap step.",BOK,,normal,74619,1,1,Common,"Snake,Warrior,Archer",Creature
Nourishing Shoal,{X}{G}{G},2,G,Greg Staples,137,Instant — Arcane,You may exile a green card with converted mana cost X from your hand rather than pay Nourishing Shoal's mana cost.\nYou gain X life.,BOK,,normal,74100,,,Rare,Arcane,Instant
Patron of the Orochi,{6}{G}{G},8,G,Christopher Moeller,138,Legendary Creature — Spirit,Snake offering (You may cast this card any time you could cast an instant by sacrificing a Snake and paying the difference in mana costs between this and the sacrificed Snake. Mana cost includes color.)\n{T}: Untap all Forests and all green creatures. Activate this ability only once each turn.,BOK,,normal,74542,7,7,Rare,Spirit,Creature
Petalmane Baku,{1}{G},2,G,Rebecca Guay,139,Creature — Spirit,"Whenever you cast a Spirit or Arcane spell, you may put a ki counter on Petalmane Baku.\n{1}, Remove X ki counters from Petalmane Baku: Add X mana of any one color to your mana pool.",BOK,,normal,74455,1,2,Common,Spirit,Creature
Roar of Jukai,{2}{G},3,G,Ron Spencer,140,Instant — Arcane,"If you control a Forest, each blocked creature gets +2/+2 until end of turn.\nSplice onto Arcane—An opponent gains 5 life. (As you cast an Arcane spell, you may reveal this card from your hand and pay its splice cost. If you do, add this card's effects to that spell.)",BOK,,normal,74629,,,Common,Arcane,Instant
"Sakiko, Mother of Summer",{4}{G}{G},6,G,Michael Sutfin,141,Legendary Creature — Snake Shaman,"Whenever a creature you control deals combat damage to a player, add that much {G} to your mana pool. Until end of turn, this mana doesn't empty from your mana pool as steps and phases end.",BOK,,normal,74544,3,3,Rare,"Snake,Shaman",Creature
Sakura-Tribe Springcaller,{3}{G},4,G,Pete Venters,142,Creature — Snake Shaman,"At the beginning of your upkeep, add {G} to your mana pool. Until end of turn, this mana doesn't empty from your mana pool as steps and phases end.",BOK,,normal,74092,2,4,Common,"Snake,Shaman",Creature
Scaled Hulk,{5}{G},6,G,Arnie Swekel,143,Creature — Spirit,"Whenever you cast a Spirit or Arcane spell, Scaled Hulk gets +2/+2 until end of turn.",BOK,"""Say, what rhymes with ‘run for your lives'?""\n—Ku-Ku, akki poet",normal,74541,4,4,Common,Spirit,Creature
"Shizuko, Caller of Autumn",{1}{G}{G},3,G,Michael Sutfin,144,Legendary Creature — Snake Shaman,"At the beginning of each player's upkeep, that player adds {G}{G}{G} to his or her mana pool. Until end of turn, this mana doesn't empty from that player's mana pool as steps and phases end.",BOK,,normal,74436,2,3,Rare,"Snake,Shaman",Creature
Sosuke's Summons,{2}{G},3,G,Kev Walker,145,Sorcery,"Put two 1/1 green Snake creature tokens onto the battlefield.\nWhenever a nontoken Snake enters the battlefield under your control, you may return Sosuke's Summons from your graveyard to your hand.",BOK,,normal,74090,,,Uncommon,,Sorcery
Splinter,{2}{G}{G},4,G,Tsutomu Kawade,146,Sorcery,"Exile target artifact. Search its controller's graveyard, hand, and library for all cards with the same name as that artifact and exile them. Then that player shuffles his or her library.","UDS,BOK",,normal,74615,,,Uncommon,,Sorcery
Traproot Kami,{G},1,G,Carl Critchlow,147,Creature — Spirit,Defender; reach (This creature can block creatures with flying.)\nTraproot Kami's toughness is equal to the number of Forests on the battlefield.,BOK,,normal,74627,0,*,Common,Spirit,Creature
Unchecked Growth,{2}{G},3,G,Tsutomu Kawade,148,Instant — Arcane,"Target creature gets +4/+4 until end of turn. If it's a Spirit, it gains trample until end of turn.",BOK,"""That energy was once granted to growing things. Now the kami keep it for themselves, releasing it in sudden floods that overwhelm flesh and foliage alike.""\n—Sakiko, Mother of Summer",normal,74670,,,Uncommon,Arcane,Instant
Uproot,{3}{G},4,G,Heather Hudson,149,Sorcery — Arcane,Put target land on top of its owner's library.,BOK,"""We arrived at the battlefield too late. Again. Another error on your part, and you will have to answer to me personally.""\n—General Takeno, letter to the imperial mapmaker",normal,74568,,,Common,Arcane,Sorcery
Vital Surge,{1}{G},2,G,Douglas Shuler,150,Instant — Arcane,"You gain 3 life.\nSplice onto Arcane {1}{G} (As you cast an Arcane spell, you may reveal this card from your hand and pay its splice cost. If you do, add this card's effects to that spell.)",BOK,,normal,74612,,,Common,Arcane,Instant
Genju of the Realm,{W}{U}{B}{R}{G},5,"W,U,B,R,G",Scott M. Fischer,151,Legendary Enchantment — Aura,"Enchant land\n{2}: Enchanted land becomes a legendary 8/12 Spirit creature with trample until end of turn. It's still a land.\nWhen enchanted land is put into a graveyard, you may return Genju of the Realm from your graveyard to your hand.",BOK,,normal,75364,,,Rare,Aura,Enchantment
Baku Altar,{2},2,,"Edward P. Beard, Jr.",152,Artifact,"Whenever you cast a Spirit or Arcane spell, you may put a ki counter on Baku Altar.\n{2}, {T}, Remove a ki counter from Baku Altar: Put a 1/1 colorless Spirit creature token onto the battlefield.",BOK,,normal,74422,,,Rare,,Artifact
Blinding Powder,{1},1,,Greg Hildebrandt,153,Artifact — Equipment,"Equipped creature has ""Unattach Blinding Powder: Prevent all combat damage that would be dealt to this creature this turn.""\nEquip {2} ({2}: Attach to target creature you control. Equip only as a sorcery.)",BOK,,normal,81989,,,Uncommon,Equipment,Artifact
Mirror Gallery,{5},5,,Scott M. Fischer,154,Artifact,"The ""legend rule"" doesn't apply.",BOK,Only in mirrors do heroes find their equal.,normal,74555,,,Rare,,Artifact
Neko-Te,{3},3,,Alex Horley-Orlandelli,155,Artifact — Equipment,"Whenever equipped creature deals damage to a creature, tap that creature. That creature doesn't untap during its controller's untap step for as long as Neko-Te remains on the battlefield.\nWhenever equipped creature deals damage to a player, that player loses 1 life.\nEquip {2}",BOK,,normal,74578,,,Rare,Equipment,Artifact
Orb of Dreams,{3},3,,Dany Orizio,156,Artifact,Permanents enter the battlefield tapped.,BOK,"""Behind the eyelids, a flickering flame.\nBeneath the dream, a flickering sorrow.\nCan peace find you in this sleep\nWhen all the world is tossed by war?""\n—Snow-Fur, kitsune poet",normal,74607,,,Rare,,Artifact
Ornate Kanzashi,{5},5,,Heather Hudson,157,Artifact,"{2}, {T}: Target opponent exiles the top card of his or her library. You may play that card this turn.",BOK,"Masako was privy to a great many of Konda's deepest secrets, and her hair was always perfect.",normal,74512,,,Rare,,Artifact
Ronin Warclub,{3},3,,Pete Venters,158,Artifact — Equipment,"Equipped creature gets +2/+1.\nWhenever a creature enters the battlefield under your control, attach Ronin Warclub to that creature.\nEquip {5} ({5}: Attach to target creature you control. Equip only as a sorcery.)",BOK,,normal,74473,,,Uncommon,Equipment,Artifact
Shuko,{1},1,,Tim Hildebrandt,159,Artifact — Equipment,Equipped creature gets +1/+0.\nEquip {0} ({0}: Attach to target creature you control. Equip only as a sorcery.),BOK,"""One scratch on a wall meant safe passage, two that the target had already been raided, and three warned of a trap.""\n—Weaponry of Kamigawa",normal,74415,,,Uncommon,Equipment,Artifact
Shuriken,{1},1,,Matt Cavotta,160,Artifact — Equipment,"Equipped creature has ""{T}, Unattach Shuriken: Shuriken deals 2 damage to target creature. That creature's controller gains control of Shuriken unless it was unattached from a Ninja.""\nEquip {2} ({2}: Attach to target creature you control. Equip only as a sorcery.)",BOK,,normal,81997,,,Uncommon,Equipment,Artifact
Slumbering Tora,{3},3,,Doug Chaffee,161,Artifact,"{2}, Discard a Spirit or Arcane card: Slumbering Tora becomes an X/X Cat artifact creature until end of turn, where X is the discarded card's converted mana cost.",BOK,,normal,74628,,,Rare,,Artifact
That Which Was Taken,{5},5,,Adam Rex,162,Legendary Artifact,"{4}, {T}: Put a divinity counter on target permanent other than That Which Was Taken.\nEach permanent with a divinity counter on it has indestructible.",BOK,"""This god held prisoner in human hands has put all humanity in the hands of angry gods.""\n—Masako the Humorless",normal,74644,,,Rare,,Artifact
Umezawa's Jitte,{2},2,,Christopher Moeller,163,Legendary Artifact — Equipment,"Whenever equipped creature deals combat damage, put two charge counters on Umezawa's Jitte.\nRemove a charge counter from Umezawa's Jitte: Choose one —\n• Equipped creature gets +2/+2 until end of turn.\n• Target creature gets -1/-1 until end of turn.\n• You gain 2 life.\nEquip {2}","BOK,pGPX",,normal,81979,,,Rare,Equipment,Artifact
"Gods' Eye, Gate to the Reikai",,,,John Avon,164,Legendary Land,"{T}: Add {C} to your mana pool.\nWhen Gods' Eye, Gate to the Reikai is put into a graveyard from the battlefield, put a 1/1 colorless Spirit creature token onto the battlefield.",BOK,Listen at its walls and you will hear the whispers of gods.,normal,74668,,,Uncommon,,Land
Tendo Ice Bridge,,,,Rob Alexander,165,Land,"Tendo Ice Bridge enters the battlefield with a charge counter on it.\n{T}: Add {C} to your mana pool.\n{T}, Remove a charge counter from Tendo Ice Bridge: Add one mana of any color to your mana pool.",BOK,,normal,74487,,,Rare,,Land
