name,manaCost,cmc,colorIdentity,artist,number,type,text,printings,flavor,layout,multiverseid,power,toughness,rarity,subtypes,types
Abyssal Specter,{2}{B}{B},4,B,George Pratt,,Creature — Specter,"Flying\nWhenever Abyssal Specter deals damage to a player, that player discards a card.","ICE,5ED,6ED,BRB,7ED,DKM,8ED,DDC,DPA,DD3_DVD",,normal,21167,2,3,Uncommon,Specter,Creature
Advance Scout,{1}{W},2,W,Heather Hudson,,Creature — Human Soldier Scout,First strike\n{W}: Target creature gains first strike until end of turn.,"TMP,BRB","""The soldier's path is worn smooth by the tread of many feet—all in one direction, none returning.""\n—Oracle en-Vec",normal,21186,1,1,Common,"Human,Soldier,Scout",Creature
Air Elemental,{3}{U}{U},5,U,D. Alexander Gregory,,Creature — Elemental,Flying,"LEA,LEB,2ED,CED,CEI,3ED,4ED,5ED,PO2,6ED,S99,BRB,BTD,7ED,8ED,9ED,10E,DD2,M10,DPA,ME4,DD3_JVC","These spirits of the air are winsome and wild and cannot be truly contained. Only marginally intelligent, they often substitute whimsy for strategy, delighting in mischief and mayhem.",normal,21121,4,4,Uncommon,Elemental,Creature
Angelic Page,{1}{W},2,W,Rebecca Guay,,Creature — Angel Spirit,Flying\n{T}: Target attacking or blocking creature gets +1/+1 until end of turn.,"USG,BRB,7ED,8ED,DDC,DD3_DVD",If only every message were as perfect as its bearer.,normal,21177,1,1,Common,"Angel,Spirit",Creature
Arc Lightning,{2}{R},3,R,Andrew Goldhawk,,Sorcery,"Arc Lightning deals 3 damage divided as you choose among one, two, or three target creatures and/or players.","pARL,USG,BRB,HOP,KTK,FRF_UGIN","Rainclouds don't last long in Shiv, but that doesn't stop the lightning.",normal,21102,,,Common,,Sorcery
Argothian Elder,{3}{G},4,G,DiTerlizzi,,Creature — Elf Druid,{T}: Untap two target lands.,"USG,BRB","Sharpen your ears\n—Elvish expression meaning\n""grow wiser""",normal,21182,2,2,Uncommon,"Elf,Druid",Creature
Armored Pegasus,{1}{W},2,W,Una Fricker,,Creature — Pegasus,Flying,"POR,pPOD,TMP,ATH,6ED,BRB,S00,TPR","""I always charge a little extra to take on a pegasus. They fly like eagles, kick like mules, and hide like hermits.""\n—Tahlil en-Dal, bounty hunter",normal,21120,1,2,Common,Pegasus,Creature
Azure Drake,{3}{U},4,U,Janine Johnston,,Creature — Drake,Flying,"LEG,CHR,5ED,BRB,9ED,M11","Little dreamt could seem so cruel\nAs waiting for the wings outspread,\nThe jagged teeth, the burning eyes,\nAnd dagger-claws that clench to nerves.",normal,21122,2,4,Uncommon,Drake,Creature
Blinking Spirit,{3}{W},4,W,L. A. Williams,,Creature — Spirit,{0}: Return Blinking Spirit to its owner's hand.,"ICE,5ED,BRB,9ED","""Don't look at it! Maybe it'll go away!""\n—Ib Halfheart, goblin tactician",normal,11177,2,2,Rare,Spirit,Creature
Broken Fall,{2}{G},3,G,Zina Saunders,,Enchantment,Return Broken Fall to its owner's hand: Regenerate target creature.,"TMP,BRB","""I think I used up all my good luck and all my bad luck in the same fall.""\n—Gerrard of the Weatherlight",normal,21099,,,Common,,Enchantment
Cackling Fiend,{2}{B}{B},4,B,Brian Despain,,Creature — Zombie,"When Cackling Fiend enters the battlefield, each opponent discards a card.","USG,BRB",Its windpipe is only the first to amplify its maddening laughter.,normal,21168,2,1,Common,Zombie,Creature
Catastrophe,{4}{W}{W},6,W,Andrew Robinson,,Sorcery,Destroy all lands or all creatures. Creatures destroyed this way can't be regenerated.,"USG,BRB","Radiant's eyes flashed. ""Go, then,"" the angel spat at Serra, ""and leave this world to those who truly care.""",normal,21143,,,Rare,,Sorcery
Cinder Marsh,,,"B,R",John Matson,,Land,{T}: Add {C} to your mana pool.\n{T}: Add {B} or {R} to your mana pool. Cinder Marsh doesn't untap during your next untap step.,"TMP,BRB,TPR",,normal,21170,,,Uncommon,,Land
Control Magic,{2}{U}{U},4,U,Dameon Willich,,Enchantment — Aura,Enchant creature\nYou control enchanted creature.,"LEA,LEB,2ED,CED,CEI,3ED,4ED,BRB,ME4,C13,DDM,VMA,EMA",,normal,21141,,,Uncommon,Aura,Enchantment
Counterspell,{U}{U},2,U,Hannibal King,,Instant,Counter target spell.,"LEA,LEB,2ED,CED,CEI,3ED,pLGM,4ED,ICE,5ED,TMP,pJGP,6ED,S99,MMQ,BRB,pFNM,S00,BTD,7ED,ME2,DD2,ME4,VMA,DD3_JVC,TPR,EMA",,normal,21127,,,Common,,Instant
Crazed Skirge,{3}{B},4,B,Ron Spencer,,Creature — Imp,"Flying, haste","USG,BRB",They are Phyrexia's couriers; the messages they carry are inscribed on their slick hides.,normal,21165,2,2,Uncommon,Imp,Creature
Curfew,{U},1,U,Randy Gallegos,,Instant,Each player returns a creature he or she controls to its owner's hand.,"USG,BRB",""". . . But I'm not tired!""",normal,21137,,,Common,,Instant
Dark Ritual,{B},1,B,Clint Langley,,Instant,Add {B}{B}{B} to your mana pool.,"LEA,LEB,2ED,CED,CEI,3ED,4ED,ICE,RQS,MIR,ITP,5ED,TMP,pJGP,USG,MMQ,BRB,BTD,DKM,CST,DDC,HOP,DDE,ME4,V13,VMA,DD3_DVD,TPR",,normal,21154,,,Common,,Instant
Dirtcowl Wurm,{4}{G},5,G,Dan Frazier,,Creature — Wurm,"Whenever an opponent plays a land, put a +1/+1 counter on Dirtcowl Wurm.","pPRE,TMP,BRB","Few of Rath's rivers follow a steady course, so many new channels are carved for them.",normal,21196,3,4,Rare,Wurm,Creature
Disenchant,{1}{W},2,W,Brian Snõddy,,Instant,Destroy target artifact or enchantment.,"LEA,LEB,2ED,CED,CEI,3ED,4ED,ICE,pARL,MIR,5ED,TMP,USG,ATH,6ED,MMQ,BRB,pFNM,S00,7ED,pMPR,CST,TSB,ME2,ME3,TPR","""I implore you not to forget the horrors of the past. You would have us start the Brothers' War anew""\n—Sorine Relicbane, Soldevi heretic",normal,21133,,,Common,,Instant
Disruptive Student,{2}{U},3,U,Randy Gallegos,,Creature — Human Wizard,{T}: Counter target spell unless its controller pays {1}.,"USG,BRB","""Teferi is a problem student. Always late for class. No appreciation for constructive use of time.""\n—Barrin, progress report",normal,21123,1,1,Common,"Human,Wizard",Creature
Drifting Meadow,,,W,Bob Eggleton,,Land,"Drifting Meadow enters the battlefield tapped.\n{T}: Add {W} to your mana pool.\nCycling {2} ({2}, Discard this card: Draw a card.)","USG,ATH,BRB,C13,C14,C15",,normal,21203,,,Common,,Land
Elvish Lyrist,{G},1,G,Rebecca Guay,,Creature — Elf,"{G}, {T}, Sacrifice Elvish Lyrist: Destroy target enchantment.","USG,BRB,pSUS,7ED,8ED",Bring the spear of ancient briar;\nBring the torch to light the pyre.\nBring the one who trod our ground;\nBring the spade to dig his mound.,normal,21188,1,1,Uncommon,Elf,Creature
Exhume,{1}{B},2,B,Carl Critchlow,,Sorcery,Each player puts a creature card from his or her graveyard onto the battlefield.,"USG,BRB,PD3","""Death—an outmoded concept. We sleep, and we change.""\n—Sitrik, birth priest",normal,21153,,,Common,,Sorcery
Fecundity,{2}{G},3,G,Rebecca Guay,,Enchantment,"Whenever a creature dies, that creature's controller may draw a card.","USG,BRB,8ED,C13",Life is eternal. A lifetime is ephemeral.,normal,21192,,,Uncommon,,Enchantment
Fertile Ground,{1}{G},2,G,Heather Hudson,,Enchantment — Aura,"Enchant land\nWhenever enchanted land is tapped for mana, its controller adds one mana of any color to his or her mana pool (in addition to the mana the land produces).","USG,BRB,INV,8ED,LRW,HOP,DDE",The forest was too lush for the brothers to despoil—almost.,normal,21175,,,Common,Aura,Enchantment
Fire Ants,{2}{R},3,R,Tom Fleming,,Creature — Insect,{T}: Fire Ants deals 1 damage to each other creature without flying.,"USG,BRB","Visitors to Shiv fear the dragons, the goblins, or the viashino. Natives fear the ants.",normal,21163,2,1,Uncommon,Insect,Creature
Flood,{U},1,U,Dennis Detwiller,,Enchantment,{U}{U}: Tap target creature without flying.,"DRK,4ED,5ED,BRB","""A dash of cool water does wonders to clear a cluttered battlefield.""\n—Vibekke Ragnild, Witches and War",normal,21139,,,Common,,Enchantment
Forest,,,G,David O'Connor,,Basic Land — Forest,,"LEA,LEB,2ED,CED,CEI,3ED,4ED,ICE,RQS,pARL,MIR,ITP,5ED,POR,TMP,pJGP,PO2,UGL,pALP,USG,ATH,6ED,PTK,S99,pGRU,MMQ,BRB,pELP,S00,BTD,INV,7ED,ODY,DKM,ONS,8ED,MRD,CHK,UNH,9ED,RAV,CST,TSP,10E,MED,LRW,EVG,SHM,ALA,M10,HOP,ME3,ZEN,DDD,H09,DDE,ROE,DPA,ARC,M11,SOM,MBS,DDG,NPH,CMD,M12,DDH,ISD,AVR,PC2,M13,DDJ,RTR,M14,DDL,THS,C13,DDM,M15,KTK,C14,DD3_EVG,DD3_GVL,FRF,DDO,DTK,TPR,ORI,DDP,BFZ,C15,SOI",,normal,21119,,,Basic Land,Forest,Land
Forest,,,G,David O'Connor,,Basic Land — Forest,,"LEA,LEB,2ED,CED,CEI,3ED,4ED,ICE,RQS,pARL,MIR,ITP,5ED,POR,TMP,pJGP,PO2,UGL,pALP,USG,ATH,6ED,PTK,S99,pGRU,MMQ,BRB,pELP,S00,BTD,INV,7ED,ODY,DKM,ONS,8ED,MRD,CHK,UNH,9ED,RAV,CST,TSP,10E,MED,LRW,EVG,SHM,ALA,M10,HOP,ME3,ZEN,DDD,H09,DDE,ROE,DPA,ARC,M11,SOM,MBS,DDG,NPH,CMD,M12,DDH,ISD,AVR,PC2,M13,DDJ,RTR,M14,DDL,THS,C13,DDM,M15,KTK,C14,DD3_EVG,DD3_GVL,FRF,DDO,DTK,TPR,ORI,DDP,BFZ,C15,SOI",,normal,22347,,,Basic Land,Forest,Land
Forest,,,G,John Avon,,Basic Land — Forest,,"LEA,LEB,2ED,CED,CEI,3ED,4ED,ICE,RQS,pARL,MIR,ITP,5ED,POR,TMP,pJGP,PO2,UGL,pALP,USG,ATH,6ED,PTK,S99,pGRU,MMQ,BRB,pELP,S00,BTD,INV,7ED,ODY,DKM,ONS,8ED,MRD,CHK,UNH,9ED,RAV,CST,TSP,10E,MED,LRW,EVG,SHM,ALA,M10,HOP,ME3,ZEN,DDD,H09,DDE,ROE,DPA,ARC,M11,SOM,MBS,DDG,NPH,CMD,M12,DDH,ISD,AVR,PC2,M13,DDJ,RTR,M14,DDL,THS,C13,DDM,M15,KTK,C14,DD3_EVG,DD3_GVL,FRF,DDO,DTK,TPR,ORI,DDP,BFZ,C15,SOI",,normal,22348,,,Basic Land,Forest,Land
Forest,,,G,John Avon,,Basic Land — Forest,,"LEA,LEB,2ED,CED,CEI,3ED,4ED,ICE,RQS,pARL,MIR,ITP,5ED,POR,TMP,pJGP,PO2,UGL,pALP,USG,ATH,6ED,PTK,S99,pGRU,MMQ,BRB,pELP,S00,BTD,INV,7ED,ODY,DKM,ONS,8ED,MRD,CHK,UNH,9ED,RAV,CST,TSP,10E,MED,LRW,EVG,SHM,ALA,M10,HOP,ME3,ZEN,DDD,H09,DDE,ROE,DPA,ARC,M11,SOM,MBS,DDG,NPH,CMD,M12,DDH,ISD,AVR,PC2,M13,DDJ,RTR,M14,DDL,THS,C13,DDM,M15,KTK,C14,DD3_EVG,DD3_GVL,FRF,DDO,DTK,TPR,ORI,DDP,BFZ,C15,SOI",,normal,22349,,,Basic Land,Forest,Land
Forest,,,G,John Avon,,Basic Land — Forest,,"LEA,LEB,2ED,CED,CEI,3ED,4ED,ICE,RQS,pARL,MIR,ITP,5ED,POR,TMP,pJGP,PO2,UGL,pALP,USG,ATH,6ED,PTK,S99,pGRU,MMQ,BRB,pELP,S00,BTD,INV,7ED,ODY,DKM,ONS,8ED,MRD,CHK,UNH,9ED,RAV,CST,TSP,10E,MED,LRW,EVG,SHM,ALA,M10,HOP,ME3,ZEN,DDD,H09,DDE,ROE,DPA,ARC,M11,SOM,MBS,DDG,NPH,CMD,M12,DDH,ISD,AVR,PC2,M13,DDJ,RTR,M14,DDL,THS,C13,DDM,M15,KTK,C14,DD3_EVG,DD3_GVL,FRF,DDO,DTK,TPR,ORI,DDP,BFZ,C15,SOI",,normal,22351,,,Basic Land,Forest,Land
Forest,,,G,John Avon,,Basic Land — Forest,,"LEA,LEB,2ED,CED,CEI,3ED,4ED,ICE,RQS,pARL,MIR,ITP,5ED,POR,TMP,pJGP,PO2,UGL,pALP,USG,ATH,6ED,PTK,S99,pGRU,MMQ,BRB,pELP,S00,BTD,INV,7ED,ODY,DKM,ONS,8ED,MRD,CHK,UNH,9ED,RAV,CST,TSP,10E,MED,LRW,EVG,SHM,ALA,M10,HOP,ME3,ZEN,DDD,H09,DDE,ROE,DPA,ARC,M11,SOM,MBS,DDG,NPH,CMD,M12,DDH,ISD,AVR,PC2,M13,DDJ,RTR,M14,DDL,THS,C13,DDM,M15,KTK,C14,DD3_EVG,DD3_GVL,FRF,DDO,DTK,TPR,ORI,DDP,BFZ,C15,SOI",,normal,22352,,,Basic Land,Forest,Land
Forest,,,G,Ji Yong,,Basic Land — Forest,,"LEA,LEB,2ED,CED,CEI,3ED,4ED,ICE,RQS,pARL,MIR,ITP,5ED,POR,TMP,pJGP,PO2,UGL,pALP,USG,ATH,6ED,PTK,S99,pGRU,MMQ,BRB,pELP,S00,BTD,INV,7ED,ODY,DKM,ONS,8ED,MRD,CHK,UNH,9ED,RAV,CST,TSP,10E,MED,LRW,EVG,SHM,ALA,M10,HOP,ME3,ZEN,DDD,H09,DDE,ROE,DPA,ARC,M11,SOM,MBS,DDG,NPH,CMD,M12,DDH,ISD,AVR,PC2,M13,DDJ,RTR,M14,DDL,THS,C13,DDM,M15,KTK,C14,DD3_EVG,DD3_GVL,FRF,DDO,DTK,TPR,ORI,DDP,BFZ,C15,SOI",,normal,22353,,,Basic Land,Forest,Land
Forest,,,G,Ji Yong,,Basic Land — Forest,,"LEA,LEB,2ED,CED,CEI,3ED,4ED,ICE,RQS,pARL,MIR,ITP,5ED,POR,TMP,pJGP,PO2,UGL,pALP,USG,ATH,6ED,PTK,S99,pGRU,MMQ,BRB,pELP,S00,BTD,INV,7ED,ODY,DKM,ONS,8ED,MRD,CHK,UNH,9ED,RAV,CST,TSP,10E,MED,LRW,EVG,SHM,ALA,M10,HOP,ME3,ZEN,DDD,H09,DDE,ROE,DPA,ARC,M11,SOM,MBS,DDG,NPH,CMD,M12,DDH,ISD,AVR,PC2,M13,DDJ,RTR,M14,DDL,THS,C13,DDM,M15,KTK,C14,DD3_EVG,DD3_GVL,FRF,DDO,DTK,TPR,ORI,DDP,BFZ,C15,SOI",,normal,22354,,,Basic Land,Forest,Land
Forest,,,G,Ji Yong,,Basic Land — Forest,,"LEA,LEB,2ED,CED,CEI,3ED,4ED,ICE,RQS,pARL,MIR,ITP,5ED,POR,TMP,pJGP,PO2,UGL,pALP,USG,ATH,6ED,PTK,S99,pGRU,MMQ,BRB,pELP,S00,BTD,INV,7ED,ODY,DKM,ONS,8ED,MRD,CHK,UNH,9ED,RAV,CST,TSP,10E,MED,LRW,EVG,SHM,ALA,M10,HOP,ME3,ZEN,DDD,H09,DDE,ROE,DPA,ARC,M11,SOM,MBS,DDG,NPH,CMD,M12,DDH,ISD,AVR,PC2,M13,DDJ,RTR,M14,DDL,THS,C13,DDM,M15,KTK,C14,DD3_EVG,DD3_GVL,FRF,DDO,DTK,TPR,ORI,DDP,BFZ,C15,SOI",,normal,22355,,,Basic Land,Forest,Land
Giant Growth,{G},1,G,DiTerlizzi,,Instant,Target creature gets +3/+3 until end of turn.,"LEA,LEB,2ED,CED,CEI,3ED,4ED,ICE,5ED,ATH,6ED,BRB,pSUS,pFNM,S00,BTD,7ED,pMPR,DKM,8ED,9ED,10E,EVG,ME2,M10,ME3,DDD,DPA,M11,ME4,RTR,M14,DD3_EVG,DD3_GVL",,normal,21194,,,Common,,Instant
Gorilla Warrior,{2}{G},3,G,John Matson,,Creature — Ape Warrior,,"POR,USG,S99,BRB",They were formidable even before they learned the use of weapons.,normal,21205,3,2,Common,"Ape,Warrior",Creature
Healing Salve,{W},1,W,Zina Saunders,,Instant,Choose one —\n• Target player gains 3 life.\n• Prevent the next 3 damage that would be dealt to target creature or player this turn.,"LEA,LEB,2ED,CED,CEI,3ED,4ED,RQS,MIR,ITP,5ED,USG,6ED,BRB,7ED,8ED,DDC,ME4,DD3_DVD",,normal,21130,,,Common,,Instant
Heat Ray,{X}{R},1,R,Brian Snõddy,,Instant,Heat Ray deals X damage to target creature.,"USG,BRB,ROE,M15",It's not known whether the Thran built the device to forge their wonders or to defend them.,normal,21159,,,Common,,Instant
Hurricane,{X}{G},1,G,Rob Alexander,,Sorcery,Hurricane deals X damage to each creature with flying and each player.,"LEA,LEB,2ED,CED,CEI,3ED,4ED,ICE,5ED,POR,PO2,ATH,6ED,BRB,7ED,DKM,10E",,normal,21195,,,Uncommon,,Sorcery
Infantry Veteran,{W},1,W,Christopher Rush,,Creature — Human Soldier,{T}: Target attacking creature gets +1/+1 until end of turn.,"VIS,ATH,6ED,BRB,9ED,M11,DDF,DDN","""The true dishonor for a soldier is surviving the war.""\n—Telim'Tor",normal,21131,1,1,Common,"Human,Soldier",Creature
Island,,,U,Donato Giancola,,Basic Land — Island,,"LEA,LEB,2ED,CED,CEI,3ED,4ED,ICE,RQS,pARL,MIR,ITP,5ED,POR,TMP,pJGP,PO2,UGL,pALP,USG,6ED,PTK,S99,pGRU,MMQ,BRB,pELP,S00,BTD,INV,7ED,ODY,ONS,8ED,MRD,CHK,UNH,9ED,RAV,CST,TSP,10E,MED,LRW,SHM,ALA,DD2,M10,HOP,ME3,ZEN,H09,DDE,ROE,DPA,ARC,M11,DDF,SOM,MBS,NPH,CMD,M12,DDH,ISD,DDI,AVR,PC2,M13,DDJ,RTR,M14,THS,C13,DDM,M15,DDN,KTK,C14,DD3_JVC,FRF,DDO,DTK,TPR,ORI,BFZ,C15,DDQ,SOI",,normal,21144,,,Basic Land,Island,Land
Island,,,U,Donato Giancola,,Basic Land — Island,,"LEA,LEB,2ED,CED,CEI,3ED,4ED,ICE,RQS,pARL,MIR,ITP,5ED,POR,TMP,pJGP,PO2,UGL,pALP,USG,6ED,PTK,S99,pGRU,MMQ,BRB,pELP,S00,BTD,INV,7ED,ODY,ONS,8ED,MRD,CHK,UNH,9ED,RAV,CST,TSP,10E,MED,LRW,SHM,ALA,DD2,M10,HOP,ME3,ZEN,H09,DDE,ROE,DPA,ARC,M11,DDF,SOM,MBS,NPH,CMD,M12,DDH,ISD,DDI,AVR,PC2,M13,DDJ,RTR,M14,THS,C13,DDM,M15,DDN,KTK,C14,DD3_JVC,FRF,DDO,DTK,TPR,ORI,BFZ,C15,DDQ,SOI",,normal,22364,,,Basic Land,Island,Land
Island,,,U,Ku Xueming,,Basic Land — Island,,"LEA,LEB,2ED,CED,CEI,3ED,4ED,ICE,RQS,pARL,MIR,ITP,5ED,POR,TMP,pJGP,PO2,UGL,pALP,USG,6ED,PTK,S99,pGRU,MMQ,BRB,pELP,S00,BTD,INV,7ED,ODY,ONS,8ED,MRD,CHK,UNH,9ED,RAV,CST,TSP,10E,MED,LRW,SHM,ALA,DD2,M10,HOP,ME3,ZEN,H09,DDE,ROE,DPA,ARC,M11,DDF,SOM,MBS,NPH,CMD,M12,DDH,ISD,DDI,AVR,PC2,M13,DDJ,RTR,M14,THS,C13,DDM,M15,DDN,KTK,C14,DD3_JVC,FRF,DDO,DTK,TPR,ORI,BFZ,C15,DDQ,SOI",,normal,22365,,,Basic Land,Island,Land
Island,,,U,Ku Xueming,,Basic Land — Island,,"LEA,LEB,2ED,CED,CEI,3ED,4ED,ICE,RQS,pARL,MIR,ITP,5ED,POR,TMP,pJGP,PO2,UGL,pALP,USG,6ED,PTK,S99,pGRU,MMQ,BRB,pELP,S00,BTD,INV,7ED,ODY,ONS,8ED,MRD,CHK,UNH,9ED,RAV,CST,TSP,10E,MED,LRW,SHM,ALA,DD2,M10,HOP,ME3,ZEN,H09,DDE,ROE,DPA,ARC,M11,DDF,SOM,MBS,NPH,CMD,M12,DDH,ISD,DDI,AVR,PC2,M13,DDJ,RTR,M14,THS,C13,DDM,M15,DDN,KTK,C14,DD3_JVC,FRF,DDO,DTK,TPR,ORI,BFZ,C15,DDQ,SOI",,normal,22366,,,Basic Land,Island,Land
Island,,,U,Ku Xueming,,Basic Land — Island,,"LEA,LEB,2ED,CED,CEI,3ED,4ED,ICE,RQS,pARL,MIR,ITP,5ED,POR,TMP,pJGP,PO2,UGL,pALP,USG,6ED,PTK,S99,pGRU,MMQ,BRB,pELP,S00,BTD,INV,7ED,ODY,ONS,8ED,MRD,CHK,UNH,9ED,RAV,CST,TSP,10E,MED,LRW,SHM,ALA,DD2,M10,HOP,ME3,ZEN,H09,DDE,ROE,DPA,ARC,M11,DDF,SOM,MBS,NPH,CMD,M12,DDH,ISD,DDI,AVR,PC2,M13,DDJ,RTR,M14,THS,C13,DDM,M15,DDN,KTK,C14,DD3_JVC,FRF,DDO,DTK,TPR,ORI,BFZ,C15,DDQ,SOI",,normal,22367,,,Basic Land,Island,Land
Land Tax,{W},1,W,Brian Snõddy,,Enchantment,"At the beginning of your upkeep, if an opponent controls more lands than you, you may search your library for up to three basic land cards, reveal them, and put them into your hand. If you do, shuffle your library.","LEG,4ED,pJGP,BRB,ME3",,normal,21197,,,Uncommon,,Enchantment
Lhurgoyf,{2}{G}{G},4,G,Pete Venters,,Creature — Lhurgoyf,Lhurgoyf's power is equal to the number of creature cards in all graveyards and its toughness is equal to that number plus 1.,"ICE,5ED,BRB,DKM,8ED,CMD","""Ach! Hans, run! It's the Lhurgoyf!""\n—Saffi Eriksdotter, last words",normal,11380,*,1+*,Rare,Lhurgoyf,Creature
Lightning Elemental,{3}{R},4,R,D. Alexander Gregory,,Creature — Elemental,Haste (This creature can attack and {T} as soon as it comes under your control.),"TMP,BRB,7ED,8ED,9ED,10E,M10,DPA,M12",A lightning elemental once killed an entire tribe of merfolk—simply by going for a swim.,normal,21166,4,1,Common,Elemental,Creature
Living Death,{3}{B}{B},5,B,Charles Gillespie,,Sorcery,"Each player exiles all creature cards from his or her graveyard, then sacrifices all creatures he or she controls, then puts all cards he or she exiled this way onto the battlefield.","TMP,pJGP,BRB,DDE,CMD,VMA,V14,TPR",,normal,21155,,,Rare,,Sorcery
Llanowar Elves,{G},1,G,Anson Maddocks,,Creature — Elf Druid,{T}: Add {G} to your mana pool.,"LEA,LEB,2ED,CED,CEI,3ED,4ED,5ED,ATH,6ED,BRB,pFNM,S00,BTD,7ED,9ED,pGTW,10E,EVG,M10,M11,M12,C14,DD3_EVG,EMA",One bone broken for every twig snapped underfoot.\n—Llanowar penalty for trespassing,normal,21107,1,1,Common,"Elf,Druid",Creature
Man-o'-War,{2}{U},3,U,Jon J Muth,,Creature — Jellyfish,"When Man-o'-War enters the battlefield, return target creature to its owner's hand.","pARL,VIS,POR,S99,BRB,DD2,VMA,DD3_JVC,DDO,EMA","""Beauty to the eye does not always translate to the touch.""\n—Naimah, Femeref philosopher",normal,21138,2,2,Common,Jellyfish,Creature
Mana Leak,{1}{U},2,U,Christopher Rush,,Instant,Counter target spell unless its controller pays {3}.,"pARL,STH,BRB,pMPR,8ED,9ED,M11,M12,DDN,TPR,MM2","""The fatal flaw in every plan is the assumption that you know more than your enemy.""\n—Volrath",normal,21126,,,Common,,Instant
Maniacal Rage,{1}{R},2,R,Pete Venters,,Enchantment — Aura,Enchant creature\nEnchanted creature gets +2/+2 and can't block.,"EXO,BRB,INV,CON,TPR",Only by sacrificing any semblance of defense could Gerrard best Greven.,normal,21097,,,Common,Aura,Enchantment
Manta Riders,{U},1,U,Kaja Foglio,,Creature — Merfolk,{U}: Manta Riders gains flying until end of turn.,"TMP,BRB","""Water is firmament to the finned.""\n—Oracle en-Vec",normal,21125,1,1,Common,Merfolk,Creature
Master Decoy,{1}{W},2,W,Phil Foglio,,Creature — Human Soldier,"{W}, {T}: Tap target creature.","TMP,BRB,8ED,9ED,DDN,TPR","""A skilled decoy can throw your enemies off your trail. A master decoy can survive to do it again.""\n—Gerrard of the Weatherlight",normal,21176,1,2,Common,"Human,Soldier",Creature
Mogg Hollows,,,"R,G",Jeff Laubenstein,,Land,{T}: Add {C} to your mana pool.\n{T}: Add {R} or {G} to your mana pool. Mogg Hollows doesn't untap during your next untap step.,"TMP,BRB,TPR",,normal,21117,,,Uncommon,,Land
Mountain,,,R,John Avon,,Basic Land — Mountain,,"LEA,LEB,2ED,ARN,CED,CEI,3ED,4ED,ICE,RQS,pARL,MIR,ITP,5ED,POR,TMP,pJGP,PO2,UGL,pALP,USG,ATH,6ED,PTK,S99,pGRU,MMQ,BRB,pELP,S00,BTD,INV,7ED,ODY,DKM,ONS,8ED,MRD,CHK,UNH,9ED,RAV,CST,TSP,10E,MED,LRW,EVG,SHM,ALA,DD2,M10,HOP,ME3,ZEN,H09,DDE,ROE,DPA,ARC,M11,SOM,PD2,MBS,DDG,NPH,CMD,M12,DDH,ISD,DDI,AVR,PC2,M13,DDJ,RTR,DDK,M14,DDL,THS,C13,M15,DDN,KTK,C14,DD3_EVG,DD3_JVC,FRF,DTK,TPR,ORI,DDP,BFZ,C15,SOI",,normal,21118,,,Basic Land,Mountain,Land
Mountain,,,R,John Avon,,Basic Land — Mountain,,"LEA,LEB,2ED,ARN,CED,CEI,3ED,4ED,ICE,RQS,pARL,MIR,ITP,5ED,POR,TMP,pJGP,PO2,UGL,pALP,USG,ATH,6ED,PTK,S99,pGRU,MMQ,BRB,pELP,S00,BTD,INV,7ED,ODY,DKM,ONS,8ED,MRD,CHK,UNH,9ED,RAV,CST,TSP,10E,MED,LRW,EVG,SHM,ALA,DD2,M10,HOP,ME3,ZEN,H09,DDE,ROE,DPA,ARC,M11,SOM,PD2,MBS,DDG,NPH,CMD,M12,DDH,ISD,DDI,AVR,PC2,M13,DDJ,RTR,DDK,M14,DDL,THS,C13,M15,DDN,KTK,C14,DD3_EVG,DD3_JVC,FRF,DTK,TPR,ORI,DDP,BFZ,C15,SOI",,normal,22334,,,Basic Land,Mountain,Land
Mountain,,,R,Mark Poole,,Basic Land — Mountain,,"LEA,LEB,2ED,ARN,CED,CEI,3ED,4ED,ICE,RQS,pARL,MIR,ITP,5ED,POR,TMP,pJGP,PO2,UGL,pALP,USG,ATH,6ED,PTK,S99,pGRU,MMQ,BRB,pELP,S00,BTD,INV,7ED,ODY,DKM,ONS,8ED,MRD,CHK,UNH,9ED,RAV,CST,TSP,10E,MED,LRW,EVG,SHM,ALA,DD2,M10,HOP,ME3,ZEN,H09,DDE,ROE,DPA,ARC,M11,SOM,PD2,MBS,DDG,NPH,CMD,M12,DDH,ISD,DDI,AVR,PC2,M13,DDJ,RTR,DDK,M14,DDL,THS,C13,M15,DDN,KTK,C14,DD3_EVG,DD3_JVC,FRF,DTK,TPR,ORI,DDP,BFZ,C15,SOI",,normal,22335,,,Basic Land,Mountain,Land
Mountain,,,R,Mark Poole,,Basic Land — Mountain,,"LEA,LEB,2ED,ARN,CED,CEI,3ED,4ED,ICE,RQS,pARL,MIR,ITP,5ED,POR,TMP,pJGP,PO2,UGL,pALP,USG,ATH,6ED,PTK,S99,pGRU,MMQ,BRB,pELP,S00,BTD,INV,7ED,ODY,DKM,ONS,8ED,MRD,CHK,UNH,9ED,RAV,CST,TSP,10E,MED,LRW,EVG,SHM,ALA,DD2,M10,HOP,ME3,ZEN,H09,DDE,ROE,DPA,ARC,M11,SOM,PD2,MBS,DDG,NPH,CMD,M12,DDH,ISD,DDI,AVR,PC2,M13,DDJ,RTR,DDK,M14,DDL,THS,C13,M15,DDN,KTK,C14,DD3_EVG,DD3_JVC,FRF,DTK,TPR,ORI,DDP,BFZ,C15,SOI",,normal,22336,,,Basic Land,Mountain,Land
Mountain,,,R,Rob Alexander,,Basic Land — Mountain,,"LEA,LEB,2ED,ARN,CED,CEI,3ED,4ED,ICE,RQS,pARL,MIR,ITP,5ED,POR,TMP,pJGP,PO2,UGL,pALP,USG,ATH,6ED,PTK,S99,pGRU,MMQ,BRB,pELP,S00,BTD,INV,7ED,ODY,DKM,ONS,8ED,MRD,CHK,UNH,9ED,RAV,CST,TSP,10E,MED,LRW,EVG,SHM,ALA,DD2,M10,HOP,ME3,ZEN,H09,DDE,ROE,DPA,ARC,M11,SOM,PD2,MBS,DDG,NPH,CMD,M12,DDH,ISD,DDI,AVR,PC2,M13,DDJ,RTR,DDK,M14,DDL,THS,C13,M15,DDN,KTK,C14,DD3_EVG,DD3_JVC,FRF,DTK,TPR,ORI,DDP,BFZ,C15,SOI",,normal,22339,,,Basic Land,Mountain,Land
Mountain,,,R,John Avon,,Basic Land — Mountain,,"LEA,LEB,2ED,ARN,CED,CEI,3ED,4ED,ICE,RQS,pARL,MIR,ITP,5ED,POR,TMP,pJGP,PO2,UGL,pALP,USG,ATH,6ED,PTK,S99,pGRU,MMQ,BRB,pELP,S00,BTD,INV,7ED,ODY,DKM,ONS,8ED,MRD,CHK,UNH,9ED,RAV,CST,TSP,10E,MED,LRW,EVG,SHM,ALA,DD2,M10,HOP,ME3,ZEN,H09,DDE,ROE,DPA,ARC,M11,SOM,PD2,MBS,DDG,NPH,CMD,M12,DDH,ISD,DDI,AVR,PC2,M13,DDJ,RTR,DDK,M14,DDL,THS,C13,M15,DDN,KTK,C14,DD3_EVG,DD3_JVC,FRF,DTK,TPR,ORI,DDP,BFZ,C15,SOI",,normal,22340,,,Basic Land,Mountain,Land
Mountain,,,R,John Avon,,Basic Land — Mountain,,"LEA,LEB,2ED,ARN,CED,CEI,3ED,4ED,ICE,RQS,pARL,MIR,ITP,5ED,POR,TMP,pJGP,PO2,UGL,pALP,USG,ATH,6ED,PTK,S99,pGRU,MMQ,BRB,pELP,S00,BTD,INV,7ED,ODY,DKM,ONS,8ED,MRD,CHK,UNH,9ED,RAV,CST,TSP,10E,MED,LRW,EVG,SHM,ALA,DD2,M10,HOP,ME3,ZEN,H09,DDE,ROE,DPA,ARC,M11,SOM,PD2,MBS,DDG,NPH,CMD,M12,DDH,ISD,DDI,AVR,PC2,M13,DDJ,RTR,DDK,M14,DDL,THS,C13,M15,DDN,KTK,C14,DD3_EVG,DD3_JVC,FRF,DTK,TPR,ORI,DDP,BFZ,C15,SOI",,normal,22342,,,Basic Land,Mountain,Land
Mountain,,,R,John Avon,,Basic Land — Mountain,,"LEA,LEB,2ED,ARN,CED,CEI,3ED,4ED,ICE,RQS,pARL,MIR,ITP,5ED,POR,TMP,pJGP,PO2,UGL,pALP,USG,ATH,6ED,PTK,S99,pGRU,MMQ,BRB,pELP,S00,BTD,INV,7ED,ODY,DKM,ONS,8ED,MRD,CHK,UNH,9ED,RAV,CST,TSP,10E,MED,LRW,EVG,SHM,ALA,DD2,M10,HOP,ME3,ZEN,H09,DDE,ROE,DPA,ARC,M11,SOM,PD2,MBS,DDG,NPH,CMD,M12,DDH,ISD,DDI,AVR,PC2,M13,DDJ,RTR,DDK,M14,DDL,THS,C13,M15,DDN,KTK,C14,DD3_EVG,DD3_JVC,FRF,DTK,TPR,ORI,DDP,BFZ,C15,SOI",,normal,22343,,,Basic Land,Mountain,Land
Mountain,,,R,John Avon,,Basic Land — Mountain,,"LEA,LEB,2ED,ARN,CED,CEI,3ED,4ED,ICE,RQS,pARL,MIR,ITP,5ED,POR,TMP,pJGP,PO2,UGL,pALP,USG,ATH,6ED,PTK,S99,pGRU,MMQ,BRB,pELP,S00,BTD,INV,7ED,ODY,DKM,ONS,8ED,MRD,CHK,UNH,9ED,RAV,CST,TSP,10E,MED,LRW,EVG,SHM,ALA,DD2,M10,HOP,ME3,ZEN,H09,DDE,ROE,DPA,ARC,M11,SOM,PD2,MBS,DDG,NPH,CMD,M12,DDH,ISD,DDI,AVR,PC2,M13,DDJ,RTR,DDK,M14,DDL,THS,C13,M15,DDN,KTK,C14,DD3_EVG,DD3_JVC,FRF,DTK,TPR,ORI,DDP,BFZ,C15,SOI",,normal,22344,,,Basic Land,Mountain,Land
Nekrataal,{2}{B}{B},4,B,Adrian Smith,,Creature — Human Assassin,"First strike\nWhen Nekrataal enters the battlefield, destroy target nonartifact, nonblack creature. That creature can't be regenerated.","VIS,BRB,8ED,9ED,10E,DDM,C14,EMA","""I have seen the horrors Kaervek has freed. My Betrayal is certain—but of Kaervek or of Jamuraa, I cannot say.""\n—Jolrael",normal,15391,2,1,Uncommon,"Human,Assassin",Creature
Opportunity,{4}{U}{U},6,U,Ron Spears,,Instant,Target player draws four cards.,"ULG,BRB,7ED,M14,C13","""He cocooned himself alone in his workshop for months. When he finally emerged, all broad grins and excited chatter, I knew he'd found his answer.""\n—Barrin, master wizard",normal,21128,,,Uncommon,,Instant
Pacifism,{1}{W},2,W,Robert Bliss,,Enchantment — Aura,Enchant creature\nEnchanted creature can't attack or block.,"MIR,TMP,USG,ATH,6ED,BRB,7ED,ONS,8ED,9ED,10E,DDC,M10,M11,M12,M13,M14,DD3_DVD,DTK,TPR,EMA","For the first time in his life, Grakk felt a little warm and fuzzy inside.",normal,21191,,,Common,Aura,Enchantment
Pestilence,{2}{B}{B},4,B,Pete Venters,,Enchantment,"At the beginning of the end step, if no creatures are on the battlefield, sacrifice Pestilence.\n{B}: Pestilence deals 1 damage to each creature and each player.","LEA,LEB,2ED,CED,CEI,3ED,4ED,5ED,USG,6ED,BRB",,normal,21149,,,Uncommon,,Enchantment
Phyrexian Ghoul,{2}{B},3,B,Pete Venters,,Creature — Zombie,Sacrifice a creature: Phyrexian Ghoul gets +2/+2 until end of turn.,"USG,BRB,HOP,DDE",Phyrexia wastes nothing. Its food chain is a spiraling cycle.,normal,21164,2,2,Common,Zombie,Creature
Pincher Beetles,{2}{G},3,G,Stephen Daniele,,Creature — Insect,Shroud (This creature can't be the target of spells or abilities.),"TMP,BRB,10E","""No fair! Since when does a bug get ta munch on me?""\n—Squee, goblin cabin hand",normal,21110,3,1,Common,Insect,Creature
Plains,,,W,Pat Morrissey,,Basic Land — Plains,,"LEA,LEB,2ED,CED,CEI,3ED,4ED,ICE,RQS,pARL,MIR,ITP,5ED,POR,pPRE,TMP,pJGP,PO2,UGL,pALP,USG,ATH,6ED,PTK,S99,pGRU,MMQ,BRB,pELP,S00,INV,7ED,ODY,ONS,8ED,MRD,CHK,UNH,9ED,RAV,CST,TSP,10E,MED,LRW,SHM,ALA,DDC,M10,HOP,ME3,ZEN,H09,DDE,ROE,ARC,M11,DDF,SOM,MBS,DDG,NPH,CMD,M12,DDH,ISD,DDI,AVR,PC2,M13,RTR,DDK,M14,DDL,THS,C13,MD1,M15,DDN,KTK,C14,DD3_DVD,FRF,DDO,DTK,TPR,ORI,DDP,BFZ,C15,DDQ,SOI",,normal,21145,,,Basic Land,Plains,Land
Plains,,,W,Pat Morrissey,,Basic Land — Plains,,"LEA,LEB,2ED,CED,CEI,3ED,4ED,ICE,RQS,pARL,MIR,ITP,5ED,POR,pPRE,TMP,pJGP,PO2,UGL,pALP,USG,ATH,6ED,PTK,S99,pGRU,MMQ,BRB,pELP,S00,INV,7ED,ODY,ONS,8ED,MRD,CHK,UNH,9ED,RAV,CST,TSP,10E,MED,LRW,SHM,ALA,DDC,M10,HOP,ME3,ZEN,H09,DDE,ROE,ARC,M11,DDF,SOM,MBS,DDG,NPH,CMD,M12,DDH,ISD,DDI,AVR,PC2,M13,RTR,DDK,M14,DDL,THS,C13,MD1,M15,DDN,KTK,C14,DD3_DVD,FRF,DDO,DTK,TPR,ORI,DDP,BFZ,C15,DDQ,SOI",,normal,22356,,,Basic Land,Plains,Land
Plains,,,W,Pat Morrissey,,Basic Land — Plains,,"LEA,LEB,2ED,CED,CEI,3ED,4ED,ICE,RQS,pARL,MIR,ITP,5ED,POR,pPRE,TMP,pJGP,PO2,UGL,pALP,USG,ATH,6ED,PTK,S99,pGRU,MMQ,BRB,pELP,S00,INV,7ED,ODY,ONS,8ED,MRD,CHK,UNH,9ED,RAV,CST,TSP,10E,MED,LRW,SHM,ALA,DDC,M10,HOP,ME3,ZEN,H09,DDE,ROE,ARC,M11,DDF,SOM,MBS,DDG,NPH,CMD,M12,DDH,ISD,DDI,AVR,PC2,M13,RTR,DDK,M14,DDL,THS,C13,MD1,M15,DDN,KTK,C14,DD3_DVD,FRF,DDO,DTK,TPR,ORI,DDP,BFZ,C15,DDQ,SOI",,normal,22357,,,Basic Land,Plains,Land
Plains,,,W,He Jiancheng,,Basic Land — Plains,,"LEA,LEB,2ED,CED,CEI,3ED,4ED,ICE,RQS,pARL,MIR,ITP,5ED,POR,pPRE,TMP,pJGP,PO2,UGL,pALP,USG,ATH,6ED,PTK,S99,pGRU,MMQ,BRB,pELP,S00,INV,7ED,ODY,ONS,8ED,MRD,CHK,UNH,9ED,RAV,CST,TSP,10E,MED,LRW,SHM,ALA,DDC,M10,HOP,ME3,ZEN,H09,DDE,ROE,ARC,M11,DDF,SOM,MBS,DDG,NPH,CMD,M12,DDH,ISD,DDI,AVR,PC2,M13,RTR,DDK,M14,DDL,THS,C13,MD1,M15,DDN,KTK,C14,DD3_DVD,FRF,DDO,DTK,TPR,ORI,DDP,BFZ,C15,DDQ,SOI",,normal,22358,,,Basic Land,Plains,Land
Plains,,,W,He Jiancheng,,Basic Land — Plains,,"LEA,LEB,2ED,CED,CEI,3ED,4ED,ICE,RQS,pARL,MIR,ITP,5ED,POR,pPRE,TMP,pJGP,PO2,UGL,pALP,USG,ATH,6ED,PTK,S99,pGRU,MMQ,BRB,pELP,S00,INV,7ED,ODY,ONS,8ED,MRD,CHK,UNH,9ED,RAV,CST,TSP,10E,MED,LRW,SHM,ALA,DDC,M10,HOP,ME3,ZEN,H09,DDE,ROE,ARC,M11,DDF,SOM,MBS,DDG,NPH,CMD,M12,DDH,ISD,DDI,AVR,PC2,M13,RTR,DDK,M14,DDL,THS,C13,MD1,M15,DDN,KTK,C14,DD3_DVD,FRF,DDO,DTK,TPR,ORI,DDP,BFZ,C15,DDQ,SOI",,normal,22359,,,Basic Land,Plains,Land
Plains,,,W,He Jiancheng,,Basic Land — Plains,,"LEA,LEB,2ED,CED,CEI,3ED,4ED,ICE,RQS,pARL,MIR,ITP,5ED,POR,pPRE,TMP,pJGP,PO2,UGL,pALP,USG,ATH,6ED,PTK,S99,pGRU,MMQ,BRB,pELP,S00,INV,7ED,ODY,ONS,8ED,MRD,CHK,UNH,9ED,RAV,CST,TSP,10E,MED,LRW,SHM,ALA,DDC,M10,HOP,ME3,ZEN,H09,DDE,ROE,ARC,M11,DDF,SOM,MBS,DDG,NPH,CMD,M12,DDH,ISD,DDI,AVR,PC2,M13,RTR,DDK,M14,DDL,THS,C13,MD1,M15,DDN,KTK,C14,DD3_DVD,FRF,DDO,DTK,TPR,ORI,DDP,BFZ,C15,DDQ,SOI",,normal,22360,,,Basic Land,Plains,Land
Plains,,,W,Douglas Shuler,,Basic Land — Plains,,"LEA,LEB,2ED,CED,CEI,3ED,4ED,ICE,RQS,pARL,MIR,ITP,5ED,POR,pPRE,TMP,pJGP,PO2,UGL,pALP,USG,ATH,6ED,PTK,S99,pGRU,MMQ,BRB,pELP,S00,INV,7ED,ODY,ONS,8ED,MRD,CHK,UNH,9ED,RAV,CST,TSP,10E,MED,LRW,SHM,ALA,DDC,M10,HOP,ME3,ZEN,H09,DDE,ROE,ARC,M11,DDF,SOM,MBS,DDG,NPH,CMD,M12,DDH,ISD,DDI,AVR,PC2,M13,RTR,DDK,M14,DDL,THS,C13,MD1,M15,DDN,KTK,C14,DD3_DVD,FRF,DDO,DTK,TPR,ORI,DDP,BFZ,C15,DDQ,SOI",,normal,22361,,,Basic Land,Plains,Land
Plains,,,W,Douglas Shuler,,Basic Land — Plains,,"LEA,LEB,2ED,CED,CEI,3ED,4ED,ICE,RQS,pARL,MIR,ITP,5ED,POR,pPRE,TMP,pJGP,PO2,UGL,pALP,USG,ATH,6ED,PTK,S99,pGRU,MMQ,BRB,pELP,S00,INV,7ED,ODY,ONS,8ED,MRD,CHK,UNH,9ED,RAV,CST,TSP,10E,MED,LRW,SHM,ALA,DDC,M10,HOP,ME3,ZEN,H09,DDE,ROE,ARC,M11,DDF,SOM,MBS,DDG,NPH,CMD,M12,DDH,ISD,DDI,AVR,PC2,M13,RTR,DDK,M14,DDL,THS,C13,MD1,M15,DDN,KTK,C14,DD3_DVD,FRF,DDO,DTK,TPR,ORI,DDP,BFZ,C15,DDQ,SOI",,normal,22362,,,Basic Land,Plains,Land
Plains,,,W,Douglas Shuler,,Basic Land — Plains,,"LEA,LEB,2ED,CED,CEI,3ED,4ED,ICE,RQS,pARL,MIR,ITP,5ED,POR,pPRE,TMP,pJGP,PO2,UGL,pALP,USG,ATH,6ED,PTK,S99,pGRU,MMQ,BRB,pELP,S00,INV,7ED,ODY,ONS,8ED,MRD,CHK,UNH,9ED,RAV,CST,TSP,10E,MED,LRW,SHM,ALA,DDC,M10,HOP,ME3,ZEN,H09,DDE,ROE,ARC,M11,DDF,SOM,MBS,DDG,NPH,CMD,M12,DDH,ISD,DDI,AVR,PC2,M13,RTR,DDK,M14,DDL,THS,C13,MD1,M15,DDN,KTK,C14,DD3_DVD,FRF,DDO,DTK,TPR,ORI,DDP,BFZ,C15,DDQ,SOI",,normal,22363,,,Basic Land,Plains,Land
Plated Rootwalla,{4}{G},5,G,Randy Elliott,,Creature — Lizard,{2}{G}: Plated Rootwalla gets +3/+3 until end of turn. Activate this ability only once each turn.,"EXO,BRB",""" . . . And the third little boar built his house out of rootwalla plates . . . .""\n—Skyshroud children's story",normal,21116,3,3,Common,Lizard,Creature
Polluted Mire,,,B,Stephen Daniele,,Land,"Polluted Mire enters the battlefield tapped.\n{T}: Add {B} to your mana pool.\nCycling {2} ({2}, Discard this card: Draw a card.)","USG,ATH,BRB,BTD,DDD,PD3,C14,DD3_GVL,C15",,normal,21202,,,Common,,Land
Prodigal Sorcerer,{2}{U},3,U,Douglas Shuler,,Creature — Human Wizard,{T}: Prodigal Sorcerer deals 1 damage to target creature or player.,"LEA,LEB,2ED,CED,CEI,3ED,4ED,5ED,6ED,BRB,pFNM,S00,7ED,TSB,ME4,EMA",Occasionally members of the Institute of Arcane Study acquire a taste for worldly pleasures. Seldom do they have trouble finding employment.,normal,21129,1,1,Common,"Human,Wizard",Creature
Raging Goblin,{R},1,R,Jeff Miracola,,Creature — Goblin Berserker,Haste (This creature can attack and {T} as soon as it comes under your control.),"POR,PO2,EXO,ATH,6ED,S99,BRB,BTD,7ED,8ED,9ED,10E,EVG,M10,DD3_EVG","He raged at the world, at his family, at his life. But mostly he just raged.",normal,21162,1,1,Common,"Goblin,Berserker",Creature
Ray of Command,{3}{U},4,U,Andrew Robinson,,Instant,"Untap target creature an opponent controls and gain control of it until end of turn. That creature gains haste until end of turn. When you lose control of the creature, tap it.","ICE,MIR,5ED,BRB,ME2,CMD,DDM","""Heel.""",normal,21142,,,Common,,Instant
Reanimate,{B},1,B,Robert Bliss,,Sorcery,Put target creature card from a graveyard onto the battlefield under your control. You lose life equal to its converted mana cost.,"TMP,BRB,pFNM,ARC,PD3,VMA,TPR","""You will learn to earn death.""\n—Volrath",normal,21160,,,Uncommon,,Sorcery
Remote Isle,,,U,Ciruelo,,Land,"Remote Isle enters the battlefield tapped.\n{T}: Add {U} to your mana pool.\nCycling {2} ({2}, Discard this card: Draw a card.)","USG,BRB,BTD,C14",,normal,21200,,,Common,,Land
River Boa,{1}{G},2,G,Steve White,,Creature — Snake,Islandwalk (This creature can't be blocked as long as defending player controls an Island.)\n{G}: Regenerate River Boa.,"VIS,6ED,BRB,pFNM,ZEN,DPA,DDM","""But no one heard the snake's gentle hiss for peace over the elephant's trumpeting of war.""\n—Afari, Tales",normal,21109,2,1,Uncommon,Snake,Creature
Rolling Thunder,{X}{R}{R},2,R,Richard Thomas,,Sorcery,Rolling Thunder deals X damage divided as you choose among any number of target creatures and/or players.,"TMP,BRB,HOP,TPR,BFZ","""Such rage,"" thought Vhati, gazing up at the thunderhead from the Predator. ""It is Greven's mind manifest.""",normal,21158,,,Common,,Sorcery
Sadistic Glee,{B},1,B,Pete Venters,,Enchantment — Aura,"Enchant creature\nWhenever a creature dies, put a +1/+1 counter on enchanted creature.","TMP,BRB","""First blood isn't as important as last blood.""\n—Gerrard of the Weatherlight",normal,21150,,,Common,Aura,Enchantment
Sanctum Custodian,{2}{W},3,W,Paolo Parente,,Creature — Human Cleric,{T}: Prevent the next 2 damage that would be dealt to target creature or player this turn.,"USG,BRB",Serra told them to guard Urza as he healed. Five years they stood.,normal,21184,1,2,Common,"Human,Cleric",Creature
Sanctum Guardian,{1}{W}{W},3,W,Donato Giancola,,Creature — Human Cleric,"Sacrifice Sanctum Guardian: The next time a source of your choice would deal damage to target creature or player this turn, prevent that damage.","USG,BRB,9ED","""Protect our mother in her womb.""",normal,21185,1,4,Uncommon,"Human,Cleric",Creature
Sandstorm,{G},1,G,Brian Snõddy,,Instant,Sandstorm deals 1 damage to each attacking creature.,"ARN,4ED,MIR,BRB,ME4","Even the landscape turned against Sarsour, first rising up and pelting him, then rearranging itself so he could no longer find his way.",normal,21193,,,Common,,Instant
Scaled Wurm,{7}{G},8,G,Daniel Gelon,,Creature — Wurm,,"ICE,5ED,6ED,BRB,BTD,9ED,CNS","""Flourishing during the Ice Age, these wurms were the bane of all Kjeldorans. Their great size and ferocity made them the subject of countless nightmares—they embodied the worst of the Ice Age.""\n—Kjeldor: Ice Civilization",normal,21174,7,6,Common,Wurm,Creature
Scryb Sprites,{G},1,G,Amy Weber,,Creature — Faerie,Flying,"LEA,LEB,2ED,CED,CEI,3ED,4ED,RQS,ITP,5ED,BRB,MED,ME3",The only sound was the gentle clicking of the faeries' wings. Then those intruders who were still standing turned and fled. One thing was certain: they didn't think the Scryb were very funny anymore.,normal,21105,1,1,Common,Faerie,Creature
Seasoned Marshal,{2}{W}{W},4,W,Matthew D. Wilson,,Creature — Human Soldier,"Whenever Seasoned Marshal attacks, you may tap target creature.","POR,USG,BRB,7ED,8ED,9ED,DDF","There are only two rules of tactics: never be without a plan, and never rely on it.",normal,21183,2,2,Uncommon,"Human,Soldier",Creature
Seeker of Skybreak,{1}{G},2,G,Daren Bader,,Creature — Elf,{T}: Untap target creature.,"TMP,BRB,7ED","""We shun them not for their dream but for their refusal to let such a noble dream die a noble death.""\n—Eladamri, Lord of Leaves",normal,21108,2,1,Common,Elf,Creature
Sengir Vampire,{3}{B}{B},5,B,Anson Maddocks,,Creature — Vampire,"Flying (This creature can't be blocked except by creatures with flying or reach.)\nWhenever a creature dealt damage by Sengir Vampire this turn dies, put a +1/+1 counter on Sengir Vampire.","LEA,LEB,2ED,CED,CEI,3ED,4ED,BRB,BTD,TOR,9ED,10E,DPA,ME4,M12,DDK,M14,M15,ORI,W16",,normal,21169,4,4,Uncommon,Vampire,Creature
Sewer Rats,{B},1,B,Martin McKenna,,Creature — Rat,"{B}, Pay 1 life: Sewer Rats gets +1/+0 until end of turn. Activate this ability no more than three times each turn.","MIR,BRB","You lie down with rats, and the rats run away.\n—Suq'Ata insult",normal,21161,1,1,Common,Rat,Creature
Shower of Sparks,{R},1,R,Christopher Moeller,,Instant,Shower of Sparks deals 1 damage to target creature and 1 damage to target player.,"USG,BRB,DDL",The viashino had learned how to operate the rig through trial and error—mostly error.,normal,21104,,,Common,,Instant
Skyshroud Elite,{G},1,G,Paolo Parente,,Creature — Elf,Skyshroud Elite gets +1/+2 as long as an opponent controls a nonbasic land.,"EXO,BRB","""Civilization is a conspiracy to disguise the mutilation of nature.""\n—Skyshroud elite creed",normal,21106,1,1,Uncommon,Elf,Creature
Slippery Karst,,,G,Stephen Daniele,,Land,"Slippery Karst enters the battlefield tapped.\n{T}: Add {G} to your mana pool.\nCycling {2} ({2}, Discard this card: Draw a card.)","USG,ATH,BRB,BTD,DDD,C13,C14,DD3_GVL,C15",,normal,21199,,,Common,,Land
Soltari Foot Soldier,{W},1,W,Janet Aulisio,,Creature — Soltari Soldier,Shadow (This creature can block or be blocked by only creatures with shadow.),"TMP,BRB","""Children of the Ruins, raised to be warriors, know that life begins when another speaks their names.""\n—Soltari Tales of Life",normal,21187,1,1,Common,"Soltari,Soldier",Creature
Songstitcher,{W},1,W,Berry,,Creature — Human Cleric,{1}{W}: Prevent all combat damage that would be dealt this turn by target attacking creature with flying.,"USG,BRB",The true names of birds are songs woven into their souls.,normal,21134,1,1,Uncommon,"Human,Cleric",Creature
Soul Warden,{W},1,W,Randy Gallegos,,Creature — Human Cleric,"Whenever another creature enters the battlefield, you gain 1 life.","EXO,BRB,9ED,10E,M10,HOP,MD1",Count carefully the souls and see that none are lost.\n—Vec teaching,normal,21132,1,1,Common,"Human,Cleric",Creature
Spike Colony,{4}{G},5,G,Douglas Shuler,,Creature — Spike,"Spike Colony enters the battlefield with four +1/+1 counters on it.\n{2}, Remove a +1/+1 counter from Spike Colony: Put a +1/+1 counter on target creature.","STH,BRB,TPR",,normal,21181,0,0,Common,Spike,Creature
Spike Feeder,{1}{G}{G},3,G,Heather Hudson,,Creature — Spike,"Spike Feeder enters the battlefield with two +1/+1 counters on it.\n{2}, Remove a +1/+1 counter from Spike Feeder: Put a +1/+1 counter on target creature.\nRemove a +1/+1 counter from Spike Feeder: You gain 2 life.","STH,BRB,pFNM,TSB,CMD,TPR",,normal,21113,0,0,Uncommon,Spike,Creature
Spike Weaver,{2}{G}{G},4,G,Mike Raabe,,Creature — Spike,"Spike Weaver enters the battlefield with three +1/+1 counters on it.\n{2}, Remove a +1/+1 counter from Spike Weaver: Put a +1/+1 counter on target creature.\n{1}, Remove a +1/+1 counter from Spike Weaver: Prevent all combat damage that would be dealt this turn.","EXO,BRB",,normal,21179,0,0,Rare,Spike,Creature
Spike Worker,{2}{G},3,G,Daniel Gelon,,Creature — Spike,"Spike Worker enters the battlefield with two +1/+1 counters on it.\n{2}, Remove a +1/+1 counter from Spike Worker: Put a +1/+1 counter on target creature.","STH,BRB",,normal,21198,0,0,Common,Spike,Creature
Steam Blast,{2}{R},3,R,Mike Raabe,,Sorcery,Steam Blast deals 2 damage to each creature and each player.,"USG,BRB",The viashino knew of the cracked pipes but deliberately left them unmended to bolster the rig's defenses.,normal,21204,,,Uncommon,,Sorcery
Subversion,{3}{B}{B},5,B,Rob Alexander,,Enchantment,"At the beginning of your upkeep, each opponent loses 1 life. You gain life equal to the life lost this way.","ULG,BRB",Kerrick's corrupt domain swelled like a blister on Tolaria's skin.,normal,21148,,,Rare,,Enchantment
Sun Clasp,{1}{W},2,W,John Coulthart,,Enchantment — Aura,Enchant creature\nEnchanted creature gets +1/+3.\n{W}: Return enchanted creature to its owner's hand.,"VIS,BRB","""And darkness shall be cast from me\nFor my soul resides in the Sun.""\n—Femeref dirge",normal,21190,,,Common,Aura,Enchantment
Swamp,,,B,John Avon,,Basic Land — Swamp,,"LEA,LEB,2ED,CED,CEI,3ED,4ED,ICE,RQS,pARL,MIR,ITP,5ED,POR,TMP,pJGP,PO2,UGL,pALP,USG,ATH,6ED,PTK,S99,pGRU,MMQ,BRB,pELP,S00,BTD,INV,7ED,ODY,DKM,ONS,8ED,MRD,CHK,UNH,9ED,RAV,CST,TSP,10E,MED,LRW,SHM,ALA,DDC,M10,HOP,ME3,ZEN,DDD,H09,DDE,ROE,DPA,ARC,M11,SOM,MBS,NPH,CMD,M12,DDH,ISD,PD3,AVR,PC2,M13,DDJ,RTR,DDK,M14,THS,C13,DDM,MD1,M15,DDN,KTK,C14,DD3_DVD,DD3_GVL,FRF,DTK,TPR,ORI,DDP,BFZ,C15,DDQ,SOI",,normal,21171,,,Basic Land,Swamp,Land
Swamp,,,B,John Avon,,Basic Land — Swamp,,"LEA,LEB,2ED,CED,CEI,3ED,4ED,ICE,RQS,pARL,MIR,ITP,5ED,POR,TMP,pJGP,PO2,UGL,pALP,USG,ATH,6ED,PTK,S99,pGRU,MMQ,BRB,pELP,S00,BTD,INV,7ED,ODY,DKM,ONS,8ED,MRD,CHK,UNH,9ED,RAV,CST,TSP,10E,MED,LRW,SHM,ALA,DDC,M10,HOP,ME3,ZEN,DDD,H09,DDE,ROE,DPA,ARC,M11,SOM,MBS,NPH,CMD,M12,DDH,ISD,PD3,AVR,PC2,M13,DDJ,RTR,DDK,M14,THS,C13,DDM,MD1,M15,DDN,KTK,C14,DD3_DVD,DD3_GVL,FRF,DTK,TPR,ORI,DDP,BFZ,C15,DDQ,SOI",,normal,22368,,,Basic Land,Swamp,Land
Swamp,,,B,John Avon,,Basic Land — Swamp,,"LEA,LEB,2ED,CED,CEI,3ED,4ED,ICE,RQS,pARL,MIR,ITP,5ED,POR,TMP,pJGP,PO2,UGL,pALP,USG,ATH,6ED,PTK,S99,pGRU,MMQ,BRB,pELP,S00,BTD,INV,7ED,ODY,DKM,ONS,8ED,MRD,CHK,UNH,9ED,RAV,CST,TSP,10E,MED,LRW,SHM,ALA,DDC,M10,HOP,ME3,ZEN,DDD,H09,DDE,ROE,DPA,ARC,M11,SOM,MBS,NPH,CMD,M12,DDH,ISD,PD3,AVR,PC2,M13,DDJ,RTR,DDK,M14,THS,C13,DDM,MD1,M15,DDN,KTK,C14,DD3_DVD,DD3_GVL,FRF,DTK,TPR,ORI,DDP,BFZ,C15,DDQ,SOI",,normal,22369,,,Basic Land,Swamp,Land
Swamp,,,B,John Avon,,Basic Land — Swamp,,"LEA,LEB,2ED,CED,CEI,3ED,4ED,ICE,RQS,pARL,MIR,ITP,5ED,POR,TMP,pJGP,PO2,UGL,pALP,USG,ATH,6ED,PTK,S99,pGRU,MMQ,BRB,pELP,S00,BTD,INV,7ED,ODY,DKM,ONS,8ED,MRD,CHK,UNH,9ED,RAV,CST,TSP,10E,MED,LRW,SHM,ALA,DDC,M10,HOP,ME3,ZEN,DDD,H09,DDE,ROE,DPA,ARC,M11,SOM,MBS,NPH,CMD,M12,DDH,ISD,PD3,AVR,PC2,M13,DDJ,RTR,DDK,M14,THS,C13,DDM,MD1,M15,DDN,KTK,C14,DD3_DVD,DD3_GVL,FRF,DTK,TPR,ORI,DDP,BFZ,C15,DDQ,SOI",,normal,22370,,,Basic Land,Swamp,Land
Swords to Plowshares,{W},1,W,Jeff A. Menges,,Instant,Exile target creature. Its controller gains life equal to its power.,"LEA,LEB,2ED,CED,CEI,3ED,4ED,ICE,pJGP,ATH,BRB,pFNM,CST,ME2,DDF,ME4,V13,CNS,VMA,EMA",,normal,21172,,,Uncommon,,Instant
Symbiosis,{1}{G},2,G,Jeff Miracola,,Instant,Two target creatures each get +2/+2 until end of turn.,"USG,BRB","Although the elves of Argoth always considered them a nuisance, the pixies made fine allies during the war against the machines.",normal,21101,,,Common,,Instant
Syphon Soul,{2}{B},3,B,Melissa A. Benson,,Sorcery,Syphon Soul deals 2 damage to each other player. You gain life equal to the damage dealt this way.,"LEG,6ED,BRB,ONS,HOP,CNS",,normal,21152,,,Common,,Sorcery
Terror,{1}{B},2,B,Ron Spencer,,Instant,"Destroy target nonartifact, nonblack creature. It can't be regenerated.","LEA,LEB,2ED,CED,CEI,3ED,4ED,RQS,ITP,5ED,ATH,6ED,BRB,pFNM,S00,BTD,pMPR,MRD,10E,DPA,ME4",,normal,21151,,,Common,,Instant
Thalakos Lowlands,,,"W,U",Jeff A. Menges,,Land,{T}: Add {C} to your mana pool.\n{T}: Add {W} or {U} to your mana pool. Thalakos Lowlands doesn't untap during your next untap step.,"TMP,BRB,TPR",,normal,21146,,,Uncommon,,Land
Tranquility,{2}{G},3,G,Douglas Shuler,,Sorcery,Destroy all enchantments.,"LEA,LEB,2ED,CED,CEI,3ED,4ED,5ED,TMP,6ED,MMQ,BRB,INV,7ED,TPR",,normal,21100,,,Common,,Sorcery
Trumpeting Armodon,{3}{G},4,G,Gary Leach,,Creature — Elephant,{1}{G}: Target creature blocks Trumpeting Armodon this turn if able.,"TMP,BRB",These are its last days. But it will not go quietly.,normal,21114,3,3,Uncommon,Elephant,Creature
Unnerve,{3}{B},4,B,Terese Nielsen,,Sorcery,Each opponent discards two cards.,"USG,BRB,CMD","""If fear is the only tool you have left, then you'll never control me.""\n—Xantcha, to Gix",normal,21156,,,Common,,Sorcery
Uthden Troll,{2}{R},3,R,Douglas Shuler,,Creature — Troll,{R}: Regenerate Uthden Troll.,"LEA,LEB,2ED,CED,CEI,3ED,4ED,ATH,BRB,TSB","""Oi oi oi, me gotta hurt in 'ere,\nOi oi oi, me smell a ting is near,\nGonna bosh 'n gonna nosh\n'n da hurt'll disappear.""\n—Troll chant",normal,21112,2,2,Uncommon,Troll,Creature
Vec Townships,,,"G,W",Eric David Anderson,,Land,{T}: Add {C} to your mana pool.\n{T}: Add {G} or {W} to your mana pool. Vec Townships doesn't untap during your next untap step.,"TMP,BRB,TPR",,normal,21178,,,Uncommon,,Land
Village Elder,{G},1,G,Donato Giancola,,Creature — Human Druid,"{G}, {T}, Sacrifice a Forest: Regenerate target creature.","MIR,BRB",,normal,21098,1,1,Common,"Human,Druid",Creature
Wall of Heat,{2}{R},3,R,Richard Thomas,,Creature — Wall,Defender (This creature can't attack.),"LEG,CHR,BRB","At a distance, we mistook the sound for a waterfall . . . .",normal,21147,2,6,Common,Wall,Creature
Weakness,{B},1,B,Kev Walker,,Enchantment — Aura,Enchant creature\nEnchanted creature gets -2/-1.,"LEA,LEB,2ED,CED,CEI,3ED,4ED,RQS,ITP,5ED,BRB,M10,ME4",,normal,21157,,,Common,Aura,Enchantment
Wildfire Emissary,{3}{R},4,R,Richard Kane Ferguson,,Creature — Efreet,Protection from white\n{1}{R}: Wildfire Emissary gets +1/+0 until end of turn.,"MIR,BRB,TSB,EMA","""The efreet is a striding storm with a voice that crackles like fire.""\n—Qhattib, vizier of Amiqat",normal,21115,2,4,Uncommon,Efreet,Creature
Wind Drake,{2}{U},3,U,Zina Saunders,,Creature — Drake,Flying,"POR,TMP,6ED,S99,BRB,S00,7ED,8ED,9ED,M10,M13,DGM,TPR","""No bird soars too high, if he soars with his own wings.""\n—William Blake,\nThe Marriage of Heaven and Hell",normal,21124,2,2,Common,Drake,Creature
Windfall,{2}{U},3,U,Pete Venters,,Sorcery,"Each player discards his or her hand, then draws cards equal to the greatest number of cards a player discarded this way.","USG,BRB,CMD,C15","""To fill your mind with knowledge, we must start by emptying it.""\n—Barrin, master wizard",normal,21135,,,Uncommon,,Sorcery
Wrath of God,{2}{W}{W},4,W,Quinton Hoover,,Sorcery,Destroy all creatures. They can't be regenerated.,"LEA,LEB,2ED,CED,CEI,3ED,4ED,5ED,POR,6ED,BRB,7ED,pMPR,8ED,9ED,10E,C13,V14,EMA",,normal,21180,,,Rare,,Sorcery
