name,manaCost,cmc,colorIdentity,artist,number,type,text,printings,flavor,layout,multiverseid,power,toughness,rarity,subtypes,types
Aurora Eidolon,{3}{W},4,W,Justin Sweet,1,Creature — Spirit,"{W}, Sacrifice Aurora Eidolon: Prevent the next 3 damage that would be dealt to target creature or player this turn.\nWhenever you cast a multicolored spell, you may return Aurora Eidolon from your graveyard to your hand.",DIS,,normal,110639,2,2,Common,Spirit,Creature
Azorius Herald,{2}{W},3,"W,U",Justin Sweet,2,Creature — Spirit,"Azorius Herald can't be blocked.\nWhen Azorius Herald enters the battlefield, you gain 4 life.\nWhen Azorius Herald enters the battlefield, sacrifice it unless {U} was spent to cast it.","DIS,C13","""As peace should be—gentle yet unstoppable.""\n—Augustin IV",normal,107577,2,1,Uncommon,Spirit,Creature
Beacon Hawk,{1}{W},2,W,William Simpson,3,Creature — Bird,"Flying\nWhenever Beacon Hawk deals combat damage to a player, you may untap target creature.\n{W}: Beacon Hawk gets +0/+1 until end of turn.",DIS,,normal,111225,1,1,Common,Bird,Creature
Blessing of the Nephilim,{W},1,W,Greg Hildebrandt,4,Enchantment — Aura,Enchant creature\nEnchanted creature gets +1/+1 for each of its colors.,DIS,"""Before the first stone was laid or the first elf-child born, the power of the nephilim was gathering. Let that power be spread by my hands.""",normal,107307,,,Uncommon,Aura,Enchantment
Brace for Impact,{4}{W},5,W,Dan Scott,5,Instant,"Prevent all damage that would be dealt to target multicolored creature this turn. For each 1 damage prevented this way, put a +1/+1 counter on that creature.",DIS,Flesh can be tempered by spellcraft and forged ever stronger by the hammers of foes.,normal,107537,,,Uncommon,,Instant
Carom,{1}{W},2,W,Alex Horley-Orlandelli,6,Instant,The next 1 damage that would be dealt to target creature this turn is dealt to another target creature instead.\nDraw a card.,DIS,Her enemy's strength is her own.,normal,107310,,,Common,,Instant
Celestial Ancient,{3}{W}{W},5,W,Mark Tedin,7,Creature — Elemental,"Flying\nWhenever you cast an enchantment spell, put a +1/+1 counter on each creature you control.","DIS,PC2,C15","""We thought the clouds had moved from the night sky. Then the night sky moved, and the horizon grew wings.""\n—Josuri",normal,107317,3,3,Rare,Elemental,Creature
Condemn,{W},1,W,Daren Bader,8,Instant,Put target attacking creature on the bottom of its owner's library. Its controller gains life equal to its toughness.,"pMPR,DIS,10E,M11,DDL,C14","""No doubt the arbiters would put you away, after all the documents are signed. But I will have justice now!""\n—Alovnek, Boros guildmage",normal,107494,,,Uncommon,,Instant
Freewind Equenaut,{2}{W},3,W,Rebecca Guay,9,Creature — Human Archer,"Flying\nAs long as Freewind Equenaut is enchanted, it has ""{T}: Freewind Equenaut deals 2 damage to target attacking or blocking creature.""","DIS,DDL","Confront her, and feel the hooves of her steed. Ignore her, and feel the sting of her arrow.",normal,107253,2,2,Common,"Human,Archer",Creature
Guardian of the Guildpact,{3}{W},4,W,Fred Hooper,10,Creature — Spirit,Protection from monocolored,DIS,"The magic of the Guildpact gives aegis to the spirits pressed into its service. Upon entering the afterlife, they find new focus and are charged with defending the Guildpact against those who would see it broken.",normal,107583,2,3,Common,Spirit,Creature
Haazda Exonerator,{W},1,W,Kev Walker,11,Creature — Human Cleric,"{T}, Sacrifice Haazda Exonerator: Destroy target Aura.",DIS,"""This aura threatens the sanctity of your soul. Wrenching it free won't be easy on either of us. If you're ready, we'll begin.""",normal,107467,1,1,Common,"Human,Cleric",Creature
Haazda Shield Mate,{2}{W},3,W,Ron Spears,12,Creature — Human Soldier,"At the beginning of your upkeep, sacrifice Haazda Shield Mate unless you pay {W}{W}.\n{W}: The next time a source of your choice would deal damage to you this turn, prevent that damage.",DIS,"The Haazda shield is broad, protecting both the free and the guilded.",normal,107272,1,1,Rare,"Human,Soldier",Creature
Mistral Charger,{1}{W},2,W,Terese Nielsen,13,Creature — Pegasus,Flying,"DIS,EMA",Some sky steeds break from the thundering herd to ride free on the open winds.,normal,107260,2,1,Uncommon,Pegasus,Creature
Paladin of Prahv,{4}{W}{W},6,W,William Simpson,14,Creature — Human Knight,"Whenever Paladin of Prahv deals damage, you gain that much life.\nForecast — {1}{W}, Reveal Paladin of Prahv from your hand: Whenever target creature deals damage this turn, you gain that much life. (Activate this ability only during your upkeep and only once each turn.)","DIS,DDG",,normal,107433,3,4,Uncommon,"Human,Knight",Creature
Proclamation of Rebirth,{2}{W},3,W,William Simpson,15,Sorcery,"Return up to three target creature cards with converted mana cost 1 or less from your graveyard to the battlefield.\nForecast — {5}{W}, Reveal Proclamation of Rebirth from your hand: Return target creature card with converted mana cost 1 or less from your graveyard to the battlefield. (Activate this ability only during your upkeep and only once each turn.)",DIS,,normal,107341,,,Rare,,Sorcery
Proper Burial,{3}{W},4,W,Luca Zontini,16,Enchantment,"Whenever a creature you control dies, you gain life equal to that creature's toughness.",DIS,Properly honored dead gain the peace of the grave and freedom from the call of the Ghost Quarter.,normal,107466,,,Rare,,Enchantment
Soulsworn Jury,{2}{W},3,"W,U",Zoltan Boros & Gabor Szikszai,17,Creature — Spirit,"Defender (This creature can't attack.)\n{1}{U}, Sacrifice Soulsworn Jury: Counter target creature spell.",DIS,"In death, as in life, they protect the Grand Arbiter from exposure to contrary points of view.",normal,107440,1,4,Common,Spirit,Creature
Steeling Stance,{1}{W}{W},3,W,Randy Gallegos,18,Instant,"Creatures you control get +1/+1 until end of turn.\nForecast — {W}, Reveal Steeling Stance from your hand: Target creature gets +1/+1 until end of turn. (Activate this ability only during your upkeep and only once each turn.)",DIS,,normal,97115,,,Common,,Instant
Stoic Ephemera,{2}{W},3,W,Randy Gallegos,19,Creature — Spirit,"Defender (This creature can't attack.)\nFlying\nWhen Stoic Ephemera blocks, sacrifice it at end of combat.",DIS,"""Life is fleeting, and so is death. Only the oath is eternal.""",normal,107527,5,5,Uncommon,Spirit,Creature
Valor Made Real,{W},1,W,Jeff Miracola,20,Instant,Target creature can block any number of creatures this turn.,"DIS,CNS","""As my father taught, ‘Training will raise your shield to the blow, but courage fills the gaps the shield leaves open.'""",normal,107431,,,Common,,Instant
Wakestone Gargoyle,{3}{W},4,W,Jim Murray,21,Creature — Gargoyle,"Defender, flying\n{1}{W}: Creatures you control with defender can attack this turn as though they didn't have defender.","DIS,CNS","Its pulsating cry shatters bonds of iron, granite, and servitude.",normal,111226,3,4,Rare,Gargoyle,Creature
Court Hussar,{2}{U},3,"U,W",Ron Spears,22,Creature — Vedalken Knight,"Vigilance\nWhen Court Hussar enters the battlefield, look at the top three cards of your library, then put one of them into your hand and the rest on the bottom of your library in any order.\nWhen Court Hussar enters the battlefield, sacrifice it unless {W} was spent to cast it.","DIS,CMD",,normal,107265,1,3,Uncommon,"Vedalken,Knight",Creature
Cytoplast Manipulator,{2}{U}{U},4,U,Dan Scott,23,Creature — Human Wizard Mutant,"Graft 2 (This creature enters the battlefield with two +1/+1 counters on it. Whenever another creature enters the battlefield, you may move a +1/+1 counter from this creature onto it.)\n{U}, {T}: Gain control of target creature with a +1/+1 counter on it for as long as Cytoplast Manipulator remains on the battlefield.",DIS,,normal,107353,0,0,Rare,"Human,Wizard,Mutant",Creature
Enigma Eidolon,{3}{U},4,U,Shishizaru,24,Creature — Spirit,"{U}, Sacrifice Enigma Eidolon: Target player puts the top three cards of his or her library into his or her graveyard.\nWhenever you cast a multicolored spell, you may return Enigma Eidolon from your graveyard to your hand.",DIS,,normal,110640,2,2,Common,Spirit,Creature
Govern the Guildless,{5}{U},6,U,Alex Horley-Orlandelli,25,Sorcery,"Gain control of target monocolored creature.\nForecast — {1}{U}, Reveal Govern the Guildless from your hand: Target creature becomes the color or colors of your choice until end of turn. (Activate this ability only during your upkeep and only once each turn.)",DIS,,normal,107395,,,Rare,,Sorcery
Helium Squirter,{4}{U},5,U,Hideaki Takamura,26,Creature — Beast Mutant,"Graft 3 (This creature enters the battlefield with three +1/+1 counters on it. Whenever another creature enters the battlefield, you may move a +1/+1 counter from this creature onto it.)\n{1}: Target creature with a +1/+1 counter on it gains flying until end of turn.","DIS,MM2",,normal,107535,0,0,Common,"Beast,Mutant",Creature
Novijen Sages,{4}{U}{U},6,U,Luca Zontini,27,Creature — Human Advisor Mutant,"Graft 4 (This creature enters the battlefield with four +1/+1 counters on it. Whenever another creature enters the battlefield, you may move a +1/+1 counter from this creature onto it.)\n{1}, Remove two +1/+1 counters from among creatures you control: Draw a card.","DIS,MM2",,normal,97091,0,0,Rare,"Human,Advisor,Mutant",Creature
Ocular Halo,{3}{U},4,"U,W",Ralph Horsley,28,Enchantment — Aura,"Enchant creature\nEnchanted creature has ""{T}: Draw a card.""\n{W}: Enchanted creature gains vigilance until end of turn.",DIS,"While the soldier dreams, the eyes stand watch.",normal,107328,,,Common,Aura,Enchantment
Plaxmanta,{1}{U},2,"U,G",Alan Pollack,29,Creature — Beast,"Flash\nWhen Plaxmanta enters the battlefield, creatures you control gain shroud until end of turn. (They can't be the targets of spells or abilities.)\nWhen Plaxmanta enters the battlefield, sacrifice it unless {G} was spent to cast it.","DIS,C15",,normal,107286,2,2,Uncommon,Beast,Creature
Psychic Possession,{2}{U}{U},4,U,Mark Tedin,30,Enchantment — Aura,"Enchant opponent\nSkip your draw step.\nWhenever enchanted opponent draws a card, you may draw a card.",DIS,"""You will do the thinking for the both of us!""",normal,107254,,,Rare,Aura,Enchantment
Silkwing Scout,{2}{U},3,"U,G",Rebecca Guay,31,Creature — Faerie Scout,"Flying\n{G}, Sacrifice Silkwing Scout: Search your library for a basic land card and put that card onto the battlefield tapped. Then shuffle your library.",DIS,,normal,107313,2,1,Common,"Faerie,Scout",Creature
Skyscribing,{X}{U}{U},2,U,Luca Zontini,32,Sorcery,"Each player draws X cards.\nForecast — {2}{U}, Reveal Skyscribing from your hand: Each player draws a card. (Activate this ability only during your upkeep and only once each turn.)","DIS,CMD,C13",,normal,107449,,,Uncommon,,Sorcery
Spell Snare,{U},1,U,Hideaki Takamura,33,Instant,Counter target spell with converted mana cost 2.,"DIS,MMA","Every culture has its unlucky numbers. In a city where you're either alone, in a crowd, or being stabbed in the back, two is the worst number of all.",normal,107281,,,Uncommon,,Instant
Tidespout Tyrant,{5}{U}{U}{U},8,U,Dany Orizio,34,Creature — Djinn,"Flying\nWhenever you cast a spell, return target permanent to its owner's hand.",DIS,He unmakes the world in his own image.,normal,107408,5,5,Rare,Djinn,Creature
Vigean Graftmage,{2}{U},3,U,Alan Pollack,35,Creature — Vedalken Wizard Mutant,"Graft 2 (This creature enters the battlefield with two +1/+1 counters on it. Whenever another creature enters the battlefield, you may move a +1/+1 counter from this creature onto it.)\n{1}{U}: Untap target creature with a +1/+1 counter on it.","DIS,MM2",,normal,107321,0,0,Uncommon,"Vedalken,Wizard,Mutant",Creature
Vision Skeins,{1}{U},2,U,Aleksi Briclot,36,Instant,Each player draws two cards.,"DIS,CMD,C13","""I could see in the other mage's eyes that he'd thought of it too. Then it became a race to exploit the knowledge first.""",normal,107397,,,Common,,Instant
Writ of Passage,{U},1,U,Luca Zontini,37,Enchantment — Aura,"Enchant creature\nWhenever enchanted creature attacks, if its power is 2 or less, it can't be blocked this turn.\nForecast — {1}{U}, Reveal Writ of Passage from your hand: Target creature with power 2 or less can't be blocked this turn. (Activate this ability only during your upkeep and only once each turn.)",DIS,,normal,107413,,,Common,Aura,Enchantment
Bond of Agony,{X}{B},1,B,Luca Zontini,38,Sorcery,"As an additional cost to cast Bond of Agony, pay X life.\nEach other player loses X life.",DIS,"The Rakdos are unique in designing torture equipment they can operate while ""suffering"" alongside their victims.",normal,107306,,,Uncommon,,Sorcery
Brain Pry,{1}{B},2,B,Jim Nelson,39,Sorcery,"Name a nonland card. Target player reveals his or her hand. That player discards a card with that name. If he or she can't, you draw a card.",DIS,"To the Rakdos, the fun is in the shakedown. The loot is usually discarded.",normal,107340,,,Uncommon,,Sorcery
Crypt Champion,{3}{B},4,"B,R",Pete Venters,40,Creature — Zombie,"Double strike\nWhen Crypt Champion enters the battlefield, each player puts a creature card with converted mana cost 3 or less from his or her graveyard onto the battlefield.\nWhen Crypt Champion enters the battlefield, sacrifice it unless {R} was spent to cast it.",DIS,,normal,107336,2,2,Uncommon,Zombie,Creature
Delirium Skeins,{2}{B},3,B,Aleksi Briclot,41,Sorcery,Each player discards three cards.,DIS,"There came a rush, a sudden fire in the mind. Then the two saw only the sooty fog of madness, heard only the crackling of their last thoughts burning away.",normal,107435,,,Common,,Sorcery
Demon's Jester,{3}{B},4,B,Pete Venters,42,Creature — Imp,Flying\nHellbent — Demon's Jester gets +2/+1 as long as you have no cards in hand.,"DIS,DDC,DD3_DVD","They knock 'em dead, with or without the punch line.",normal,107599,2,2,Common,Imp,Creature
Drekavac,{1}{B},2,B,Carl Critchlow,43,Creature — Beast,"When Drekavac enters the battlefield, sacrifice it unless you discard a noncreature card.",DIS,"Like a vulture's scalp, the face of a drekavac is oily and hairless. The filth and disease of its carrion diet slip off its blood-slick skin.",normal,111258,3,3,Uncommon,Beast,Creature
Enemy of the Guildpact,{4}{B},5,B,Fred Hooper,44,Creature — Spirit,Protection from multicolored,DIS,"Guilds often exterminate those who saw or knew too much. Some vindictive souls retain their knowledge, using it in the afterlife to crush the guilded and the vile bargain that gives them power.",normal,107342,4,2,Common,Spirit,Creature
Entropic Eidolon,{3}{B},4,B,Aleksi Briclot,45,Creature — Spirit,"{B}, Sacrifice Entropic Eidolon: Target player loses 1 life and you gain 1 life.\nWhenever you cast a multicolored spell, you may return Entropic Eidolon from your graveyard to your hand.",DIS,,normal,110641,2,2,Common,Spirit,Creature
Infernal Tutor,{1}{B},2,B,Kev Walker,46,Sorcery,"Reveal a card from your hand. Search your library for a card with the same name as that card, reveal it, put it into your hand, then shuffle your library.\nHellbent — If you have no cards in hand, instead search your library for a card, put it into your hand, then shuffle your library.",DIS,,normal,107308,,,Rare,,Sorcery
Macabre Waltz,{1}{B},2,B,Jim Murray,47,Sorcery,"Return up to two target creature cards from your graveyard to your hand, then discard a card.","DIS,ORI,SOI","""All dead move to the hollow rhythm of necromancy.""\n—Savra",normal,97116,,,Common,,Sorcery
Nettling Curse,{2}{B},3,"B,R",Jeremy Jarvis & Wayne Reynolds,48,Enchantment — Aura,"Enchant creature\nWhenever enchanted creature attacks or blocks, its controller loses 3 life.\n{1}{R}: Enchanted creature attacks this turn if able.",DIS,"""I call them ‘Poke' and ‘Prod.'""\n—Chagrach, Rakdos cursemage",normal,107374,,,Common,Aura,Enchantment
Nightcreep,{B}{B},2,B,Jeff Miracola,49,Instant,"Until end of turn, all creatures become black and all lands become Swamps.",DIS,"""Please tell me I'm hallucinating. I'd rather be crazy than here.""\n—Gorev Hadszak, Wojek investigator",normal,107415,,,Uncommon,,Instant
Nihilistic Glee,{2}{B}{B},4,B,Ron Spears & Wayne Reynolds,50,Enchantment,"{2}{B}, Discard a card: Target opponent loses 1 life and you gain 1 life.\nHellbent — {1}, Pay 2 life: Draw a card. Activate this ability only if you have no cards in hand.",DIS,"""All ends in obliteration—love in hatred, life in death, and light in empty darkness.""",normal,107517,,,Rare,,Enchantment
Ragamuffyn,{2}{B},3,B,rk post,51,Creature — Zombie Cleric,"Hellbent — {T}, Sacrifice a creature or land: Draw a card. Activate this ability only if you have no cards in hand.",DIS,"They cut the stitches and give her sips of her brew. Then they sew her up again, and she's back to stirring.",normal,107570,2,2,Uncommon,"Zombie,Cleric",Creature
Ratcatcher,{4}{B}{B},6,B,Dan Scott,52,Creature — Ogre Rogue,"Fear (This creature can't be blocked except by artifact creatures and/or black creatures.)\nAt the beginning of your upkeep, you may search your library for a Rat card, reveal it, and put it into your hand. If you do, shuffle your library.",DIS,An ogre's poisonous stench is like fine Kashkaval cheese to the noses lowest to the ground.,normal,107273,4,4,Rare,"Ogre,Rogue",Creature
Seal of Doom,{2}{B},3,B,Ralph Horsley,53,Enchantment,Sacrifice Seal of Doom: Destroy target nonblack creature. It can't be regenerated.,"NMS,DIS,C15","""A basilisk's gaze is effective, but disposing of physical remains is a tiresome task. It's far more discrete to dissolve one's victim entirely.""\n—Szadek",normal,107534,,,Common,,Enchantment
Slaughterhouse Bouncer,{4}{B},5,B,Greg Staples,54,Creature — Ogre Warrior,"Hellbent — When Slaughterhouse Bouncer dies, if you have no cards in hand, target creature gets -3/-3 until end of turn.",DIS,A Rakdos party is a flop if anyone lives to talk about it.,normal,97073,3,3,Common,"Ogre,Warrior",Creature
Slithering Shade,{B},1,B,Daren Bader,55,Creature — Shade,Defender (This creature can't attack.)\n{B}: Slithering Shade gets +1/+1 until end of turn.\nHellbent — Slithering Shade can attack as though it didn't have defender as long as you have no cards in hand.,DIS,,normal,111283,0,1,Uncommon,Shade,Creature
Unliving Psychopath,{2}{B}{B},4,B,Greg Staples,56,Creature — Zombie Assassin,"{B}: Unliving Psychopath gets +1/-1 until end of turn.\n{B}, {T}: Destroy target creature with power less than Unliving Psychopath's power.",DIS,"""The victim bears the marks of the ‘Ktozok Impaler'. . . but he was executed years ago!""\n—Gorev Hadszak, Wojek investigator",normal,107451,0,4,Rare,"Zombie,Assassin",Creature
Vesper Ghoul,{2}{B},3,B,Thomas M. Baxa,57,Creature — Zombie Druid,"{T}, Pay 1 life: Add one mana of any color to your mana pool.",DIS,"""Nature's exceptions remind us not to think in absolutes. Just as the orchid blossoms on blackened stone, so does the gift of mana occasionally manifest in the undead.""\n—Bougrat, druid of the Cult of Yore",normal,107477,1,1,Common,"Zombie,Druid",Creature
Wit's End,{5}{B}{B},7,B,Kev Walker,58,Sorcery,Target player discards his or her hand.,"DIS,M13","""Some images are so powerful that one glance burns them into your mind forever. Come, let us gaze on nothingness.""\n—Szadek",normal,107562,,,Rare,,Sorcery
Cackling Flames,{3}{R},4,R,Shishizaru,59,Instant,Cackling Flames deals 3 damage to target creature or player.\nHellbent — Cackling Flames deals 5 damage to that creature or player instead if you have no cards in hand.,DIS,"""I like a little entertainment with my dinner.""\n—Rakdos",normal,107258,,,Common,,Instant
Demonfire,{X}{R},1,R,Greg Staples,60,Sorcery,"Demonfire deals X damage to target creature or player. If a creature dealt damage this way would die this turn, exile it instead.\nHellbent — If you have no cards in hand, Demonfire can't be countered by spells or abilities and the damage can't be prevented.","DIS,DD2,DD3_JVC",,normal,107252,,,Rare,,Sorcery
Flame-Kin War Scout,{3}{R},4,R,Fred Hooper,61,Creature — Elemental Scout,"When another creature enters the battlefield, sacrifice Flame-Kin War Scout. If you do, Flame-Kin War Scout deals 4 damage to that creature.",DIS,"""The forward flame-kin are popping. We have incoming!""\n—Svar, Boros signaler",normal,107337,2,4,Uncommon,"Elemental,Scout",Creature
Flaring Flame-Kin,{2}{R},3,R,Brian Hagan,62,Creature — Elemental Warrior,"As long as Flaring Flame-Kin is enchanted, it gets +2/+2, has trample, and has ""{R}: Flaring Flame-Kin gets +1/+0 until end of turn.""","DIS,CNS","A flame-kin is always formidable, but feeding its fire with a sorcerous gift grants it the power to devastate armies.",normal,111247,2,2,Uncommon,"Elemental,Warrior",Creature
Gnat Alley Creeper,{2}{R},3,R,Pete Venters,63,Creature — Human Rogue,Gnat Alley Creeper can't be blocked by creatures with flying.,DIS,"Despite its diminutive name, Gnat Alley is the longest street in Ravnica. Mile after twisting mile, it threads its way among the broader, safer thoroughfares like a parasite.",normal,107526,3,1,Uncommon,"Human,Rogue",Creature
Ignorant Bliss,{1}{R},2,R,Jeff Miracola,64,Instant,"Exile all cards from your hand face down. At the beginning of the next end step, return those cards to your hand, then draw a card.",DIS,"""A quick step beyond oblivion lies a place so full of thoughts that it leaves no room for your own.""\n—Quyzl, chronarch prodigy",normal,111281,,,Uncommon,,Instant
Kill-Suit Cultist,{R},1,"R,B",Alex Horley-Orlandelli,65,Creature — Goblin Berserker,"Kill-Suit Cultist attacks each turn if able.\n{B}, Sacrifice Kill-Suit Cultist: The next time damage would be dealt to target creature this turn, destroy that creature instead.",DIS,Dressed to kill.,normal,107493,1,1,Common,"Goblin,Berserker",Creature
Kindle the Carnage,{1}{R}{R},3,R,Dany Orizio,66,Sorcery,"Discard a card at random. If you do, Kindle the Carnage deals damage equal to that card's converted mana cost to each creature. You may repeat this process any number of times.",DIS,"""Start knockin' heads, boys, and don't stop 'til the ragamuffyn sings!""",normal,107446,,,Uncommon,,Sorcery
Ogre Gatecrasher,{3}{R},4,R,Daren Bader,67,Creature — Ogre Rogue,"When Ogre Gatecrasher enters the battlefield, destroy target creature with defender.",DIS,A popular game among ogres is to see how many revolutions a head can make before it pops off.,normal,107389,3,3,Common,"Ogre,Rogue",Creature
Psychotic Fury,{1}{R},2,R,Kev Walker,68,Instant,Target multicolored creature gains double strike until end of turn.\nDraw a card.,DIS,"""Rage, my servants. Our ancient power is renewed in blood.""\n—Rakdos",normal,107338,,,Common,,Instant
Rakdos Pit Dragon,{2}{R}{R},4,R,Kev Walker,69,Creature — Dragon,{R}{R}: Rakdos Pit Dragon gains flying until end of turn.\n{R}: Rakdos Pit Dragon gets +1/+0 until end of turn.\nHellbent — Rakdos Pit Dragon has double strike as long as you have no cards in hand.,"DIS,DD2,DD3_JVC",,normal,111188,3,3,Rare,Dragon,Creature
Sandstorm Eidolon,{3}{R},4,R,Brian Hagan,70,Creature — Spirit,"{R}, Sacrifice Sandstorm Eidolon: Target creature can't block this turn.\nWhenever you cast a multicolored spell, you may return Sandstorm Eidolon from your graveyard to your hand.",DIS,,normal,110637,2,2,Common,Spirit,Creature
Seal of Fire,{R},1,R,Ralph Horsley,71,Enchantment,Sacrifice Seal of Fire: Seal of Fire deals 2 damage to target creature or player.,"NMS,DIS,DD2,DD3_JVC","""If it breathes, it will burn.""\n—Rakdos pyromancers' creed",normal,107531,,,Common,,Enchantment
Squealing Devil,{1}{R},2,"R,B",Matt Cavotta,72,Creature — Devil,"Fear (This creature can't be blocked except by artifact creatures and/or black creatures.)\nWhen Squealing Devil enters the battlefield, you may pay {X}. If you do, target creature gets +X/+0 until end of turn.\nWhen Squealing Devil enters the battlefield, sacrifice it unless {B} was spent to cast it.",DIS,,normal,107303,2,1,Uncommon,Devil,Creature
Stalking Vengeance,{5}{R}{R},7,R,Anthony S. Waters,73,Creature — Avatar,"Haste\nWhenever another creature you control dies, it deals damage equal to its power to target player.","DIS,C13","Something roams the killing places, sniffing the guilt of the slayers, stalking them on iron paws.",normal,107301,5,5,Rare,Avatar,Creature
Stormscale Anarch,{2}{R}{R},4,R,Ralph Horsley,74,Creature — Viashino Shaman,"{2}{R}, Discard a card at random: Stormscale Anarch deals 2 damage to target creature or player. If the discarded card was multicolored, Stormscale Anarch deals 4 damage to that creature or player instead.",DIS,,normal,107300,2,2,Rare,"Viashino,Shaman",Creature
Taste for Mayhem,{R},1,R,Greg Hildebrandt,75,Enchantment — Aura,Enchant creature\nEnchanted creature gets +2/+0.\nHellbent — Enchanted creature gets an additional +2/+0 as long as you have no cards in hand.,DIS,The taste of blood breaks down what little self-control the Rakdos possess.,normal,107597,,,Common,Aura,Enchantment
Utvara Scalper,{1}{R},2,R,Christopher Rush,76,Creature — Goblin Scout,Flying\nUtvara Scalper attacks each turn if able.,DIS,He wages war wherever the wind carries him.,normal,107276,1,2,Common,"Goblin,Scout",Creature
War's Toll,{3}{R},4,R,Dana Knutson,77,Enchantment,"Whenever an opponent taps a land for mana, tap all lands that player controls.\nIf a creature an opponent controls attacks, all creatures that opponent controls attack if able.",DIS,"Razia, archangel of war, demands total commitment.",normal,107492,,,Rare,,Enchantment
Weight of Spires,{R},1,R,Michael Sutfin,78,Instant,Weight of Spires deals damage to target creature equal to the number of nonbasic lands that creature's controller controls.,DIS,"""Finally, a good use for an Azorius courthouse.""\n—Ghut Rak, Gruul guildmage",normal,107551,,,Uncommon,,Instant
Whiptail Moloch,{4}{R},5,R,Darrell Riche,79,Creature — Lizard,"When Whiptail Moloch enters the battlefield, it deals 3 damage to target creature you control.",DIS,"""It wags its tail when it's happy. It wags its tail when it's angry. Nope, there's no good time to be around a whiptail.""\n—Rugar, Leaguehall Infirmary patient",normal,97075,6,3,Common,Lizard,Creature
Aquastrand Spider,{1}{G},2,G,Dany Orizio,80,Creature — Spider Mutant,"Graft 2 (This creature enters the battlefield with two +1/+1 counters on it. Whenever another creature enters the battlefield, you may move a +1/+1 counter from this creature onto it.)\n{G}: Target creature with a +1/+1 counter on it gains reach until end of turn. (It can block creatures with flying.)","DIS,CMD,MM2",,normal,107472,0,0,Common,"Spider,Mutant",Creature
Cytoplast Root-Kin,{2}{G}{G},4,G,Thomas M. Baxa,81,Creature — Elemental Mutant,"Graft 4 (This creature enters the battlefield with four +1/+1 counters on it. Whenever another creature enters the battlefield, you may move a +1/+1 counter from this creature onto it.)\nWhen Cytoplast Root-Kin enters the battlefield, put a +1/+1 counter on each other creature you control with a +1/+1 counter on it.\n{2}: Move a +1/+1 counter from target creature you control onto Cytoplast Root-Kin.","DIS,MM2",,normal,107507,0,0,Rare,"Elemental,Mutant",Creature
Cytospawn Shambler,{6}{G},7,G,Anthony S. Waters,82,Creature — Elemental Mutant,"Graft 6 (This creature enters the battlefield with six +1/+1 counters on it. Whenever another creature enters the battlefield, you may move a +1/+1 counter from this creature onto it.)\n{G}: Target creature with a +1/+1 counter on it gains trample until end of turn.",DIS,,normal,107312,0,0,Common,"Elemental,Mutant",Creature
Elemental Resonance,{2}{G}{G},4,G,Mark Tedin,83,Enchantment — Aura,"Enchant permanent\nAt the beginning of your precombat main phase, add mana equal to enchanted permanent's mana cost to your mana pool. (Mana cost includes color. If a mana symbol has multiple colors, choose one.)",DIS,,normal,107369,,,Rare,Aura,Enchantment
Fertile Imagination,{2}{G}{G},4,G,Dan Scott,84,Sorcery,"Choose a card type. Target opponent reveals his or her hand. Put two 1/1 green Saproling creature tokens onto the battlefield for each card of the chosen type revealed this way. (Artifact, creature, enchantment, instant, land, planeswalker, sorcery, and tribal are card types.)",DIS,,normal,111203,,,Uncommon,,Sorcery
Flash Foliage,{2}{G},3,G,Ron Spears,85,Instant,Cast Flash Foliage only during combat after blockers are declared.\nPut a 1/1 green Saproling creature token onto the battlefield blocking target creature attacking you.\nDraw a card.,DIS,"""This undemanding vegetation takes root in a mote of dust but grows incredibly quickly.""\n—Simic research notes",normal,107264,,,Uncommon,,Instant
Indrik Stomphowler,{4}{G},5,G,Carl Critchlow,86,Creature — Beast,"When Indrik Stomphowler enters the battlefield, destroy target artifact or enchantment.","DIS,DDD,DD3_GVL,C15","""An indrik's howl has destructive power much subtler than that of its crushing foot. The sound is mundane, but inaudible vibrations scatter and sunder magical contrivances.""\n—Simic research notes",normal,107377,4,4,Uncommon,Beast,Creature
Loaming Shaman,{2}{G},3,G,Carl Critchlow,87,Creature — Centaur Shaman,"When Loaming Shaman enters the battlefield, target player shuffles any number of target cards from his or her graveyard into his or her library.","DIS,C15",His work determines who is remembered and who feeds the worms.,normal,107568,3,2,Rare,"Centaur,Shaman",Creature
Might of the Nephilim,{1}{G},2,G,Paolo Parente,88,Instant,Target creature gets +2/+2 until end of turn for each of its colors.,DIS,"""Send a runner to Tin Street, and tell 'em the delivery has been . . . uh . . . held up.""\n—Bonmod, caravan rear guard",normal,107320,,,Uncommon,,Instant
Patagia Viper,{3}{G},4,"G,U",Christopher Moeller,89,Creature — Snake,"Flying\nWhen Patagia Viper enters the battlefield, put two 1/1 green and blue Snake creature tokens onto the battlefield.\nWhen Patagia Viper enters the battlefield, sacrifice it unless {U} was spent to cast it.","DIS,C15",,normal,107549,2,1,Uncommon,Snake,Creature
Protean Hulk,{5}{G}{G},7,G,Matt Cavotta,90,Creature — Beast,"When Protean Hulk dies, search your library for any number of creature cards with total converted mana cost 6 or less and put them onto the battlefield. Then shuffle your library.",DIS,"""Meat and eggs. We eat!""\n—Borborygmos",normal,107598,6,6,Rare,Beast,Creature
Simic Basilisk,{4}{G}{G},6,G,Luca Zontini,91,Creature — Basilisk Mutant,"Graft 3 (This creature enters the battlefield with three +1/+1 counters on it. Whenever another creature enters the battlefield, you may move a +1/+1 counter from this creature onto it.)\n{1}{G}: Until end of turn, target creature with a +1/+1 counter on it gains ""Whenever this creature deals combat damage to a creature, destroy that creature at end of combat.""",DIS,,normal,107347,0,0,Uncommon,"Basilisk,Mutant",Creature
Simic Initiate,{G},1,G,Dany Orizio,92,Creature — Human Mutant,"Graft 1 (This creature enters the battlefield with a +1/+1 counter on it. Whenever another creature enters the battlefield, you may move a +1/+1 counter from this creature onto it.)","DIS,MM2",Simic initiates begin their training as experimental subjects. Failures are flushed to the undersewers.,normal,107441,0,0,Common,"Human,Mutant",Creature
Simic Ragworm,{3}{G},4,"G,U",Nick Percival,93,Creature — Worm,{U}: Untap Simic Ragworm.,DIS,"""Infused with autochthon blood for size and hellion cells for speed, the ragworm is perfect for clearing the undergardens of both rats and vagrants.""\n—Yolov, Simic bioengineer",normal,107565,3,3,Common,Worm,Creature
Sporeback Troll,{3}{G},4,G,Dan Scott,94,Creature — Troll Mutant,"Graft 2 (This creature enters the battlefield with two +1/+1 counters on it. Whenever another creature enters the battlefield, you may move a +1/+1 counter from this creature onto it.)\n{1}{G}: Regenerate target creature with a +1/+1 counter on it.",DIS,,normal,107263,0,0,Common,"Troll,Mutant",Creature
Sprouting Phytohydra,{4}{G},5,G,Heather Hudson,95,Creature — Plant Hydra,"Defender (This creature can't attack.)\nWhenever Sprouting Phytohydra is dealt damage, you may put a token that's a copy of Sprouting Phytohydra onto the battlefield.",DIS,A hydra tender's problem isn't having enough defenses but enough pots.,normal,111220,0,2,Rare,"Plant,Hydra",Creature
Stomp and Howl,{2}{G},3,G,Carl Critchlow,96,Sorcery,Destroy target artifact and target enchantment.,DIS,"""Mizzium may be impervious to fire, but obviously certain other things can . . . modify its form.""\n—Ivos Koba, indrik handler",normal,107505,,,Uncommon,,Sorcery
Street Savvy,{G},1,G,Kev Walker,97,Enchantment — Aura,Enchant creature\nEnchanted creature gets +0/+2 and can block creatures with landwalk abilities as though they didn't have those abilities.,DIS,"""It takes more than swift feet and dark shadows to slip by me unnoticed.""",normal,107371,,,Common,Aura,Enchantment
Thrive,{X}{G},1,G,Daren Bader,98,Sorcery,Put a +1/+1 counter on each of X target creatures.,"PCY,DIS,MM2","The most successful of Simic creations is cytoplasm, a living, symbiotic substance that feeds off genetic rhythms and strengthens its host in return.",normal,107390,,,Common,,Sorcery
Utopia Sprawl,{G},1,G,Ron Spears,99,Enchantment — Aura,"Enchant Forest\nAs Utopia Sprawl enters the battlefield, choose a color.\nWhenever enchanted Forest is tapped for mana, its controller adds one mana of the chosen color to his or her mana pool (in addition to the mana the land produces).",DIS,,normal,107569,,,Common,Aura,Enchantment
Verdant Eidolon,{3}{G},4,G,Tsutomu Kawade,100,Creature — Spirit,"{G}, Sacrifice Verdant Eidolon: Add three mana of any one color to your mana pool.\nWhenever you cast a multicolored spell, you may return Verdant Eidolon from your graveyard to your hand.",DIS,,normal,110638,2,2,Common,Spirit,Creature
Æthermage's Touch,{2}{W}{U},4,"W,U",Randy Gallegos,101,Instant,"Reveal the top four cards of your library. You may put a creature card from among them onto the battlefield. It gains ""At the beginning of your end step, return this creature to its owner's hand."" Then put the rest of the cards revealed this way on the bottom of your library in any order.","DIS,C13",,normal,111192,,,Rare,,Instant
Anthem of Rakdos,{2}{B}{R}{R},5,"B,R",Ralph Horsley,102,Enchantment,"Whenever a creature you control attacks, it gets +2/+0 until end of turn and Anthem of Rakdos deals 1 damage to you.\nHellbent — As long as you have no cards in hand, if a source you control would deal damage to a creature or player, it deals double that damage to that creature or player instead.",DIS,,normal,97110,,,Rare,,Enchantment
Assault Zeppelid,{2}{G}{U},4,"U,G",Jeremy Jarvis,103,Creature — Beast,"Flying, trample",DIS,"""Show them to Razia and then to the Azorius sky marshals. We could create a fine bidding war—enough to fund the final stages of Project Kraj.""\n—Momir Vig",normal,97107,3,3,Common,Beast,Creature
Azorius Æthermage,{1}{W}{U},3,"W,U",Heather Hudson,104,Creature — Human Wizard,"Whenever a permanent is returned to your hand, you may pay {1}. If you do, draw a card.",DIS,In her single metasphere are bound the records of every Ætheric transaction since the time of Azor.,normal,111256,1,1,Uncommon,"Human,Wizard",Creature
Azorius First-Wing,{W}{U},2,"W,U",Alex Horley-Orlandelli,105,Creature — Griffin,"Flying, protection from enchantments",DIS,"With a steady diet of lawbreakers, Azorius griffins inevitably develop a resistance to the contraband magic that taints much of their prey.",normal,97101,2,2,Common,Griffin,Creature
Azorius Ploy,{1}{W}{W}{U},4,"W,U",Michael Sutfin,106,Instant,Prevent all combat damage target creature would deal this turn.\nPrevent all combat damage that would be dealt to target creature this turn.,DIS,"Azorius military tactics, like their legal tactics, capitalize on delay and nullification.",normal,107427,,,Uncommon,,Instant
Coiling Oracle,{G}{U},2,"U,G",Mark Zug,107,Creature — Snake Elf Druid,"When Coiling Oracle enters the battlefield, reveal the top card of your library. If it's a land card, put it onto the battlefield. Otherwise, put that card into your hand.","pARL,DIS,DDO,C15","Snaking remnants of nature directed by a body of thought and progress, the oracles embody all that is Simic.",normal,97106,1,1,Common,"Snake,Elf,Druid",Creature
Cytoshape,{1}{G}{U},3,"U,G",Alan Pollack,108,Instant,Choose a nonlegendary creature on the battlefield. Target creature becomes a copy of that creature until end of turn.,DIS,"""Though highly effective at reshaping flesh, these specially bred cytoplasts leave the subject reeking of omnibian mucus.""\n—Simic research notes",normal,107346,,,Rare,,Instant
Dread Slag,{3}{B}{R},5,"B,R",Anthony S. Waters,109,Creature — Horror,Trample\nDread Slag gets -4/-4 for each card in your hand.,DIS,A thousand phobias sopped from the city and wrung from Rix Maadi as one.,normal,107322,9,9,Rare,Horror,Creature
Experiment Kraj,{2}{G}{G}{U}{U},6,"U,G",Mark Tedin,110,Legendary Creature — Ooze Mutant,Experiment Kraj has all activated abilities of each other creature with a +1/+1 counter on it.\n{T}: Put a +1/+1 counter on target creature.,DIS,"""Of course it will grow beyond control—it was designed to choose its own evolution.""\n—Momir Vig",normal,107385,4,6,Rare,"Ooze,Mutant",Creature
Gobhobbler Rats,{B}{R},2,"B,R",Michael Sutfin,111,Creature — Rat,"Hellbent — As long as you have no cards in hand, Gobhobbler Rats gets +1/+0 and has ""{B}: Regenerate Gobhobbler Rats.""",DIS,"Lyzolda's pet rats eat better than the average citizen. In fact, they can usually be found eating the average citizen.",normal,107542,2,2,Common,Rat,Creature
Grand Arbiter Augustin IV,{2}{W}{U},4,"W,U",Zoltan Boros & Gabor Szikszai,112,Legendary Creature — Human Advisor,White spells you cast cost {1} less to cast.\nBlue spells you cast cost {1} less to cast.\nSpells your opponents cast cost {1} more to cast.,"DIS,MMA","The Arbiter is a conduit of justice, a will so disciplined that it dispenses justice without ego or remorse.",normal,107329,2,3,Rare,"Human,Advisor",Creature
Hellhole Rats,{2}{B}{R},4,"B,R",Kev Walker,113,Creature — Rat,"Haste\nWhen Hellhole Rats enters the battlefield, target player discards a card. Hellhole Rats deals damage to that player equal to that card's converted mana cost.",DIS,"""I must speak with Momir Vig about creating a water-spouting watchdog.""\n—Mathvan, Prahv scrollwarden",normal,97100,2,2,Uncommon,Rat,Creature
Isperia the Inscrutable,{1}{W}{W}{U}{U},5,"W,U",Greg Staples,114,Legendary Creature — Sphinx,"Flying\nWhenever Isperia the Inscrutable deals combat damage to a player, name a card. That player reveals his or her hand. If he or she reveals the named card, search your library for a creature card with flying, reveal it, put it into your hand, then shuffle your library.",DIS,,normal,107448,3,6,Rare,Sphinx,Creature
Jagged Poppet,{1}{B}{R},3,"B,R",Jeff Miracola,115,Creature — Ogre Warrior,"Whenever Jagged Poppet is dealt damage, discard that many cards.\nHellbent — Whenever Jagged Poppet deals combat damage to a player, if you have no cards in hand, that player discards cards equal to the damage.",DIS,Few puppets are so willing.,normal,97086,3,4,Uncommon,"Ogre,Warrior",Creature
Leafdrake Roost,{3}{G}{U},5,"U,G",Nick Percival,116,Enchantment — Aura,"Enchant land\nEnchanted land has ""{G}{U}, {T}: Put a 2/2 green and blue Drake creature token with flying onto the battlefield.""","DIS,C13","""The best experiments are those whose successes replicate themselves.""\n—Yolov, Simic bioengineer",normal,107557,,,Uncommon,Aura,Enchantment
"Lyzolda, the Blood Witch",{1}{B}{R},3,"B,R",Jim Nelson,117,Legendary Creature — Human Cleric,"{2}, Sacrifice a creature: Lyzolda, the Blood Witch deals 2 damage to target creature or player if the sacrificed creature was red. Draw a card if the sacrificed creature was black.",DIS,"Sacrificial rites take place before an audience of cheering cultists, each begging to be the next on stage.",normal,107363,3,1,Rare,"Human,Cleric",Creature
"Momir Vig, Simic Visionary",{3}{G}{U},5,"U,G",Zoltan Boros & Gabor Szikszai,118,Legendary Creature — Elf Wizard,"Whenever you cast a green creature spell, you may search your library for a creature card and reveal it. If you do, shuffle your library and put that card on top of it.\nWhenever you cast a blue creature spell, reveal the top card of your library. If it's a creature card, put that card into your hand.",DIS,,normal,107506,2,2,Rare,"Elf,Wizard",Creature
Omnibian,{1}{G}{G}{U},4,"U,G",Jim Nelson,119,Creature — Frog,{T}: Target creature becomes a Frog with base power and toughness 3/3 until end of turn.,DIS,"""This creature has hyperevolved chameleonic abilities. It no longer mimics its surroundings, instead forcing them to take on its form.""\n—Simic research notes",normal,83737,3,3,Rare,Frog,Creature
Overrule,{X}{W}{U},2,"W,U",Alan Pollack,120,Instant,Counter target spell unless its controller pays {X}. You gain X life.,"DIS,DDI","With one commanding word, the spell was put down and a fine collected for its casting.",normal,97111,,,Common,,Instant
Pain Magnification,{1}{B}{R},3,"B,R",Aleksi Briclot,121,Enchantment,"Whenever an opponent is dealt 3 or more damage by a single source, that player discards a card.",DIS,The Rakdos make sure their victims remember their pain—or at least give up a little bit of their sanity in order to forget.,normal,97105,,,Uncommon,,Enchantment
Palliation Accord,{3}{W}{U},5,"W,U",William Simpson,122,Enchantment,"Whenever a creature an opponent controls becomes tapped, put a shield counter on Palliation Accord.\nRemove a shield counter from Palliation Accord: Prevent the next 1 damage that would be dealt to you this turn.",DIS,,normal,97118,,,Uncommon,,Enchantment
Plaxcaster Frogling,{1}{G}{U},3,"U,G",Greg Staples,123,Creature — Frog Mutant,"Graft 3 (This creature enters the battlefield with three +1/+1 counters on it. Whenever another creature enters the battlefield, you may move a +1/+1 counter from this creature onto it.)\n{2}: Target creature with a +1/+1 counter on it gains shroud until end of turn. (It can't be the target of spells or abilities.)","DIS,MM2",,normal,97104,0,0,Uncommon,"Frog,Mutant",Creature
Plumes of Peace,{1}{W}{U},3,"W,U",Justin Sweet,124,Enchantment — Aura,"Enchant creature\nEnchanted creature doesn't untap during its controller's untap step.\nForecast — {W}{U}, Reveal Plumes of Peace from your hand: Tap target creature. (Activate this ability only during your upkeep and only once each turn.)",DIS,,normal,107379,,,Common,Aura,Enchantment
Pride of the Clouds,{W}{U},2,"W,U",Rebecca Guay,125,Creature — Elemental Cat,"Flying\nPride of the Clouds gets +1/+1 for each other creature with flying on the battlefield.\nForecast — {2}{W}{U}, Reveal Pride of the Clouds from your hand: Put a 1/1 white and blue Bird creature token with flying onto the battlefield. (Activate this ability only during your upkeep and only once each turn.)",DIS,,normal,97097,1,1,Rare,"Elemental,Cat",Creature
Rain of Gore,{B}{R},2,"B,R",Fred Hooper,126,Enchantment,"If a spell or ability would cause its controller to gain life, that player loses that much life instead.",DIS,"""Stay indoors, away from what seeps over the thresholds. This is the Demon's work, and only ill can come of it.""\n—Belko, owner of Titan's Keg tavern",normal,107358,,,Rare,,Enchantment
Rakdos Augermage,{B}{B}{R},3,"B,R",Zoltan Boros & Gabor Szikszai,127,Creature — Human Wizard,First strike\n{T}: Reveal your hand and discard a card of target opponent's choice. Then that player reveals his or her hand and discards a card of your choice. Activate this ability only any time you could cast a sorcery.,DIS,"""Great minds bleed alike.""",normal,107543,3,2,Rare,"Human,Wizard",Creature
Rakdos Ickspitter,{1}{B}{R},3,"B,R",Christopher Rush,128,Creature — Thrull,{T}: Rakdos Ickspitter deals 1 damage to target creature and that creature's controller loses 1 life.,DIS,"""Our thrulls dissolve from the inside out in a matter of days. Shoddy work, but they're a scream while they last.""\n—Uzric, Rakdos guildmage",normal,97074,1,1,Common,Thrull,Creature
Rakdos the Defiler,{2}{B}{B}{R}{R},6,"B,R",Zoltan Boros & Gabor Szikszai,129,Legendary Creature — Demon,"Flying, trample\nWhenever Rakdos the Defiler attacks, sacrifice half the non-Demon permanents you control, rounded up.\nWhenever Rakdos deals combat damage to a player, that player sacrifices half the non-Demon permanents he or she controls, rounded up.",DIS,,normal,107438,7,6,Rare,Demon,Creature
Simic Sky Swallower,{5}{G}{U},7,"U,G",rk post,130,Creature — Leviathan,"Flying, trample\nShroud (This creature can't be the target of spells or abilities.)","DIS,CMD,DDO","""We've bred out the shortcomings of the species' natural form and replaced them with assets of our own design.""\n—Momir Vig",normal,111204,6,6,Rare,Leviathan,Creature
Sky Hussar,{3}{W}{U},5,"W,U",Kev Walker,131,Creature — Human Knight,"Flying\nWhen Sky Hussar enters the battlefield, untap all creatures you control.\nForecast — Tap two untapped white and/or blue creatures you control, Reveal Sky Hussar from your hand: Draw a card. (Activate this ability only during your upkeep and only once each turn.)",DIS,,normal,97109,4,3,Uncommon,"Human,Knight",Creature
Swift Silence,{2}{W}{U}{U},5,"W,U",Greg Staples,132,Instant,Counter all other spells. Draw a card for each spell countered this way.,DIS,"""This world may not know peace, but in my presence you will know quiet.""\n—Augustin IV",normal,107284,,,Rare,,Instant
Trygon Predator,{1}{G}{U},3,"U,G",Carl Critchlow,133,Creature — Beast,"Flying\nWhenever Trygon Predator deals combat damage to a player, you may destroy target artifact or enchantment that player controls.","DIS,MMA,C15,EMA","Held aloft by metabolized magic, trygons are ravenous for sources of mystic fuel.",normal,97112,2,3,Uncommon,Beast,Creature
Twinstrike,{3}{B}{R},5,"B,R",Christopher Rush,134,Instant,Twinstrike deals 2 damage to each of two target creatures.\nHellbent — Destroy those creatures instead if you have no cards in hand.,DIS,They're dying left and right.,normal,97114,,,Uncommon,,Instant
Vigean Hydropon,{1}{G}{U},3,"U,G",Anthony S. Waters,135,Creature — Plant Mutant,"Graft 5 (This creature enters the battlefield with five +1/+1 counters on it. Whenever another creature enters the battlefield, you may move a +1/+1 counter from this creature onto it.)\nVigean Hydropon can't attack or block.",DIS,"Fruits of magic, roots in science.",normal,107293,0,0,Common,"Plant,Mutant",Creature
Vigean Intuition,{3}{G}{U},5,"U,G",Alex Horley-Orlandelli,136,Instant,"Choose a card type, then reveal the top four cards of your library. Put all cards of the chosen type revealed this way into your hand and the rest into your graveyard. (Artifact, creature, enchantment, instant, land, planeswalker, sorcery, and tribal are card types.)",DIS,,normal,97120,,,Uncommon,,Instant
Voidslime,{G}{U}{U},3,"U,G",Jim Murray,137,Instant,"Counter target spell, activated ability, or triggered ability. (Mana abilities can't be targeted.)","pCMP,DIS","""It is technically an ooze, but its lifespan measures only seconds. In that short time, its appetite for magic is extraordinary.""\n—Simic research notes",normal,97096,,,Rare,,Instant
Windreaver,{3}{W}{U},5,"W,U",Aleksi Briclot,138,Creature — Elemental,Flying\n{W}: Windreaver gains vigilance until end of turn.\n{W}: Windreaver gets +0/+1 until end of turn.\n{U}: Switch Windreaver's power and toughness until end of turn.\n{U}: Return Windreaver to its owner's hand.,"DIS,DDI",,normal,97094,1,3,Rare,Elemental,Creature
Wrecking Ball,{2}{B}{R},4,"B,R",Ron Spears,139,Instant,Destroy target creature or land.,"DIS,CMD,MM2",Rakdos festivals almost leave enough rubble in their wake to hide the bodies.,normal,111202,,,Common,,Instant
Avatar of Discord,{B/R}{B/R}{B/R},3,"B,R",rk post,140,Creature — Avatar,"({B/R} can be paid with either {B} or {R}.)\nFlying\nWhen Avatar of Discord enters the battlefield, sacrifice it unless you discard two cards.","pPRE,DIS,ARC",Such is the power of Rakdos that even his shadow takes on a cruel life of its own.,normal,107437,5,3,Rare,Avatar,Creature
Azorius Guildmage,{W/U}{W/U},2,"W,U",Christopher Moeller,141,Creature — Vedalken Wizard,{2}{W}: Tap target creature.\n{2}{U}: Counter target activated ability. (Mana abilities can't be targeted.),"pREL,DIS,CMD",,normal,97077,2,2,Uncommon,"Vedalken,Wizard",Creature
Biomantic Mastery,{4}{G/U}{G/U}{G/U},7,"U,G",Dan Scott,142,Sorcery,"Draw a card for each creature target player controls, then draw a card for each creature another target player controls.","DIS,C15","""Look beyond, to the vascular awareness that all life is a map to greater knowledge.""\n—Momir Vig, Biomancy, vol. I",normal,107277,,,Rare,,Sorcery
Dovescape,{3}{W/U}{W/U}{W/U},6,"W,U",Shishizaru,143,Enchantment,"({W/U} can be paid with either {W} or {U}.)\nWhenever a player casts a noncreature spell, counter that spell. That player puts X 1/1 white and blue Bird creature tokens with flying onto the battlefield, where X is the spell's converted mana cost.",DIS,,normal,107428,,,Rare,,Enchantment
Minister of Impediments,{2}{W/U},3,"W,U",Brian Hagan,144,Creature — Human Advisor,({W/U} can be paid with either {W} or {U}.)\n{T}: Tap target creature.,DIS,"When it takes forever to learn all the rules, no time is left for breaking them.",normal,97083,1,1,Common,"Human,Advisor",Creature
Rakdos Guildmage,{B/R}{B/R},2,"B,R",Jeremy Jarvis,145,Creature — Zombie Shaman,"({B/R} can be paid with either {B} or {R}.)\n{3}{B}, Discard a card: Target creature gets -2/-2 until end of turn.\n{3}{R}: Put a 2/1 red Goblin creature token with haste onto the battlefield. Exile it at the beginning of the next end step.","pCMP,DIS,ARC",,normal,97108,2,2,Uncommon,"Zombie,Shaman",Creature
Riot Spikes,{B/R},1,"B,R",Christopher Moeller,146,Enchantment — Aura,({B/R} can be paid with either {B} or {R}.)\nEnchant creature\nEnchanted creature gets +2/-1.,DIS,Most auramancers would have let the spikes hover just above the skin. Having the spikes rip through the skin from beneath was a touch added by Rakdos himself.,normal,97076,,,Common,Aura,Enchantment
Shielding Plax,{2}{G/U},3,"U,G",Brian Hagan,147,Enchantment — Aura,"({G/U} can be paid with either {G} or {U}.)\nEnchant creature\nWhen Shielding Plax enters the battlefield, draw a card.\nEnchanted creature can't be the target of spells or abilities your opponents control.",DIS,,normal,97084,,,Common,Aura,Enchantment
Simic Guildmage,{G/U}{G/U},2,"U,G",Aleksi Briclot,148,Creature — Elf Wizard,({G/U} can be paid with either {G} or {U}.)\n{1}{G}: Move a +1/+1 counter from target creature onto another target creature with the same controller.\n{1}{U}: Attach target Aura enchanting a permanent to another permanent with the same controller.,DIS,,normal,97078,2,2,Uncommon,"Elf,Wizard",Creature
Bound,{3}{B}{G},5,"U,G,B",Jim Nelson,149a,Instant,"Sacrifice a creature. Return up to X cards from your graveyard to your hand, where X is the number of colors that creature was. Exile this card.",DIS,,split,107373,,,Rare,,Instant
Determined,{G}{U},2,"U,G,B",Jim Nelson,149b,Instant,Other spells you control can't be countered by spells or abilities this turn.\nDraw a card.,DIS,,split,107373,,,Rare,,Instant
Crime,{3}{W}{B},5,"B,G,W",Randy Gallegos,150a,Sorcery,Put target creature or enchantment card from an opponent's graveyard onto the battlefield under your control.,DIS,,split,107285,,,Rare,,Sorcery
Punishment,{X}{B}{G},2,"B,G,W",Randy Gallegos,150b,Sorcery,"Destroy each artifact, creature, and enchantment with converted mana cost X.",DIS,,split,107285,,,Rare,,Sorcery
Hide,{R}{W},2,"W,B,R",Zoltan Boros & Gabor Szikszai,151a,Instant,Put target artifact or enchantment on the bottom of its owner's library.,DIS,,split,107315,,,Rare,,Instant
Seek,{W}{B},2,"W,B,R",Zoltan Boros & Gabor Szikszai,151b,Instant,Search target opponent's library for a card and exile it. You gain life equal to its converted mana cost. Then that player shuffles his or her library.,DIS,,split,107315,,,Rare,,Instant
Hit,{1}{B}{R},3,"R,G,B",Darrell Riche,152a,Instant,Target player sacrifices an artifact or creature. Hit deals damage to that player equal to that permanent's converted mana cost.,DIS,,split,107387,,,Uncommon,,Instant
Run,{3}{R}{G},5,"R,G,B",Darrell Riche,152b,Instant,Attacking creatures you control get +1/+0 until end of turn for each other attacking creature.,DIS,,split,107387,,,Uncommon,,Instant
Odds,{U}{R},2,"W,R,U",Michael Sutfin,153a,Instant,"Flip a coin. If it comes up heads, counter target instant or sorcery spell. If it comes up tails, copy that spell and you may choose new targets for the copy.",DIS,,split,107445,,,Rare,,Instant
Ends,{3}{R}{W},5,"W,R,U",Michael Sutfin,153b,Instant,Target player sacrifices two attacking creatures.,DIS,,split,107445,,,Rare,,Instant
Pure,{1}{R}{G},3,"W,G,R",Paolo Parente,154a,Sorcery,Destroy target multicolored permanent.,DIS,,split,107532,,,Uncommon,,Sorcery
Simple,{1}{G}{W},3,"W,G,R",Paolo Parente,154b,Sorcery,Destroy all Auras and Equipment.,DIS,,split,107532,,,Uncommon,,Sorcery
Research,{G}{U},2,"U,R,G",Greg Staples,155a,Instant,Choose up to four cards you own from outside the game and shuffle them into your library.,DIS,,split,107375,,,Rare,,Instant
Development,{3}{U}{R},5,"U,R,G",Greg Staples,155b,Instant,Put a 3/1 red Elemental creature token onto the battlefield unless any opponent has you draw a card. Repeat this process two more times.,DIS,,split,107375,,,Rare,,Instant
Rise,{U}{B},2,"B,R,U",Pete Venters,156a,Sorcery,Return target creature card from a graveyard and target creature on the battlefield to their owners' hands.,"DIS,DDH",,split,107423,,,Uncommon,,Sorcery
Fall,{B}{R},2,"B,R,U",Pete Venters,156b,Sorcery,"Target player reveals two cards at random from his or her hand, then discards each nonland card revealed this way.","DIS,DDH",,split,107423,,,Uncommon,,Sorcery
Supply,{X}{G}{W},2,"W,U,G",Daren Bader,157a,Sorcery,Put X 1/1 green Saproling creature tokens onto the battlefield.,DIS,,split,107464,,,Uncommon,,Sorcery
Demand,{1}{W}{U},3,"W,U,G",Daren Bader,157b,Sorcery,"Search your library for a multicolored card, reveal it, and put it into your hand. Then shuffle your library.",DIS,,split,107464,,,Uncommon,,Sorcery
Trial,{W}{U},2,"U,B,W",Ron Spears & Wayne Reynolds,158a,Instant,Return all creatures blocking or blocked by target creature to their owner's hand.,DIS,,split,107259,,,Uncommon,,Instant
Error,{U}{B},2,"U,B,W",Ron Spears & Wayne Reynolds,158b,Instant,Counter target multicolored spell.,DIS,,split,107259,,,Uncommon,,Instant
Azorius Signet,{2},2,"W,U",Greg Hildebrandt,159,Artifact,"{1}, {T}: Add {W}{U} to your mana pool.","DIS,ARC",The maze-like design embodies the core of Azorius law—strict structure designed to test wills and stall change.,normal,97085,,,Common,,Artifact
Bronze Bombshell,{4},4,,Martina Pilcerova,160,Artifact Creature — Construct,"When a player other than Bronze Bombshell's owner controls it, that player sacrifices it. If the player does, Bronze Bombshell deals 7 damage to him or her.",DIS,"""Ooh, shiny! Let's pull off the chain and take her with us.""\n—Ukl, Gruul raider, last words",normal,107327,4,1,Rare,Construct,"Artifact,Creature"
Evolution Vat,{3},3,"G,U",John Avon,161,Artifact,"{3}, {T}: Tap target creature and put a +1/+1 counter on it. Until end of turn, that creature gains ""{2}{G}{U}: Double the number of +1/+1 counters on this creature.""",DIS,"The vats are self-contained worlds, bubbling and churning with unnatural speed, boiling down eons of change into moments.",normal,97093,,,Rare,,Artifact
Magewright's Stone,{2},2,,Carl Critchlow,162,Artifact,"{1}, {T}: Untap target creature that has an activated ability with {T} in its cost.",DIS,"The stones hark back to an age before civilization, when the living earth blessed all who trod its untamed wilds.",normal,111259,,,Uncommon,,Artifact
Muse Vessel,{4},4,,Christopher Rush,163,Artifact,"{3}, {T}: Target player exiles a card from his or her hand. Activate this ability only any time you could cast a sorcery.\n{1}: Choose a card exiled with Muse Vessel. You may play that card this turn.",DIS,,normal,107553,,,Rare,,Artifact
Rakdos Riteknife,{2},2,"B,R",Jim Nelson,164,Artifact — Equipment,"Equipped creature gets +1/+0 for each blood counter on Rakdos Riteknife and has ""{T}, Sacrifice a creature: Put a blood counter on Rakdos Riteknife.""\n{B}{R}, Sacrifice Rakdos Riteknife: Target player sacrifices a permanent for each blood counter on Rakdos Riteknife.\nEquip {2}",DIS,,normal,97119,,,Rare,Equipment,Artifact
Rakdos Signet,{2},2,"B,R",Greg Hildebrandt,165,Artifact,"{1}, {T}: Add {B}{R} to your mana pool.","DIS,ARC,CMD","Made of bone and boiled in blood, a Rakdos signet is not considered finished until it has been used as a murder weapon.",normal,97098,,,Common,,Artifact
Simic Signet,{2},2,"G,U",Greg Hildebrandt,166,Artifact,"{1}, {T}: Add {G}{U} to your mana pool.","DIS,CMD,C13,C15","For the Simic Combine, its sigil serves not as an emblem of honor but as a trademark. Its familiar image on any biological commodity attests to superb craftsmanship, ingenious innovation, and higher cost.",normal,97079,,,Common,,Artifact
Skullmead Cauldron,{4},4,,Martina Pilcerova,167,Artifact,"{T}: You gain 1 life.\n{T}, Discard a card: You gain 3 life.",DIS,"Once tasted, the flavor of skullmead lingers in the throat, a secret brand of guilt for those who partake in forbidden pleasures.",normal,107326,,,Uncommon,,Artifact
Transguild Courier,{4},4,"W,U,B,R,G",John Avon,168,Artifact Creature — Golem,,DIS,"Reluctant to meet face to face, the leaders of the ten guilds prefer to do official business through a go-between immune to bribes and threats.",normal,107362,3,3,Uncommon,Golem,"Artifact,Creature"
Walking Archive,{3},3,"W,U",Heather Hudson,169,Artifact Creature — Golem,"Defender (This creature can't attack.)\nWalking Archive enters the battlefield with a +1/+1 counter on it.\nAt the beginning of each player's upkeep, that player draws a card for each +1/+1 counter on Walking Archive.\n{2}{W}{U}: Put a +1/+1 counter on Walking Archive.",DIS,,normal,97092,1,1,Rare,Golem,"Artifact,Creature"
Azorius Chancery,,,"W,U",John Avon,170,Land,"Azorius Chancery enters the battlefield tapped.\nWhen Azorius Chancery enters the battlefield, return a land you control to its owner's hand.\n{T}: Add {W}{U} to your mana pool.","DIS,CMD,DDI,C13,MM2",,normal,97087,,,Common,,Land
Blood Crypt,,,"B,R",Rob Alexander,171,Land — Swamp Mountain,"({T}: Add {B} or {R} to your mana pool.)\nAs Blood Crypt enters the battlefield, you may pay 2 life. If you don't, Blood Crypt enters the battlefield tapped.","DIS,RTR,EXP",,normal,97102,,,Rare,"Swamp,Mountain",Land
Breeding Pool,,,"U,G",Rob Alexander,172,Land — Forest Island,"({T}: Add {G} or {U} to your mana pool.)\nAs Breeding Pool enters the battlefield, you may pay 2 life. If you don't, Breeding Pool enters the battlefield tapped.","DIS,GTC,EXP",,normal,97088,,,Rare,"Forest,Island",Land
Ghost Quarter,,,,Heather Hudson,173,Land,"{T}: Add {C} to your mana pool.\n{T}, Sacrifice Ghost Quarter: Destroy target land. Its controller may search his or her library for a basic land card, put it onto the battlefield, then shuffle his or her library.","DIS,ISD,MD1,C14,C15",Where wasted life cries out to be reborn.,normal,107504,,,Uncommon,,Land
Hallowed Fountain,,,"W,U",Rob Alexander,174,Land — Plains Island,"({T}: Add {W} or {U} to your mana pool.)\nAs Hallowed Fountain enters the battlefield, you may pay 2 life. If you don't, Hallowed Fountain enters the battlefield tapped.","DIS,RTR,EXP",,normal,97071,,,Rare,"Plains,Island",Land
"Novijen, Heart of Progress",,,"G,U",Martina Pilcerova,175,Land,"{T}: Add {C} to your mana pool.\n{G}{U}, {T}: Put a +1/+1 counter on each creature that entered the battlefield this turn.","DIS,C15","""The unnatural pressures of life in this city are best withstood by lifeforms that adapt with unnatural swiftness.""\n—Momir Vig",normal,97099,,,Uncommon,,Land
Pillar of the Paruns,,,,Dany Orizio,176,Land,{T}: Add one mana of any color to your mana pool. Spend this mana only to cast a multicolored spell.,DIS,"Built on the very ground where the Ten signed the Guildpact, the tower is a monument to the past and a reminder of who holds power in the present.",normal,107279,,,Rare,,Land
"Prahv, Spires of Order",,,"W,U",Martina Pilcerova,177,Land,"{T}: Add {C} to your mana pool.\n{4}{W}{U}, {T}: Prevent all damage a source of your choice would deal this turn.",DIS,"Prahv, where much work is done to make sure nothing is accomplished.",normal,97117,,,Uncommon,,Land
Rakdos Carnarium,,,"B,R",John Avon,178,Land,"Rakdos Carnarium enters the battlefield tapped.\nWhen Rakdos Carnarium enters the battlefield, return a land you control to its owner's hand.\n{T}: Add {B}{R} to your mana pool.","DIS,ARC,CMD,DDK,C13,MM2",,normal,97082,,,Common,,Land
"Rix Maadi, Dungeon Palace",,,"B,R",Martina Pilcerova,179,Land,"{T}: Add {C} to your mana pool.\n{1}{B}{R}, {T}: Each player discards a card. Activate this ability only any time you could cast a sorcery.",DIS,"Even miles away, if you put your ear to the sewer vents, you can hear the screams and the tempestuous laughter.",normal,97072,,,Uncommon,,Land
Simic Growth Chamber,,,"G,U",John Avon,180,Land,"Simic Growth Chamber enters the battlefield tapped.\nWhen Simic Growth Chamber enters the battlefield, return a land you control to its owner's hand.\n{T}: Add {G}{U} to your mana pool.","DIS,CMD,MM2,C15",,normal,97089,,,Common,,Land
