name,manaCost,cmc,colorIdentity,artist,number,type,text,printings,flavor,layout,multiverseid,power,toughness,rarity,subtypes,types
Archangel's Light,{7}{W},8,W,Volkan Baga,1,Sorcery,"You gain 2 life for each card in your graveyard, then shuffle your graveyard into your library.",DKA,"""This is the light of Avacyn. Even in her absence she offers us hope.""\n—Radulf, priest of Avacyn",normal,244691,,,Mythic Rare,,Sorcery
Bar the Door,{2}{W},3,W,Ryan Pancoast,2,Instant,Creatures you control get +0/+4 until end of turn.,DKA,"""It may not look like much, but it's a good old door with strong wards. It'll hold.""\n—Olgard of the Skiltfolk",normal,262858,,,Common,,Instant
Break of Day,{1}{W},2,W,Karl Kopinski,3,Instant,"Creatures you control get +1/+1 until end of turn.\nFateful hour — If you have 5 or less life, those creatures gain indestructible until end of turn. (Damage and effects that say ""destroy"" don't destroy them.)",DKA,,normal,262702,,,Common,,Instant
Burden of Guilt,{W},1,W,John Stanko,4,Enchantment — Aura,Enchant creature\n{1}: Tap enchanted creature.,DKA,"""Grab an axe and defend the gate! Your despair is an extravagance we can ill afford.""\n—Thalia, Knight-Cathar",normal,262873,,,Common,Aura,Enchantment
Curse of Exhaustion,{2}{W}{W},4,W,Slawomir Maniak,5,Enchantment — Aura Curse,Enchant player\nEnchanted player can't cast more than one spell each turn.,DKA,"""I do believe your heresy will prove more difficult now that you have more pressing concerns.""\n—Bishop Argust",normal,226729,,,Uncommon,"Aura,Curse",Enchantment
Elgaud Inquisitor,{3}{W},4,W,Slawomir Maniak,6,Creature — Human Cleric,"Lifelink (Damage dealt by this creature also causes you to gain that much life.)\nWhen Elgaud Inquisitor dies, put a 1/1 white Spirit creature token with flying onto the battlefield.",DKA,"""It will take more than steel alone to purge this world of evil.""",normal,245219,2,2,Common,"Human,Cleric",Creature
Faith's Shield,{W},1,W,Svetlin Velinov,7,Instant,"Target permanent you control gains protection from the color of your choice until end of turn.\nFateful hour — If you have 5 or less life, instead you and each permanent you control gain protection from the color of your choice until end of turn.",DKA,,normal,262696,,,Uncommon,,Instant
Gather the Townsfolk,{1}{W},2,W,Dan Scott,8,Sorcery,"Put two 1/1 white Human creature tokens onto the battlefield.\nFateful hour — If you have 5 or less life, put five of those tokens onto the battlefield instead.","pWPN,DKA,DDQ",In the memories of those they lost lies the strength needed to defend their city.,normal,262686,,,Common,,Sorcery
Gavony Ironwright,{2}{W},3,W,Karl Kopinski,9,Creature — Human Soldier,"Fateful hour — As long as you have 5 or less life, other creatures you control get +1/+4.",DKA,"""I wish my work could shelter everyone, yet I pray we are never so few that it does.""",normal,262685,1,4,Uncommon,"Human,Soldier",Creature
Hollowhenge Spirit,{3}{W},4,W,Lars Grant-West,10,Creature — Spirit,"Flash (You may cast this spell any time you could cast an instant.)\nFlying\nWhen Hollowhenge Spirit enters the battlefield, remove target attacking or blocking creature from combat.",DKA,Some spirits mourn. Others terrorize.,normal,222001,2,2,Uncommon,Spirit,Creature
Increasing Devotion,{3}{W}{W},5,W,Daniel Ljunggren,11,Sorcery,"Put five 1/1 white Human creature tokens onto the battlefield. If Increasing Devotion was cast from a graveyard, put ten of those tokens onto the battlefield instead.\nFlashback {7}{W}{W} (You may cast this card from your graveyard for its flashback cost. Then exile it.)","DKA,DDQ",,normal,262870,,,Rare,,Sorcery
Lingering Souls,{2}{W},3,"W,B",Bud Cook,12,Sorcery,Put two 1/1 white Spirit creature tokens with flying onto the battlefield.\nFlashback {1}{B} (You may cast this card from your graveyard for its flashback cost. Then exile it.),"pFNM,DKA,DDK,MD1",The murdered inhabitants of Hollowhenge impart to the living the terror they felt in death.,normal,262695,,,Uncommon,,Sorcery
Loyal Cathar,{W}{W},2,"B,W",Ryan Pancoast,13a,Creature — Human Soldier,"Vigilance\nWhen Loyal Cathar dies, return it to the battlefield transformed under your control at the beginning of the next end step.",DKA,"""I trust myself to do my duty, even unto death. It's what comes after that I'm afraid of.""\n—Constable Visil, to Thalia",double-faced,244724,2,2,Common,"Human,Soldier",Creature
Unhallowed Cathar,,,"B,W",Ryan Pancoast,13b,Creature — Zombie Soldier,Unhallowed Cathar can't block.,DKA,"""Just fight without fear. Your soul is protected by the hand of Avacyn and will never submit to evil.""\n—Thalia, to Constable Visil",double-faced,244734,2,1,Common,"Zombie,Soldier",Creature
Midnight Guard,{2}{W},3,W,Jason A. Engle,14,Creature — Human Soldier,"Whenever another creature enters the battlefield, untap Midnight Guard.","DKA,M15","""When you're on watch, no noise is harmless and no shadow can be ignored.""\n—Olgard of the Skiltfolk",normal,262859,2,3,Common,"Human,Soldier",Creature
Niblis of the Mist,{2}{W},3,W,Igor Kieryluk,15,Creature — Spirit,"Flying\nWhen Niblis of the Mist enters the battlefield, you may tap target creature.",DKA,"""Not even a roaring fire could thaw the chill it put in my heart.""\n—Vonn, geist-trapper",normal,245292,2,1,Common,Spirit,Creature
Niblis of the Urn,{1}{W},2,W,Igor Kieryluk,16,Creature — Spirit,"Flying\nWhenever Niblis of the Urn attacks, you may tap target creature.",DKA,"""I never had the nerve to open that bottle. I'll bet you're wishing right now you hadn't been so curious yourself.""\n—Old Rutstein",normal,244744,1,1,Uncommon,Spirit,Creature
Ray of Revelation,{1}{W},2,"W,G",Cliff Childs,17,Instant,Destroy target enchantment.\nFlashback {G} (You may cast this card from your graveyard for its flashback cost. Then exile it.),"JUD,DKA","""May angels carry him into the Blessed Sleep with dreams of sunlit days and moonless nights.""\n—Tomb inscription of Saint Raban",normal,245288,,,Common,,Instant
Requiem Angel,{5}{W},6,W,Eric Deschamps,18,Creature — Angel,"Flying\nWhenever another non-Spirit creature you control dies, put a 1/1 white Spirit creature token with flying onto the battlefield.","DKA,C14","When angels despair, what hope can remain for mortals?",normal,270779,5,5,Rare,Angel,Creature
Sanctuary Cat,{W},1,W,David Palumbo,19,Creature — Cat,,DKA,Cats prowl the corridors of Avacyn's churches in search of devils or signs of their mischief.,normal,262864,1,2,Common,Cat,Creature
Séance,{2}{W}{W},4,W,David Rapoza,20,Enchantment,"At the beginning of each upkeep, you may exile target creature card from your graveyard. If you do, put a token onto the battlefield that's a copy of that card except it's a Spirit in addition to its other types. Exile it at the beginning of the next end step.",DKA,,normal,249422,,,Rare,,Enchantment
Silverclaw Griffin,{3}{W}{W},5,W,Daniel Ljunggren,21,Creature — Griffin,"Flying, first strike",DKA,"It patrols the grafs for miles around Thraben, ensuring that the unhallowed do not wake for long.",normal,262876,3,2,Common,Griffin,Creature
Skillful Lunge,{1}{W},2,W,Jason Felix,22,Instant,Target creature gets +2/+0 and gains first strike until end of turn.,DKA,"""Valor is a currency of the living that serves us well.""\n—Cosper Lowe of the Silbern Guard",normal,262877,,,Common,,Instant
Sudden Disappearance,{5}{W},6,W,Cliff Childs,23,Sorcery,Exile all nonland permanents target player controls. Return the exiled cards to the battlefield under their owner's control at the beginning of the next end step.,DKA,,normal,262865,,,Rare,,Sorcery
"Thalia, Guardian of Thraben",{1}{W},2,W,Jana Schirmer & Johannes Voss,24,Legendary Creature — Human Soldier,First strike\nNoncreature spells cost {1} more to cast.,DKA,"""Thraben is our home and I will not see it fall to this unhallowed horde.""",normal,270445,2,1,Rare,"Human,Soldier",Creature
Thraben Doomsayer,{1}{W}{W},3,W,John Stanko,25,Creature — Human Cleric,"{T}: Put a 1/1 white Human creature token onto the battlefield.\nFateful hour — As long as you have 5 or less life, other creatures you control get +2/+2.",DKA,"""Swarms of the unhallowed claw at Thraben's gates! Do you still deny the end approaches?""",normal,262692,2,2,Rare,"Human,Cleric",Creature
Thraben Heretic,{1}{W},2,W,James Ryman,26,Creature — Human Wizard,{T}: Exile target creature card from a graveyard.,"DKA,DDQ","""Let them decry me for burning the dead. I'm not giving those ghoulcallers any more fuel for their madness.""",normal,244709,2,2,Uncommon,"Human,Wizard",Creature
Artful Dodge,{U},1,U,Tomasz Jedruszek,27,Sorcery,Target creature can't be blocked this turn.\nFlashback {U} (You may cast this card from your graveyard for its flashback cost. Then exile it.),DKA,Those who know the alleys and sewers of the Erdwal can disappear like smoke.,normal,262840,,,Common,,Sorcery
Beguiler of Wills,{3}{U}{U},5,U,Eric Deschamps,28,Creature — Human Wizard,{T}: Gain control of target creature with power less than or equal to the number of creatures you control.,DKA,"""Come, let me free you of the tyranny of thought.""",normal,227080,1,1,Mythic Rare,"Human,Wizard",Creature
Bone to Ash,{2}{U}{U},4,U,Clint Cearley,29,Instant,Counter target creature spell.\nDraw a card.,"DKA,ORI","""I can think of worse ways to go. On second thought, maybe not.""\n—Ludevic, necro-alchemist",normal,262845,,,Common,,Instant
Call to the Kindred,{3}{U},4,U,Jason A. Engle,30,Enchantment — Aura,"Enchant creature\nAt the beginning of your upkeep, you may look at the top five cards of your library. If you do, you may put a creature card that shares a creature type with enchanted creature from among them onto the battlefield, then you put the rest of those cards on the bottom of your library in any order.",DKA,,normal,262706,,,Rare,Aura,Enchantment
Chant of the Skifsang,{2}{U},3,U,Nils Hamm,31,Enchantment — Aura,Enchant creature\nEnchanted creature gets -13/-0.,DKA,"The skifsang, seafarers of Nephalia, craft spells like other sailors craft nets—making them strong enough to snare even the deadliest catch.",normal,262829,,,Common,Aura,Enchantment
Chill of Foreboding,{2}{U},3,U,Terese Nielsen,32,Sorcery,Each player puts the top five cards of his or her library into his or her graveyard.\nFlashback {7}{U} (You may cast this card from your graveyard for its flashback cost. Then exile it.),DKA,"""Wait . . . did you fellows hear something?""",normal,242511,,,Uncommon,,Sorcery
Counterlash,{4}{U}{U},6,U,Austin Hsu,33,Instant,Counter target spell. You may cast a nonland card in your hand that shares a card type with that spell without paying its mana cost.,DKA,"""Pathetic. Let me show you how it's done.""",normal,262830,,,Rare,,Instant
Curse of Echoes,{4}{U},5,U,Slawomir Maniak,34,Enchantment — Aura Curse,"Enchant player\nWhenever enchanted player casts an instant or sorcery spell, each other player may copy that spell and may choose new targets for the copy he or she controls.",DKA,,normal,262841,,,Rare,"Aura,Curse",Enchantment
Divination,{2}{U},3,U,Scott Chou,35,Sorcery,Draw two cards.,"M10,M12,DKA,M13,M14,BNG,M15","Even the House of Galan, who takes the most scholarly approach to the mystic traditions, has resorted to exploring more primitive methods in Avacyn's absence.",normal,262848,,,Common,,Sorcery
Dungeon Geists,{2}{U}{U},4,U,Nils Hamm,36,Creature — Spirit,"Flying\nWhen Dungeon Geists enters the battlefield, tap target creature an opponent controls. That creature doesn't untap during its controller's untap step for as long as you control Dungeon Geists.","DKA,C13",,normal,249875,3,3,Rare,Spirit,Creature
Geralf's Mindcrusher,{4}{U}{U},6,U,Steven Belledin,37,Creature — Zombie Horror,"When Geralf's Mindcrusher enters the battlefield, target player puts the top five cards of his or her library into his or her graveyard.\nUndying (When this creature dies, if it had no +1/+1 counters on it, return it to the battlefield under its owner's control with a +1/+1 counter on it.)",DKA,,normal,262839,5,5,Rare,"Zombie,Horror",Creature
Griptide,{3}{U},4,U,Igor Kieryluk,38,Instant,Put target creature on top of its owner's library.,"DKA,THS,DDM","""Beware the seagrafs just off the shore. These waters are filled with hungry geists looking for an easy meal.""\n—Captain Eberhart",normal,243224,,,Common,,Instant
Havengul Runebinder,{2}{U}{U},4,U,Bud Cook,39,Creature — Human Wizard,"{2}{U}, {T}, Exile a creature card from your graveyard: Put a 2/2 black Zombie creature token onto the battlefield, then put a +1/+1 counter on each Zombie creature you control.","DKA,DDQ","""So many corpses, so little time.""",normal,249878,2,2,Rare,"Human,Wizard",Creature
Headless Skaab,{2}{U},3,U,Johann Bodin,40,Creature — Zombie Warrior,"As an additional cost to cast Headless Skaab, exile a creature card from your graveyard.\nHeadless Skaab enters the battlefield tapped.",DKA,A head is a needless encumbrance when muscle is all that's required.,normal,244761,3,6,Common,"Zombie,Warrior",Creature
Increasing Confusion,{X}{U},1,U,Dan Scott,41,Sorcery,"Target player puts the top X cards of his or her library into his or her graveyard. If Increasing Confusion was cast from a graveyard, that player puts twice that many cards into his or her graveyard instead.\nFlashback {X}{U} (You may cast this card from your graveyard for its flashback cost. Then exile it.)",DKA,,normal,262856,,,Rare,,Sorcery
Mystic Retrieval,{3}{U},4,"U,R",Scott Chou,42,Sorcery,Return target instant or sorcery card from your graveyard to your hand.\nFlashback {2}{R} (You may cast this card from your graveyard for its flashback cost. Then exile it.),"DKA,C15",,normal,262678,,,Uncommon,,Sorcery
Nephalia Seakite,{3}{U},4,U,Wayne England,43,Creature — Bird,Flash (You may cast this spell any time you could cast an instant.)\nFlying,"DKA,M14","""Keep one eye on the cliff road or you may fall to your death. Keep one eye on the sky or your death may fall on you.""\n—Manfried Ulmach, Elgaud Master-at-Arms",normal,247126,2,3,Common,Bird,Creature
Niblis of the Breath,{2}{U},3,U,Igor Kieryluk,44,Creature — Spirit,"Flying\n{U}, {T}: You may tap or untap target creature.",DKA,"""Why do the dead remain among us? Where is Flight Alabaster to lead them home? Where is Avacyn?""\n—Eruth of Lambholt",normal,226724,2,1,Uncommon,Spirit,Creature
Relentless Skaabs,{3}{U}{U},5,U,Karl Kopinski,45,Creature — Zombie,"As an additional cost to cast Relentless Skaabs, exile a creature card from your graveyard.\nUndying (When this creature dies, if it had no +1/+1 counters on it, return it to the battlefield under its owner's control with a +1/+1 counter on it.)","DKA,DDQ",,normal,262701,4,4,Uncommon,Zombie,Creature
Saving Grasp,{U},1,"U,W",Matt Stewart,46,Instant,Return target creature you own to your hand.\nFlashback {W} (You may cast this card from your graveyard for its flashback cost. Then exile it.),DKA,Nothing's more valuable than perfect timing.,normal,245296,,,Common,,Instant
Screeching Skaab,{1}{U},2,U,Clint Cearley,47,Creature — Zombie,"When Screeching Skaab enters the battlefield, put the top two cards of your library into your graveyard.","DKA,ORI,DDQ,EMA",Its screeching is the sound of you losing your mind.,normal,245207,2,1,Common,Zombie,Creature
Secrets of the Dead,{2}{U},3,U,Eytan Zana,48,Enchantment,"Whenever you cast a spell from your graveyard, draw a card.",DKA,"""The veil between the living and the dead is so very thin that the whispers of the ancients can finally be heard.""\n—Amalric of Midvast Hall",normal,230621,,,Uncommon,,Enchantment
Shriekgeist,{1}{U},2,U,Raymond Swanland,49,Creature — Spirit,"Flying\nWhenever Shriekgeist deals combat damage to a player, that player puts the top two cards of his or her library into his or her graveyard.",DKA,Wounds of the flesh are easy to heal. Wounds of the mind may never be undone.,normal,242525,1,1,Common,Spirit,Creature
Soul Seizer,{3}{U}{U},5,U,Lucas Graciano,50a,Creature — Spirit,"Flying\nWhen Soul Seizer deals combat damage to a player, you may transform it. If you do, attach it to target creature that player controls.",DKA,,double-faced,222178,1,3,Uncommon,Spirit,Creature
Ghastly Haunting,,,U,Lucas Graciano,50b,Enchantment — Aura,Enchant creature\nYou control enchanted creature.,DKA,The body often twists and flails spasmodically as the spirit explores its new home.,double-faced,242498,,,Uncommon,Aura,Enchantment
Stormbound Geist,{1}{U}{U},3,U,Dan Scott,51,Creature — Spirit,"Flying\nStormbound Geist can block only creatures with flying.\nUndying (When this creature dies, if it had no +1/+1 counters on it, return it to the battlefield under its owner's control with a +1/+1 counter on it.)",DKA,,normal,262660,2,2,Common,Spirit,Creature
Thought Scour,{U},1,U,David Rapoza,52,Instant,Target player puts the top two cards of his or her library into his or her graveyard.\nDraw a card.,"DKA,DDM","""As you inject the viscus vitae into the brain stem, don't let the spastic moaning bother you. It will soon become music to your ears.""\n—Stitcher Geralf",normal,262838,,,Common,,Instant
Tower Geist,{3}{U},4,U,Izzy,53,Creature — Spirit,"Flying\nWhen Tower Geist enters the battlefield, look at the top two cards of your library. Put one of them into your hand and the other into your graveyard.","DKA,ORI,DDQ",Jenrik's tower is served by those who once sought to enter it uninvited.,normal,262665,2,2,Uncommon,Spirit,Creature
Black Cat,{1}{B},2,B,David Palumbo,54,Creature — Zombie Cat,"When Black Cat dies, target opponent discards a card at random.","DKA,M15",Its last life is spent tormenting your dreams.,normal,262862,1,1,Common,"Zombie,Cat",Creature
Chosen of Markov,{2}{B},3,B,Steve Argyle,55a,Creature — Human,"{T}, Tap an untapped Vampire you control: Transform Chosen of Markov.",DKA,"""I have been found worthy by this great house . . .""",double-faced,243229,2,2,Common,Human,Creature
Markov's Servant,,,B,Steve Argyle,55b,Creature — Vampire,,DKA,""". . . and for that I shall be eternally grateful.""",double-faced,244712,4,4,Common,Vampire,Creature
Curse of Misfortunes,{4}{B},5,B,Terese Nielsen,56,Enchantment — Aura Curse,"Enchant player\nAt the beginning of your upkeep, you may search your library for a Curse card that doesn't have the same name as a Curse attached to enchanted player, put it onto the battlefield attached to that player, then shuffle your library.",DKA,,normal,262874,,,Rare,"Aura,Curse",Enchantment
Curse of Thirst,{4}{B},5,B,Christopher Moeller,57,Enchantment — Aura Curse,"Enchant player\nAt the beginning of enchanted player's upkeep, Curse of Thirst deals damage to that player equal to the number of Curses attached to him or her.","pWPN,DKA","""May you drink until you drown but never be sated.""\n—Odila, witch of Morkrut",normal,220003,,,Uncommon,"Aura,Curse",Enchantment
Deadly Allure,{B},1,"B,G",Steve Argyle,58,Sorcery,Target creature gains deathtouch until end of turn and must be blocked this turn if able.\nFlashback {G} (You may cast this card from your graveyard for its flashback cost. Then exile it.),DKA,What could be more irresistible than death?,normal,262690,,,Uncommon,,Sorcery
Death's Caress,{3}{B}{B},5,B,James Ryman,59,Sorcery,"Destroy target creature. If that creature was a Human, you gain life equal to its toughness.",DKA,"The faint smell of cloves, the rustling of the wind, and a paralyzing descent into an airless, fathomless tomb.",normal,262854,,,Common,,Sorcery
Falkenrath Torturer,{2}{B},3,B,Steve Argyle,60,Creature — Vampire,"Sacrifice a creature: Falkenrath Torturer gains flying until end of turn. If the sacrificed creature was a Human, put a +1/+1 counter on Falkenrath Torturer.",DKA,"""There was a time when our cages rang with wailing. Now only a handful of these whimpering fools remain.""",normal,262697,2,1,Common,Vampire,Creature
Farbog Boneflinger,{4}{B},5,B,Tomasz Jedruszek,61,Creature — Zombie,"When Farbog Boneflinger enters the battlefield, target creature gets -2/-2 until end of turn.",DKA,"""Here are some bones for you to choke on, dear brother!""\n—Gisa, to Geralf",normal,262677,2,2,Uncommon,Zombie,Creature
Fiend of the Shadows,{3}{B}{B},5,B,Igor Kieryluk,62,Creature — Vampire Wizard,"Flying\nWhenever Fiend of the Shadows deals combat damage to a player, that player exiles a card from his or her hand. You may play that card for as long as it remains exiled.\nSacrifice a Human: Regenerate Fiend of the Shadows.",DKA,,normal,262837,3,3,Rare,"Vampire,Wizard",Creature
Geralf's Messenger,{B}{B}{B},3,B,Kev Walker,63,Creature — Zombie,"Geralf's Messenger enters the battlefield tapped.\nWhen Geralf's Messenger enters the battlefield, target opponent loses 2 life.\nUndying (When this creature dies, if it had no +1/+1 counters on it, return it to the battlefield under its owner's control with a +1/+1 counter on it.)",DKA,,normal,243250,3,2,Rare,Zombie,Creature
Gravecrawler,{B},1,B,Steven Belledin,64,Creature — Zombie,Gravecrawler can't block.\nYou may cast Gravecrawler from your graveyard as long as you control a Zombie.,"pMEI,DKA,DDQ","""Innistrad's ghoulcallers are talented enough, but let me show you what someone with real power can create.""\n—Liliana Vess",normal,222902,2,1,Rare,Zombie,Creature
Gravepurge,{2}{B},3,B,Zoltan Boros,65,Instant,Put any number of target creature cards from your graveyard on top of your library.\nDraw a card.,"DKA,DTK","""The Blessed Sleep? Ha! Wake up my lovelies, there's work to be done!""\n—Gisa, ghoulcaller of Gavony",normal,220056,,,Common,,Instant
Gruesome Discovery,{2}{B}{B},4,B,John Stanko,66,Sorcery,"Target player discards two cards.\nMorbid — If a creature died this turn, instead that player reveals his or her hand, you choose two cards from it, then that player discards those cards.",DKA,,normal,262843,,,Common,,Sorcery
Harrowing Journey,{4}{B},5,B,James Paick,67,Sorcery,Target player draws three cards and loses 3 life.,DKA,"""There are always fools who attempt to traverse Kruin Pass before sundown and every time they wind up in a race for their lives.""\n—Old Rutstein",normal,262689,,,Uncommon,,Sorcery
Highborn Ghoul,{B}{B},2,B,Volkan Baga,68,Creature — Zombie,Intimidate (This creature can't be blocked except by artifact creatures and/or creatures that share a color with it.),DKA,"""All the dead sleep lightly here, no matter how refined their beds may be.""\n—Grafdigger Wulmer",normal,242503,2,1,Common,Zombie,Creature
Increasing Ambition,{4}{B},5,B,Volkan Baga,69,Sorcery,"Search your library for a card and put that card into your hand. If Increasing Ambition was cast from a graveyard, instead search your library for two cards and put those cards into your hand. Then shuffle your library.\nFlashback {7}{B} (You may cast this card from your graveyard for its flashback cost. Then exile it.)",DKA,,normal,262833,,,Rare,,Sorcery
"Mikaeus, the Unhallowed",{3}{B}{B}{B},6,B,Chris Rahn,70,Legendary Creature — Zombie Cleric,"Intimidate (This creature can't be blocked except by artifact creatures and/or creatures that share a color with it.)\nWhenever a Human deals damage to you, destroy it.\nOther non-Human creatures you control get +1/+1 and have undying. (When a creature with undying dies, if it had no +1/+1 counters on it, return it to the battlefield under its owner's control with a +1/+1 counter on it.)",DKA,,normal,249896,5,5,Mythic Rare,"Zombie,Cleric",Creature
Ravenous Demon,{3}{B}{B},5,B,Igor Kieryluk,71a,Creature — Demon,Sacrifice a Human: Transform Ravenous Demon. Activate this ability only any time you could cast a sorcery.,"pPRE,DKA",His twisted words entice the weak.,double-faced,227417,4,4,Rare,Demon,Creature
Archdemon of Greed,,,B,Igor Kieryluk,71b,Creature — Demon,"Flying, trample\nAt the beginning of your upkeep, sacrifice a Human. If you can't, tap Archdemon of Greed and it deals 9 damage to you.","pPRE,DKA","""The price is paid. The power is mine!""",double-faced,227405,9,9,Rare,Demon,Creature
Reap the Seagraf,{2}{B},3,"B,U",James Ryman,72,Sorcery,Put a 2/2 black Zombie creature token onto the battlefield.\nFlashback {4}{U} (You may cast this card from your graveyard for its flashback cost. Then exile it.),DKA,"The wreck hung on the jagged reef, each night disgorging more of its gruesome cargo.",normal,244759,,,Common,,Sorcery
Sightless Ghoul,{3}{B},4,B,Svetlin Velinov,73,Creature — Zombie Soldier,"Sightless Ghoul can't block.\nUndying (When this creature dies, if it had no +1/+1 counters on it, return it to the battlefield under its owner's control with a +1/+1 counter on it.)",DKA,"It blindly marches on Thraben's gates, guided by its master's direful will.",normal,262682,2,2,Common,"Zombie,Soldier",Creature
Skirsdag Flayer,{1}{B},2,B,Austin Hsu,74,Creature — Human Cleric,"{3}{B}, {T}, Sacrifice a Human: Destroy target creature.",DKA,"Certain initiates into the Skirsdag cult take a vow of blindness, pledging obedience to none but demonkind.",normal,262667,1,1,Uncommon,"Human,Cleric",Creature
Spiteful Shadows,{1}{B},2,B,John Stanko,75,Enchantment — Aura,"Enchant creature\nWhenever enchanted creature is dealt damage, it deals that much damage to its controller.",DKA,"""Let us remind these human cattle why they fear the shadows of this world.""\n—Aldreg, Skirsdag cultist",normal,262668,,,Common,Aura,Enchantment
Tragic Slip,{B},1,B,Christopher Moeller,76,Instant,Target creature gets -1/-1 until end of turn.\nMorbid — That creature gets -13/-13 until end of turn instead if a creature died this turn.,"DKA,DDM,CNS,C14,EMA",Linger on death's door and risk being invited in.,normal,242500,,,Common,,Instant
Undying Evil,{B},1,B,Kev Walker,77,Instant,"Target creature gains undying until end of turn. (When it dies, if it had no +1/+1 counters on it, return it to the battlefield under its owner's control with a +1/+1 counter on it.)",DKA,"""Is it true the evil that people do follows them into death? Let's find out.""\n—Liliana Vess",normal,262835,,,Common,,Instant
Vengeful Vampire,{4}{B}{B},6,B,Lucas Graciano,78,Creature — Vampire,"Flying\nUndying (When this creature dies, if it had no +1/+1 counters on it, return it to the battlefield under its owner's control with a +1/+1 counter on it.)",DKA,He wields the full power of wrath unfettered by the sympathies of a soul.,normal,262691,3,2,Uncommon,Vampire,Creature
Wakedancer,{2}{B},3,B,Austin Hsu,79,Creature — Human Shaman,"Morbid — When Wakedancer enters the battlefield, if a creature died this turn, put a 2/2 black Zombie creature token onto the battlefield.","DKA,CNS,EMA","Hers is an ancient form of necromancy, steeped in shamanic trance and ritual that few skaberen or ghoulcallers comprehend.",normal,262836,2,2,Uncommon,"Human,Shaman",Creature
Zombie Apocalypse,{3}{B}{B}{B},6,B,Peter Mohrbacher,80,Sorcery,"Return all Zombie creature cards from your graveyard to the battlefield tapped, then destroy all Humans.","pMGD,DKA","""There will come a day so dark you will pray for death. On that day your prayers will be answered.""\n—Minaldra, the Vizag Atum",normal,262669,,,Rare,,Sorcery
Afflicted Deserter,{3}{R},4,R,David Palumbo,81a,Creature — Human Werewolf,"At the beginning of each upkeep, if no spells were cast last turn, transform Afflicted Deserter.",DKA,The rising of the first full moon eliminated any doubt as to the horrible truth lurking within.,double-faced,262675,3,2,Uncommon,"Human,Werewolf",Creature
Werewolf Ransacker,,,R,David Palumbo,81b,Creature — Werewolf,"Whenever this creature transforms into Werewolf Ransacker, you may destroy target artifact. If that artifact is put into a graveyard this way, Werewolf Ransacker deals 3 damage to that artifact's controller.\nAt the beginning of each upkeep, if a player cast two or more spells last turn, transform Werewolf Ransacker.",DKA,,double-faced,262698,5,4,Uncommon,Werewolf,Creature
Alpha Brawl,{6}{R}{R},8,R,Randy Gallegos,82,Sorcery,"Target creature an opponent controls deals damage equal to its power to each other creature that player controls, then each of those creatures deals damage equal to its power to that creature.",DKA,Being an alpha means proving it every full moon.,normal,262657,,,Rare,,Sorcery
Blood Feud,{4}{R}{R},6,R,Winona Nelson,83,Sorcery,Target creature fights another target creature. (Each deals damage equal to its power to the other.),DKA,"Succession is a matter of blood, and by blood it is often decided.",normal,244731,,,Uncommon,,Sorcery
Burning Oil,{1}{R},2,"R,W",Trevor Claxton,84,Instant,Burning Oil deals 3 damage to target attacking or blocking creature.\nFlashback {3}{W} (You may cast this card from your graveyard for its flashback cost. Then exile it.),DKA,"Every now and then, a devil's prank can give you a good idea.",normal,262705,,,Uncommon,,Instant
Curse of Bloodletting,{3}{R}{R},5,R,Michael C. Hayes,85,Enchantment — Aura Curse,"Enchant player\nIf a source would deal damage to enchanted player, it deals double that damage to that player instead.",DKA,"It is the demon's mark, an infernal claim on the flesh of the guilty.",normal,227091,,,Rare,"Aura,Curse",Enchantment
Erdwal Ripper,{1}{R}{R},3,R,Kev Walker,86,Creature — Vampire,"Haste\nWhenever Erdwal Ripper deals combat damage to a player, put a +1/+1 counter on it.",DKA,Savage vampires lurk in the Erdwal's network of passageways where prey is plentiful and easy to catch.,normal,249979,2,1,Common,Vampire,Creature
Faithless Looting,{R},1,R,Gabor Szikszai,87,Sorcery,"Draw two cards, then discard two cards.\nFlashback {2}{R} (You may cast this card from your graveyard for its flashback cost. Then exile it.)","pMEI,DKA,DDK,C14,C15,EMA","""Avacyn has abandoned us! We have nothing left except what we can take!""",normal,245299,,,Common,,Sorcery
Fires of Undeath,{2}{R},3,"R,B",Jason Chan,88,Instant,Fires of Undeath deals 2 damage to target creature or player.\nFlashback {5}{B} (You may cast this card from your graveyard for its flashback cost. Then exile it.),DKA,"""I drink of those who are worthy of my palate. The rest I burn.""",normal,262832,,,Common,,Instant
Flayer of the Hatebound,{5}{R},6,R,Jana Schirmer & Johannes Voss,89,Creature — Devil,"Undying (When this creature dies, if it had no +1/+1 counters on it, return it to the battlefield under its owner's control with a +1/+1 counter on it.)\nWhenever Flayer of the Hatebound or another creature enters the battlefield from your graveyard, that creature deals damage equal to its power to target creature or player.",DKA,,normal,262853,4,2,Rare,Devil,Creature
Fling,{1}{R},2,R,Izzy,90,Instant,"As an additional cost to cast Fling, sacrifice a creature.\nFling deals damage equal to the sacrificed creature's power to target creature or player.","pARL,STH,pWPN,M11,M12,DKA,PC2",Masters of the sword know the blade is not the only weapon at their disposal.,normal,262871,,,Common,,Instant
Forge Devil,{R},1,R,Austin Hsu,91,Creature — Devil,"When Forge Devil enters the battlefield, it deals 1 damage to target creature and 1 damage to you.","DKA,M15","Devils infiltrated the lower levels of Thraben Cathedral, making cracks in load-bearing pillars and setting fire to precious archives.",normal,221174,1,1,Common,Devil,Creature
Heckling Fiends,{2}{R},3,R,Clint Cearley,92,Creature — Devil,{2}{R}: Target creature attacks this turn if able.,"DKA,CNS","Their language may be a cacophonous agglomeration of chittering snorts and mad barking, but the message they send is all too clear.",normal,262704,2,2,Uncommon,Devil,Creature
Hellrider,{2}{R}{R},4,R,Svetlin Velinov,93,Creature — Devil,"Haste\nWhenever a creature you control attacks, Hellrider deals 1 damage to defending player.","DKA,DDK","""Behind every devil's mayhem lurks a demon's scheme.""\n—Rem Karolus, Blade of the Inquisitors",normal,226874,3,3,Rare,Devil,Creature
Hinterland Hermit,{1}{R},2,R,Steven Belledin,94a,Creature — Human Werewolf,"At the beginning of each upkeep, if no spells were cast last turn, transform Hinterland Hermit.",DKA,He tried to live far from those he could hurt . . .,double-faced,247125,2,1,Common,"Human,Werewolf",Creature
Hinterland Scourge,,,R,Steven Belledin,94b,Creature — Werewolf,"Hinterland Scourge must be blocked if able.\nAt the beginning of each upkeep, if a player cast two or more spells last turn, transform Hinterland Scourge.",DKA,. . . but the monster within was a tireless hunter.,double-faced,247122,3,2,Common,Werewolf,Creature
Increasing Vengeance,{R}{R},2,R,Anthony Francisco,95,Instant,"Copy target instant or sorcery spell you control. If Increasing Vengeance was cast from a graveyard, copy that spell twice instead. You may choose new targets for the copies.\nFlashback {3}{R}{R} (You may cast this card from your graveyard for its flashback cost. Then exile it.)",DKA,,normal,262661,,,Rare,,Instant
Markov Blademaster,{1}{R}{R},3,R,Jana Schirmer & Johannes Voss,96,Creature — Vampire Warrior,"Double strike\nWhenever Markov Blademaster deals combat damage to a player, put a +1/+1 counter on it.",DKA,"""Mortals practice swordplay for a few decades at best. How can they ever attain the exquisite mastery that eternity has to offer?""",normal,249419,1,1,Rare,"Vampire,Warrior",Creature
Markov Warlord,{5}{R},6,R,Cynthia Sheppard,97,Creature — Vampire Warrior,"Haste\nWhen Markov Warlord enters the battlefield, up to two target creatures can't block this turn.",DKA,"""What use is a stake or holy symbol in the hands of a coward?""",normal,262693,4,4,Uncommon,"Vampire,Warrior",Creature
Mondronen Shaman,{3}{R},4,R,Mike Sass,98a,Creature — Human Werewolf Shaman,"At the beginning of each upkeep, if no spells were cast last turn, transform Mondronen Shaman.","pLPA,DKA","""Tovolar, my master. Gather the howlpack, for the Hunter's Moon is nigh and Thraben's walls grow weak.""",double-faced,253433,3,2,Rare,"Human,Werewolf,Shaman",Creature
Tovolar's Magehunter,,,R,Mike Sass,98b,Creature — Werewolf,"Whenever an opponent casts a spell, Tovolar's Magehunter deals 2 damage to that player.\nAt the beginning of each upkeep, if a player cast two or more spells last turn, transform Tovolar's Magehunter.","pLPA,DKA",,double-faced,253429,5,5,Rare,Werewolf,Creature
Moonveil Dragon,{3}{R}{R}{R},6,R,Todd Lockwood,99,Creature — Dragon,Flying\n{R}: Each creature you control gets +1/+0 until end of turn.,DKA,"""Their hearts beat, their lungs draw breath, and they have one true form. I count them as allies of the living.""\n—Thalia, Knight-Cathar",normal,249885,5,5,Mythic Rare,Dragon,Creature
Nearheath Stalker,{4}{R},5,R,Michael C. Hayes,100,Creature — Vampire Rogue,"Undying (When this creature dies, if it had no +1/+1 counters on it, return it to the battlefield under its owner's control with a +1/+1 counter on it.)","pWPN,DKA","""Do not speak of this to the elders. They look unfavorably upon my indulgences.""",normal,262681,4,1,Common,"Vampire,Rogue",Creature
Pyreheart Wolf,{2}{R},3,R,Lars Grant-West,101,Creature — Wolf,"Whenever Pyreheart Wolf attacks, creatures you control gain menace until end of turn. (They can't be blocked except by two or more creatures.)\nUndying (When this creature dies, if it had no +1/+1 counters on it, return it to the battlefield under its owner's control with a +1/+1 counter on it.)",DKA,,normal,249983,1,1,Uncommon,Wolf,Creature
Russet Wolves,{3}{R},4,R,Christopher Moeller,102,Creature — Wolf,,DKA,"""The wolves of our valley are bred to detest the scent of ghouls. For centuries they have kept our estates clear of such carrion.""\n—Olivia Voldaren",normal,244726,3,3,Common,Wolf,Creature
Scorch the Fields,{4}{R},5,R,Jaime Jones,103,Sorcery,Destroy target land. Scorch the Fields deals 1 damage to each Human creature.,DKA,"""Your fields will turn as black as a ghoul's tongue and fire shall be your only harvest.""\n—Minaldra, the Vizag Atum",normal,262828,,,Common,,Sorcery
Shattered Perception,{2}{R},3,R,Terese Nielsen,104,Sorcery,"Discard all the cards in your hand, then draw that many cards.\nFlashback {5}{R} (You may cast this card from your graveyard for its flashback cost. Then exile it.)",DKA,"""You must shatter the fetters of the past. Only then can you truly act.""\n—Rem Karolus, Blade of the Inquisitors",normal,254058,,,Uncommon,,Sorcery
Talons of Falkenrath,{1}{R},2,R,Svetlin Velinov,105,Enchantment — Aura,"Flash (You may cast this spell any time you could cast an instant.)\nEnchant creature\nEnchanted creature has ""{1}{R}: This creature gets +2/+0 until end of turn.""",DKA,,normal,262855,,,Common,Aura,Enchantment
Torch Fiend,{1}{R},2,R,Winona Nelson,106,Creature — Devil,"{R}, Sacrifice Torch Fiend: Destroy target artifact.","DKA,M13,CNS,M15",Devils redecorate every room with fire.,normal,244702,2,1,Common,Devil,Creature
Wrack with Madness,{3}{R},4,R,Todd Lockwood,107,Sorcery,Target creature deals damage to itself equal to its power.,DKA,"The skathul, spirits consumed by revenge, fester and seethe while looking for weak minds to assault.",normal,243231,,,Common,,Sorcery
Briarpack Alpha,{3}{G},4,G,Daarken,108,Creature — Wolf,"Flash (You may cast this spell any time you could cast an instant.)\nWhen Briarpack Alpha enters the battlefield, target creature gets +2/+2 until end of turn.","DKA,M14","""The wolves turned on us and a chill swept over me. The pack had a new leader.""\n—Alena, trapper of Kessig",normal,262664,3,3,Uncommon,Wolf,Creature
Clinging Mists,{2}{G},3,G,Anthony Francisco,109,Instant,"Prevent all combat damage that would be dealt this turn.\nFateful hour — If you have 5 or less life, tap all attacking creatures. Those creatures don't untap during their controller's next untap step.",DKA,,normal,262844,,,Common,,Instant
Crushing Vines,{2}{G},3,G,Scott Chou,110,Instant,Choose one —\n• Destroy target creature with flying.\n• Destroy target artifact.,DKA,"""Your veil's curse won't stop me, deathmage. I have taken down countless night hunters and this dark plane is not big enough for you to hide.""\n—Garruk Wildspeaker, to Liliana Vess",normal,262867,,,Common,,Instant
Dawntreader Elk,{1}{G},2,G,John Avon,111,Creature — Elk,"{G}, Sacrifice Dawntreader Elk: Search your library for a basic land card, put it onto the battlefield tapped, then shuffle your library.",DKA,"Silent as winter snow, it seeks wild places unspoiled by the walking dead.",normal,242532,2,2,Common,Elk,Creature
Deranged Outcast,{1}{G},2,G,Nils Hamm,112,Creature — Human Rogue,"{1}{G}, Sacrifice a Human: Put two +1/+1 counters on target creature.",DKA,"Cast out by his village, he now takes grim offense at refugees who seek shelter in his forest.",normal,249901,2,1,Rare,"Human,Rogue",Creature
Favor of the Woods,{2}{G},3,G,Tomasz Jedruszek,113,Enchantment — Aura,"Enchant creature\nWhenever enchanted creature blocks, you gain 3 life.",DKA,"Feeling abandoned by Avacyn, some Kessigers turned to the pagan rituals of their ancestors.",normal,262687,,,Common,Aura,Enchantment
Feed the Pack,{5}{G},6,G,Steve Prescott,114,Enchantment,"At the beginning of your end step, you may sacrifice a nontoken creature. If you do, put X 2/2 green Wolf creature tokens onto the battlefield, where X is the sacrificed creature's toughness.",DKA,,normal,262857,,,Rare,,Enchantment
Ghoultree,{7}{G},8,G,Volkan Baga,115,Creature — Zombie Treefolk,Ghoultree costs {1} less to cast for each creature card in your graveyard.,DKA,It uproots entire fengrafs to add to its twisted frame.,normal,262662,10,10,Rare,"Zombie,Treefolk",Creature
Gravetiller Wurm,{5}{G},6,G,Slawomir Maniak,116,Creature — Wurm,Trample\nMorbid — Gravetiller Wurm enters the battlefield with four +1/+1 counters on it if a creature died this turn.,DKA,"As the creatures of the night closed in on humanity, Innistrad's primeval forces stirred, as though waking to watch the slaughter.",normal,262673,4,4,Uncommon,Wurm,Creature
Grim Flowering,{5}{G},6,G,Adam Paquette,117,Sorcery,Draw a card for each creature card in your graveyard.,"DKA,DDJ,C14","""Nothing in nature goes to waste, not even the rotting corpse of a good-for-nothing, blood-sucking vampire.""\n—Halana of Ulvenwald",normal,262842,,,Uncommon,,Sorcery
Hollowhenge Beast,{3}{G}{G},5,G,Dave Kendall,118,Creature — Beast,,DKA,"In a world of monsters, it's the stuff of nightmares.",normal,262868,5,5,Common,Beast,Creature
Hunger of the Howlpack,{G},1,G,Nils Hamm,119,Instant,Put a +1/+1 counter on target creature.\nMorbid — Put three +1/+1 counters on that creature instead if a creature died this turn.,"DKA,CNS","""Werewolves are an unholy mix of a predator's instinct and a human's hatred.""\n—Alena, trapper of Kessig",normal,243257,,,Common,,Instant
Increasing Savagery,{2}{G}{G},4,G,Steve Prescott,120,Sorcery,"Put five +1/+1 counters on target creature. If Increasing Savagery was cast from a graveyard, put ten +1/+1 counters on that creature instead.\nFlashback {5}{G}{G} (You may cast this card from your graveyard for its flashback cost. Then exile it.)",DKA,,normal,262834,,,Rare,,Sorcery
Kessig Recluse,{2}{G}{G},4,G,Vincent Proce,121,Creature — Spider,Reach (This creature can block creatures with flying.)\nDeathtouch (Any amount of damage this deals to a creature is enough to destroy it.),DKA,"Its silk is highly prized, but then again, so is your life.",normal,243233,2,3,Common,Spider,Creature
Lambholt Elder,{2}{G},3,G,Matt Stewart,122a,Creature — Human Werewolf,"At the beginning of each upkeep, if no spells were cast last turn, transform Lambholt Elder.",DKA,"""Be wary of the seemingly gentle souls. The weak here were slaughtered long ago.""\n—Rem Karolus, Blade of the Inquisitors",double-faced,242537,1,2,Uncommon,"Human,Werewolf",Creature
Silverpelt Werewolf,,,G,Matt Stewart,122b,Creature — Werewolf,"Whenever Silverpelt Werewolf deals combat damage to a player, draw a card.\nAt the beginning of each upkeep, if a player cast two or more spells last turn, transform Silverpelt Werewolf.",DKA,,double-faced,242509,4,5,Uncommon,Werewolf,Creature
Lost in the Woods,{3}{G}{G},5,G,Matt Stewart,123,Enchantment,"Whenever a creature attacks you or a planeswalker you control, reveal the top card of your library. If it's a Forest card, remove that creature from combat. Then put the revealed card on the bottom of your library.",DKA,,normal,242539,,,Rare,,Enchantment
Predator Ooze,{G}{G}{G},3,G,Ryan Yee,124,Creature — Ooze,"Indestructible\nWhenever Predator Ooze attacks, put a +1/+1 counter on it.\nWhenever a creature dealt damage by Predator Ooze this turn dies, put a +1/+1 counter on Predator Ooze.",DKA,,normal,262866,1,1,Rare,Ooze,Creature
Scorned Villager,{1}{G},2,G,Cynthia Sheppard,125a,Creature — Human Werewolf,"{T}: Add {G} to your mana pool.\nAt the beginning of each upkeep, if no spells were cast last turn, transform Scorned Villager.",DKA,"""My village's fear drove me into the wild . . .""",double-faced,262694,1,1,Common,"Human,Werewolf",Creature
Moonscarred Werewolf,,,G,Cynthia Sheppard,125b,Creature — Werewolf,"Vigilance\n{T}: Add {G}{G} to your mana pool.\nAt the beginning of each upkeep, if a player cast two or more spells last turn, transform Moonscarred Werewolf.",DKA,""". . . and I will bring the fury of the wild back to my village.""",double-faced,262659,2,2,Common,Werewolf,Creature
Somberwald Dryad,{1}{G},2,G,Jaime Jones,126,Creature — Dryad,Forestwalk (This creature can't be blocked as long as defending player controls a Forest.),DKA,"The Somberwald is her domain, and she has yet to hear an acceptable excuse for trespassing.",normal,244768,2,2,Common,Dryad,Creature
Strangleroot Geist,{G}{G},2,G,Jason Chan,127,Creature — Spirit,"Haste\nUndying (When this creature dies, if it had no +1/+1 counters on it, return it to the battlefield under its owner's control with a +1/+1 counter on it.)","pMGD,DKA",Geists of the hanged often haunt the tree on which they died.,normal,262671,2,1,Uncommon,Spirit,Creature
Tracker's Instincts,{1}{G},2,"G,U",Jung Park,128,Sorcery,Reveal the top four cards of your library. Put a creature card from among them into your hand and the rest into your graveyard.\nFlashback {2}{U} (You may cast this card from your graveyard for its flashback cost. Then exile it.),DKA,,normal,247116,,,Uncommon,,Sorcery
Ulvenwald Bear,{2}{G},3,G,Jason A. Engle,129,Creature — Bear,"Morbid — When Ulvenwald Bear enters the battlefield, if a creature died this turn, put two +1/+1 counters on target creature.",DKA,"Out chasing bears\n—Kessig expression meaning ""died in the woods""",normal,244727,2,2,Common,Bear,Creature
Village Survivors,{4}{G},5,G,David Rapoza,130,Creature — Human,"Vigilance\nFateful hour — As long as you have 5 or less life, other creatures you control have vigilance.",DKA,"As their villages fell to werewolves, fleeing refugees discovered they too had remarkable survival instincts.",normal,262688,4,5,Uncommon,Human,Creature
Vorapede,{2}{G}{G}{G},5,G,Slawomir Maniak,131,Creature — Insect,"Vigilance, trample\nUndying (When this creature dies, if it had no +1/+1 counters on it, return it to the battlefield under its owner's control with a +1/+1 counter on it.)",DKA,"""If you think you've killed one, guess again.""\n—Thalia, Knight-Cathar",normal,262850,5,4,Mythic Rare,Insect,Creature
Wild Hunger,{2}{G},3,"G,R",Karl Kopinski,132,Instant,Target creature gets +3/+1 and gains trample until end of turn.\nFlashback {3}{R} (You may cast this card from your graveyard for its flashback cost. Then exile it.),DKA,Otto the Hunter was filled with many grand ambitions. The snake was filled only with Otto.,normal,245291,,,Common,,Instant
Wolfbitten Captive,{G},1,G,Zoltan Boros,133a,Creature — Human Werewolf,"{1}{G}: Wolfbitten Captive gets +2/+2 until end of turn. Activate this ability only once each turn.\nAt the beginning of each upkeep, if no spells were cast last turn, transform Wolfbitten Captive.",DKA,,double-faced,253426,1,1,Rare,"Human,Werewolf",Creature
Krallenhorde Killer,,,G,Zoltan Boros,133b,Creature — Werewolf,"{3}{G}: Krallenhorde Killer gets +4/+4 until end of turn. Activate this ability only once each turn.\nAt the beginning of each upkeep, if a player cast two or more spells last turn, transform Krallenhorde Killer.",DKA,,double-faced,253431,2,2,Rare,Werewolf,Creature
Young Wolf,{G},1,G,Ryan Pancoast,134,Creature — Wolf,"Undying (When this creature dies, if it had no +1/+1 counters on it, return it to the battlefield under its owner's control with a +1/+1 counter on it.)",DKA,The Ulvenwald makes no allowances for youth. Today's newborn is either tomorrow's hunter or tomorrow's lunch.,normal,262872,1,1,Common,Wolf,Creature
Diregraf Captain,{1}{U}{B},3,"U,B",Slawomir Maniak,135,Creature — Zombie Soldier,"Deathtouch\nOther Zombie creatures you control get +1/+1.\nWhenever another Zombie you control dies, target opponent loses 1 life.","DKA,DDQ","Though its mind has long since rotted away, it wields a sword with deadly skill.",normal,262663,2,2,Uncommon,"Zombie,Soldier",Creature
Drogskol Captain,{1}{W}{U},3,"W,U",Peter Mohrbacher,136,Creature — Spirit Soldier,Flying\nOther Spirit creatures you control get +1/+1 and have hexproof. (They can't be the targets of spells or abilities your opponents control.),DKA,"Dead or alive, true leaders can inspire an entire army.",normal,244773,2,2,Uncommon,"Spirit,Soldier",Creature
Drogskol Reaver,{5}{W}{U},7,"W,U",Vincent Proce,137,Creature — Spirit,"Flying, double strike, lifelink\nWhenever you gain life, draw a card.",DKA,"Wracked and warped with anguish, it obsessively seeks out other souls to hoard within its eternal prison.",normal,262860,3,5,Mythic Rare,Spirit,Creature
Falkenrath Aristocrat,{2}{B}{R},4,"B,R",Igor Kieryluk,138,Creature — Vampire,"Flying, haste\nSacrifice a creature: Falkenrath Aristocrat gains indestructible until end of turn. If the sacrificed creature was a Human, put a +1/+1 counter on Falkenrath Aristocrat.",DKA,"""Your blood is quite pleasing. A pity there's not enough for both of us.""",normal,262847,4,1,Mythic Rare,Vampire,Creature
Havengul Lich,{3}{U}{B},5,"U,B",James Ryman,139,Creature — Zombie Wizard,"{1}: You may cast target creature card in a graveyard this turn. When you cast that card this turn, Havengul Lich gains all activated abilities of that card until end of turn.",DKA,Fusing intelligence with the power of undeath requires inspiration of the darkest kind.,normal,262852,4,4,Mythic Rare,"Zombie,Wizard",Creature
Huntmaster of the Fells,{2}{R}{G},4,"R,G",Chris Rahn,140a,Creature — Human Werewolf,"Whenever this creature enters the battlefield or transforms into Huntmaster of the Fells, put a 2/2 green Wolf creature token onto the battlefield and you gain 2 life.\nAt the beginning of each upkeep, if no spells were cast last turn, transform Huntmaster of the Fells.",DKA,,double-faced,262875,2,2,Mythic Rare,"Human,Werewolf",Creature
Ravager of the Fells,,,"R,G",Chris Rahn,140b,Creature — Werewolf,"Trample\nWhenever this creature transforms into Ravager of the Fells, it deals 2 damage to target opponent and 2 damage to up to one target creature that player controls.\nAt the beginning of each upkeep, if a player cast two or more spells last turn, transform Ravager of the Fells.",DKA,,double-faced,262699,4,4,Mythic Rare,Werewolf,Creature
Immerwolf,{1}{R}{G},3,"R,G",Terese Nielsen,141,Creature — Wolf,Intimidate (This creature can't be blocked except by artifact creatures and/or creatures that share a color with it.)\nEach other creature you control that's a Wolf or a Werewolf gets +1/+1.\nNon-Human Werewolves you control can't transform.,DKA,,normal,262700,2,2,Uncommon,Wolf,Creature
"Sorin, Lord of Innistrad",{2}{W}{B},4,"W,B",Michael Komarck,142,Planeswalker — Sorin,"+1: Put a 1/1 black Vampire creature token with lifelink onto the battlefield.\n−2: You get an emblem with ""Creatures you control get +1/+0.""\n−6: Destroy up to three target creatures and/or other planeswalkers. Return each card put into a graveyard this way to the battlefield under your control.","DKA,DDK",,normal,249985,,,Mythic Rare,Sorin,Planeswalker
Stromkirk Captain,{1}{B}{R},3,"B,R",Jana Schirmer & Johannes Voss,143,Creature — Vampire Soldier,First strike\nOther Vampire creatures you control get +1/+1 and have first strike.,DKA,"""No longer can we allow our human populations to be mindlessly slaughtered by ghouls. Slay all who trespass.""\n—Runo Stromkirk",normal,262676,2,2,Uncommon,"Vampire,Soldier",Creature
Altar of the Lost,{3},3,,Daarken,144,Artifact,Altar of the Lost enters the battlefield tapped.\n{T}: Add two mana in any combination of colors to your mana pool. Spend this mana only to cast spells with flashback from a graveyard.,DKA,,normal,262846,,,Uncommon,,Artifact
Avacyn's Collar,{1},1,,James Paick,145,Artifact — Equipment,"Equipped creature gets +1/+0 and has vigilance.\nWhenever equipped creature dies, if it was a Human, put a 1/1 white Spirit creature token with flying onto the battlefield.\nEquip {2}",DKA,,normal,262863,,,Uncommon,Equipment,Artifact
Chalice of Life,{3},3,,Ryan Yee,146a,Artifact,"{T}: You gain 1 life. Then if you have at least 10 life more than your starting life total, transform Chalice of Life.",DKA,The sweet taste of hope's promise.,double-faced,226735,,,Uncommon,,Artifact
Chalice of Death,,,,Ryan Yee,146b,Artifact,{T}: Target player loses 5 life.,DKA,The bitter taste of life's only certainty.,double-faced,226721,,,Uncommon,,Artifact
"Elbrus, the Binding Blade",{7},7,B,Eric Deschamps,147a,Legendary Artifact — Equipment,"Equipped creature gets +1/+0.\nWhen equipped creature deals combat damage to a player, unattach Elbrus, the Binding Blade, then transform it.\nEquip {1}",DKA,Those who grasp its hilt soon hear the demon's call.,double-faced,244740,,,Mythic Rare,Equipment,Artifact
Withengar Unbound,,,B,Eric Deschamps,147b,Legendary Creature — Demon,"Flying, intimidate, trample (A creature with intimidate can't be blocked except by artifact creatures and/or creatures that share a color with it.)\nWhenever a player loses the game, put thirteen +1/+1 counters on Withengar Unbound.",DKA,There are not enough lives on Innistrad to satisfy his thirst for retribution.,double-faced,244738,13,13,Mythic Rare,Demon,Creature
Executioner's Hood,{2},2,,Anthony Palumbo,148,Artifact — Equipment,Equipped creature has intimidate. (This creature can't be blocked except by artifact creatures and/or creatures that share a color with it.)\nEquip {2} ({2}: Attach to target creature you control. Equip only as a sorcery.),DKA,,normal,244737,,,Common,Equipment,Artifact
Grafdigger's Cage,{1},1,,Daniel Ljunggren,149,Artifact,Creature cards can't enter the battlefield from graveyards or libraries.\nPlayers can't cast cards in graveyards or libraries.,DKA,"""If you wind up in one of mine, you can be sure as silver it will be your last.""\n—Grafdigger Wulmer",normal,278452,,,Rare,,Artifact
Heavy Mattock,{3},3,,Winona Nelson,150,Artifact — Equipment,"Equipped creature gets +1/+1.\nAs long as equipped creature is a Human, it gets an additional +1/+1.\nEquip {2} ({2}: Attach to target creature you control. Equip only as a sorcery.)",DKA,,normal,244766,,,Common,Equipment,Artifact
Helvault,{3},3,,Jaime Jones,151,Legendary Artifact,"{1}, {T}: Exile target creature you control.\n{7}, {T}: Exile target creature you don't control.\nWhen Helvault is put into a graveyard from the battlefield, return all cards exiled with it to the battlefield under their owners' control.",DKA,,normal,262679,,,Mythic Rare,,Artifact
Jar of Eyeballs,{3},3,,Jaime Jones,152,Artifact,"Whenever a creature you control dies, put two eyeball counters on Jar of Eyeballs.\n{3}, {T}, Remove all eyeball counters from Jar of Eyeballs: Look at the top X cards of your library, where X is the number of eyeball counters removed this way. Put one of them into your hand and the rest on the bottom of your library in any order.","DKA,C13",,normal,244695,,,Rare,,Artifact
Warden of the Wall,{3},3,,Daniel Ljunggren,153,Artifact,"Warden of the Wall enters the battlefield tapped.\n{T}: Add {C} to your mana pool.\nAs long as it's not your turn, Warden of the Wall is a 2/3 Gargoyle artifact creature with flying.",DKA,,normal,247130,,,Uncommon,,Artifact
Wolfhunter's Quiver,{1},1,,Daniel Ljunggren,154,Artifact — Equipment,"Equipped creature has ""{T}: This creature deals 1 damage to target creature or player"" and ""{T}: This creature deals 3 damage to target Werewolf creature.""\nEquip {5}",DKA,"""Steel in the heart, silver in the bow.""\n—Wolfhunter's creed",normal,247124,,,Uncommon,Equipment,Artifact
Evolving Wilds,,,,Cliff Childs,155,Land,"{T}, Sacrifice Evolving Wilds: Search your library for a basic land card and put it onto the battlefield tapped. Then shuffle your library.","pMEI,pFNM,ROE,CMD,DDH,DKA,M13,DDK,C13,M15,DDN,C14,DDO,DTK,MM2,ORI,DDP,BFZ,C15","""Our world is vast, but Thraben is its heart. The cathedral must stand even if the hinterlands are lost.""\n—Thalia, Knight-Cathar",normal,262680,,,Common,,Land
Grim Backwoods,,,"B,G",Vincent Proce,156,Land,"{T}: Add {C} to your mana pool.\n{2}{B}{G}, {T}, Sacrifice a creature: Draw a card.","DKA,C13,C15","""I love what they've done with the place.""\n—Liliana Vess",normal,270939,,,Rare,,Land
Haunted Fengraf,,,,Adam Paquette,157,Land,"{T}: Add {C} to your mana pool.\n{3}, {T}, Sacrifice Haunted Fengraf: Return a creature card at random from your graveyard to your hand.","DKA,C14",A ghoulcaller's playground.,normal,245289,,,Common,,Land
Vault of the Archangel,,,"W,B",John Avon,158,Land,"{T}: Add {C} to your mana pool.\n{2}{W}{B}, {T}: Creatures you control gain deathtouch and lifelink until end of turn.","DKA,MD1","""For centuries my creation kept this world in balance. Now only her shadow remains.""\n—Sorin Markov",normal,270938,,,Rare,,Land
