name,manaCost,cmc,colorIdentity,artist,number,type,text,printings,flavor,layout,multiverseid,power,toughness,rarity,subtypes,types
Scion of Ugin,{6},6,,Cliff Childs,1,Creature — Dragon Spirit,Flying,DTK,"For hundreds of years Ugin slept, encased in the cocoon of stone and magic Sarkhan had created using a shard of a Zendikari hedron. As Ugin lay dormant, his spectral guardians kept vigil.",normal,394681,4,4,Uncommon,"Dragon,Spirit",Creature
"Anafenza, Kin-Tree Spirit",{W}{W},2,W,Ryan Yee,2,Legendary Creature — Spirit Soldier,"Whenever another nontoken creature enters the battlefield under your control, bolster 1. (Choose a creature with the least toughness among creatures you control and put a +1/+1 counter on it.)",DTK,"Martyred for worshipping her ancestors, she now walks among them.",normal,394490,2,2,Rare,"Spirit,Soldier",Creature
Arashin Foremost,{1}{W}{W},3,W,David Palumbo,3,Creature — Human Warrior,"Double strike\nWhenever Arashin Foremost enters the battlefield or attacks, another target Warrior creature you control gains double strike until end of turn.",DTK,"""I would gladly give my life if it would inspire my clan to victory.""",normal,394494,2,2,Rare,"Human,Warrior",Creature
Artful Maneuver,{1}{W},2,W,Lars Grant-West,4,Instant,"Target creature gets +2/+2 until end of turn.\nRebound (If you cast this spell from your hand, exile it as it resolves. At the beginning of your next upkeep, you may cast this card from exile without paying its mana cost.)",DTK,,normal,394496,,,Common,,Instant
Aven Sunstriker,{1}{W}{W},3,W,John Severin Brassell,5,Creature — Bird Warrior,Flying\nDouble strike (This creature deals both first-strike and regular combat damage.)\nMegamorph {4}{W} (You may cast this card face down as a 2/2 creature for {3}. Turn it face up any time for its megamorph cost and put a +1/+1 counter on it.),DTK,,normal,394504,1,1,Uncommon,"Bird,Warrior",Creature
Aven Tactician,{4}{W},5,W,Christopher Moeller,6,Creature — Bird Soldier,"Flying\nWhen Aven Tactician enters the battlefield, bolster 1. (Choose a creature with the least toughness among creatures you control and put a +1/+1 counter on it.)",DTK,"The aven are admired, for they are able to fly with the dragons.",normal,394505,2,3,Common,"Bird,Soldier",Creature
Battle Mastery,{2}{W},3,W,Viktor Titov,7,Enchantment — Aura,Enchant creature\nEnchanted creature has double strike. (It deals both first-strike and regular combat damage.),"LRW,DDL,M15,DTK","""There is elegance in all the Ojutai do—even their killing.""\n—Kirada, Silumgar enforcer",normal,394506,,,Uncommon,Aura,Enchantment
Center Soul,{1}{W},2,W,Igor Kieryluk,8,Instant,"Target creature you control gains protection from the color of your choice until end of turn.\nRebound (If you cast this spell from your hand, exile it as it resolves. At the beginning of your next upkeep, you may cast this card from exile without paying its mana cost.)",DTK,,normal,394514,,,Common,,Instant
Champion of Arashin,{3}{W},4,W,Joseph Meehan,9,Creature — Hound Warrior,Lifelink (Damage dealt by this creature also causes you to gain that much life.),DTK,"""The blood of Dromoka and the blood of my veins are the same.""",normal,394515,3,2,Common,"Hound,Warrior",Creature
Dragon Hunter,{W},1,W,Johannes Voss,10,Creature — Human Warrior,Protection from Dragons\nDragon Hunter can block Dragons as though it had reach.,DTK,"""Dromoka has taught me the secrets of her kind, that I might use them in her service.""",normal,394541,2,1,Uncommon,"Human,Warrior",Creature
Dragon's Eye Sentry,{W},1,W,Anastasia Ovchinnikova,11,Creature — Human Monk,"Defender, first strike",DTK,Even the humblest guard of Ojutai's strongholds ponders the puzzles of the Great Teacher's lessons.,normal,394544,1,3,Common,"Human,Monk",Creature
Dromoka Captain,{2}{W},3,W,Matt Stewart,12,Creature — Human Soldier,"First strike\nWhenever Dromoka Captain attacks, bolster 1. (Choose a creature with the least toughness among creatures you control and put a +1/+1 counter on it.)",DTK,"""We fight not out of fear, but for honor.""",normal,394554,1,1,Uncommon,"Human,Soldier",Creature
Dromoka Dunecaster,{W},1,W,Mark Winters,13,Creature — Human Wizard,"{1}{W}, {T}: Tap target creature without flying.",DTK,"""The dragonlords rule the tempests of the skies. Here in the wastes, the storms are mine to command.""",normal,394555,0,2,Common,"Human,Wizard",Creature
Dromoka Warrior,{1}{W},2,W,Zack Stella,14,Creature — Human Warrior,,DTK,"Dromoka has regard for the humans who serve under her. In return for her protection, they obey with steadfast loyalty, acting as weapons for her and her scalelords against the other clans.",normal,394557,3,1,Common,"Human,Warrior",Creature
Echoes of the Kin Tree,{1}{W},2,W,Ryan Alexander Lee,15,Enchantment,{2}{W}: Bolster 1. (Choose a creature with the least toughness among creatures you control and put a +1/+1 counter on it.),DTK,"Even after Anafenza was executed, many secretly maintained their beliefs in the old ways.",normal,394562,,,Uncommon,,Enchantment
Enduring Victory,{4}{W},5,W,Mike Sass,16,Instant,Destroy target attacking or blocking creature. Bolster 1. (Choose a creature with the least toughness among creatures you control and put a +1/+1 counter on it.),DTK,"""My dragonlord is immortal. Most dragons are not.""\n—Kadri, Dromoka warrior",normal,394566,,,Common,,Instant
Fate Forgotten,{2}{W},3,W,Cliff Childs,17,Instant,Exile target artifact or enchantment.,DTK,"When Sarkhan saved Ugin in Tarkir's past, it changed Tarkir's future. The Sultai no longer exist, having been supplanted by the dragonlord Silumgar and his clan.",normal,394570,,,Common,,Instant
Glaring Aegis,{W},1,W,Anthony Palumbo,18,Enchantment — Aura,"Enchant creature\nWhen Glaring Aegis enters the battlefield, tap target creature an opponent controls.\nEnchanted creature gets +1/+3.",DTK,,normal,394581,,,Common,Aura,Enchantment
Gleam of Authority,{1}{W},2,W,Jakub Kasper,19,Enchantment — Aura,"Enchant creature\nEnchanted creature gets +1/+1 for each +1/+1 counter on other creatures you control.\nEnchanted creature has vigilance and ""{W}, {T}: Bolster 1."" (To bolster 1, choose a creature with the least toughness among creatures you control and put a +1/+1 counter on it.)",DTK,,normal,394582,,,Rare,Aura,Enchantment
Graceblade Artisan,{2}{W},3,W,Magali Villeneuve,20,Creature — Human Monk,Graceblade Artisan gets +2/+2 for each Aura attached to it.,DTK,"""Can you catch a snowflake on the edge of your blade? Her sword has snagged an entire blizzard.""\n—Zogye, Ojutai mystic",normal,394584,2,3,Uncommon,"Human,Monk",Creature
Great Teacher's Decree,{3}{W},4,W,Zoltan Boros,21,Sorcery,"Creatures you control get +2/+1 until end of turn.\nRebound (If you cast this spell from your hand, exile it as it resolves. At the beginning of your next upkeep, you may cast this card from exile without paying its mana cost.)",DTK,,normal,394586,,,Uncommon,,Sorcery
Herald of Dromoka,{1}{W},2,W,Zack Stella,22,Creature — Human Warrior,Vigilance\nOther Warrior creatures you control have vigilance.,DTK,The trumpeters of Arashin are ever alert in their watch over the Great Aerie.,normal,394595,2,2,Common,"Human,Warrior",Creature
Hidden Dragonslayer,{1}{W},2,W,Anastasia Ovchinnikova,23,Creature — Human Warrior,"Lifelink\nMegamorph {2}{W} (You may cast this card face down as a 2/2 creature for {3}. Turn it face up any time for its megamorph cost and put a +1/+1 counter on it.)\nWhen Hidden Dragonslayer is turned face up, destroy target creature with power 4 or greater an opponent controls.",DTK,,normal,394597,2,1,Rare,"Human,Warrior",Creature
Lightwalker,{1}{W},2,W,Winona Nelson,24,Creature — Human Warrior,Lightwalker has flying as long as it has a +1/+1 counter on it.,DTK,"""The greatest gift Dromoka gives is the ability to fly without wings.""\n—Urdnan, Dromoka warrior",normal,394616,2,1,Common,"Human,Warrior",Creature
Misthoof Kirin,{2}{W},3,W,Ryan Barger,25,Creature — Kirin,"Flying, vigilance\nMegamorph {1}{W} (You may cast this card face down as a 2/2 creature for {3}. Turn it face up any time for its megamorph cost and put a +1/+1 counter on it.)",DTK,It heralded Sarkhan's return to Tarkir's present.,normal,394626,2,1,Common,Kirin,Creature
Myth Realized,{W},1,W,Jason Rainville,26,Enchantment,"Whenever you cast a noncreature spell, put a lore counter on Myth Realized.\n{2}{W}: Put a lore counter on Myth Realized.\n{W}: Until end of turn, Myth Realized becomes a Monk Avatar creature in addition to its other types and gains ""This creature's power and toughness are each equal to the number of lore counters on it.""",DTK,,normal,394632,,,Rare,,Enchantment
Ojutai Exemplars,{2}{W}{W},4,W,Willian Murai,27,Creature — Human Monk,"Whenever you cast a noncreature spell, choose one —\n• Tap target creature.\n• Ojutai Exemplars gains first strike and lifelink until end of turn.\n• Exile Ojutai Exemplars, then return it to the battlefield tapped under its owner's control.",DTK,,normal,394638,4,4,Mythic Rare,"Human,Monk",Creature
Orator of Ojutai,{1}{W},2,W,Zack Stella,28,Creature — Bird Monk,"As an additional cost to cast Orator of Ojutai, you may reveal a Dragon card from your hand.\nDefender, flying\nWhen Orator of Ojutai enters the battlefield, if you revealed a Dragon card or controlled a Dragon as you cast Orator of Ojutai, draw a card.",DTK,,normal,394644,0,4,Uncommon,"Bird,Monk",Creature
Pacifism,{1}{W},2,W,Mark Zug,29,Enchantment — Aura,Enchant creature\nEnchanted creature can't attack or block.,"MIR,TMP,USG,ATH,6ED,BRB,7ED,ONS,8ED,9ED,10E,DDC,M10,M11,M12,M13,M14,DD3_DVD,DTK,TPR,EMA","""If I fight, I might step on a butterfly. That would be sad.""\n—Krowg of Qal Sisma",normal,394645,,,Common,Aura,Enchantment
Profound Journey,{5}{W}{W},7,W,Tomasz Jedruszek,30,Sorcery,"Return target permanent card from your graveyard to the battlefield.\nRebound (If you cast this spell from your hand, exile it as it resolves. At the beginning of your next upkeep, you may cast this card from exile without paying its mana cost.)",DTK,,normal,394655,,,Rare,,Sorcery
Radiant Purge,{1}{W},2,W,Igor Kieryluk,31,Instant,Exile target multicolored creature or multicolored enchantment.,DTK,The Shifting Wastes are Dromoka's domain. She will not tolerate intruders.,normal,394659,,,Rare,,Instant
Resupply,{5}{W},6,W,Filip Burburan,32,Instant,You gain 6 life.\nDraw a card.,DTK,"""If the scalelords are the brains of Dromoka's army, the supply caravans are its beating heart.""\n—Baihir, Dromoka mage",normal,394664,,,Common,,Instant
Sandcrafter Mage,{2}{W},3,W,Willian Murai,33,Creature — Human Wizard,"When Sandcrafter Mage enters the battlefield, bolster 1. (Choose a creature with the least toughness among creatures you control and put a +1/+1 counter on it.)",DTK,"With heat, sand can form a delicate work of art; with pressure, an impenetrable bulwark.",normal,394672,2,2,Common,"Human,Wizard",Creature
Sandstorm Charger,{4}{W},5,W,Dave Kendall,34,Creature — Beast,Megamorph {4}{W} (You may cast this card face down as a 2/2 creature for {3}. Turn it face up any time for its megamorph cost and put a +1/+1 counter on it.),DTK,"""May our foes choke upon its horns!""\n—Urdnan, Dromoka warrior",normal,394674,3,4,Common,Beast,Creature
Scale Blessing,{3}{W},4,W,Matt Stewart,35,Instant,"Bolster 1, then put a +1/+1 counter on each creature you control with a +1/+1 counter on it. (To bolster 1, choose a creature with the least toughness among creatures you control and put a +1/+1 counter on it.)",DTK,"""Your bravery honors us all.""\n—Dromoka, translated from Draconic",normal,394679,,,Uncommon,,Instant
Secure the Wastes,{X}{W},1,W,Scott Murphy,36,Instant,Put X 1/1 white Warrior creature tokens onto the battlefield.,DTK,"""The Shifting Wastes provide our clan eternal protection. It is our duty to return the favor.""\n—Kadri, Dromoka warrior",normal,394683,,,Rare,,Instant
Shieldhide Dragon,{5}{W},6,W,Chris Rallis,37,Creature — Dragon,"Flying, lifelink\nMegamorph {5}{W}{W} (You may cast this card face down as a 2/2 creature for {3}. Turn it face up any time for its megamorph cost and put a +1/+1 counter on it.)\nWhen Shieldhide Dragon is turned face up, put a +1/+1 counter on each other Dragon creature you control.",DTK,,normal,394692,3,3,Uncommon,Dragon,Creature
Silkwrap,{1}{W},2,W,David Gaillet,38,Enchantment,"When Silkwrap enters the battlefield, exile target creature with converted mana cost 3 or less an opponent controls until Silkwrap leaves the battlefield. (That creature returns under its owner's control.)",DTK,Better scarves than scars.,normal,394699,,,Uncommon,,Enchantment
Strongarm Monk,{4}{W},5,W,Viktor Titov,39,Creature — Human Monk,"Whenever you cast a noncreature spell, creatures you control get +1/+1 until end of turn.",DTK,"""His companions are wise to follow him, for his foes dare not stand in his way.""\n—Zhiada, Dirgur protector",normal,394715,3,3,Uncommon,"Human,Monk",Creature
Student of Ojutai,{3}{W},4,W,Jason A. Engle,40,Creature — Human Monk,"Whenever you cast a noncreature spell, you gain 2 life.",DTK,"""Human enlightenment is a firefly that sparks in the night. Dragon enlightenment is a beacon that disperses all darkness.""",normal,394716,2,4,Common,"Human,Monk",Creature
Sunscorch Regent,{3}{W}{W},5,W,Matt Stewart,41,Creature — Dragon,"Flying\nWhenever an opponent casts a spell, put a +1/+1 counter on Sunscorch Regent and you gain 1 life.",DTK,"""We trust in the scalelords, bringers of justice that none can escape.""\n—Urdnan, Dromoka warrior",normal,394719,4,3,Rare,Dragon,Creature
Surge of Righteousness,{1}{W},2,W,Marco Nelor,42,Instant,Destroy target black or red creature that's attacking or blocking. You gain 2 life.,DTK,"Though she stood alone, she struck with the force of an army.",normal,394720,,,Uncommon,,Instant
Territorial Roc,{1}{W},2,W,YW Tang,43,Creature — Bird,Flying,DTK,"""Such lesser creatures must be purged from the sky. What use do they have but to help channel the lightning of our mighty dragonlord?""\n—Gvar Barzeel, Kolaghan warrior",normal,394729,1,3,Common,Bird,Creature
Ancient Carp,{4}{U},5,U,Christopher Burdett,44,Creature — Fish,,DTK,"""Why eat now what could one day grow into a feast?""\n—Ojutai, translated from Draconic",normal,394492,2,5,Common,Fish,Creature
Anticipate,{1}{U},2,U,Lake Hurwitz,45,Instant,Look at the top three cards of your library. Put one of them into your hand and the rest on the bottom of your library in any order.,"DTK,BFZ","""When I have meditated on all outcomes, my opponent has no recourse.""",normal,394493,,,Common,,Instant
Belltoll Dragon,{5}{U},6,U,Zack Stella,46,Creature — Dragon,"Flying, hexproof\nMegamorph {5}{U}{U} (You may cast this card face down as a 2/2 creature for {3}. Turn it face up any time for its megamorph cost and put a +1/+1 counter on it.)\nWhen Belltoll Dragon is turned face up, put a +1/+1 counter on each other Dragon creature you control.",DTK,,normal,394507,3,3,Uncommon,Dragon,Creature
Blessed Reincarnation,{3}{U},4,U,Kev Walker,47,Instant,"Exile target creature an opponent controls. That player reveals cards from the top of his or her library until a creature card is revealed. The player puts that card onto the battlefield, then shuffles the rest into his or her library.\nRebound (If you cast this spell from your hand, exile it as it resolves. At the beginning of your next upkeep, you may cast this card from exile without paying its mana cost.)",DTK,,normal,394509,,,Rare,,Instant
Clone Legion,{7}{U}{U},9,U,Svetlin Velinov,48,Sorcery,"For each creature target player controls, put a token onto the battlefield that's a copy of that creature.",DTK,Their lust for battle was so great that they didn't care their enemies wore their own faces.,normal,394517,,,Mythic Rare,,Sorcery
Contradict,{3}{U}{U},5,U,Steve Prescott,49,Instant,Counter target spell.\nDraw a card.,DTK,Those who question Ojutai may not like the answers they receive.,normal,394523,,,Common,,Instant
Dance of the Skywise,{1}{U},2,U,Jack Wang,50,Instant,"Until end of turn, target creature you control becomes a blue Dragon Illusion with base power and toughness 4/4, loses all abilities, and gains flying.",DTK,The Ojutai believe in the Great Wheel: those who best serve the dragonlord are destined to be reborn as dragons.,normal,394529,,,Uncommon,,Instant
Dirgur Nemesis,{5}{U},6,U,Mathias Kollros,51,Creature — Serpent,Defender\nMegamorph {6}{U} (You may cast this card face down as a 2/2 creature for {3}. Turn it face up any time for its megamorph cost and put a +1/+1 counter on it.),DTK,,normal,394537,6,5,Common,Serpent,Creature
Dragonlord's Prerogative,{4}{U}{U},6,U,Seb McKinnon,52,Instant,"As an additional cost to cast Dragonlord's Prerogative, you may reveal a Dragon card from your hand.\nIf you revealed a Dragon card or controlled a Dragon as you cast Dragonlord's Prerogative, Dragonlord's Prerogative can't be countered.\nDraw four cards.",DTK,,normal,394551,,,Rare,,Instant
Elusive Spellfist,{1}{U},2,U,Viktor Titov,53,Creature — Human Monk,"Whenever you cast a noncreature spell, Elusive Spellfist gets +1/+0 until end of turn and can't be blocked this turn.",DTK,"""Learn to see an obstacle from a new perspective. Underneath, for example.""\n—Chanyi, Ojutai monk",normal,394563,1,3,Common,"Human,Monk",Creature
Encase in Ice,{1}{U},2,U,Mathias Kollros,54,Enchantment — Aura,"Flash (You may cast this spell any time you could cast an instant.)\nEnchant red or green creature\nWhen Encase in Ice enters the battlefield, tap enchanted creature.\nEnchanted creature doesn't untap during its controller's untap step.",DTK,,normal,394564,,,Uncommon,Aura,Enchantment
Glint,{1}{U},2,U,Igor Kieryluk,55,Instant,Target creature you control gets +0/+3 and gains hexproof until end of turn. (It can't be the target of spells or abilities your opponents control.),DTK,"Rakshasa waste no opportunity to display their wealth and power, even in the midst of a sorcerous duel.",normal,394583,,,Common,,Instant
Gudul Lurker,{U},1,U,Christopher Burdett,56,Creature — Salamander,Gudul Lurker can't be blocked.\nMegamorph {U} (You may cast this card face down as a 2/2 creature for {3}. Turn it face up any time for its megamorph cost and put a +1/+1 counter on it.),DTK,The small are mostly ignored by dragons.,normal,394588,1,1,Uncommon,Salamander,Creature
Gurmag Drowner,{3}{U},4,U,Lake Hurwitz,57,Creature — Naga Wizard,"Exploit (When this creature enters the battlefield, you may sacrifice a creature.)\nWhen Gurmag Drowner exploits a creature, look at the top four cards of your library. Put one of them into your hand and the rest into your graveyard.",DTK,,normal,394589,2,4,Common,"Naga,Wizard",Creature
Icefall Regent,{3}{U}{U},5,U,David Gaillet,58,Creature — Dragon,"Flying\nWhen Icefall Regent enters the battlefield, tap target creature an opponent controls. That creature doesn't untap during its controller's untap step for as long as you control Icefall Regent. \nSpells your opponents cast that target Icefall Regent cost {2} more to cast.",DTK,,normal,394598,4,3,Rare,Dragon,Creature
Illusory Gains,{3}{U}{U},5,U,Kev Walker,59,Enchantment — Aura,"Enchant creature\nYou control enchanted creature.\nWhenever a creature enters the battlefield under an opponent's control, attach Illusory Gains to that creature.",DTK,,normal,394599,,,Rare,Aura,Enchantment
Learn from the Past,{3}{U},4,U,Chase Stone,60,Instant,Target player shuffles his or her graveyard into his or her library.\nDraw a card.,DTK,"""I've been told my whole life that the great Ojutai holds all knowledge, but I wonder what our forebears knew.""\n—Narset",normal,394614,,,Uncommon,,Instant
Living Lore,{3}{U},4,U,Jason Felix,61,Creature — Avatar,"As Living Lore enters the battlefield, exile an instant or sorcery card from your graveyard.\nLiving Lore's power and toughness are each equal to the exiled card's converted mana cost.\nWhenever Living Lore deals combat damage, you may sacrifice it. If you do, you may cast the exiled card without paying its mana cost.",DTK,,normal,394617,*,*,Rare,Avatar,Creature
Mirror Mockery,{1}{U},2,U,Ryan Alexander Lee,62,Enchantment — Aura,"Enchant creature\nWhenever enchanted creature attacks, you may put a token onto the battlefield that's a copy of that creature. Exile that token at end of combat.",DTK,Who you are constantly runs toward who you will be.,normal,394625,,,Rare,Aura,Enchantment
Monastery Loremaster,{3}{U},4,U,Ryan Alexander Lee,63,Creature — Djinn Wizard,"Megamorph {5}{U} (You may cast this card face down as a 2/2 creature for {3}. Turn it face up any time for its megamorph cost and put a +1/+1 counter on it.)\nWhen Monastery Loremaster is turned face up, return target noncreature, nonland card from your graveyard to your hand.",DTK,,normal,394627,3,2,Common,"Djinn,Wizard",Creature
Mystic Meditation,{3}{U},4,U,Howard Lyon,64,Sorcery,Draw three cards. Then discard two cards unless you discard a creature card.,DTK,"""Still the mind and quiet the heart. Only then will you hear the Multiverse's great truths.""\n—Narset",normal,394631,,,Common,,Sorcery
Negate,{1}{U},2,U,Willian Murai,65,Instant,Counter target noncreature spell.,"pMPR,MOR,M10,DPA,M11,M12,M13,M14,M15,DTK,ORI,OGW","""You cannot be an Ojutai monk. They prize wisdom and skill, and you have neither.""\n—Siara, the Dragon's Mouth",normal,394636,,,Common,,Instant
Ojutai Interceptor,{3}{U},4,U,Johann Bodin,66,Creature — Bird Soldier,Flying\nMegamorph {3}{U} (You may cast this card face down as a 2/2 creature for {3}. Turn it face up any time for its megamorph cost and put a +1/+1 counter on it.),DTK,"""Though I may soar, I could never fly as high as the dragons.""",normal,394639,3,1,Common,"Bird,Soldier",Creature
Ojutai's Breath,{2}{U},3,U,Kev Walker,67,Instant,"Tap target creature. It doesn't untap during its controller's next untap step.\nRebound (If you cast this spell from your hand, exile it as it resolves. At the beginning of your next upkeep, you may cast this card from exile without paying its mana cost.)",DTK,,normal,394641,,,Common,,Instant
Ojutai's Summons,{3}{U}{U},5,U,Jakub Kasper,68,Sorcery,"Put a 2/2 blue Djinn Monk creature token with flying onto the battlefield.\nRebound (If you cast this spell from your hand, exile it as it resolves. At the beginning of your next upkeep, you may cast this card from exile without paying its mana cost.)",DTK,,normal,394643,,,Common,,Sorcery
Palace Familiar,{1}{U},2,U,Kev Walker,69,Creature — Bird,"Flying\nWhen Palace Familiar dies, draw a card.",DTK,"""The most profound secrets lie in the darkest places of the world. It can be prudent to make use of another set of eyes.""\n—Sidisi, Silumgar vizier",normal,394646,1,1,Common,Bird,Creature
Profaner of the Dead,{3}{U},4,U,Vincent Proce,70,Creature — Naga Wizard,"Exploit (When this creature enters the battlefield, you may sacrifice a creature.)\nWhen Profaner of the Dead exploits a creature, return to their owners' hands all creatures your opponents control with toughness less than the exploited creature's toughness.",DTK,,normal,394654,3,3,Rare,"Naga,Wizard",Creature
Qarsi Deceiver,{1}{U},2,U,Raymond Swanland,71,Creature — Naga Wizard,"{T}: Add {C} to your mana pool. Spend this mana only to cast a face-down creature spell, pay a mana cost to turn a manifested creature face up, or pay a morph cost. (A megamorph cost is a morph cost.)",DTK,,normal,394657,0,4,Uncommon,"Naga,Wizard",Creature
Reduce in Stature,{2}{U},3,U,Dan Scott,72,Enchantment — Aura,Enchant creature\nEnchanted creature has base power and toughness 0/2.,DTK,A dragon learns humility only in the moments before its death.,normal,394662,,,Common,Aura,Enchantment
Shorecrasher Elemental,{U}{U}{U},3,U,Igor Kieryluk,73,Creature — Elemental,"{U}: Exile Shorecrasher Elemental, then return it to the battlefield face down under its owner's control.\n{1}: Shorecrasher Elemental gets +1/-1 or -1/+1 until end of turn. \nMegamorph {4}{U} (You may cast this card face down as a 2/2 creature for {3}. Turn it face up any time for its megamorph cost and put a +1/+1 counter on it.)",DTK,,normal,394693,3,3,Mythic Rare,Elemental,Creature
Sidisi's Faithful,{U},1,U,Lius Lasahido,74,Creature — Naga Wizard,"Exploit (When this creature enters the battlefield, you may sacrifice a creature.)\nWhen Sidisi's Faithful exploits a creature, return target creature to its owner's hand.",DTK,"""I tire of your prattle, and your face.""",normal,394696,0,4,Common,"Naga,Wizard",Creature
Sight Beyond Sight,{3}{U},4,U,Anastasia Ovchinnikova,75,Sorcery,"Look at the top two cards of your library. Put one of them into your hand and the other on the bottom of your library.\nRebound (If you cast this spell from your hand, exile it as it resolves. At the beginning of your next upkeep, you may cast this card from exile without paying its mana cost.)",DTK,,normal,394697,,,Uncommon,,Sorcery
Silumgar Sorcerer,{1}{U}{U},3,U,Jeff Simpson,76,Creature — Human Wizard,"Flash (You may cast this spell any time you could cast an instant.)\nFlying\nExploit (When this creature enters the battlefield, you may sacrifice a creature.)\nWhen Silumgar Sorcerer exploits a creature, counter target creature spell.",DTK,,normal,394703,2,1,Uncommon,"Human,Wizard",Creature
Silumgar Spell-Eater,{2}{U},3,U,Dave Kendall,77,Creature — Naga Wizard,"Megamorph {4}{U} (You may cast this card face down as a 2/2 creature for {3}. Turn it face up any time for its megamorph cost and put a +1/+1 counter on it.)\nWhen Silumgar Spell-Eater is turned face up, counter target spell unless its controller pays {3}.",DTK,,normal,394704,2,3,Uncommon,"Naga,Wizard",Creature
Silumgar's Scorn,{U}{U},2,U,Ryan Yee,78,Instant,"As an additional cost to cast Silumgar's Scorn, you may reveal a Dragon card from your hand.\nCounter target spell unless its controller pays {1}. If you revealed a Dragon card or controlled a Dragon as you cast Silumgar's Scorn, counter that spell instead.",DTK,,normal,394706,,,Uncommon,,Instant
Skywise Teachings,{3}{U},4,U,Filip Burburan,79,Enchantment,"Whenever you cast a noncreature spell, you may pay {1}{U}. If you do, put a 2/2 blue Djinn Monk creature token with flying onto the battlefield.",DTK,Ojutai's words must be translated from Draconic before his students can benefit from their wisdom.,normal,394707,,,Uncommon,,Enchantment
Stratus Dancer,{1}{U},2,U,Anastasia Ovchinnikova,80,Creature — Djinn Monk,"Flying\nMegamorph {1}{U} (You may cast this card face down as a 2/2 creature for {3}. Turn it face up any time for its megamorph cost and put a +1/+1 counter on it.)\nWhen Stratus Dancer is turned face up, counter target instant or sorcery spell.",DTK,,normal,394714,2,1,Rare,"Djinn,Monk",Creature
Taigam's Strike,{3}{U},4,U,David Gaillet,81,Sorcery,"Target creature gets +2/+0 until end of turn and can't be blocked this turn.\nRebound (If you cast this spell from your hand, exile it as it resolves. At the beginning of your next upkeep, you may cast this card from exile without paying its mana cost.)",DTK,,normal,394726,,,Common,,Sorcery
Updraft Elemental,{2}{U},3,U,Raf Sarmento,82,Creature — Elemental,Flying,DTK,"""It slips through the smallest cracks in the mountain, emerging whole and unfettered. There is nowhere it cannot go, for what can hold back the air itself?""\n—Chanyi, Ojutai monk",normal,394736,1,4,Common,Elemental,Creature
Void Squall,{4}{U},5,U,James Paick,83,Sorcery,"Return target nonland permanent to its owner's hand.\nRebound (If you cast this spell from your hand, exile it as it resolves. At the beginning of your next upkeep, you may cast this card from exile without paying its mana cost.)",DTK,,normal,394740,,,Uncommon,,Sorcery
Youthful Scholar,{3}{U},4,U,Cynthia Sheppard,84,Creature — Human Wizard,"When Youthful Scholar dies, draw two cards.",DTK,"""Too dumb, and you end up a sibsig. Too smart, and you end up a meal. Mediocrity is the key to a long life.""\n—Mogai, Silumgar noble",normal,394746,2,2,Uncommon,"Human,Wizard",Creature
Zephyr Scribe,{2}{U},3,U,Lius Lasahido,85,Creature — Human Monk,"{U}, {T}: Draw a card, then discard a card.\nWhenever you cast a noncreature spell, untap Zephyr Scribe.",DTK,"""Ojutai's rule has allowed Tarkir's monks to learn from the truly enlightened.""\n—Sarkhan Vol",normal,394747,2,1,Common,"Human,Monk",Creature
Acid-Spewer Dragon,{5}{B},6,B,James Zapata,86,Creature — Dragon,"Flying, deathtouch\nMegamorph {5}{B}{B} (You may cast this card face down as a 2/2 creature for {3}. Turn it face up any time for its megamorph cost and put a +1/+1 counter on it.)\nWhen Acid-Spewer Dragon is turned face up, put a +1/+1 counter on each other Dragon creature you control.",DTK,,normal,394485,3,3,Uncommon,Dragon,Creature
Ambuscade Shaman,{2}{B},3,B,Anthony Palumbo,87,Creature — Orc Shaman,"Whenever Ambuscade Shaman or another creature enters the battlefield under your control, that creature gets +2/+2 until end of turn.\nDash {3}{B} (You may cast this spell for its dash cost. If you do, it gains haste, and it's returned from the battlefield to its owner's hand at the beginning of the next end step.)",DTK,,normal,394489,2,2,Uncommon,"Orc,Shaman",Creature
Blood-Chin Fanatic,{1}{B}{B},3,B,David Palumbo,88,Creature — Orc Warrior,"{1}{B}, Sacrifice another Warrior creature: Target player loses X life and you gain X life, where X is the sacrificed creature's power.",DTK,"""We are as brutal as our dragonlord. We strike like wild lightning and feast on human flesh.""",normal,394510,3,3,Rare,"Orc,Warrior",Creature
Blood-Chin Rager,{1}{B},2,B,Karl Kopinski,89,Creature — Human Warrior,"Whenever Blood-Chin Rager attacks, Warrior creatures you control gain menace until end of turn. (They can't be blocked except by two or more creatures.)",DTK,Kolaghan blades rarely stay clean for long.,normal,394511,2,2,Uncommon,"Human,Warrior",Creature
Butcher's Glee,{2}{B},3,B,Jesper Ejsing,90,Instant,Target creature gets +3/+0 and gains lifelink until end of turn. Regenerate it. (Damage dealt by a creature with lifelink also causes its controller to gain that much life.),DTK,The Crave made Kneecleaver think she was bigger than the dragon.,normal,394513,,,Common,,Instant
Coat with Venom,{B},1,B,Johann Bodin,91,Instant,Target creature gets +1/+2 and gains deathtouch until end of turn. (Any amount of damage it deals to a creature is enough to destroy it.),DTK,"""Every Silumgar blade carries the blessing of our dragonlord.""\n—Xathi the Infallible",normal,394518,,,Common,,Instant
Corpseweft,{2}{B},3,B,Nils Hamm,92,Enchantment,"{1}{B}, Exile one or more creature cards from your graveyard: Put an X/X black Zombie Horror creature token onto the battlefield tapped, where X is twice the number of cards exiled this way.",DTK,Sidisi hated to limit her options.,normal,394524,,,Rare,,Enchantment
Damnable Pact,{X}{B}{B},2,B,Zack Stella,93,Sorcery,Target player draws X cards and loses X life.,DTK,"""Silumgar's mind is a dark labyrinth, full of grim secrets and subtle traps.""\n—Siara, the Dragon's Mouth",normal,394528,,,Rare,,Sorcery
Deadly Wanderings,{3}{B}{B},5,B,David Palumbo,94,Enchantment,"As long as you control exactly one creature, that creature gets +2/+0 and has deathtouch and lifelink.",DTK,"""Seclusion is only an option for the strong.""\n—Sorin Markov",normal,394530,,,Uncommon,,Enchantment
Death Wind,{X}{B},1,B,Nils Hamm,95,Instant,Target creature gets -X/-X until end of turn.,"AVR,DTK","""I am a dragonslayer for Lord Silumgar. There is no dragon save him whom I fear.""\n—Xathi the Infallible",normal,394531,,,Uncommon,,Instant
Deathbringer Regent,{5}{B}{B},7,B,Adam Paquette,96,Creature — Dragon,"Flying\nWhen Deathbringer Regent enters the battlefield, if you cast it from your hand and there are five or more other creatures on the battlefield, destroy all other creatures.","pLPA,DTK",,normal,394532,5,6,Rare,Dragon,Creature
Defeat,{1}{B},2,B,Dave Kendall,97,Sorcery,Destroy target creature with power 2 or less.,DTK,"""Wars are decided one life at a time.""\n—Gvar Barzeel, Kolaghan warrior",normal,394534,,,Common,,Sorcery
Duress,{B},1,B,Jason Rainville,98,Sorcery,"Target opponent reveals his or her hand. You choose a noncreature, nonland card from it. That player discards that card.","pMEI,pARL,USG,pFNM,7ED,DDC,M10,M11,PD3,M13,M14,MD1,DD3_DVD,DTK,EMA",Sarkhan was eager to take vengeance on Zurgo until he saw how lowly his old foe had become.,normal,394560,,,Common,,Sorcery
Dutiful Attendant,{2}{B},3,B,Aaron Miller,99,Creature — Human Warrior,"When Dutiful Attendant dies, return another target creature card from your graveyard to your hand.",DTK,The dragon who eats the last head in the basket is entitled to the servant's.,normal,394561,1,2,Common,"Human,Warrior",Creature
Flatten,{3}{B},4,B,Raoul Vitale,100,Instant,Target creature gets -4/-4 until end of turn.,DTK,"Like their dragonlord, the Kolaghan take no trophies. They find true fulfillment only in the battle itself, in clash of steel and thunder of hooves.",normal,394571,,,Common,,Instant
Foul Renewal,{3}{B},4,B,Filip Burburan,101,Instant,"Return target creature card from your graveyard to your hand. Target creature gets -X/-X until end of turn, where X is the toughness of the card returned this way.",DTK,The cycle of life and death is rarely pretty.,normal,394576,,,Rare,,Instant
Foul-Tongue Invocation,{2}{B},3,B,Daarken,102,Instant,"As an additional cost to cast Foul-Tongue Invocation, you may reveal a Dragon card from your hand.\nTarget player sacrifices a creature. If you revealed a Dragon card or controlled a Dragon as you cast Foul-Tongue Invocation, you gain 4 life.",DTK,,normal,394577,,,Uncommon,,Instant
Foul-Tongue Shriek,{B},1,B,Dave Kendall,103,Instant,Target opponent loses 1 life for each attacking creature you control. You gain that much life.,DTK,Foul-Tongue shamans draw their powers from a dark twisting of the Draconic language.,normal,394578,,,Common,,Instant
Gravepurge,{2}{B},3,B,Nils Hamm,104,Instant,Put any number of target creature cards from your graveyard on top of your library.\nDraw a card.,"DKA,DTK","""Lord Silumgar has given you a second chance to please him.""\n—Siara, the Dragon's Mouth",normal,394585,,,Common,,Instant
Hand of Silumgar,{1}{B},2,B,Lius Lasahido,105,Creature — Human Warrior,Deathtouch (Any amount of damage this deals to a creature is enough to destroy it.),DTK,"Silumgar trains those whom he favors in his magic, granting them the ability to spread his disdain across the land.",normal,394590,2,1,Common,"Human,Warrior",Creature
Hedonist's Trove,{5}{B}{B},7,B,Peter Mohrbacher,106,Enchantment,"When Hedonist's Trove enters the battlefield, exile all cards from target opponent's graveyard.\nYou may play land cards exiled with Hedonist's Trove.\nYou may cast nonland cards exiled with Hedonist's Trove. You can't cast more than one spell this way each turn.",DTK,,normal,394594,,,Rare,,Enchantment
Kolaghan Skirmisher,{1}{B},2,B,Anthony Palumbo,107,Creature — Human Warrior,"Dash {2}{B} (You may cast this spell for its dash cost. If you do, it gains haste, and it's returned from the battlefield to its owner's hand at the beginning of the next end step.)",DTK,"Kolaghan's army rushes from kill to kill, desperate to avoid the dragon's wrath.",normal,394611,2,2,Common,"Human,Warrior",Creature
Marang River Skeleton,{1}{B},2,B,Jack Wang,108,Creature — Skeleton,{B}: Regenerate Marang River Skeleton.\nMegamorph {3}{B} (You may cast this card face down as a 2/2 creature for {3}. Turn it face up any time for its megamorph cost and put a +1/+1 counter on it.),DTK,The gurgling of the Marang conceals both footsteps and screams.,normal,394621,1,1,Uncommon,Skeleton,Creature
Marsh Hulk,{4}{B}{B},6,B,Raf Sarmento,109,Creature — Zombie Ogre,Megamorph {6}{B} (You may cast this card face down as a 2/2 creature for {3}. Turn it face up any time for its megamorph cost and put a +1/+1 counter on it.),DTK,Now vengeance is his sole purpose.,normal,394622,4,6,Common,"Zombie,Ogre",Creature
Mind Rot,{2}{B},3,B,Clint Cearley,110,Sorcery,Target player discards two cards.,"POR,PO2,S99,7ED,8ED,9ED,10E,M10,DPA,M11,M12,M13,RTR,M14,M15,DTK,ORI,W16","""The Ojutai are my favorite victims. They have so much knowledge to lose.""\n—Asmala, Silumgar sorcerer",normal,394623,,,Common,,Sorcery
Minister of Pain,{2}{B},3,B,Izzy,111,Creature — Human Shaman,"Exploit (When this creature enters the battlefield, you may sacrifice a creature.)\nWhen Minister of Pain exploits a creature, creatures your opponents control get -1/-1 until end of turn.",DTK,Draconic words need not be shouted. A whisper will suffice.,normal,394624,2,3,Uncommon,"Human,Shaman",Creature
Pitiless Horde,{2}{B},3,B,Viktor Titov,112,Creature — Orc Berserker,"At the beginning of your upkeep, you lose 2 life.\nDash {2}{B}{B} (You may cast this spell for its dash cost. If you do, it gains haste, and it's returned from the battlefield to its owner's hand at the beginning of the next end step.)",DTK,,normal,394648,5,3,Rare,"Orc,Berserker",Creature
Qarsi Sadist,{1}{B},2,B,Volkan Baga,113,Creature — Human Cleric,"Exploit (When this creature enters the battlefield, you may sacrifice a creature.)\nWhen Qarsi Sadist exploits a creature, target opponent loses 2 life and you gain 2 life.",DTK,Dying for the greater good still hurts.,normal,394658,1,3,Common,"Human,Cleric",Creature
Rakshasa Gravecaller,{4}{B},5,B,Jakub Kasper,114,Creature — Cat Demon,"Exploit (When this creature enters the battlefield, you may sacrifice a creature.)\nWhen Rakshasa Gravecaller exploits a creature, put two 2/2 black Zombie creature tokens onto the battlefield.",DTK,Debts to rakshasa linger beyond death.,normal,394660,3,6,Uncommon,"Cat,Demon",Creature
Reckless Imp,{2}{B},3,B,Torstein Nordstrand,115,Creature — Imp,"Flying\nReckless Imp can't block.\nDash {1}{B} (You may cast this spell for its dash cost. If you do, it gains haste, and it's returned from the battlefield to its owner's hand at the beginning of the next end step.)",DTK,,normal,394661,2,2,Common,Imp,Creature
Risen Executioner,{2}{B}{B},4,B,Craig J Spearing,116,Creature — Zombie Warrior,Risen Executioner can't block.\nOther Zombie creatures you control get +1/+1.\nYou may cast Risen Executioner from your graveyard if you pay {1} more to cast it for each other creature card in your graveyard.,DTK,,normal,394666,4,3,Mythic Rare,"Zombie,Warrior",Creature
Self-Inflicted Wound,{1}{B},2,B,Mathias Kollros,117,Sorcery,"Target opponent sacrifices a green or white creature. If that player does, he or she loses 2 life.",DTK,"""Worse than watching the cruelest deed is watching it done by your own hand.""\n—Baihir, Dromoka mage",normal,394686,,,Uncommon,,Sorcery
Shambling Goblin,{B},1,B,Yeong-Hao Han,118,Creature — Zombie Goblin,"When Shambling Goblin dies, target creature an opponent controls gets -1/-1 until end of turn.",DTK,"""The Kolaghan send them at us. We kill and raise them. They fight the next wave the Kolaghan send. It's a neat little cycle.""\n—Asmala, Silumgar sorcerer",normal,394689,1,1,Common,"Zombie,Goblin",Creature
Sibsig Icebreakers,{2}{B},3,B,Zoltan Boros,119,Creature — Zombie,"When Sibsig Icebreakers enters the battlefield, each player discards a card.",DTK,"""I almost envy them. They can't get frostbite.""\n—Kirada, Silumgar enforcer",normal,394694,2,3,Common,Zombie,Creature
"Sidisi, Undead Vizier",{3}{B}{B},5,B,Min Yum,120,Legendary Creature — Zombie Naga,"Deathtouch\nExploit (When this creature enters the battlefield, you may sacrifice a creature.)\nWhen Sidisi, Undead Vizier exploits a creature, you may search your library for a card, put it into your hand, then shuffle your library.",DTK,,normal,394695,4,6,Rare,"Zombie,Naga",Creature
Silumgar Assassin,{1}{B},2,B,Yohann Schepacz,121,Creature — Human Assassin,"Creatures with power greater than Silumgar Assassin's power can't block it.\nMegamorph {2}{B} (You may cast this card face down as a 2/2 creature for {3}. Turn it face up any time for its megamorph cost and put a +1/+1 counter on it.)\nWhen Silumgar Assassin is turned face up, destroy target creature with power 3 or less an opponent controls.",DTK,,normal,394700,2,1,Rare,"Human,Assassin",Creature
Silumgar Butcher,{4}{B},5,B,Dave Kendall,122,Creature — Zombie Djinn,"Exploit (When this creature enters the battlefield, you may sacrifice a creature.)\nWhen Silumgar Butcher exploits a creature, target creature gets -3/-3 until end of turn.",DTK,Silumgar takes pride in the diversity of his sibsig.,normal,394701,3,3,Common,"Zombie,Djinn",Creature
Ukud Cobra,{3}{B},4,B,Johann Bodin,123,Creature — Snake,Deathtouch,DTK,"""The Silumgar hide behind the deadly wildlife of their swamps. They'd rather scheme in their jungle palaces than face us.""\n—Khibat, Kolaghan warrior",normal,394734,2,5,Uncommon,Snake,Creature
Ultimate Price,{1}{B},2,B,Jack Wang,124,Instant,Destroy target monocolored creature.,"RTR,DTK","""The realization that one is dying is far more terrifying than death itself.""\n—Sidisi, Silumgar vizier",normal,394735,,,Uncommon,,Instant
Virulent Plague,{2}{B},3,B,Johann Bodin,125,Enchantment,Creature tokens get -2/-2.,DTK,"""This pestilence robs us of glorious death in battle. We starve to death with full bellies and drown trying to slake our unnatural thirst.""\n—Kerai Hatesinger, Kolaghan warrior",normal,394739,,,Uncommon,,Enchantment
Vulturous Aven,{3}{B},4,B,Kev Walker,126,Creature — Bird Shaman,"Flying\nExploit (When this creature enters the battlefield, you may sacrifice a creature.)\nWhen Vulturous Aven exploits a creature, you draw two cards and you lose 2 life.",DTK,,normal,394743,2,3,Common,"Bird,Shaman",Creature
Wandering Tombshell,{3}{B},4,B,Yeong-Hao Han,127,Creature — Zombie Turtle,,DTK,"The crumbling temples on the tortoise's back are monuments to the decadence of the ancient Sultai. Though it harkens back to the era of the khans, Silumgar allows it to walk his territory as a warning to those who would oppose him.",normal,394744,1,6,Common,"Zombie,Turtle",Creature
Atarka Efreet,{3}{R},4,R,Izzy,128,Creature — Efreet Shaman,"Megamorph {2}{R} (You may cast this card face down as a 2/2 creature for {3}. Turn it face up any time for its megamorph cost and put a +1/+1 counter on it.)\nWhen Atarka Efreet is turned face up, it deals 1 damage to target creature or player.",DTK,,normal,394499,5,1,Common,"Efreet,Shaman",Creature
Atarka Pummeler,{4}{R},5,R,Lucas Graciano,129,Creature — Ogre Warrior,Formidable — {3}{R}{R}: Creatures you control gain menace until end of turn. Activate this ability only if creatures you control have total power 8 or greater. (They can't be blocked except by two or more creatures.),DTK,,normal,394501,4,5,Uncommon,"Ogre,Warrior",Creature
Berserkers' Onslaught,{3}{R}{R},5,R,Zoltan Boros,130,Enchantment,Attacking creatures you control have double strike.,DTK,"""Atarka's people starve while she feasts upon the bounty of their hunts. They must conquer ever more lands just for the sake of their own subsistence.""\n—Arel, Unseen Whisperer",normal,394508,,,Rare,,Enchantment
Commune with Lava,{X}{R}{R},2,R,Ryan Barger,131,Instant,"Exile the top X cards of your library. Until the end of your next turn, you may play those cards.",DTK,"Atarka conquered Qadat, the Fire Rim, long ago, winning over its efreet with a promise to spread the glory of fire to all the world.",normal,394521,,,Rare,,Instant
Crater Elemental,{2}{R},3,R,Svetlin Velinov,132,Creature — Elemental,"{R}, {T}, Sacrifice Crater Elemental: Crater Elemental deals 4 damage to target creature.\nFormidable — {2}{R}: Crater Elemental has base power 8 until end of turn. Activate this ability only if creatures you control have total power 8 or greater.",DTK,,normal,394525,0,6,Rare,Elemental,Creature
Descent of the Dragons,{4}{R}{R},6,R,Steve Prescott,133,Sorcery,"Destroy any number of target creatures. For each creature destroyed this way, its controller puts a 4/4 red Dragon creature token with flying onto the battlefield.",DTK,Dragons emerge from tempests fully formed and terribly hungry.,normal,394536,,,Mythic Rare,,Sorcery
Draconic Roar,{1}{R},2,R,Kev Walker,134,Instant,"As an additional cost to cast Draconic Roar, you may reveal a Dragon card from your hand.\nDraconic Roar deals 3 damage to target creature. If you revealed a Dragon card or controlled a Dragon as you cast Draconic Roar, Draconic Roar deals 3 damage to that creature's controller.",DTK,,normal,394539,,,Uncommon,,Instant
Dragon Fodder,{1}{R},2,R,Volkan Baga,135,Sorcery,Put two 1/1 red Goblin creature tokens onto the battlefield.,"pMEI,ALA,ARC,DDG,DTK,ORI","Atarka goblins meet their demise as readily as their Temur counterparts did, but usually under big, winged shadows.",normal,394540,,,Common,,Sorcery
Dragon Tempest,{1}{R},2,R,Willian Murai,136,Enchantment,"Whenever a creature with flying enters the battlefield under your control, it gains haste until end of turn.\nWhenever a Dragon enters the battlefield under your control, it deals X damage to target creature or player, where X is the number of Dragons you control.",DTK,,normal,394542,,,Rare,,Enchantment
Dragon Whisperer,{R}{R},2,R,Chris Rallis,137,Creature — Human Shaman,{R}: Dragon Whisperer gains flying until end of turn.\n{1}{R}: Dragon Whisperer gets +1/+0 until end of turn.\nFormidable — {4}{R}{R}: Put a 4/4 red Dragon creature token with flying onto the battlefield. Activate this ability only if creatures you control have total power 8 or greater.,DTK,,normal,394543,2,2,Mythic Rare,"Human,Shaman",Creature
Dragonlord's Servant,{1}{R},2,R,Steve Prescott,138,Creature — Goblin Shaman,Dragon spells you cast cost {1} less to cast.,"pMEI,DTK","Atarka serving-goblins coat themselves with grease imbued with noxious herbs, hoping to discourage their ravenous masters from adding them to the meal.",normal,394552,1,3,Uncommon,"Goblin,Shaman",Creature
Hardened Berserker,{2}{R},3,R,Viktor Titov,139,Creature — Human Berserker,"Whenever Hardened Berserker attacks, the next spell you cast this turn costs {1} less to cast.",DTK,"""Just let him loose and follow the charge.""\n—Yikaro, Atarka warrior",normal,394592,3,2,Common,"Human,Berserker",Creature
Impact Tremors,{1}{R},2,R,Lake Hurwitz,140,Enchantment,"Whenever a creature enters the battlefield under your control, Impact Tremors deals 1 damage to each opponent.",DTK,"""If their ears are to the ground, we will make them bleed!""\n—Taklai, Kolaghan warrior",normal,394600,,,Common,,Enchantment
Ire Shaman,{1}{R},2,R,Jack Wang,141,Creature — Orc Shaman,"Menace (This creature can't be blocked except by two or more creatures.)\nMegamorph {R} (You may cast this card face down as a 2/2 creature for {3}. Turn it face up any time for its megamorph cost and put a +1/+1 counter on it.)\nWhen Ire Shaman is turned face up, exile the top card of your library. Until end of turn, you may play that card.",DTK,,normal,394602,2,1,Rare,"Orc,Shaman",Creature
Kindled Fury,{R},1,R,Dan Scott,142,Instant,Target creature gets +1/+0 and gains first strike until end of turn.,"MOR,M10,M13,DTK","""It is most honorable to use every part of the animals we kill . . . especially if we use them to annihilate our enemies.""\n—Surrak, the Hunt Caller",normal,394607,,,Common,,Instant
Kolaghan Aspirant,{1}{R},2,R,Aaron Miller,143,Creature — Human Warrior,"Whenever Kolaghan Aspirant becomes blocked by a creature, Kolaghan Aspirant deals 1 damage to that creature.",DTK,"She answers the call of the Crave, the desire for battle sated only by bloodshed.",normal,394608,2,1,Common,"Human,Warrior",Creature
Kolaghan Forerunners,{2}{R},3,R,Jason A. Engle,144,Creature — Human Berserker,"Trample\nKolaghan Forerunners's power is equal to the number of creatures you control.\nDash {2}{R} (You may cast this spell for its dash cost. If you do, it gains haste, and it's returned from the battlefield to its owner's hand at the beginning of the next end step.)",DTK,,normal,394609,*,3,Uncommon,"Human,Berserker",Creature
Kolaghan Stormsinger,{R},1,R,Scott Murphy,145,Creature — Human Shaman,"Haste\nMegamorph {R} (You may cast this card face down as a 2/2 creature for {3}. Turn it face up any time for its megamorph cost and put a +1/+1 counter on it.)\nWhen Kolaghan Stormsinger is turned face up, target creature gains haste until end of turn.",DTK,,normal,394612,1,1,Common,"Human,Shaman",Creature
Lightning Berserker,{R},1,R,Joseph Meehan,146,Creature — Human Berserker,"{R}: Lightning Berserker gets +1/+0 until end of turn.\nDash {R} (You may cast this spell for its dash cost. If you do, it gains haste, and it's returned from the battlefield to its owner's hand at the beginning of the next end step.)",DTK,,normal,394615,1,1,Uncommon,"Human,Berserker",Creature
Lose Calm,{3}{R},4,R,Jason A. Engle,147,Sorcery,Gain control of target creature until end of turn. Untap that creature. It gains haste and menace until end of turn. (A creature with menace can't be blocked except by two or more creatures.),DTK,A lifetime of discipline forsaken in a moment of rage.,normal,394618,,,Common,,Sorcery
Magmatic Chasm,{1}{R},2,R,Volkan Baga,148,Sorcery,Creatures without flying can't block this turn.,"DTK,SOI","""Our shamans assert their mastery over the land, thwarting the lesser clans' attempts to stand in the way of our dragonlord.""\n—Allek, Atarka hunter",normal,394620,,,Common,,Sorcery
Qal Sisma Behemoth,{2}{R},3,R,Evan Shipard,149,Creature — Ogre Warrior,Qal Sisma Behemoth can't attack or block unless you pay {2}.,DTK,"""It hunts grand game for Atarka, and when the time comes, it will become a mighty feast.""\n—Surrak, the Hunt Caller",normal,394656,5,5,Uncommon,"Ogre,Warrior",Creature
Rending Volley,{R},1,R,Lucas Graciano,150,Instant,Rending Volley can't be countered by spells or abilities.\nRending Volley deals 4 damage to target white or blue creature.,DTK,The sky offers few hiding places.,normal,394663,,,Uncommon,,Instant
Roast,{1}{R},2,R,Zoltan Boros,151,Sorcery,Roast deals 5 damage to target creature without flying.,DTK,"""Intruders in the lands of Atarka have but two choices: be consumed by fire, or be consumed by maw.""\n—Ulnok, Atarka shaman",normal,394667,,,Uncommon,,Sorcery
Sabertooth Outrider,{3}{R},4,R,Winona Nelson,152,Creature — Human Warrior,"Trample\nFormidable — Whenever Sabertooth Outrider attacks, if creatures you control have total power 8 or greater, Sabertooth Outrider gains first strike until end of turn.",DTK,,normal,394669,4,2,Common,"Human,Warrior",Creature
Sarkhan's Rage,{4}{R},5,R,Chris Rahn,153,Instant,"Sarkhan's Rage deals 5 damage to target creature or player. If you control no Dragons, Sarkhan's Rage deals 2 damage to you.",DTK,"The people of Tarkir speak of an ancient legend, of the dragon-man called Sarkhan who was greatest of all khans.",normal,394676,,,Common,,Instant
Sarkhan's Triumph,{2}{R},3,R,Chris Rahn,154,Instant,"Search your library for a Dragon creature card, reveal it, put it into your hand, then shuffle your library.",DTK,"Sarkhan gazed on the world around him, the dragons sweeping through its skies, and joy kindled like a fire in his soul.",normal,394677,,,Uncommon,,Instant
Screamreach Brawler,{2}{R},3,R,Slawomir Maniak,155,Creature — Orc Berserker,"Dash {1}{R} (You may cast this spell for its dash cost. If you do, it gains haste, and it's returned from the battlefield to its owner's hand at the beginning of the next end step.)",DTK,"""My dragonlord's lightning will dance upon your bones!""",normal,394682,2,3,Common,"Orc,Berserker",Creature
Seismic Rupture,{2}{R},3,R,Jason A. Engle,156,Sorcery,Seismic Rupture deals 2 damage to each creature without flying.,DTK,"The shaman opened the earth beneath their feet, trapping the survivors within the crevices of Ayagor for Atarka to devour at her leisure.",normal,394685,,,Uncommon,,Sorcery
Sprinting Warbrute,{4}{R},5,R,Lake Hurwitz,157,Creature — Ogre Berserker,"Sprinting Warbrute attacks each turn if able.\nDash {3}{R} (You may cast this spell for its dash cost. If you do, it gains haste, and it's returned from the battlefield to its owner's hand at the beginning of the next end step.)",DTK,,normal,394709,5,4,Common,"Ogre,Berserker",Creature
Stormcrag Elemental,{5}{R},6,R,Ralph Horsley,158,Creature — Elemental,Trample\nMegamorph {4}{R}{R} (You may cast this card face down as a 2/2 creature for {3}. Turn it face up any time for its megamorph cost and put a +1/+1 counter on it.),DTK,The storms of Tarkir awaken more than dragons.,normal,394711,5,5,Uncommon,Elemental,Creature
Stormwing Dragon,{5}{R},6,R,Svetlin Velinov,159,Creature — Dragon,"Flying, first strike\nMegamorph {5}{R}{R} (You may cast this card face down as a 2/2 creature for {3}. Turn it face up any time for its megamorph cost and put a +1/+1 counter on it.)\nWhen Stormwing Dragon is turned face up, put a +1/+1 counter on each other Dragon creature you control.",DTK,,normal,394713,3,3,Uncommon,Dragon,Creature
Summit Prowler,{2}{R}{R},4,R,Filip Burburan,160,Creature — Yeti,,"KTK,DTK","""Do you not hunt the yetis of the high peaks, stripling? Their meat is as tender as a bear's and their blood as warming as fire. They are prey that will please Atarka.""\n—Surrak, the Hunt Caller",normal,394717,4,3,Common,Yeti,Creature
Tail Slash,{2}{R},3,R,Efrem Palacios,161,Instant,Target creature you control deals damage equal to its power to target creature you don't control.,DTK,"""Kneel before a dragon and you will be spared when it turns to leave.""\n—Yikaro, Atarka warrior",normal,394727,,,Common,,Instant
Thunderbreak Regent,{2}{R}{R},4,R,Ryan Pancoast,162,Creature — Dragon,"Flying\nWhenever a Dragon you control becomes the target of a spell or ability an opponent controls, Thunderbreak Regent deals 3 damage to that player.","pMGD,DTK",Attracting a dragon's attention may be the last mistake you make.,normal,394730,4,4,Rare,Dragon,Creature
Tormenting Voice,{1}{R},2,R,Volkan Baga,163,Sorcery,"As an additional cost to cast Tormenting Voice, discard a card.\nDraw two cards.","KTK,DTK,SOI","A mocking laughter echoed in Ugin's mind. How many centuries had he slumbered, stricken, while Nicol Bolas moved unchallenged among the planes?",normal,394731,,,Common,,Sorcery
Twin Bolt,{1}{R},2,R,Svetlin Velinov,164,Instant,Twin Bolt deals 2 damage divided as you choose among one or two target creatures and/or players.,DTK,"Kolaghan archers are trained in Dakla, the way of the bow. They utilize their dragonlord's lightning to strike their target, no matter how small, how fast, or how far away.",normal,394733,,,Common,,Instant
Vandalize,{4}{R},5,R,Ryan Barger,165,Sorcery,Choose one or both —\n• Destroy target artifact.\n• Destroy target land.,DTK,"""As we have learned from Kolaghan, to ruin is to rule.""\n—Shensu, Kolaghan rider",normal,394737,,,Common,,Sorcery
Volcanic Rush,{4}{R},5,R,Ryan Barger,166,Instant,Attacking creatures get +2/+0 and gain trample until end of turn.,DTK,"""The bravest warriors take the shortest path to victory, whatever that path may be.""\n—Sakta, Atarka hunter",normal,394741,,,Common,,Instant
Volcanic Vision,{5}{R}{R},7,R,Noah Bradley,167,Sorcery,Return target instant or sorcery card from your graveyard to your hand. Volcanic Vision deals damage equal to that card's converted mana cost to each creature your opponents control. Exile Volcanic Vision.,DTK,,normal,394742,,,Rare,,Sorcery
Warbringer,{3}{R},4,R,Raymond Swanland,168,Creature — Orc Berserker,"Dash costs you pay cost {2} less (as long as this creature is on the battlefield).\nDash {2}{R} (You may cast this spell for its dash cost. If you do, it gains haste, and it's returned from the battlefield to its owner's hand at the beginning of the next end step.)",DTK,,normal,394745,3,3,Uncommon,"Orc,Berserker",Creature
Zurgo Bellstriker,{R},1,R,Jason Rainville,169,Legendary Creature — Orc Warrior,"Zurgo Bellstriker can't block creatures with power 2 or greater.\nDash {1}{R} (You may cast this spell for its dash cost. If you do, it gains haste, and it's returned from the battlefield to its owner's hand at the beginning of the next end step.)",DTK,,normal,394748,2,2,Rare,"Orc,Warrior",Creature
Aerie Bowmasters,{2}{G}{G},4,G,Matt Stewart,170,Creature — Hound Archer,Reach (This creature can block creatures with flying.)\nMegamorph {5}{G} (You may cast this card face down as a 2/2 creature for {3}. Turn it face up any time for its megamorph cost and put a +1/+1 counter on it.),DTK,,normal,394486,3,4,Common,"Hound,Archer",Creature
Ainok Artillerist,{2}{G},3,G,James Paick,171,Creature — Hound Archer,Ainok Artillerist has reach as long as it has a +1/+1 counter on it. (It can block creatures with flying.),DTK,"""In the Tarkir I once knew, the Abzan revered their ancestor trees. Now, as Dromoka, they cut their finest groves to make weapons.""\n—Sarkhan Vol",normal,394487,4,1,Common,"Hound,Archer",Creature
Ainok Survivalist,{1}{G},2,G,Craig J Spearing,172,Creature — Hound Shaman,"Megamorph {1}{G} (You may cast this card face down as a 2/2 creature for {3}. Turn it face up any time for its megamorph cost and put a +1/+1 counter on it.)\nWhen Ainok Survivalist is turned face up, destroy target artifact or enchantment an opponent controls.",DTK,,normal,394488,2,1,Uncommon,"Hound,Shaman",Creature
Assault Formation,{1}{G},2,G,Kieran Yanner,173,Enchantment,Each creature you control assigns combat damage equal to its toughness rather than its power.\n{G}: Target creature with defender can attack this turn as though it didn't have defender.\n{2}{G}: Creatures you control get +0/+1 until end of turn.,DTK,,normal,394497,,,Rare,,Enchantment
Atarka Beastbreaker,{1}{G},2,G,Johannes Voss,174,Creature — Human Warrior,Formidable — {4}{G}: Atarka Beastbreaker gets +4/+4 until end of turn. Activate this ability only if creatures you control have total power 8 or greater.,DTK,"He scorns the heavy winter garb of lesser warriors, trusting his anger to keep him warm.",normal,394498,2,2,Common,"Human,Warrior",Creature
Avatar of the Resolute,{G}{G},2,G,Jeff Simpson,175,Creature — Avatar,"Reach, trample\nAvatar of the Resolute enters the battlefield with a +1/+1 counter on it for each other creature you control with a +1/+1 counter on it.",DTK,"It exemplifies the ideals of the Dromoka: strength, unity, and honor.",normal,394503,3,2,Rare,Avatar,Creature
Circle of Elders,{2}{G}{G},4,G,Jakub Kasper,176,Creature — Human Shaman,Vigilance\nFormidable — {T}: Add {C}{C}{C} to your mana pool. Activate this ability only if creatures you control have total power 8 or greater.,DTK,They whisper of an ancient hero who saved the dragons of their world.,normal,394516,2,4,Uncommon,"Human,Shaman",Creature
Collected Company,{3}{G},4,G,Franz Vohwinkel,177,Instant,Look at the top six cards of your library. Put up to two creature cards with converted mana cost 3 or less from among them onto the battlefield. Put the rest on the bottom of your library in any order.,DTK,Many can stand where one would fall.,normal,394519,,,Rare,,Instant
Colossodon Yearling,{2}{G},3,G,Yeong-Hao Han,178,Creature — Beast,,DTK,"The colossodon's hard outer shell stops many predators, but with a gentle flip from a dragon, it quickly becomes a meal in a bowl.",normal,394520,2,4,Common,Beast,Creature
Conifer Strider,{3}{G},4,G,YW Tang,179,Creature — Elemental,Hexproof (This creature can't be the target of spells or abilities your opponents control.),DTK,"Atarka's presence thaws the glaciers of Qal Sisma, forcing its elementals to migrate or adapt.",normal,394522,5,1,Common,Elemental,Creature
Deathmist Raptor,{1}{G}{G},3,G,Filip Burburan,180,Creature — Lizard Beast,"Deathtouch\nWhenever a permanent you control is turned face up, you may return Deathmist Raptor from your graveyard to the battlefield face up or face down.\nMegamorph {4}{G} (You may cast this card face down as a 2/2 creature for {3}. Turn it face up any time for its megamorph cost and put a +1/+1 counter on it.)",DTK,,normal,394533,3,3,Mythic Rare,"Lizard,Beast",Creature
Den Protector,{1}{G},2,G,Viktor Titov,181,Creature — Human Warrior,"Creatures with power less than Den Protector's power can't block it.\nMegamorph {1}{G} (You may cast this card face down as a 2/2 creature for {3}. Turn it face up any time for its megamorph cost and put a +1/+1 counter on it.)\nWhen Den Protector is turned face up, return target card from your graveyard to your hand.",DTK,,normal,394535,2,1,Rare,"Human,Warrior",Creature
Display of Dominance,{1}{G},2,G,Tomasz Jedruszek,182,Instant,Choose one —\n• Destroy target blue or black noncreature permanent.\n• Permanents you control can't be the targets of blue or black spells your opponents control this turn.,DTK,,normal,394538,,,Uncommon,,Instant
Dragon-Scarred Bear,{2}{G},3,G,Lars Grant-West,183,Creature — Bear,Formidable — {1}{G}: Regenerate Dragon-Scarred Bear. Activate this ability only if creatures you control have total power 8 or greater.,DTK,Bears are a delicacy for the Atarka. The few that remain are the toughest of their species.,normal,394553,3,2,Common,Bear,Creature
Dromoka's Gift,{4}{G},5,G,Winona Nelson,184,Instant,Bolster 4. (Choose a creature with the least toughness among creatures you control and put four +1/+1 counters on it.),DTK,The simplest gift from a dragon can be a revered accolade for a human warrior.,normal,394559,,,Uncommon,,Instant
Epic Confrontation,{1}{G},2,G,Wayne Reynolds,185,Sorcery,Target creature you control gets +1/+2 until end of turn. It fights target creature you don't control. (Each deals damage equal to its power to the other.),DTK,"No matter the timeline, some legends will endure.",normal,394567,,,Common,,Sorcery
Explosive Vegetation,{3}{G},4,G,Florian de Gesincourt,186,Sorcery,Search your library for up to two basic land cards and put them onto the battlefield tapped. Then shuffle your library.,"ONS,HOP,CMD,DDO,DTK","Despite the flames and devastation of the dragons, Tarkir continued to thrive.",normal,394569,,,Uncommon,,Sorcery
Foe-Razer Regent,{5}{G}{G},7,G,Lucas Graciano,187,Creature — Dragon,"Flying\nWhen Foe-Razer Regent enters the battlefield, you may have it fight target creature you don't control.\nWhenever a creature you control fights, put two +1/+1 counters on it at the beginning of the next end step.","pMEI,DTK",,normal,394572,4,5,Rare,Dragon,Creature
Glade Watcher,{1}{G},2,G,Jesper Ejsing,188,Creature — Elemental,Defender\nFormidable — {G}: Glade Watcher can attack this turn as though it didn't have defender. Activate this ability only if creatures you control have total power 8 or greater.,DTK,,normal,394580,3,3,Common,Elemental,Creature
Guardian Shield-Bearer,{1}{G},2,G,Lindsey Look,189,Creature — Human Soldier,"Megamorph {3}{G} (You may cast this card face down as a 2/2 creature for {3}. Turn it face up any time for its megamorph cost and put a +1/+1 counter on it.)\nWhen Guardian Shield-Bearer is turned face up, put a +1/+1 counter on another target creature you control.",DTK,,normal,394587,2,1,Common,"Human,Soldier",Creature
Herdchaser Dragon,{5}{G},6,G,Seb McKinnon,190,Creature — Dragon,"Flying, trample\nMegamorph {5}{G}{G} (You may cast this card face down as a 2/2 creature for {3}. Turn it face up any time for its megamorph cost and put a +1/+1 counter on it.)\nWhen Herdchaser Dragon is turned face up, put a +1/+1 counter on each other Dragon creature you control.",DTK,,normal,394596,3,3,Uncommon,Dragon,Creature
Inspiring Call,{2}{G},3,G,Dan Scott,191,Instant,"Draw a card for each creature you control with a +1/+1 counter on it. Those creatures gain indestructible until end of turn. (Damage and effects that say ""destroy"" don't destroy them.)",DTK,,normal,394601,,,Uncommon,,Instant
Lurking Arynx,{4}{G},5,G,Carl Frank,192,Creature — Cat Beast,Formidable — {2}{G}: Target creature blocks Lurking Arynx this turn if able. Activate this ability only if creatures you control have total power 8 or greater.,DTK,"Once it has your scent, it will hunt you from the Gurmag Swamp to Ayagor.",normal,394619,3,5,Uncommon,"Cat,Beast",Creature
Naturalize,{1}{G},2,G,James Paick,193,Instant,Destroy target artifact or enchantment.,"ONS,8ED,9ED,10E,ALA,M10,ROE,DPA,M11,M12,ISD,M13,GTC,M14,M15,KTK,DTK",The remains of ancient civilizations litter the run-down land.,normal,394634,,,Common,,Instant
Obscuring Æther,{G},1,G,Min Yum,194,Enchantment,Face-down creature spells you cast cost {1} less to cast.\n{1}{G}: Turn Obscuring Æther face down. (It becomes a 2/2 creature.),DTK,,normal,394637,,,Rare,,Enchantment
Pinion Feast,{4}{G},5,G,Ryan Barger,195,Instant,Destroy target creature with flying. Bolster 2. (Choose a creature with the least toughness among creatures you control and put two +1/+1 counters on it.),DTK,"""Even paradise is not without tragedies.""\n—Sarkhan Vol",normal,394647,,,Common,,Instant
Press the Advantage,{2}{G}{G},4,G,Marco Nelor,196,Instant,Up to two target creatures each get +2/+2 and gain trample until end of turn.,DTK,"""Show your enemies as much mercy as they would show you.""\n—Surrak, the Hunt Caller",normal,394652,,,Uncommon,,Instant
Revealing Wind,{2}{G},3,G,Phill Simmer,197,Instant,Prevent all combat damage that would be dealt this turn. You may look at each face-down creature that's attacking or blocking.,DTK,"""The sands obscure the vision of others, but clarify ours.""\n—Faiso, Dromoka commander",normal,394665,,,Common,,Instant
Salt Road Ambushers,{3}{G},4,G,Joseph Meehan,198,Creature — Hound Warrior,"Whenever another permanent you control is turned face up, if it's a creature, put two +1/+1 counters on it.\nMegamorph {3}{G}{G} (You may cast this card face down as a 2/2 creature for {3}. Turn it face up any time for its megamorph cost and put a +1/+1 counter on it.)",DTK,,normal,394670,3,3,Uncommon,"Hound,Warrior",Creature
Salt Road Quartermasters,{2}{G},3,G,Anthony Palumbo,199,Creature — Human Soldier,"Salt Road Quartermasters enters the battlefield with two +1/+1 counters on it.\n{2}{G}, Remove a +1/+1 counter from Salt Road Quartermasters: Put a +1/+1 counter on target creature.",DTK,,normal,394671,1,1,Uncommon,"Human,Soldier",Creature
Sandsteppe Scavenger,{4}{G},5,G,Kieran Yanner,200,Creature — Hound Scout,"When Sandsteppe Scavenger enters the battlefield, bolster 2. (Choose a creature with the least toughness among creatures you control and put two +1/+1 counters on it.)",DTK,"""Sad what passes for a dragon among the Silumgar.""",normal,394673,2,2,Common,"Hound,Scout",Creature
Scaleguard Sentinels,{G}{G},2,G,Matt Stewart,201,Creature — Human Soldier,"As an additional cost to cast Scaleguard Sentinels, you may reveal a Dragon card from your hand.\nScaleguard Sentinels enters the battlefield with a +1/+1 counter on it if you revealed a Dragon card or controlled a Dragon as you cast Scaleguard Sentinels.","pMGD,DTK",,normal,394680,2,3,Uncommon,"Human,Soldier",Creature
Segmented Krotiq,{5}{G},6,G,Christopher Moeller,202,Creature — Insect,Megamorph {6}{G} (You may cast this card face down as a 2/2 creature for {3}. Turn it face up any time for its megamorph cost and put a +1/+1 counter on it.),DTK,The list of things a krotiq eats is as long as the krotiq itself.,normal,394684,6,5,Common,Insect,Creature
Servant of the Scale,{G},1,G,Winona Nelson,203,Creature — Human Soldier,"Servant of the Scale enters the battlefield with a +1/+1 counter on it.\nWhen Servant of the Scale dies, put X +1/+1 counters on target creature you control, where X is the number of +1/+1 counters on Servant of the Scale.",DTK,,normal,394687,0,0,Common,"Human,Soldier",Creature
Shaman of Forgotten Ways,{2}{G},3,G,Tyler Jacobson,204,Creature — Human Shaman,"{T}: Add two mana in any combination of colors to your mana pool. Spend this mana only to cast creature spells.\nFormidable — {9}{G}{G}, {T}: Each player's life total becomes the number of creatures he or she controls. Activate this ability only if creatures you control have total power 8 or greater.",DTK,,normal,394688,2,3,Mythic Rare,"Human,Shaman",Creature
Shape the Sands,{G},1,G,Ryan Yee,205,Instant,Target creature gets +0/+5 and gains reach until end of turn. (It can block creatures with flying.),DTK,"""Dragons in flight seldom expect company.""\n—Kadri, Dromoka warrior",normal,394690,,,Common,,Instant
Sheltered Aerie,{2}{G},3,G,Raoul Vitale,206,Enchantment — Aura,"Enchant land\nEnchanted land has ""{T}: Add two mana of any one color to your mana pool.""",DTK,"Dromoka's scalelords patrol the skies over Arashin, offering her people safety from the harsh world.",normal,394691,,,Common,Aura,Enchantment
Sight of the Scalelords,{4}{G},5,G,Marc Simonetti,207,Enchantment,"At the beginning of combat on your turn, creatures you control with toughness 4 or greater get +2/+2 and gain vigilance until end of turn.",DTK,"""The Silumgar creep around our borders and infiltrate our aeries. We must remain ever watchful.""\n—Golran, Dromoka captain",normal,394698,,,Uncommon,,Enchantment
Stampeding Elk Herd,{3}{G}{G},5,G,Carl Frank,208,Creature — Elk,"Formidable — Whenever Stampeding Elk Herd attacks, if creatures you control have total power 8 or greater, creatures you control gain trample until end of turn.",DTK,"The Atarka use them not just for food, but also to clear away snow, trees, and enemy forces.",normal,394710,5,5,Common,Elk,Creature
Sunbringer's Touch,{2}{G}{G},4,G,Lucas Graciano,209,Sorcery,"Bolster X, where X is the number of cards in your hand. Each creature you control with a +1/+1 counter on it gains trample until end of turn. (To bolster X, choose a creature with the least toughness among creatures you control and put X +1/+1 counters on it.)",DTK,,normal,394718,,,Rare,,Sorcery
"Surrak, the Hunt Caller",{2}{G}{G},4,G,Wesley Burt,210,Legendary Creature — Human Warrior,"Formidable — At the beginning of combat on your turn, if creatures you control have total power 8 or greater, target creature you control gains haste until end of turn.",DTK,"""The greatest honor is to feed Atarka.""",normal,394721,5,4,Rare,"Human,Warrior",Creature
Tread Upon,{1}{G},2,G,Efrem Palacios,211,Instant,Target creature gets +2/+2 and gains trample until end of turn.,DTK,"""Boasting impenetrable defenses only draws the most tenacious of attackers.""\n—Yikaro, Atarka warrior",normal,394732,,,Common,,Instant
Arashin Sovereign,{5}{G}{W},7,"W,G",Dan Scott,212,Creature — Dragon,"Flying\nWhen Arashin Sovereign dies, you may put it on the top or bottom of its owner's library.","pMEI,DTK","Dromoka dragons foster trust among their subjects, while the other clans must spend their time quelling rebellion.",normal,394495,6,6,Rare,Dragon,Creature
Atarka's Command,{R}{G},2,"R,G",Chris Rahn,213,Instant,Choose two —\n• Your opponents can't gain life this turn.\n• Atarka's Command deals 3 damage to each opponent.\n• You may put a land card from your hand onto the battlefield.\n• Creatures you control get +1/+1 and gain reach until end of turn.,DTK,,normal,394502,,,Rare,,Instant
Boltwing Marauder,{3}{B}{R},5,"B,R",Raymond Swanland,214,Creature — Dragon,"Flying\nWhenever another creature enters the battlefield under your control, target creature gets +2/+0 until end of turn.","pMEI,DTK","When battling the Kolaghan, consider yourself lucky if lightning strikes the same place only twice.",normal,394512,5,4,Rare,Dragon,Creature
Cunning Breezedancer,{4}{W}{U},6,"W,U",Todd Lockwood,215,Creature — Dragon,"Flying\nWhenever you cast a noncreature spell, Cunning Breezedancer gets +2/+2 until end of turn.",DTK,"""That which is beautiful in form can also be deadly.""\n—Ishai, Ojutai dragonspeaker",normal,394526,4,4,Uncommon,Dragon,Creature
Dragonlord Atarka,{5}{R}{G},7,"R,G",Karl Kopinski,216,Legendary Creature — Elder Dragon,"Flying, trample\nWhen Dragonlord Atarka enters the battlefield, it deals 5 damage divided as you choose among any number of target creatures and/or planeswalkers your opponents control.",DTK,,normal,394546,8,8,Mythic Rare,"Elder,Dragon",Creature
Dragonlord Dromoka,{4}{G}{W},6,"W,G",Eric Deschamps,217,Legendary Creature — Elder Dragon,"Dragonlord Dromoka can't be countered.\nFlying, lifelink\nYour opponents can't cast spells during your turn.",DTK,Dromoka's followers forsake blood ties so that they may join a greater family.,normal,394547,5,7,Mythic Rare,"Elder,Dragon",Creature
Dragonlord Kolaghan,{4}{B}{R},6,"B,R",Jaime Jones,218,Legendary Creature — Elder Dragon,"Flying, haste\nOther creatures you control have haste.\nWhenever an opponent casts a creature or planeswalker spell with the same name as a card in his or her graveyard, that player loses 10 life.",DTK,,normal,394548,6,5,Mythic Rare,"Elder,Dragon",Creature
Dragonlord Ojutai,{3}{W}{U},5,"W,U",Chase Stone,219,Legendary Creature — Elder Dragon,"Flying\nDragonlord Ojutai has hexproof as long as it's untapped.\nWhenever Dragonlord Ojutai deals combat damage to a player, look at the top three cards of your library. Put one of them into your hand and the rest on the bottom of your library in any order.",DTK,,normal,394549,5,4,Mythic Rare,"Elder,Dragon",Creature
Dragonlord Silumgar,{4}{U}{B},6,"U,B",Steven Belledin,220,Legendary Creature — Elder Dragon,"Flying, deathtouch\nWhen Dragonlord Silumgar enters the battlefield, gain control of target creature or planeswalker for as long as you control Dragonlord Silumgar.",DTK,Silumgar never passes up an opportunity to add to his opulence.,normal,394550,3,5,Mythic Rare,"Elder,Dragon",Creature
Dromoka's Command,{G}{W},2,"W,G",James Ryman,221,Instant,Choose two —\n• Prevent all damage target instant or sorcery spell would deal this turn.\n• Target player sacrifices an enchantment.\n• Put a +1/+1 counter on target creature.\n• Target creature you control fights target creature you don't control.,DTK,,normal,394558,,,Rare,,Instant
Enduring Scalelord,{4}{G}{W},6,"W,G",Clint Cearley,222,Creature — Dragon,"Flying\nWhenever one or more +1/+1 counters are placed on another creature you control, you may put a +1/+1 counter on Enduring Scalelord.",DTK,Only the sun that beats down upon Arashin's walls could shine more brightly.,normal,394565,4,4,Uncommon,Dragon,Creature
Harbinger of the Hunt,{3}{R}{G},5,"R,G",Aaron Miller,223,Creature — Dragon,Flying\n{2}{R}: Harbinger of the Hunt deals 1 damage to each creature without flying.\n{2}{G}: Harbinger of the Hunt deals 1 damage to each other creature with flying.,"pMEI,DTK",An Atarka dragon's exhale cooks what its inhale consumes.,normal,394591,5,3,Rare,Dragon,Creature
Kolaghan's Command,{1}{B}{R},3,"B,R",Daarken,224,Instant,Choose two —\n• Return target creature card from your graveyard to your hand.\n• Target player discards a card.\n• Destroy target artifact.\n• Kolaghan's Command deals 2 damage to target creature or player.,DTK,,normal,394613,,,Rare,,Instant
Narset Transcendent,{2}{W}{U},4,"W,U",Magali Villeneuve,225,Planeswalker — Narset,"+1: Look at the top card of your library. If it's a noncreature, nonland card, you may reveal it and put it into your hand.\n−2: When you cast your next instant or sorcery spell from your hand this turn, it gains rebound.\n−9: You get an emblem with ""Your opponents can't cast noncreature spells.""",DTK,,normal,394633,,,Mythic Rare,Narset,Planeswalker
Necromaster Dragon,{3}{U}{B},5,"U,B",Mark Zug,226,Creature — Dragon,"Flying\nWhenever Necromaster Dragon deals combat damage to a player, you may pay {2}. If you do, put a 2/2 black Zombie creature token onto the battlefield and each opponent puts the top two cards of his or her library into his or her graveyard.","pMEI,DTK",,normal,394635,4,4,Rare,Dragon,Creature
Ojutai's Command,{2}{W}{U},4,"W,U",Willian Murai,227,Instant,Choose two —\n• Return target creature card with converted mana cost 2 or less from your graveyard to the battlefield.\n• You gain 4 life.\n• Counter target creature spell.\n• Draw a card.,"pMEI,DTK",,normal,394642,,,Rare,,Instant
Pristine Skywise,{4}{W}{U},6,"W,U",Adam Paquette,228,Creature — Dragon,"Flying\nWhenever you cast a noncreature spell, untap Pristine Skywise. It gains protection from the color of your choice until end of turn.","pMEI,DTK","The elite of Ojutai's brood, the skywise see their enemies as puzzles to be solved.",normal,394653,6,4,Rare,Dragon,Creature
Ruthless Deathfang,{4}{U}{B},6,"U,B",Filip Burburan,229,Creature — Dragon,"Flying\nWhenever you sacrifice a creature, target opponent sacrifices a creature.",DTK,"""Bring forth the dead, their skull-grins and rattle-bones. We will feast upon their wailing ghosts.""\n—Silumgar, translated from Draconic",normal,394668,4,4,Uncommon,Dragon,Creature
Sarkhan Unbroken,{2}{G}{U}{R},5,"U,R,G",Aleksi Briclot,230,Planeswalker — Sarkhan,"+1: Draw a card, then add one mana of any color to your mana pool.\n−2: Put a 4/4 red Dragon creature token with flying onto the battlefield.\n−8: Search your library for any number of Dragon creature cards and put them onto the battlefield. Then shuffle your library.",DTK,,normal,394675,,,Mythic Rare,Sarkhan,Planeswalker
Savage Ventmaw,{4}{R}{G},6,"R,G",Slawomir Maniak,231,Creature — Dragon,"Flying\nWhenever Savage Ventmaw attacks, add {R}{R}{R}{G}{G}{G} to your mana pool. Until end of turn, this mana doesn't empty from your mana pool as steps and phases end.",DTK,,normal,394678,4,4,Uncommon,Dragon,Creature
Silumgar's Command,{3}{U}{B},5,"U,B",Nils Hamm,232,Instant,Choose two —\n• Counter target noncreature spell.\n• Return target permanent to its owner's hand.\n• Target creature gets -3/-3 until end of turn.\n• Destroy target planeswalker.,DTK,,normal,394705,,,Rare,,Instant
Swift Warkite,{4}{B}{R},6,"B,R",Izzy,233,Creature — Dragon,"Flying\nWhen Swift Warkite enters the battlefield, you may put a creature card with converted mana cost 3 or less from your hand or graveyard onto the battlefield. That creature gains haste. Return it to your hand at the beginning of the next end step.",DTK,,normal,394725,4,4,Uncommon,Dragon,Creature
Ancestral Statue,{4},4,,Tomasz Jedruszek,234,Artifact Creature — Golem,"When Ancestral Statue enters the battlefield, return a nonland permanent you control to its owner's hand.",DTK,"The mage awakened the statue in hopes of learning the lost lore of her clan, but the statue was interested only in war.",normal,394491,3,4,Common,Golem,"Artifact,Creature"
Atarka Monument,{3},3,"R,G",Daniel Ljunggren,235,Artifact,{T}: Add {R} or {G} to your mana pool.\n{4}{R}{G}: Atarka Monument becomes a 4/4 red and green Dragon artifact creature with flying until end of turn.,DTK,"Atarka is worshipped and fed by her subjects at Ayagor, the Dragon's Bowl.",normal,394500,,,Uncommon,,Artifact
Custodian of the Trove,{3},3,,Raoul Vitale,236,Artifact Creature — Golem,Defender\nCustodian of the Trove enters the battlefield tapped.,DTK,Silumgar delights in repurposing the treasures of other clans to serve his own ravenous greed.,normal,394527,2,5,Common,Golem,"Artifact,Creature"
Dragonloft Idol,{4},4,,Jung Park,237,Artifact Creature — Gargoyle,"As long as you control a Dragon, Dragonloft Idol gets +1/+1 and has flying and trample.",DTK,"The idols were forged during the time of the Khanfall, when the dragons came to rule Tarkir and its people aligned themselves with the five dragonlords.",normal,394545,3,3,Uncommon,Gargoyle,"Artifact,Creature"
Dromoka Monument,{3},3,"G,W",Daniel Ljunggren,238,Artifact,{T}: Add {G} or {W} to your mana pool.\n{4}{G}{W}: Dromoka Monument becomes a 4/4 green and white Dragon artifact creature with flying until end of turn.,DTK,"Dromoka rules her clan from the Great Aerie atop Arashin, the central city of the Shifting Wastes.",normal,394556,,,Uncommon,,Artifact
Gate Smasher,{3},3,,Filip Burburan,239,Artifact — Equipment,Gate Smasher can be attached only to a creature with toughness 4 or greater.\nEquipped creature gets +3/+0 and has trample.\nEquip {3},DTK,,normal,394579,,,Uncommon,Equipment,Artifact
Keeper of the Lens,{1},1,,Ryan Barger,240,Artifact Creature — Golem,You may look at face-down creatures you don't control. (You may do this at any time.),DTK,"""It sees all, but it reveals what it sees only to a chosen few.""\n—Taigam, Ojutai master",normal,394606,1,2,Common,Golem,"Artifact,Creature"
Kolaghan Monument,{3},3,"B,R",Daniel Ljunggren,241,Artifact,{T}: Add {B} or {R} to your mana pool.\n{4}{B}{R}: Kolaghan Monument becomes a 4/4 black and red Dragon artifact creature with flying until end of turn.,DTK,"Kolaghan has no lasting home, but her disciples leave relics to mark her conquests.",normal,394610,,,Uncommon,,Artifact
Ojutai Monument,{3},3,"W,U",Daniel Ljunggren,242,Artifact,{T}: Add {W} or {U} to your mana pool.\n{4}{W}{U}: Ojutai Monument becomes a 4/4 white and blue Dragon artifact creature with flying until end of turn.,DTK,"Ojutai spends time at all his strongholds, but he most favors Cori Stronghold for his meditation.",normal,394640,,,Uncommon,,Artifact
Silumgar Monument,{3},3,"U,B",Daniel Ljunggren,243,Artifact,{T}: Add {U} or {B} to your mana pool.\n{4}{U}{B}: Silumgar Monument becomes a 4/4 blue and black Dragon artifact creature with flying until end of turn.,DTK,"Silumgar dominates his clan from a fortress on the Marang River, where he rests upon piles of treasure.",normal,394702,,,Uncommon,,Artifact
Spidersilk Net,{0},,,Steve Argyle,244,Artifact — Equipment,Equipped creature gets +0/+2 and has reach. (It can block creatures with flying.)\nEquip {2} ({2}: Attach to target creature you control. Equip only as a sorcery.),"ZEN,DTK","""Dragons are our betters, but we will fight them if our dragonlord orders it.""",normal,394708,,,Common,Equipment,Artifact
Stormrider Rig,{2},2,,Min Yum,245,Artifact — Equipment,"Equipped creature gets +1/+1.\nWhenever a creature enters the battlefield under your control, you may attach Stormrider Rig to it.\nEquip {2}",DTK,,normal,394712,,,Uncommon,Equipment,Artifact
Tapestry of the Ages,{4},4,,Yeong-Hao Han,246,Artifact,"{2}, {T}: Draw a card. Activate this ability only if you've cast a noncreature spell this turn.",DTK,"""Abzan, Jeskai, Sultai, Mardu, Temur—names lost to history, yet worthy of further study.""\n—Narset",normal,394728,,,Uncommon,,Artifact
Vial of Dragonfire,{2},2,,Franz Vohwinkel,247,Artifact,"{2}, {T}, Sacrifice Vial of Dragonfire: Vial of Dragonfire deals 2 damage to target creature.",DTK,"Designed by an ancient artificer, the vials are strong enough to hold the very breath of a dragon—until it's needed.",normal,394738,,,Common,,Artifact
Evolving Wilds,,,,Andreas Rocha,248,Land,"{T}, Sacrifice Evolving Wilds: Search your library for a basic land card and put it onto the battlefield tapped. Then shuffle your library.","pMEI,pFNM,ROE,CMD,DDH,DKA,M13,DDK,C13,M15,DDN,C14,DDO,DTK,MM2,ORI,DDP,BFZ,C15","The land is ever resilient. Should it die, it will be reborn.",normal,394568,,,Common,,Land
Haven of the Spirit Dragon,,,,Raymond Swanland,249,Land,"{T}: Add {C} to your mana pool.\n{T}: Add one mana of any color to your mana pool. Spend this mana only to cast a Dragon creature spell.\n{2}, {T}, Sacrifice Haven of the Spirit Dragon: Return target Dragon creature card or Ugin planeswalker card from your graveyard to your hand.",DTK,,normal,394593,,,Rare,,Land
Plains,,,W,Sam Burley,250,Basic Land — Plains,,"LEA,LEB,2ED,CED,CEI,3ED,4ED,ICE,RQS,pARL,MIR,ITP,5ED,POR,pPRE,TMP,pJGP,PO2,UGL,pALP,USG,ATH,6ED,PTK,S99,pGRU,MMQ,BRB,pELP,S00,INV,7ED,ODY,ONS,8ED,MRD,CHK,UNH,9ED,RAV,CST,TSP,10E,MED,LRW,SHM,ALA,DDC,M10,HOP,ME3,ZEN,H09,DDE,ROE,ARC,M11,DDF,SOM,MBS,DDG,NPH,CMD,M12,DDH,ISD,DDI,AVR,PC2,M13,RTR,DDK,M14,DDL,THS,C13,MD1,M15,DDN,KTK,C14,DD3_DVD,FRF,DDO,DTK,TPR,ORI,DDP,BFZ,C15,DDQ,SOI",,normal,394649,,,Basic Land,Plains,Land
Plains,,,W,Sam Burley,251,Basic Land — Plains,,"LEA,LEB,2ED,CED,CEI,3ED,4ED,ICE,RQS,pARL,MIR,ITP,5ED,POR,pPRE,TMP,pJGP,PO2,UGL,pALP,USG,ATH,6ED,PTK,S99,pGRU,MMQ,BRB,pELP,S00,INV,7ED,ODY,ONS,8ED,MRD,CHK,UNH,9ED,RAV,CST,TSP,10E,MED,LRW,SHM,ALA,DDC,M10,HOP,ME3,ZEN,H09,DDE,ROE,ARC,M11,DDF,SOM,MBS,DDG,NPH,CMD,M12,DDH,ISD,DDI,AVR,PC2,M13,RTR,DDK,M14,DDL,THS,C13,MD1,M15,DDN,KTK,C14,DD3_DVD,FRF,DDO,DTK,TPR,ORI,DDP,BFZ,C15,DDQ,SOI",,normal,394650,,,Basic Land,Plains,Land
Plains,,,W,Florian de Gesincourt,252,Basic Land — Plains,,"LEA,LEB,2ED,CED,CEI,3ED,4ED,ICE,RQS,pARL,MIR,ITP,5ED,POR,pPRE,TMP,pJGP,PO2,UGL,pALP,USG,ATH,6ED,PTK,S99,pGRU,MMQ,BRB,pELP,S00,INV,7ED,ODY,ONS,8ED,MRD,CHK,UNH,9ED,RAV,CST,TSP,10E,MED,LRW,SHM,ALA,DDC,M10,HOP,ME3,ZEN,H09,DDE,ROE,ARC,M11,DDF,SOM,MBS,DDG,NPH,CMD,M12,DDH,ISD,DDI,AVR,PC2,M13,RTR,DDK,M14,DDL,THS,C13,MD1,M15,DDN,KTK,C14,DD3_DVD,FRF,DDO,DTK,TPR,ORI,DDP,BFZ,C15,DDQ,SOI",,normal,394651,,,Basic Land,Plains,Land
Island,,,U,Florian de Gesincourt,253,Basic Land — Island,,"LEA,LEB,2ED,CED,CEI,3ED,4ED,ICE,RQS,pARL,MIR,ITP,5ED,POR,TMP,pJGP,PO2,UGL,pALP,USG,6ED,PTK,S99,pGRU,MMQ,BRB,pELP,S00,BTD,INV,7ED,ODY,ONS,8ED,MRD,CHK,UNH,9ED,RAV,CST,TSP,10E,MED,LRW,SHM,ALA,DD2,M10,HOP,ME3,ZEN,H09,DDE,ROE,DPA,ARC,M11,DDF,SOM,MBS,NPH,CMD,M12,DDH,ISD,DDI,AVR,PC2,M13,DDJ,RTR,M14,THS,C13,DDM,M15,DDN,KTK,C14,DD3_JVC,FRF,DDO,DTK,TPR,ORI,BFZ,C15,DDQ,SOI",,normal,394605,,,Basic Land,Island,Land
Island,,,U,Florian de Gesincourt,254,Basic Land — Island,,"LEA,LEB,2ED,CED,CEI,3ED,4ED,ICE,RQS,pARL,MIR,ITP,5ED,POR,TMP,pJGP,PO2,UGL,pALP,USG,6ED,PTK,S99,pGRU,MMQ,BRB,pELP,S00,BTD,INV,7ED,ODY,ONS,8ED,MRD,CHK,UNH,9ED,RAV,CST,TSP,10E,MED,LRW,SHM,ALA,DD2,M10,HOP,ME3,ZEN,H09,DDE,ROE,DPA,ARC,M11,DDF,SOM,MBS,NPH,CMD,M12,DDH,ISD,DDI,AVR,PC2,M13,DDJ,RTR,M14,THS,C13,DDM,M15,DDN,KTK,C14,DD3_JVC,FRF,DDO,DTK,TPR,ORI,BFZ,C15,DDQ,SOI",,normal,394603,,,Basic Land,Island,Land
Island,,,U,Adam Paquette,255,Basic Land — Island,,"LEA,LEB,2ED,CED,CEI,3ED,4ED,ICE,RQS,pARL,MIR,ITP,5ED,POR,TMP,pJGP,PO2,UGL,pALP,USG,6ED,PTK,S99,pGRU,MMQ,BRB,pELP,S00,BTD,INV,7ED,ODY,ONS,8ED,MRD,CHK,UNH,9ED,RAV,CST,TSP,10E,MED,LRW,SHM,ALA,DD2,M10,HOP,ME3,ZEN,H09,DDE,ROE,DPA,ARC,M11,DDF,SOM,MBS,NPH,CMD,M12,DDH,ISD,DDI,AVR,PC2,M13,DDJ,RTR,M14,THS,C13,DDM,M15,DDN,KTK,C14,DD3_JVC,FRF,DDO,DTK,TPR,ORI,BFZ,C15,DDQ,SOI",,normal,394604,,,Basic Land,Island,Land
Swamp,,,B,Noah Bradley,256,Basic Land — Swamp,,"LEA,LEB,2ED,CED,CEI,3ED,4ED,ICE,RQS,pARL,MIR,ITP,5ED,POR,TMP,pJGP,PO2,UGL,pALP,USG,ATH,6ED,PTK,S99,pGRU,MMQ,BRB,pELP,S00,BTD,INV,7ED,ODY,DKM,ONS,8ED,MRD,CHK,UNH,9ED,RAV,CST,TSP,10E,MED,LRW,SHM,ALA,DDC,M10,HOP,ME3,ZEN,DDD,H09,DDE,ROE,DPA,ARC,M11,SOM,MBS,NPH,CMD,M12,DDH,ISD,PD3,AVR,PC2,M13,DDJ,RTR,DDK,M14,THS,C13,DDM,MD1,M15,DDN,KTK,C14,DD3_DVD,DD3_GVL,FRF,DTK,TPR,ORI,DDP,BFZ,C15,DDQ,SOI",,normal,394722,,,Basic Land,Swamp,Land
Swamp,,,B,Adam Paquette,257,Basic Land — Swamp,,"LEA,LEB,2ED,CED,CEI,3ED,4ED,ICE,RQS,pARL,MIR,ITP,5ED,POR,TMP,pJGP,PO2,UGL,pALP,USG,ATH,6ED,PTK,S99,pGRU,MMQ,BRB,pELP,S00,BTD,INV,7ED,ODY,DKM,ONS,8ED,MRD,CHK,UNH,9ED,RAV,CST,TSP,10E,MED,LRW,SHM,ALA,DDC,M10,HOP,ME3,ZEN,DDD,H09,DDE,ROE,DPA,ARC,M11,SOM,MBS,NPH,CMD,M12,DDH,ISD,PD3,AVR,PC2,M13,DDJ,RTR,DDK,M14,THS,C13,DDM,MD1,M15,DDN,KTK,C14,DD3_DVD,DD3_GVL,FRF,DTK,TPR,ORI,DDP,BFZ,C15,DDQ,SOI",,normal,394723,,,Basic Land,Swamp,Land
Swamp,,,B,Adam Paquette,258,Basic Land — Swamp,,"LEA,LEB,2ED,CED,CEI,3ED,4ED,ICE,RQS,pARL,MIR,ITP,5ED,POR,TMP,pJGP,PO2,UGL,pALP,USG,ATH,6ED,PTK,S99,pGRU,MMQ,BRB,pELP,S00,BTD,INV,7ED,ODY,DKM,ONS,8ED,MRD,CHK,UNH,9ED,RAV,CST,TSP,10E,MED,LRW,SHM,ALA,DDC,M10,HOP,ME3,ZEN,DDD,H09,DDE,ROE,DPA,ARC,M11,SOM,MBS,NPH,CMD,M12,DDH,ISD,PD3,AVR,PC2,M13,DDJ,RTR,DDK,M14,THS,C13,DDM,MD1,M15,DDN,KTK,C14,DD3_DVD,DD3_GVL,FRF,DTK,TPR,ORI,DDP,BFZ,C15,DDQ,SOI",,normal,394724,,,Basic Land,Swamp,Land
Mountain,,,R,Noah Bradley,259,Basic Land — Mountain,,"LEA,LEB,2ED,ARN,CED,CEI,3ED,4ED,ICE,RQS,pARL,MIR,ITP,5ED,POR,TMP,pJGP,PO2,UGL,pALP,USG,ATH,6ED,PTK,S99,pGRU,MMQ,BRB,pELP,S00,BTD,INV,7ED,ODY,DKM,ONS,8ED,MRD,CHK,UNH,9ED,RAV,CST,TSP,10E,MED,LRW,EVG,SHM,ALA,DD2,M10,HOP,ME3,ZEN,H09,DDE,ROE,DPA,ARC,M11,SOM,PD2,MBS,DDG,NPH,CMD,M12,DDH,ISD,DDI,AVR,PC2,M13,DDJ,RTR,DDK,M14,DDL,THS,C13,M15,DDN,KTK,C14,DD3_EVG,DD3_JVC,FRF,DTK,TPR,ORI,DDP,BFZ,C15,SOI",,normal,394628,,,Basic Land,Mountain,Land
Mountain,,,R,Noah Bradley,260,Basic Land — Mountain,,"LEA,LEB,2ED,ARN,CED,CEI,3ED,4ED,ICE,RQS,pARL,MIR,ITP,5ED,POR,TMP,pJGP,PO2,UGL,pALP,USG,ATH,6ED,PTK,S99,pGRU,MMQ,BRB,pELP,S00,BTD,INV,7ED,ODY,DKM,ONS,8ED,MRD,CHK,UNH,9ED,RAV,CST,TSP,10E,MED,LRW,EVG,SHM,ALA,DD2,M10,HOP,ME3,ZEN,H09,DDE,ROE,DPA,ARC,M11,SOM,PD2,MBS,DDG,NPH,CMD,M12,DDH,ISD,DDI,AVR,PC2,M13,DDJ,RTR,DDK,M14,DDL,THS,C13,M15,DDN,KTK,C14,DD3_EVG,DD3_JVC,FRF,DTK,TPR,ORI,DDP,BFZ,C15,SOI",,normal,394630,,,Basic Land,Mountain,Land
Mountain,,,R,Titus Lunter,261,Basic Land — Mountain,,"LEA,LEB,2ED,ARN,CED,CEI,3ED,4ED,ICE,RQS,pARL,MIR,ITP,5ED,POR,TMP,pJGP,PO2,UGL,pALP,USG,ATH,6ED,PTK,S99,pGRU,MMQ,BRB,pELP,S00,BTD,INV,7ED,ODY,DKM,ONS,8ED,MRD,CHK,UNH,9ED,RAV,CST,TSP,10E,MED,LRW,EVG,SHM,ALA,DD2,M10,HOP,ME3,ZEN,H09,DDE,ROE,DPA,ARC,M11,SOM,PD2,MBS,DDG,NPH,CMD,M12,DDH,ISD,DDI,AVR,PC2,M13,DDJ,RTR,DDK,M14,DDL,THS,C13,M15,DDN,KTK,C14,DD3_EVG,DD3_JVC,FRF,DTK,TPR,ORI,DDP,BFZ,C15,SOI",,normal,394629,,,Basic Land,Mountain,Land
Forest,,,G,Sam Burley,262,Basic Land — Forest,,"LEA,LEB,2ED,CED,CEI,3ED,4ED,ICE,RQS,pARL,MIR,ITP,5ED,POR,TMP,pJGP,PO2,UGL,pALP,USG,ATH,6ED,PTK,S99,pGRU,MMQ,BRB,pELP,S00,BTD,INV,7ED,ODY,DKM,ONS,8ED,MRD,CHK,UNH,9ED,RAV,CST,TSP,10E,MED,LRW,EVG,SHM,ALA,M10,HOP,ME3,ZEN,DDD,H09,DDE,ROE,DPA,ARC,M11,SOM,MBS,DDG,NPH,CMD,M12,DDH,ISD,AVR,PC2,M13,DDJ,RTR,M14,DDL,THS,C13,DDM,M15,KTK,C14,DD3_EVG,DD3_GVL,FRF,DDO,DTK,TPR,ORI,DDP,BFZ,C15,SOI",,normal,394575,,,Basic Land,Forest,Land
Forest,,,G,Titus Lunter,263,Basic Land — Forest,,"LEA,LEB,2ED,CED,CEI,3ED,4ED,ICE,RQS,pARL,MIR,ITP,5ED,POR,TMP,pJGP,PO2,UGL,pALP,USG,ATH,6ED,PTK,S99,pGRU,MMQ,BRB,pELP,S00,BTD,INV,7ED,ODY,DKM,ONS,8ED,MRD,CHK,UNH,9ED,RAV,CST,TSP,10E,MED,LRW,EVG,SHM,ALA,M10,HOP,ME3,ZEN,DDD,H09,DDE,ROE,DPA,ARC,M11,SOM,MBS,DDG,NPH,CMD,M12,DDH,ISD,AVR,PC2,M13,DDJ,RTR,M14,DDL,THS,C13,DDM,M15,KTK,C14,DD3_EVG,DD3_GVL,FRF,DDO,DTK,TPR,ORI,DDP,BFZ,C15,SOI",,normal,394573,,,Basic Land,Forest,Land
Forest,,,G,Titus Lunter,264,Basic Land — Forest,,"LEA,LEB,2ED,CED,CEI,3ED,4ED,ICE,RQS,pARL,MIR,ITP,5ED,POR,TMP,pJGP,PO2,UGL,pALP,USG,ATH,6ED,PTK,S99,pGRU,MMQ,BRB,pELP,S00,BTD,INV,7ED,ODY,DKM,ONS,8ED,MRD,CHK,UNH,9ED,RAV,CST,TSP,10E,MED,LRW,EVG,SHM,ALA,M10,HOP,ME3,ZEN,DDD,H09,DDE,ROE,DPA,ARC,M11,SOM,MBS,DDG,NPH,CMD,M12,DDH,ISD,AVR,PC2,M13,DDJ,RTR,M14,DDL,THS,C13,DDM,M15,KTK,C14,DD3_EVG,DD3_GVL,FRF,DDO,DTK,TPR,ORI,DDP,BFZ,C15,SOI",,normal,394574,,,Basic Land,Forest,Land
