name,manaCost,cmc,colorIdentity,artist,number,type,text,printings,flavor,layout,multiverseid,power,toughness,rarity,subtypes,types
Archon of Justice,{3}{W}{W},5,W,Jason Chan,1,Creature — Archon,"Flying\nWhen Archon of Justice dies, exile target permanent.","EVE,M12","In dark times, Truth bears a blade.",normal,146006,4,4,Rare,Archon,Creature
Ballynock Trapper,{3}{W},4,W,Randy Gallegos,2,Creature — Kithkin Soldier,"{T}: Tap target creature.\nWhenever you cast a white spell, you may untap Ballynock Trapper.",EVE,"No matter how large or small, fierce or fleeting, the kithkin have a trap for it.",normal,153480,2,2,Common,"Kithkin,Soldier",Creature
Cenn's Enlistment,{3}{W},4,W,Matt Cavotta,3,Sorcery,Put two 1/1 white Kithkin Soldier creature tokens onto the battlefield.\nRetrace (You may cast this card from your graveyard by discarding a land card in addition to paying its other costs.),"EVE,MMA",The more the scarier.,normal,153469,,,Common,,Sorcery
Endless Horizons,{3}{W},4,W,Joshua Hagler,4,Enchantment,"When Endless Horizons enters the battlefield, search your library for any number of Plains cards and exile them. Then shuffle your library.\nAt the beginning of your upkeep, you may put a card you own exiled with Endless Horizons into your hand.",EVE,,normal,157975,,,Rare,,Enchantment
Endure,{3}{W}{W},5,W,Ralph Horsley,5,Instant,Prevent all damage that would be dealt to you and permanents you control this turn.,EVE,"The Aurora had lessened the kithkins' kindness, deepened their paranoia, and dulled their sense of pain.",normal,157199,,,Uncommon,,Instant
Flickerwisp,{1}{W}{W},3,W,Jeremy Enecio,6,Creature — Elemental,"Flying\nWhen Flickerwisp enters the battlefield, exile another target permanent. Return that card to the battlefield under its owner's control at the beginning of the next end step.","EVE,MMA,C13,C14",Its wings disturb more than air.,normal,151089,3,1,Uncommon,Elemental,Creature
Hallowed Burial,{3}{W}{W},5,W,Dave Kendall,7,Sorcery,Put all creatures on the bottom of their owners' libraries.,EVE,"""I'd rather hear the screams of battle than the quiet that follows.""\n—Talara, elvish safewright",normal,157394,,,Rare,,Sorcery
Kithkin Spellduster,{4}{W},5,W,Trevor Hairsine,8,Creature — Kithkin Wizard,"Flying\n{1}{W}, Sacrifice Kithkin Spellduster: Destroy target enchantment.\nPersist (When this creature dies, if it had no -1/-1 counters on it, return it to the battlefield under its owner's control with a -1/-1 counter on it.)",EVE,,normal,152096,2,3,Common,"Kithkin,Wizard",Creature
Kithkin Zealot,{1}{W},2,W,Scott Altmann,9,Creature — Kithkin Cleric,"When Kithkin Zealot enters the battlefield, you gain 1 life for each black and/or red permanent target opponent controls.",EVE,"The more his flock fears, the more power he wields.",normal,154346,1,3,Common,"Kithkin,Cleric",Creature
Light from Within,{2}{W}{W},4,W,Aleksi Briclot,10,Enchantment,Chroma — Each creature you control gets +1/+1 for each white mana symbol in its mana cost.,EVE,"""Muscle does not make one strong. It only masks the soul's light. True strength lies in purity of purpose.""\n—Donal Alloway, cenn of Kinscaer",normal,151139,,,Rare,,Enchantment
Loyal Gyrfalcon,{3}{W},4,W,Darrell Riche,11,Creature — Bird,"Defender, flying\nWhenever you cast a white spell, Loyal Gyrfalcon loses defender until end of turn.",EVE,It's tethered not to keep it from fleeing but to keep it from eating everything in sight.,normal,151059,3,3,Uncommon,Bird,Creature
Patrol Signaler,{1}{W},2,W,Steve Prescott,12,Creature — Kithkin Soldier,"{1}{W}, {Q}: Put a 1/1 white Kithkin Soldier creature token onto the battlefield. ({Q} is the untap symbol.)",EVE,Many a keen-eared bogle has run afoul of a clever and silently orchestrated kithkin ambush.,normal,157210,1,1,Uncommon,"Kithkin,Soldier",Creature
Recumbent Bliss,{2}{W},3,W,Todd Lockwood,13,Enchantment — Aura,"Enchant creature\nEnchanted creature can't attack or block.\nAt the beginning of your upkeep, you may gain 1 life.","EVE,DDH",Kithkin somnomancers enjoy the peaceful dreams wafting from their victims.,normal,153435,,,Common,Aura,Enchantment
Spirit of the Hearth,{4}{W}{W},6,W,Jason Chan,14,Creature — Cat Spirit,Flying\nYou have hexproof. (You can't be the target of spells or abilities your opponents control.),EVE,"Thieves know that a snarl in the night means, ""Rob another house.""",normal,151169,4,5,Rare,"Cat,Spirit",Creature
Springjack Shepherd,{3}{W},4,W,Thomas Denmark,15,Creature — Kithkin Wizard,"Chroma — When Springjack Shepherd enters the battlefield, put a 0/1 white Goat creature token onto the battlefield for each white mana symbol in the mana costs of permanents you control.",EVE,"""Better for a doun to lose its cenn than its springjacks.""",normal,153032,1,2,Uncommon,"Kithkin,Wizard",Creature
Suture Spirit,{1}{W},2,"W,B",Larry MacDougall,16,Creature — Spirit,Flying\n{W/B}{W/B}{W/B}: Regenerate target creature.,EVE,Is her need to heal born out of compassion or penance?,normal,153420,1,1,Uncommon,Spirit,Creature
Banishing Knack,{U},1,U,Howard Lyon,17,Instant,"Until end of turn, target creature gains ""{T}: Return target nonland permanent to its owner's hand.""",EVE,"Suddenly he realized that everything was connected by invisible strings, strings that could be pulled—or cut.",normal,154350,,,Common,,Instant
Cache Raiders,{3}{U}{U},5,U,Pete Venters,18,Creature — Merfolk Rogue,"At the beginning of your upkeep, return a permanent you control to its owner's hand.","EVE,DDI","What the current doesn't take, they do.",normal,153419,4,4,Uncommon,"Merfolk,Rogue",Creature
Dream Fracture,{1}{U}{U},3,U,Howard Lyon,19,Instant,Counter target spell. Its controller draws a card.\nDraw a card.,"EVE,CNS","""Creation is a paradox. It hatches from its opposite.""\n—Olka, Mistmeadow witch",normal,153036,,,Uncommon,,Instant
Dream Thief,{2}{U},3,U,Howard Lyon,20,Creature — Faerie Rogue,"Flying\nWhen Dream Thief enters the battlefield, draw a card if you've cast another blue spell this turn.",EVE,Awylla's salvaged dreams would finally be put to good use.,normal,157207,2,1,Common,"Faerie,Rogue",Creature
Glamerdye,{1}{U},2,U,Ralph Horsley,21,Instant,Change the text of target spell or permanent by replacing all instances of one color word with another.\nRetrace (You may cast this card from your graveyard by discarding a land card in addition to paying its other costs.),EVE,,normal,153439,,,Rare,,Instant
Glen Elendra Archmage,{3}{U},4,U,Warren Mahy,22,Creature — Faerie Wizard,"Flying\n{U}, Sacrifice Glen Elendra Archmage: Counter target noncreature spell.\nPersist (When this creature dies, if it had no -1/-1 counters on it, return it to the battlefield under its owner's control with a -1/-1 counter on it.)","EVE,MMA",,normal,157977,2,2,Rare,"Faerie,Wizard",Creature
Idle Thoughts,{3}{U},4,U,Steven Belledin,23,Enchantment,{2}: Draw a card if you have no cards in hand.,EVE,Inspiration strikes the uncluttered mind.,normal,157412,,,Uncommon,,Enchantment
Indigo Faerie,{1}{U},2,U,Steve Prescott,24,Creature — Faerie Wizard,Flying\n{U}: Target permanent becomes blue in addition to its other colors until end of turn.,EVE,"""You should see your face right now.""",normal,153422,1,1,Uncommon,"Faerie,Wizard",Creature
Inundate,{3}{U}{U}{U},6,U,Mark Zug,25,Sorcery,Return all nonblue creatures to their owners' hands.,EVE,"""For years, the landfolk have emptied their refuse into the waters. It's time to return the favor.""",normal,142010,,,Rare,,Sorcery
Merrow Levitator,{3}{U},4,U,Jim Pavelec,26,Creature — Merfolk Wizard,"{T}: Target creature gains flying until end of turn.\nWhenever you cast a blue spell, you may untap Merrow Levitator.",EVE,"He fancies himself a master thief, claiming to ""steal the ground"" from his victims.",normal,151088,2,3,Common,"Merfolk,Wizard",Creature
Oona's Grace,{2}{U},3,U,Rebecca Guay,27,Instant,Target player draws a card.\nRetrace (You may cast this card from your graveyard by discarding a land card in addition to paying its other costs.),"EVE,EMA",Oona grants her favored subjects a dream from her own guarded heart.,normal,153475,,,Common,,Instant
Razorfin Abolisher,{2}{U},3,U,William O'Connor,28,Creature — Merfolk Wizard,"{1}{U}, {T}: Return target creature with a counter on it to its owner's hand.",EVE,"Once you have been marked by the merrow, you are not long for their waters.",normal,153442,2,2,Uncommon,"Merfolk,Wizard",Creature
Sanity Grinding,{U}{U}{U},3,U,Lars Grant-West,29,Sorcery,"Chroma — Reveal the top ten cards of your library. For each blue mana symbol in the mana costs of the revealed cards, target opponent puts the top card of his or her library into his or her graveyard. Then put the cards you revealed this way on the bottom of your library in any order.",EVE,,normal,157204,,,Rare,,Sorcery
Talonrend,{4}{U},5,"U,R",Nils Hamm,30,Creature — Elemental,Flying\n{U/R}: Talonrend gets +1/-1 until end of turn.,EVE,Change is a denizen of Shadowmoor as much as ouphes and noggles are.,normal,153430,0,5,Uncommon,Elemental,Creature
Wake Thrasher,{2}{U},3,U,Jesper Ejsing,31,Creature — Merfolk Soldier,"Whenever a permanent you control becomes untapped, Wake Thrasher gets +1/+1 until end of turn.",EVE,Anyone who thinks merrows have more brains than brawn has never been run over by one.,normal,157405,1,1,Rare,"Merfolk,Soldier",Creature
Wilderness Hypnotist,{2}{U}{U},4,U,Rebecca Guay,32,Creature — Merfolk Wizard,{T}: Target red or green creature gets -2/-0 until end of turn.,EVE,"""I felt as if I were moving in brackish water, as if I were drowning, even though I knew I stood on dry land.""\n—Dindun of Kulrath Mine",normal,153476,1,3,Common,"Merfolk,Wizard",Creature
"Ashling, the Extinguisher",{2}{B}{B},4,B,Wayne Reynolds,33,Legendary Creature — Elemental Shaman,"Whenever Ashling, the Extinguisher deals combat damage to a player, choose target creature that player controls. He or she sacrifices that creature.",EVE,The Aurora had transformed her into a relentless force of destruction.,normal,151137,4,4,Rare,"Elemental,Shaman",Creature
Creakwood Ghoul,{4}{B},5,"B,G",Thomas M. Baxa,34,Creature — Plant Zombie,{B/G}{B/G}: Exile target card from a graveyard. You gain 1 life.,EVE,Some eat the living. Some eat the dead. It eats the past.,normal,157206,3,3,Uncommon,"Plant,Zombie",Creature
Crumbling Ashes,{1}{B},2,B,Chuck Lukacs,35,Enchantment,"At the beginning of your upkeep, destroy target creature with a -1/-1 counter on it.",EVE,"""I was there to watch my brothers' quenching. I drew the slightest warmth from their dying rage.""\n—Illulia of Nighthearth",normal,158103,,,Uncommon,,Enchantment
Lingering Tormentor,{3}{B},4,B,Joshua Hagler,36,Creature — Spirit,"Fear (This creature can't be blocked except by artifact creatures and/or black creatures.)\nPersist (When this creature dies, if it had no -1/-1 counters on it, return it to the battlefield under its owner's control with a -1/-1 counter on it.)",EVE,The bogeyman doesn't disappear when you close your eyes.,normal,147437,2,2,Uncommon,Spirit,Creature
Merrow Bonegnawer,{B},1,B,Jim Nelson,37,Creature — Merfolk Rogue,"{T}: Target player exiles a card from his or her graveyard.\nWhenever you cast a black spell, you may untap Merrow Bonegnawer.",EVE,"Banished to the Dark Meanders for hideous crimes, some merrows find a taste for the darkness . . . and the dead.",normal,151158,1,1,Common,"Merfolk,Rogue",Creature
Necroskitter,{1}{B}{B},3,B,Jaime Jones,38,Creature — Elemental,"Wither (This deals damage to creatures in the form of -1/-1 counters.)\nWhenever a creature an opponent controls with a -1/-1 counter on it dies, you may return that card to the battlefield under your control.","EVE,MM2",,normal,152080,1,4,Rare,Elemental,Creature
Needle Specter,{1}{B}{B},3,B,Christopher Moeller,39,Creature — Specter,"Flying\nWither (This deals damage to creatures in the form of -1/-1 counters.)\nWhenever Needle Specter deals combat damage to a player, that player discards that many cards.",EVE,,normal,153474,1,1,Rare,Specter,Creature
Nightmare Incursion,{5}{B},6,B,Chuck Lukacs,40,Sorcery,"Search target player's library for up to X cards, where X is the number of Swamps you control, and exile them. Then that player shuffles his or her library.",EVE,,normal,157414,,,Rare,,Sorcery
Raven's Crime,{B},1,B,Warren Mahy,41,Sorcery,Target player discards a card.\nRetrace (You may cast this card from your graveyard by discarding a land card in addition to paying its other costs.),"EVE,MMA",It plucks away memories like choice bits of carrion.,normal,153487,,,Common,,Sorcery
Smoldering Butcher,{3}{B},4,B,Zoltan Boros & Gabor Szikszai,42,Creature — Elemental Warrior,Wither (This deals damage to creatures in the form of -1/-1 counters.),EVE,A cinder's axe bears no marks from parrying a foe's blade.,normal,157211,4,2,Common,"Elemental,Warrior",Creature
Soot Imp,{1}{B}{B},3,B,Jesper Ejsing,43,Creature — Imp,"Flying\nWhenever a player casts a nonblack spell, that player loses 1 life.","EVE,DDC,DD3_DVD","""If one gets in your chimney, you're going to need a long wick and a barrel of bangstuff to get it out.""\n—Hob Heddil",normal,158900,1,2,Uncommon,Imp,Creature
Soul Reap,{1}{B},2,B,Izzy,44,Sorcery,Destroy target nongreen creature. Its controller loses 3 life if you've cast another black spell this turn.,EVE,Their thoughtweft carried Darial's last thoughts back to his doun. They sorely wished it had not.,normal,151150,,,Common,,Sorcery
Soul Snuffers,{2}{B}{B},4,B,Izzy,45,Creature — Elemental Shaman,"When Soul Snuffers enters the battlefield, put a -1/-1 counter on each creature.",EVE,They once sought to unite with the flame of transcendence. Now they seek only to extinguish the lights of others.,normal,142054,3,3,Uncommon,"Elemental,Shaman",Creature
Syphon Life,{1}{B}{B},3,B,Dan Seagrave,46,Sorcery,Target player loses 2 life and you gain 2 life.\nRetrace (You may cast this card from your graveyard by discarding a land card in addition to paying its other costs.),"EVE,MMA",Leeches never tire of feeding.,normal,153447,,,Uncommon,,Sorcery
Talara's Bane,{1}{B},2,B,Joshua Hagler,47,Sorcery,"Target opponent reveals his or her hand. You choose a green or white creature card from it. You gain life equal to that creature card's toughness, then that player discards that card.",EVE,"""Your thoughts betray you.""\n—Illulia of Nighthearth",normal,151142,,,Common,,Sorcery
Umbra Stalker,{4}{B}{B}{B},7,B,Daarken,48,Creature — Elemental,Chroma — Umbra Stalker's power and toughness are each equal to the number of black mana symbols in the mana costs of cards in your graveyard.,EVE,"Don't venture into the darkness, lest it decide not to let you leave.",normal,157399,*,*,Rare,Elemental,Creature
Chaotic Backlash,{4}{R},5,R,Carl Frank,49,Instant,Chaotic Backlash deals damage to target player equal to twice the number of white and/or blue permanents he or she controls.,EVE,"The concept of thoughtweft fascinates the Nighthearth cult. Imagine, bringing agony to an entire people by torturing just one.",normal,158903,,,Uncommon,,Instant
Cinder Pyromancer,{2}{R},3,R,Greg Staples,50,Creature — Elemental Shaman,"{T}: Cinder Pyromancer deals 1 damage to target player.\nWhenever you cast a red spell, you may untap Cinder Pyromancer.","EVE,DPA,PD2","""If the whole world burns, I'll never grow cold.""",normal,151067,0,1,Common,"Elemental,Shaman",Creature
Duergar Cave-Guard,{3}{R},4,"R,W",Dave Allsop,51,Creature — Dwarf Warrior,Wither (This deals damage to creatures in the form of -1/-1 counters.)\n{R/W}: Duergar Cave-Guard gets +1/+0 until end of turn.,EVE,Duergars who grow too large to live in the tunnels are sent topside to defend the entrances from intruders.,normal,153437,1,3,Uncommon,"Dwarf,Warrior",Creature
Fiery Bombardment,{1}{R},2,R,Nils Hamm,52,Enchantment,"Chroma — {2}, Sacrifice a creature: Fiery Bombardment deals damage to target creature or player equal to the number of red mana symbols in the sacrificed creature's mana cost.",EVE,It kills two beasts with one thrown.,normal,157200,,,Rare,,Enchantment
Flame Jab,{R},1,R,rk post,53,Sorcery,Flame Jab deals 1 damage to target creature or player.\nRetrace (You may cast this card from your graveyard by discarding a land card in addition to paying its other costs.),"EVE,EMA","""Fire's out. Should be safe now.""\n—Gnarltrunk",normal,153432,,,Common,,Sorcery
Hatchet Bully,{3}{R},4,R,Paul Bonner,54,Creature — Goblin Warrior,"{2}{R}, {T}, Put a -1/-1 counter on a creature you control: Hatchet Bully deals 2 damage to target creature or player.",EVE,"""It's not much for eating, but I think we can find somethin' to do with it.""",normal,147413,3,3,Uncommon,"Goblin,Warrior",Creature
Hateflayer,{5}{R}{R},7,R,Thomas M. Baxa,55,Creature — Elemental,"Wither (This deals damage to creatures in the form of -1/-1 counters.)\n{2}{R}, {Q}: Hateflayer deals damage equal to its power to target creature or player. ({Q} is the untap symbol.)",EVE,It has no safe side.,normal,152155,5,5,Rare,Elemental,Creature
Heartlash Cinder,{1}{R},2,R,Steve Prescott,56,Creature — Elemental Warrior,"Haste\nChroma — When Heartlash Cinder enters the battlefield, it gets +X/+0 until end of turn, where X is the number of red mana symbols in the mana costs of permanents you control.",EVE,,normal,141942,1,1,Common,"Elemental,Warrior",Creature
Hotheaded Giant,{3}{R},4,R,Fred Harper,57,Creature — Giant Warrior,Haste\nHotheaded Giant enters the battlefield with two -1/-1 counters on it unless you've cast another red spell this turn.,EVE,"As he races the moon each night, he draws a glowing equator across the world.",normal,153426,4,4,Common,"Giant,Warrior",Creature
Impelled Giant,{4}{R}{R},6,R,Mark Zug,58,Creature — Giant Warrior,"Trample\nTap an untapped red creature you control other than Impelled Giant: Impelled Giant gets +X/+0 until end of turn, where X is the power of the creature tapped this way.",EVE,,normal,152049,3,3,Uncommon,"Giant,Warrior",Creature
Outrage Shaman,{3}{R}{R},5,R,Cole Eastburn,59,Creature — Goblin Shaman,"Chroma — When Outrage Shaman enters the battlefield, it deals damage to target creature equal to the number of red mana symbols in the mana costs of permanents you control.",EVE,"A boggart's mind is a tinderbox of volatile thoughts, hungry for a spark.",normal,153473,2,2,Uncommon,"Goblin,Shaman",Creature
Puncture Blast,{2}{R},3,R,Carl Critchlow,60,Instant,Wither (This deals damage to creatures in the form of -1/-1 counters.)\nPuncture Blast deals 3 damage to target creature or player.,EVE,Gnarltrunk didn't remember having quite that many knotholes.,normal,152034,,,Common,,Instant
Rekindled Flame,{2}{R}{R},4,R,Zoltan Boros & Gabor Szikszai,61,Sorcery,"Rekindled Flame deals 4 damage to target creature or player.\nAt the beginning of your upkeep, if an opponent has no cards in hand, you may return Rekindled Flame from your graveyard to your hand.",EVE,,normal,158108,,,Rare,,Sorcery
Stigma Lasher,{R}{R},2,R,Aleksi Briclot,62,Creature — Elemental Shaman,"Wither (This deals damage to creatures in the form of -1/-1 counters.)\nWhenever Stigma Lasher deals damage to a player, that player can't gain life for the rest of the game.",EVE,The Extinguisher's curse lasted long after her departure.,normal,153049,2,2,Rare,"Elemental,Shaman",Creature
Thunderblust,{2}{R}{R}{R},5,R,Dan Scott,63,Creature — Elemental,"Haste\nThunderblust has trample as long as it has a -1/-1 counter on it.\nPersist (When this creature dies, if it had no -1/-1 counters on it, return it to the battlefield under its owner's control with a -1/-1 counter on it.)","EVE,MM2",,normal,157411,7,2,Rare,Elemental,Creature
Unwilling Recruit,{X}{R}{R}{R},3,R,Dave Allsop,64,Sorcery,Gain control of target creature until end of turn. Untap that creature. It gets +X/+0 and gains haste until end of turn.,EVE,"Frorn didn't want to be kept, but he didn't want to be thrown back either.",normal,157202,,,Uncommon,,Sorcery
Aerie Ouphes,{4}{G},5,G,Jesper Ejsing,65,Creature — Ouphe,"Sacrifice Aerie Ouphes: Aerie Ouphes deals damage equal to its power to target creature with flying.\nPersist (When this creature dies, if it had no -1/-1 counters on it, return it to the battlefield under its owner's control with a -1/-1 counter on it.)",EVE,,normal,153427,3,3,Common,Ouphe,Creature
Bloom Tender,{1}{G},2,G,Chippy,66,Creature — Elf Druid,"{T}: For each color among permanents you control, add one mana of that color to your mana pool.",EVE,"Beauty is a seed, waiting to blossom under her capable hands.",normal,158901,1,1,Rare,"Elf,Druid",Creature
Duskdale Wurm,{5}{G}{G},7,G,Dan Dos Santos,67,Creature — Wurm,Trample (This creature can deal excess combat damage to defending player or planeswalker while attacking.),"EVE,DPA,M11,M13","""Last time, it tore up the Wilt-Leaf, turned Mistmeadow into a mudhole, and made the river jump its banks. On the bright side, we were eating venison for weeks.""\n—Donal Alloway, cenn of Kinscaer",normal,151164,7,7,Uncommon,Wurm,Creature
Helix Pinnacle,{G},1,G,Dan Scott,68,Enchantment,"Shroud (This enchantment can't be the target of spells or abilities.)\n{X}: Put X tower counters on Helix Pinnacle.\nAt the beginning of your upkeep, if there are 100 or more tower counters on Helix Pinnacle, you win the game.",EVE,,normal,150992,,,Rare,,Enchantment
Marshdrinker Giant,{3}{G}{G},5,G,Daarken,69,Creature — Giant Warrior,"When Marshdrinker Giant enters the battlefield, destroy target Island or Swamp an opponent controls.",EVE,"When giants rise from their long slumbers, they rarely remember how fragile the waking world can be.",normal,142015,4,3,Uncommon,"Giant,Warrior",Creature
Monstrify,{3}{G},4,G,Lars Grant-West,70,Sorcery,Target creature gets +4/+4 until end of turn.\nRetrace (You may cast this card from your graveyard by discarding a land card in addition to paying its other costs.),EVE,Gackt came to regret keeping his pet toads on his head.,normal,153441,,,Common,,Sorcery
Nettle Sentinel,{G},1,G,Kev Walker,71,Creature — Elf Warrior,"Nettle Sentinel doesn't untap during your untap step.\nWhenever you cast a green spell, you may untap Nettle Sentinel.",EVE,"Though Shadowmoor's monster-haunted wilds beckon, she never leaves her post.",normal,151095,2,2,Common,"Elf,Warrior",Creature
Phosphorescent Feast,{2}{G}{G}{G},5,G,Ron Spencer,72,Sorcery,Chroma — Reveal any number of cards in your hand. You gain 2 life for each green mana symbol in those cards' mana costs.,"FUT,EVE",The boggarts gorged themselves until their bellies glowed.,normal,151113,,,Uncommon,,Sorcery
Primalcrux,{G}{G}{G}{G}{G}{G},6,G,Wayne Reynolds,73,Creature — Elemental,Trample\nChroma — Primalcrux's power and toughness are each equal to the number of green mana symbols in the mana costs of permanents you control.,EVE,"When nature is backed into a corner, just like its children, it lashes out.",normal,153431,*,*,Rare,Elemental,Creature
Regal Force,{4}{G}{G}{G},7,G,Brandon Kitkouski,74,Creature — Elemental,"When Regal Force enters the battlefield, draw a card for each green creature you control.","EVE,EMA","It rarely moves, standing stock still in its clearing. When it does stir, ravens stop their cawing and crickets their chirping. All of nature watches in awed silence.",normal,147373,5,5,Rare,Elemental,Creature
Savage Conception,{3}{G}{G},5,G,William O'Connor,75,Sorcery,Put a 3/3 green Beast creature token onto the battlefield.\nRetrace (You may cast this card from your graveyard by discarding a land card in addition to paying its other costs.),EVE,"Some beasts are born not of a mother, but of magic.",normal,153438,,,Uncommon,,Sorcery
Swirling Spriggan,{2}{G}{G},4,"G,U",Thomas M. Baxa,76,Creature — Goblin Shaman,{G/U}{G/U}: Target creature you control becomes the color or colors of your choice until end of turn.,EVE,"After its encounter with the spriggan, the patrol was red with anger, green with envy, white with fear, and painfully black and blue.",normal,154348,3,3,Uncommon,"Goblin,Shaman",Creature
Talara's Battalion,{1}{G},2,G,Todd Lockwood,77,Creature — Elf Warrior,Trample\nCast Talara's Battalion only if you've cast another green spell this turn.,"EVE,DPA",The safewright Talara protects a delicate woodland waterfall. She has vowed to send wave after wave of warriors to slay any who would dare disturb its beauty.,normal,157395,4,3,Rare,"Elf,Warrior",Creature
Tilling Treefolk,{2}{G},3,G,rk post,78,Creature — Treefolk Druid,"When Tilling Treefolk enters the battlefield, you may return up to two target land cards from your graveyard to your hand.",EVE,"He digs his roots into barren ground, searching for old seeds that never had the chance to sprout.",normal,151096,1,3,Common,"Treefolk,Druid",Creature
Twinblade Slasher,{G},1,G,Trevor Hairsine,79,Creature — Elf Warrior,Wither (This deals damage to creatures in the form of -1/-1 counters.)\n{1}{G}: Twinblade Slasher gets +2/+2 until end of turn. Activate this ability only once each turn.,EVE,Righteous anger hones a humble soul.,normal,153436,1,1,Uncommon,"Elf,Warrior",Creature
Wickerbough Elder,{3}{G},4,G,Jesper Ejsing,80,Creature — Treefolk Shaman,"Wickerbough Elder enters the battlefield with a -1/-1 counter on it.\n{G}, Remove a -1/-1 counter from Wickerbough Elder: Destroy target artifact or enchantment.","EVE,ARC","""Living scarecrows make a mockery of the natural order. Dead ones make fine hats.""",normal,151097,4,4,Common,"Treefolk,Shaman",Creature
Batwing Brume,{1}{W/B},2,"W,B",Richard Kane Ferguson,81,Instant,Prevent all combat damage that would be dealt this turn if {W} was spent to cast Batwing Brume. Each player loses 1 life for each attacking creature he or she controls if {B} was spent to cast Batwing Brume. (Do both if {W}{B} was spent.),"EVE,ARC",,normal,157407,,,Uncommon,,Instant
Beckon Apparition,{W/B},1,"W,B",Larry MacDougall,82,Instant,Exile target card from a graveyard. Put a 1/1 white and black Spirit creature token with flying onto the battlefield.,"EVE,GTC","When a graveyard is full, the gwyllions rattle the tombs and unleash the spirits into the sky.",normal,157415,,,Common,,Instant
Bloodied Ghost,{1}{W/B}{W/B},3,"W,B",Mike Dringenberg,83,Creature — Spirit,Flying\nBloodied Ghost enters the battlefield with a -1/-1 counter on it.,EVE,"""Only a knife left for a fortnight in the hollow of a ghastbark tree can inflict a wound so grave.""\n—Kithkin superstition",normal,151098,3,3,Uncommon,Spirit,Creature
Cauldron Haze,{1}{W/B},2,"W,B",Brandon Kitkouski,84,Instant,"Choose any number of target creatures. Each of those creatures gains persist until end of turn. (When it dies, if it had no -1/-1 counters on it, return it to the battlefield under its owner's control with a -1/-1 counter on it.)",EVE,,normal,151060,,,Uncommon,,Instant
Deathbringer Liege,{2}{W/B}{W/B}{W/B},5,"W,B",Drew Tucker,85,Creature — Horror,"Other white creatures you control get +1/+1.\nOther black creatures you control get +1/+1.\nWhenever you cast a white spell, you may tap target creature.\nWhenever you cast a black spell, you may destroy target creature if it's tapped.",EVE,,normal,157288,3,4,Rare,Horror,Creature
Divinity of Pride,{W/B}{W/B}{W/B}{W/B}{W/B},5,"W,B",Greg Staples,86,Creature — Spirit Avatar,"Flying, lifelink\nDivinity of Pride gets +4/+4 as long as you have 25 or more life.","EVE,MMA,C13","""She spoke of mystery and portent, of such unfathomable things that my mind screamed for pity.""\n—The Seer's Parables",normal,150995,4,4,Rare,"Spirit,Avatar",Creature
Edge of the Divinity,{W/B},1,"W,B",Dan Scott,87,Enchantment — Aura,"Enchant creature\nAs long as enchanted creature is white, it gets +1/+2.\nAs long as enchanted creature is black, it gets +2/+1.",EVE,The divinity's patronage confers both wicked grace and graceful wickedness.,normal,151155,,,Common,Aura,Enchantment
Evershrike,{3}{W/B}{W/B},5,"W,B",Dan Dos Santos,88,Creature — Elemental Spirit,"Flying\nEvershrike gets +2/+2 for each Aura attached to it.\n{X}{W/B}{W/B}: Return Evershrike from your graveyard to the battlefield. You may put an Aura card with converted mana cost X or less from your hand onto the battlefield attached to it. If you don't, exile Evershrike.",EVE,,normal,157978,2,2,Rare,"Elemental,Spirit",Creature
Gwyllion Hedge-Mage,{2}{W/B},3,"W,B",Todd Lockwood,89,Creature — Hag Wizard,"When Gwyllion Hedge-Mage enters the battlefield, if you control two or more Plains, you may put a 1/1 white Kithkin Soldier creature token onto the battlefield.\nWhen Gwyllion Hedge-Mage enters the battlefield, if you control two or more Swamps, you may put a -1/-1 counter on target creature.","EVE,CMD",,normal,159069,2,2,Uncommon,"Hag,Wizard",Creature
Harvest Gwyllion,{2}{W/B}{W/B},4,"W,B",Nils Hamm,90,Creature — Hag,Wither (This deals damage to creatures in the form of -1/-1 counters.),EVE,"She speaks only in vile epithets, spitting out curses and obscenities that harm others just by the hearing.",normal,152089,2,4,Common,Hag,Creature
Nightsky Mimic,{1}{W/B},2,"W,B",Franz Vohwinkel,91,Creature — Shapeshifter,"Whenever you cast a spell that's both white and black, Nightsky Mimic has base power and toughness 4/4 until end of turn and gains flying until end of turn.",EVE,"A mimic need only touch a being to learn its shape, but touching usually leads to mauling and messily eating.",normal,151099,2,1,Common,Shapeshifter,Creature
Nip Gwyllion,{W/B},1,"W,B",Alex Horley-Orlandelli,92,Creature — Hag,Lifelink (Damage dealt by this creature also causes you to gain that much life.),EVE,"Once your life and all your worldly possessions have been surrendered to her, a gwyllion can be surprisingly civilized.",normal,150986,1,1,Common,Hag,Creature
Pyrrhic Revival,{3}{W/B}{W/B}{W/B},6,"W,B",Richard Kane Ferguson,93,Sorcery,Each player returns each creature card from his or her graveyard to the battlefield with an additional -1/-1 counter on it.,EVE,"They found themselves alive again, still bearing their mortal wounds.",normal,157397,,,Rare,,Sorcery
Restless Apparition,{W/B}{W/B}{W/B},3,"W,B",Jeff Easley,94,Creature — Spirit,"{W/B}{W/B}{W/B}: Restless Apparition gets +3/+3 until end of turn.\nPersist (When this creature dies, if it had no -1/-1 counters on it, return it to the battlefield under its owner's control with a -1/-1 counter on it.)","EVE,MM2",,normal,157291,2,2,Uncommon,Spirit,Creature
Stillmoon Cavalier,{1}{W/B}{W/B},3,"W,B",Christopher Moeller,95,Creature — Zombie Knight,Protection from white and from black\n{W/B}: Stillmoon Cavalier gains flying until end of turn.\n{W/B}: Stillmoon Cavalier gains first strike until end of turn.\n{W/B}{W/B}: Stillmoon Cavalier gets +1/+0 until end of turn.,EVE,,normal,153037,2,1,Rare,"Zombie,Knight",Creature
Unmake,{W/B}{W/B}{W/B},3,"W,B",Steven Belledin,96,Instant,Exile target creature.,"pMPR,EVE,ARC,DDK",A gwyllion's favorite trap is the vanity mirror. A bewitched piece of glass traps the looker's soul and does away with the body.,normal,151083,,,Common,,Instant
Voracious Hatchling,{3}{W/B},4,"W,B",Jeremy Enecio,97,Creature — Elemental,"Lifelink\nVoracious Hatchling enters the battlefield with four -1/-1 counters on it.\nWhenever you cast a white spell, remove a -1/-1 counter from Voracious Hatchling.\nWhenever you cast a black spell, remove a -1/-1 counter from Voracious Hatchling.",EVE,,normal,153444,6,6,Uncommon,Elemental,Creature
Call the Skybreaker,{5}{U/R}{U/R},7,"U,R",Randy Gallegos,98,Sorcery,Put a 5/5 blue and red Elemental creature token with flying onto the battlefield.\nRetrace (You may cast this card from your graveyard by discarding a land card in addition to paying its other costs.),"EVE,CMD,C15,EMA",It hears and answers every orison across Shadowmoor.,normal,157400,,,Rare,,Sorcery
Clout of the Dominus,{U/R},1,"U,R",Jaime Jones,99,Enchantment — Aura,"Enchant creature\nAs long as enchanted creature is blue, it gets +1/+1 and has shroud. (It can't be the target of spells or abilities.)\nAs long as enchanted creature is red, it gets +1/+1 and has haste.",EVE,,normal,152092,,,Common,Aura,Enchantment
Crackleburr,{1}{U/R}{U/R},3,"U,R",Mike Dringenberg,100,Creature — Elemental,"{U/R}{U/R}, {T}, Tap two untapped red creatures you control: Crackleburr deals 3 damage to target creature or player.\n{U/R}{U/R}, {Q}, Untap two tapped blue creatures you control: Return target creature to its owner's hand. ({Q} is the untap symbol.)",EVE,,normal,157420,2,2,Rare,Elemental,Creature
Crag Puca,{U/R}{U/R}{U/R},3,"U,R",John Howe,101,Creature — Shapeshifter,{U/R}: Switch Crag Puca's power and toughness until end of turn.,EVE,"""Be happy when you see a puca shaped like mischief. It's far better than one shaped like death.""\n—Dindun of Kulrath Mine",normal,157285,2,4,Uncommon,Shapeshifter,Creature
Dominus of Fealty,{U/R}{U/R}{U/R}{U/R}{U/R},5,"U,R",Kev Walker,102,Creature — Spirit Avatar,"Flying\nAt the beginning of your upkeep, you may gain control of target permanent until end of turn. If you do, untap it and it gains haste until end of turn.","EVE,CMD","""Nothing is truly your own. It is his, whether you know it or not.""\n—The Seer's Parables",normal,151154,4,4,Rare,"Spirit,Avatar",Creature
Inside Out,{1}{U/R},2,"U,R",Zoltan Boros & Gabor Szikszai,103,Instant,Switch target creature's power and toughness until end of turn.\nDraw a card.,EVE,Seyden's temperament didn't take well to the puca's magic. Nor did his face.,normal,154263,,,Common,,Instant
Mindwrack Liege,{3}{U/R}{U/R}{U/R},6,"U,R",Richard Whitters,104,Creature — Horror,Other blue creatures you control get +1/+1.\nOther red creatures you control get +1/+1.\n{U/R}{U/R}{U/R}{U/R}: You may put a blue or red creature card from your hand onto the battlefield.,EVE,,normal,151132,4,4,Rare,Horror,Creature
Mirror Sheen,{1}{U/R}{U/R},3,"U,R",John Avon,105,Enchantment,{1}{U/R}{U/R}: Copy target instant or sorcery spell that targets you. You may choose new targets for the copy.,EVE,Even treefolk witches steer clear of the unpredictable woods near Glen Elendra. Spells refract off the glamer-polished trees and the eyes of lurking pucas.,normal,152106,,,Rare,,Enchantment
Noggle Bandit,{1}{U/R}{U/R},3,"U,R",Thomas Denmark,106,Creature — Noggle Rogue,Noggle Bandit can't be blocked except by creatures with defender.,EVE,"Noggles believe that they were the first race ever to walk Shadowmoor. They don't ""steal."" They just take back what's rightfully theirs.",normal,157286,2,2,Common,"Noggle,Rogue",Creature
Noggle Bridgebreaker,{2}{U/R}{U/R},4,"U,R",Thomas M. Baxa,107,Creature — Noggle Rogue,"When Noggle Bridgebreaker enters the battlefield, return a land you control to its owner's hand.",EVE,"""It's always funny till someone gets hurt. Then it's hilarious.""",normal,158899,4,3,Common,"Noggle,Rogue",Creature
Noggle Hedge-Mage,{2}{U/R},3,"U,R",Larry MacDougall,108,Creature — Noggle Wizard,"When Noggle Hedge-Mage enters the battlefield, if you control two or more Islands, you may tap two target permanents.\nWhen Noggle Hedge-Mage enters the battlefield, if you control two or more Mountains, you may have Noggle Hedge-Mage deal 2 damage to target player.",EVE,,normal,159066,2,2,Uncommon,"Noggle,Wizard",Creature
Noggle Ransacker,{2}{U/R},3,"U,R",Alex Horley-Orlandelli,109,Creature — Noggle Rogue,"When Noggle Ransacker enters the battlefield, each player draws two cards, then discards a card at random.","EVE,PC2","Noggles live purely by what they can scavenge. There is not a single thing a noggle eats, wears, or uses that did not once belong to another.",normal,152032,2,1,Uncommon,"Noggle,Rogue",Creature
Nucklavee,{4}{U/R}{U/R},6,"U,R",Trevor Hairsine,110,Creature — Beast,"When Nucklavee enters the battlefield, you may return target red sorcery card from your graveyard to your hand.\nWhen Nucklavee enters the battlefield, you may return target blue instant card from your graveyard to your hand.","EVE,CMD",It loathes all tastes but two: spells and flesh.,normal,153058,4,4,Uncommon,Beast,Creature
Riverfall Mimic,{1}{U/R},2,"U,R",Franz Vohwinkel,111,Creature — Shapeshifter,"Whenever you cast a spell that's both blue and red, Riverfall Mimic has base power and toughness 3/3 until end of turn and can't be blocked this turn.",EVE,"Mimics don't hide their natural form well, but their disguises work well enough on boggarts.",normal,151068,2,1,Common,Shapeshifter,Creature
Shrewd Hatchling,{3}{U/R},4,"U,R",Carl Frank,112,Creature — Elemental,"Shrewd Hatchling enters the battlefield with four -1/-1 counters on it.\n{U/R}: Target creature can't block Shrewd Hatchling this turn.\nWhenever you cast a blue spell, remove a -1/-1 counter from Shrewd Hatchling.\nWhenever you cast a red spell, remove a -1/-1 counter from Shrewd Hatchling.","EVE,DDJ,MM2",,normal,153486,6,6,Uncommon,Elemental,Creature
Stream Hopper,{U/R},1,"U,R",Dave Allsop,113,Creature — Goblin,{U/R}: Stream Hopper gains flying until end of turn.,EVE,"Like many who dwell in Shadowmoor now, he was robbed of his better half by the Aurora.",normal,151124,1,1,Common,Goblin,Creature
Unnerving Assault,{2}{U/R},3,"U,R",Ron Spencer,114,Instant,"Creatures your opponents control get -1/-0 until end of turn if {U} was spent to cast Unnerving Assault, and creatures you control get +1/+0 until end of turn if {R} was spent to cast it. (Do both if {U}{R} was spent.)",EVE,The scales of battle rarely balance.,normal,157416,,,Uncommon,,Instant
Canker Abomination,{2}{B/G}{B/G},4,"B,G",Brandon Kitkouski,115,Creature — Treefolk Horror,"As Canker Abomination enters the battlefield, choose an opponent. Canker Abomination enters the battlefield with a -1/-1 counter on it for each creature that player controls.",EVE,"Once the hideous disease takes hold, it spreads through both bark and mind.",normal,152033,6,6,Uncommon,"Treefolk,Horror",Creature
Cankerous Thirst,{3}{B/G},4,"B,G",Carl Frank,116,Instant,"If {B} was spent to cast Cankerous Thirst, you may have target creature get -3/-3 until end of turn. If {G} was spent to cast Cankerous Thirst, you may have target creature get +3/+3 until end of turn. (Do both if {B}{G} was spent.)",EVE,Nothing warms the bark on a chilly day like a draught of elf.,normal,157393,,,Uncommon,,Instant
Creakwood Liege,{1}{B/G}{B/G}{B/G},4,"B,G",Cole Eastburn,117,Creature — Horror,"Other black creatures you control get +1/+1.\nOther green creatures you control get +1/+1.\nAt the beginning of your upkeep, you may put a 1/1 black and green Worm creature token onto the battlefield.","EVE,MM2",,normal,157406,2,2,Rare,Horror,Creature
Deity of Scars,{B/G}{B/G}{B/G}{B/G}{B/G},5,"B,G",Steve Prescott,118,Creature — Spirit Avatar,"Trample\nDeity of Scars enters the battlefield with two -1/-1 counters on it.\n{B/G}, Remove a -1/-1 counter from Deity of Scars: Regenerate Deity of Scars.",EVE,"""His skin cuts swords.""\n—The Seer's Parables",normal,153488,7,7,Rare,"Spirit,Avatar",Creature
Desecrator Hag,{2}{B/G}{B/G},4,"B,G",Fred Harper,119,Creature — Hag,"When Desecrator Hag enters the battlefield, return to your hand the creature card in your graveyard with the greatest power. If two or more cards are tied for greatest power, you choose one of them.","EVE,CMD",Loose earth is not a burial but an appetizer.,normal,157419,2,2,Common,Hag,Creature
Doomgape,{4}{B/G}{B/G}{B/G},7,"B,G",Dave Allsop,120,Creature — Elemental,"Trample\nAt the beginning of your upkeep, sacrifice a creature. You gain life equal to that creature's toughness.","EVE,DDJ",It eats and eats until the juiciest morsel it can find is itself.,normal,146010,10,10,Rare,Elemental,Creature
Drain the Well,{2}{B/G}{B/G},4,"B,G",Warren Mahy,121,Sorcery,Destroy target land. You gain 2 life.,EVE,Trows have learned that it's not wise to eat cinders without a bucket or two of water nearby.,normal,151079,,,Common,,Sorcery
Gift of the Deity,{4}{B/G},5,"B,G",Steve Prescott,122,Enchantment — Aura,"Enchant creature\nAs long as enchanted creature is black, it gets +1/+1 and has deathtouch. (Any amount of damage it deals to a creature is enough to destroy that creature.)\nAs long as enchanted creature is green, it gets +1/+1 and all creatures able to block it do so.",EVE,,normal,151153,,,Common,Aura,Enchantment
Hag Hedge-Mage,{2}{B/G},3,"B,G",Scott Altmann,123,Creature — Hag Shaman,"When Hag Hedge-Mage enters the battlefield, if you control two or more Swamps, you may have target player discard a card.\nWhen Hag Hedge-Mage enters the battlefield, if you control two or more Forests, you may put target card from your graveyard on top of your library.",EVE,,normal,157980,2,2,Uncommon,"Hag,Shaman",Creature
Noxious Hatchling,{3}{B/G},4,"B,G",Nils Hamm,124,Creature — Elemental,"Noxious Hatchling enters the battlefield with four -1/-1 counters on it.\nWither (This deals damage to creatures in the form of -1/-1 counters.)\nWhenever you cast a black spell, remove a -1/-1 counter from Noxious Hatchling.\nWhenever you cast a green spell, remove a -1/-1 counter from Noxious Hatchling.",EVE,,normal,153448,6,6,Uncommon,Elemental,Creature
Odious Trow,{B/G},1,"B,G",Warren Mahy,125,Creature — Troll,{1}{B/G}: Regenerate Odious Trow.,EVE,Trows are the vile trolls that lurk in the bogs of Shadowmoor. They reappear each night to frighten the living and gnaw the dead.,normal,150977,1,1,Common,Troll,Creature
Quillspike,{2}{B/G},3,"B,G",Carl Critchlow,126,Creature — Beast,"{B/G}, Remove a -1/-1 counter from a creature you control: Quillspike gets +3/+3 until end of turn.",EVE,"While it's true that a quillspike does heal the sick, it's just because it finds them tastier that way.",normal,152086,1,1,Uncommon,Beast,Creature
Rendclaw Trow,{2}{B/G},3,"B,G",Warren Mahy,127,Creature — Troll,"Wither (This deals damage to creatures in the form of -1/-1 counters.)\nPersist (When this creature dies, if it had no -1/-1 counters on it, return it to the battlefield under its owner's control with a -1/-1 counter on it.)",EVE,,normal,158902,2,2,Common,Troll,Creature
Sapling of Colfenor,{3}{B/G}{B/G},5,"B,G",John Avon,128,Legendary Creature — Treefolk Shaman,"Indestructible\nWhenever Sapling of Colfenor attacks, reveal the top card of your library. If it's a creature card, you gain life equal to that card's toughness, lose life equal to its power, then put it into your hand.",EVE,Her plans may yet bear fruit.,normal,157973,2,5,Rare,"Treefolk,Shaman",Creature
Stalker Hag,{B/G}{B/G}{B/G},3,"B,G",Dave Kendall,129,Creature — Hag,"Swampwalk, forestwalk (This creature can't be blocked as long as defending player controls a Swamp or a Forest.)",EVE,Her hunt is silent until a bone snaps or flesh tears. Her victims never know to scream.,normal,151120,3,2,Uncommon,Hag,Creature
Woodlurker Mimic,{1}{B/G},2,"B,G",Franz Vohwinkel,130,Creature — Shapeshifter,"Whenever you cast a spell that's both black and green, Woodlurker Mimic has base power and toughness 4/5 until end of turn and gains wither until end of turn. (It deals damage to creatures in the form of -1/-1 counters.)",EVE,A mimic's disguise fools its victims just long enough to draw them within range of its venomous tentacles.,normal,158599,2,1,Common,Shapeshifter,Creature
Worm Harvest,{2}{B/G}{B/G}{B/G},5,"B,G",Chuck Lukacs,131,Sorcery,Put a 1/1 black and green Worm creature token onto the battlefield for each land card in your graveyard.\nRetrace (You may cast this card from your graveyard by discarding a land card in addition to paying its other costs.),"EVE,MMA",,normal,151135,,,Rare,,Sorcery
Balefire Liege,{2}{R/W}{R/W}{R/W},5,"W,R",Ralph Horsley,132,Creature — Spirit Horror,"Other red creatures you control get +1/+1.\nOther white creatures you control get +1/+1.\nWhenever you cast a red spell, Balefire Liege deals 3 damage to target player.\nWhenever you cast a white spell, you gain 3 life.","EVE,HOP",,normal,158104,2,4,Rare,"Spirit,Horror",Creature
Battlegate Mimic,{1}{R/W},2,"W,R",Franz Vohwinkel,133,Creature — Shapeshifter,"Whenever you cast a spell that's both red and white, Battlegate Mimic has base power and toughness 4/2 until end of turn and gains first strike until end of turn.","EVE,HOP","Mimics don't need perfect disguises. They need only the perfect victims: the naive, the young, or the poor of sight.",normal,151165,2,1,Common,Shapeshifter,Creature
Belligerent Hatchling,{3}{R/W},4,"W,R",Steve Prescott,134,Creature — Elemental,"First strike\nBelligerent Hatchling enters the battlefield with four -1/-1 counters on it.\nWhenever you cast a red spell, remove a -1/-1 counter from Belligerent Hatchling.\nWhenever you cast a white spell, remove a -1/-1 counter from Belligerent Hatchling.",EVE,,normal,153478,6,6,Uncommon,Elemental,Creature
Double Cleave,{1}{R/W},2,"W,R",rk post,135,Instant,Target creature gains double strike until end of turn. (It deals both first-strike and regular combat damage.),"EVE,HOP","""When in doubt, kill 'em twice.""",normal,153039,,,Common,,Instant
Duergar Assailant,{R/W},1,"W,R",Paul Bonner,136,Creature — Dwarf Soldier,Sacrifice Duergar Assailant: Duergar Assailant deals 1 damage to target attacking or blocking creature.,EVE,Some duergars dismiss the world above as a fable. They react violently when their comfortable illusions are dispelled.,normal,150975,1,1,Common,"Dwarf,Soldier",Creature
Duergar Hedge-Mage,{2}{R/W},3,"W,R",Dave Allsop,137,Creature — Dwarf Shaman,"When Duergar Hedge-Mage enters the battlefield, if you control two or more Mountains, you may destroy target artifact.\nWhen Duergar Hedge-Mage enters the battlefield, if you control two or more Plains, you may destroy target enchantment.","pGTW,EVE,HOP,CMD",,normal,159068,2,2,Uncommon,"Dwarf,Shaman",Creature
Duergar Mine-Captain,{2}{R/W},3,"W,R",Matt Cavotta,138,Creature — Dwarf Soldier,"{1}{R/W}, {Q}: Attacking creatures get +1/+0 until end of turn. ({Q} is the untap symbol.)",EVE,"Duergars are prodigious workers with long memories. Some still fulfill intricately detailed orders given decades, if not centuries, before.",normal,151106,2,1,Uncommon,"Dwarf,Soldier",Creature
Figure of Destiny,{R/W},1,"W,R",Scott M. Fischer,139,Creature — Kithkin,"{R/W}: Figure of Destiny becomes a Kithkin Spirit with base power and toughness 2/2.\n{R/W}{R/W}{R/W}: If Figure of Destiny is a Spirit, it becomes a Kithkin Spirit Warrior with base power and toughness 4/4.\n{R/W}{R/W}{R/W}{R/W}{R/W}{R/W}: If Figure of Destiny is a Warrior, it becomes a Kithkin Spirit Warrior Avatar with base power and toughness 8/8, flying, and first strike.","pLPA,EVE,PD2,MMA,DDL",,normal,158106,1,1,Rare,Kithkin,Creature
Fire at Will,{R/W}{R/W}{R/W},3,"W,R",Pete Venters,140,Instant,"Fire at Will deals 3 damage divided as you choose among one, two, or three target attacking or blocking creatures.",EVE,"""Make these shots count. The more foes we drop now, the fewer we'll have trying to kill us later.""",normal,151149,,,Common,,Instant
Hearthfire Hobgoblin,{R/W}{R/W}{R/W},3,"W,R",Steven Belledin,141,Creature — Goblin Soldier,Double strike,"EVE,HOP,MM2",Hobgoblins are best left alone. They sharpen their farm implements far more than is necessary for their work in the fields.,normal,157201,2,2,Uncommon,"Goblin,Soldier",Creature
Hobgoblin Dragoon,{2}{R/W},3,"W,R",Matt Cavotta,142,Creature — Goblin Knight,"Flying, first strike",EVE,"The faeries snickered at first. A common hob in Oona's skies? But his lance ended their mockery, and now the sound of a cicada's wings brings a shudder to the faerie heart.",normal,151090,1,2,Common,"Goblin,Knight",Creature
Moonhold,{2}{R/W},3,"W,R",Mike Dringenberg,143,Instant,Target player can't play land cards this turn if {R} was spent to cast Moonhold and can't play creature cards this turn if {W} was spent to cast it. (Do both if {R}{W} was spent.),EVE,,normal,157403,,,Uncommon,,Instant
Nobilis of War,{R/W}{R/W}{R/W}{R/W}{R/W},5,"W,R",Christopher Moeller,144,Creature — Spirit Avatar,Flying\nAttacking creatures you control get +2/+0.,"EVE,DDL,MM2","""A great siege is a banquet to him; a long and terrible battle, the most exquisite delicacy.""\n—The Seer's Parables",normal,154258,3,4,Rare,"Spirit,Avatar",Creature
Rise of the Hobgoblins,{R/W}{R/W},2,"W,R",Jeff Miracola,145,Enchantment,"When Rise of the Hobgoblins enters the battlefield, you may pay {X}. If you do, put X 1/1 red and white Goblin Soldier creature tokens onto the battlefield.\n{R/W}: Red creatures and white creatures you control gain first strike until end of turn.",EVE,A river even the merrow dare not cross.,normal,151114,,,Rare,,Enchantment
Scourge of the Nobilis,{2}{R/W},3,"W,R",Dan Scott,146,Enchantment — Aura,"Enchant creature\nAs long as enchanted creature is red, it gets +1/+1 and has ""{R/W}: This creature gets +1/+0 until end of turn.""\nAs long as enchanted creature is white, it gets +1/+1 and has lifelink. (Damage dealt by the creature also causes its controller to gain that much life.)",EVE,,normal,152015,,,Common,Aura,Enchantment
Spitemare,{2}{R/W}{R/W},4,"W,R",Matt Cavotta,147,Creature — Elemental,"Whenever Spitemare is dealt damage, it deals that much damage to target creature or player.","EVE,DDH","""I knew a creature carved from a dream of wild freedom. Any attempt to leash or exploit it failed, and at terrible cost.""\n—Ashling",normal,152044,3,3,Uncommon,Elemental,Creature
Waves of Aggression,{3}{R/W}{R/W},5,"W,R",Jim Pavelec,148,Sorcery,"Untap all creatures that attacked this turn. After this main phase, there is an additional combat phase followed by an additional main phase.\nRetrace (You may cast this card from your graveyard by discarding a land card in addition to paying its other costs.)",EVE,,normal,158107,,,Rare,,Sorcery
Cold-Eyed Selkie,{1}{G/U}{G/U},3,"U,G",Jaime Jones,149,Creature — Merfolk Rogue,"Islandwalk (This creature can't be blocked as long as defending player controls an Island.)\nWhenever Cold-Eyed Selkie deals combat damage to a player, you may draw that many cards.","EVE,MMA,C15",She follows the old tributaries built when merrows still shaped the tides.,normal,153471,1,1,Rare,"Merfolk,Rogue",Creature
Fable of Wolf and Owl,{3}{G/U}{G/U}{G/U},6,"U,G",Heather Hudson,150,Enchantment,"Whenever you cast a green spell, you may put a 2/2 green Wolf creature token onto the battlefield.\nWhenever you cast a blue spell, you may put a 1/1 blue Bird creature token with flying onto the battlefield.",EVE,The forest grew fangs. The sky spread its wings.,normal,152087,,,Rare,,Enchantment
Favor of the Overbeing,{1}{G/U},2,"U,G",Chippy,151,Enchantment — Aura,"Enchant creature\nAs long as enchanted creature is green, it gets +1/+1 and has vigilance.\nAs long as enchanted creature is blue, it gets +1/+1 and has flying.",EVE,Enlightenment is the mundane seen from the vantage point of the divine.,normal,151118,,,Common,Aura,Enchantment
Gilder Bairn,{1}{G/U}{G/U},3,"U,G",Nils Hamm,152,Creature — Ouphe,"{2}{G/U}, {Q}: For each counter on target permanent, put another of those counters on that permanent. ({Q} is the untap symbol.)",EVE,"Do the glowing trinkets show it the way home, or do they set a twisted path for someone else to follow?",normal,152046,1,3,Uncommon,Ouphe,Creature
Grazing Kelpie,{3}{G/U},4,"U,G",Drew Tucker,153,Creature — Beast,"{G/U}, Sacrifice Grazing Kelpie: Put target card from a graveyard on the bottom of its owner's library.\nPersist (When this creature dies, if it had no -1/-1 counters on it, return it to the battlefield under its owner's control with a -1/-1 counter on it.)",EVE,,normal,153428,2,3,Common,Beast,Creature
Groundling Pouncer,{1}{G/U},2,"U,G",Richard Whitters,154,Creature — Faerie,{G/U}: Groundling Pouncer gets +1/+3 and gains flying until end of turn. Activate this ability only once each turn and only if an opponent controls a creature with flying.,EVE,Endry was determined to teach his groundlings a few winged-faerie tricks.,normal,153056,2,1,Uncommon,Faerie,Creature
Invert the Skies,{3}{G/U},4,"U,G",Randy Gallegos,155,Instant,"Creatures your opponents control lose flying until end of turn if {G} was spent to cast Invert the Skies, and creatures you control gain flying until end of turn if {U} was spent to cast it. (Do both if {G}{U} was spent.)",EVE,,normal,151108,,,Uncommon,,Instant
Murkfiend Liege,{2}{G/U}{G/U}{G/U},5,"U,G",Carl Critchlow,156,Creature — Horror,Other green creatures you control get +1/+1.\nOther blue creatures you control get +1/+1.\nUntap all green and/or blue creatures you control during each other player's untap step.,"EVE,C13",,normal,152091,4,4,Rare,Horror,Creature
Overbeing of Myth,{G/U}{G/U}{G/U}{G/U}{G/U},5,"U,G",Chippy,157,Creature — Spirit Avatar,"Overbeing of Myth's power and toughness are each equal to the number of cards in your hand.\nAt the beginning of your draw step, draw an additional card.","pPRE,EVE","""She walks among us unseen, learning from our imperfections.""\n—The Seer's Parables",normal,151151,*,*,Rare,"Spirit,Avatar",Creature
Selkie Hedge-Mage,{2}{G/U},3,"U,G",Larry MacDougall,158,Creature — Merfolk Wizard,"When Selkie Hedge-Mage enters the battlefield, if you control two or more Forests, you may gain 3 life.\nWhen Selkie Hedge-Mage enters the battlefield, if you control two or more Islands, you may return target tapped creature to its owner's hand.","pGTW,EVE",,normal,159067,2,2,Uncommon,"Merfolk,Wizard",Creature
Shorecrasher Mimic,{1}{G/U},2,"U,G",Franz Vohwinkel,159,Creature — Shapeshifter,"Whenever you cast a spell that's both green and blue, Shorecrasher Mimic has base power and toughness 5/3 until end of turn and gains trample until end of turn.",EVE,The Aurora replaced the changelings' innocence with malice and their curiosity with hunger.,normal,151147,2,1,Common,Shapeshifter,Creature
Slippery Bogle,{G/U},1,"U,G",Dave Allsop,160,Creature — Beast,Hexproof (This creature can't be the target of spells or abilities your opponents control.),EVE,Bogles are very tasty if you can get the skin off. It's getting a blade on them that's the problem.,normal,150999,1,1,Common,Beast,Creature
Snakeform,{2}{G/U},3,"U,G",Jim Nelson,161,Instant,"Until end of turn, target creature loses all abilities and becomes a green Snake with base power and toughness 1/1.\nDraw a card.","EVE,C15","Losing his possessions distressed him, but the lack of limbs was strangely liberating.",normal,157401,,,Common,,Instant
Spitting Image,{4}{G/U}{G/U},6,"U,G",Jim Nelson,162,Sorcery,Put a token that's a copy of target creature onto the battlefield.\nRetrace (You may cast this card from your graveyard by discarding a land card in addition to paying its other costs.),EVE,Spitting is the customary greeting between a creature and its magical impostor.,normal,154261,,,Rare,,Sorcery
Sturdy Hatchling,{3}{G/U},4,"U,G",Darrell Riche,163,Creature — Elemental,"Sturdy Hatchling enters the battlefield with four -1/-1 counters on it.\n{G/U}: Sturdy Hatchling gains shroud until end of turn. (It can't be the target of spells or abilities.)\nWhenever you cast a green spell, remove a -1/-1 counter from Sturdy Hatchling.\nWhenever you cast a blue spell, remove a -1/-1 counter from Sturdy Hatchling.",EVE,,normal,153477,6,6,Uncommon,Elemental,Creature
Trapjaw Kelpie,{4}{G/U}{G/U},6,"U,G",Lars Grant-West,164,Creature — Beast,"Flash\nPersist (When this creature dies, if it had no -1/-1 counters on it, return it to the battlefield under its owner's control with a -1/-1 counter on it.)",EVE,Travelers in these waters leave a bit of themselves behind.,normal,152140,3,3,Common,Beast,Creature
Wistful Selkie,{G/U}{G/U}{G/U},3,"U,G",Mark Tedin,165,Creature — Merfolk Wizard,"When Wistful Selkie enters the battlefield, draw a card.","EVE,C15","Selkies call to a sea they never swam, in a tongue they never spoke, with a song they never learned.",normal,151143,2,2,Uncommon,"Merfolk,Wizard",Creature
Altar Golem,{7},7,,Rob Alexander,166,Artifact Creature — Golem,Trample\nAltar Golem's power and toughness are each equal to the number of creatures on the battlefield.\nAltar Golem doesn't untap during your untap step.\nTap five untapped creatures you control: Untap Altar Golem.,EVE,,normal,157974,*,*,Rare,Golem,"Artifact,Creature"
Antler Skulkin,{5},5,,Dave Kendall,167,Artifact Creature — Scarecrow,"{2}: Target white creature gains persist until end of turn. (When it dies, if it had no -1/-1 counters on it, return it to the battlefield under its owner's control with a -1/-1 counter on it.)",EVE,"Every skull has a tale to tell, and a skulkin is many dire tales cobbled together.",normal,158293,3,3,Common,Scarecrow,"Artifact,Creature"
Fang Skulkin,{2},2,,Ron Brown,168,Artifact Creature — Scarecrow,{2}: Target black creature gains wither until end of turn. (It deals damage to creatures in the form of -1/-1 counters.),EVE,"""Everything falls apart. But living things fall apart in the most fascinating ways.""\n—Mowagh the Gwyllion",normal,158296,2,1,Common,Scarecrow,"Artifact,Creature"
Hoof Skulkin,{3},3,,Joshua Hagler,169,Artifact Creature — Scarecrow,{3}: Target green creature gets +1/+1 until end of turn.,EVE,It hunts with the memory of a long lost herd.,normal,158294,2,2,Common,Scarecrow,"Artifact,Creature"
Jawbone Skulkin,{1},1,,Jeff Easley,170,Artifact Creature — Scarecrow,{2}: Target red creature gains haste until end of turn.,EVE,"""Ah, skull of shrew—a very potent substance. In powdered form, it gives thrice the zing of noggle hoof pulp.""\n—Boghald, Barrenton medic",normal,158295,1,1,Common,Scarecrow,"Artifact,Creature"
Leering Emblem,{2},2,,Ron Brown,171,Artifact — Equipment,"Whenever you cast a spell, equipped creature gets +2/+2 until end of turn.\nEquip {2}",EVE,"The banner was not a symbol of victory, but a herald of the carnage to come.",normal,157971,,,Rare,Equipment,Artifact
Scarecrone,{3},3,,Jesper Ejsing,172,Artifact Creature — Scarecrow,"{1}, Sacrifice a Scarecrow: Draw a card.\n{4}, {T}: Return target artifact creature card from your graveyard to the battlefield.",EVE,Her poppets bring joy to the truly depraved.,normal,157979,1,2,Rare,Scarecrow,"Artifact,Creature"
Shell Skulkin,{4},4,,Cole Eastburn,173,Artifact Creature — Scarecrow,{3}: Target blue creature gains shroud until end of turn. (It can't be the target of spells or abilities.),EVE,Skulkins confer strange benefits on unsuspecting patrons.,normal,158297,3,2,Common,Scarecrow,"Artifact,Creature"
Ward of Bones,{6},6,,David Martin,174,Artifact,"Each opponent who controls more creatures than you can't play creature cards. The same is true for artifacts, enchantments, and lands.",EVE,Mages dare not attempt magic in its grotesque presence.,normal,157972,,,Rare,,Artifact
Cascade Bluffs,,,"U,R",Brandon Kitkouski,175,Land,"{T}: Add {C} to your mana pool.\n{U/R}, {T}: Add {U}{U}, {U}{R}, or {R}{R} to your mana pool.","EVE,EXP",Travelers bathe in the falls to wash away curses from the pucas who lurk nearby.,normal,153433,,,Rare,,Land
Fetid Heath,,,"W,B",Daarken,176,Land,"{T}: Add {C} to your mana pool.\n{W/B}, {T}: Add {W}{W}, {W}{B}, or {B}{B} to your mana pool.","EVE,EXP","""Do not linger in such places, child. There the gwyllions dance. If they find you, you will join in their revels for eternity.""\n—Talara, elvish safewright",normal,153446,,,Rare,,Land
Flooded Grove,,,"G,U",Dave Kendall,177,Land,"{T}: Add {C} to your mana pool.\n{G/U}, {T}: Add {G}{G}, {G}{U}, or {U}{U} to your mana pool.","EVE,EXP","At full moon, the river seeps over its banks and crawls through the woods like a blanket of serpents.",normal,153481,,,Rare,,Land
Rugged Prairie,,,"R,W",Fred Fields,178,Land,"{T}: Add {C} to your mana pool.\n{R/W}, {T}: Add {R}{R}, {R}{W}, or {W}{W} to your mana pool.","EVE,EXP","Hobs bury their kin far from home. They believe the dry, open ground keeps hags from stealing the bones and gwyllions from stealing the spirits.",normal,153434,,,Rare,,Land
Springjack Pasture,,,,Terese Nielsen,179,Land,"{T}: Add {C} to your mana pool.\n{4}, {T}: Put a 0/1 white Goat creature token onto the battlefield.\n{T}, Sacrifice X Goats: Add X mana of any one color to your mana pool. You gain X life.","EVE,C13",,normal,157976,,,Rare,,Land
Twilight Mire,,,"B,G",Rob Alexander,180,Land,"{T}: Add {C} to your mana pool.\n{B/G}, {T}: Add {B}{B}, {B}{G}, or {G}{G} to your mana pool.","EVE,EXP","As their roots soaked in a weak tea of bogwater and decay, the trees absorbed the essence of death into their living tissue.",normal,153425,,,Rare,,Land
