name,manaCost,cmc,colorIdentity,artist,number,type,text,printings,flavor,layout,multiverseid,power,toughness,rarity,subtypes,types
Aeolipile,{2},2,,Heather Hudson,,Artifact,"{1}, {T}, Sacrifice Aeolipile: Aeolipile deals 2 damage to target creature or player.","FEM,ME2","""Although fragile, the Aeolipile could be quite destructive.""\n—Sarpadian Empires, vol. I",normal,1827,,,Rare,,Artifact
Armor Thrull,{2}{B},3,B,Jeff A. Menges,,Creature — Thrull,"{T}, Sacrifice Armor Thrull: Put a +1/+2 counter on target creature.","FEM,ME2","""Except for a bare spot at the base of their skulls, Armor Thrulls bear interlocking plates and spikes with the strength of steel. Their design is almost artistic.""\n—Endrek Sahr, ""Thrulls""",normal,1838,1,3,Common,Thrull,Creature
Armor Thrull,{2}{B},3,B,Scott Kirschner,,Creature — Thrull,"{T}, Sacrifice Armor Thrull: Put a +1/+2 counter on target creature.","FEM,ME2","Occasionally, an ally balked at wearing a dead Thrull as armor. The priests' whips, however, were usually enough to encourage a more practical outlook.",normal,1839,1,3,Common,Thrull,Creature
Armor Thrull,{2}{B},3,B,Ron Spencer,,Creature — Thrull,"{T}, Sacrifice Armor Thrull: Put a +1/+2 counter on target creature.","FEM,ME2","""They gave their lives to strengthen the Order's armies, until they declined this honor in favor of joining the Thrull Rebellion.""\n—Jherana Rure, Counter-Insurgency Commander",normal,1840,1,3,Common,Thrull,Creature
Armor Thrull,{2}{B},3,B,Pete Venters,,Creature — Thrull,"{T}, Sacrifice Armor Thrull: Put a +1/+2 counter on target creature.","FEM,ME2","""The worst thing about being a mercenary for the Ebon Hand is having to wear a dead Thrull.""\n—Ivra Jursdotter",normal,1841,1,3,Common,Thrull,Creature
Balm of Restoration,{2},2,,Margaret Organ-Kean,,Artifact,"{1}, {T}, Sacrifice Balm of Restoration: Choose one —\n• You gain 2 life.\n• Prevent the next 2 damage that would be dealt to target creature or player this turn.",FEM,"""Not all armies enjoyed the services of a medic. For them, Balm of Restoration was that much more valuable.""\n—Sarpadian Empires, vol. I",normal,1828,,,Rare,,Artifact
Basal Thrull,{B}{B},2,B,Kaja Foglio,,Creature — Thrull,"{T}, Sacrifice Basal Thrull: Add {B}{B} to your mana pool.","FEM,MED","Initially bred for sacrifice, the Thrulls eventually turned on their masters, the Order of the Ebon Hand, with gruesome results.\n—Sarpadian Empires, vol. II",normal,1842,1,2,Common,Thrull,Creature
Basal Thrull,{B}{B},2,B,Richard Kane Ferguson,,Creature — Thrull,"{T}, Sacrifice Basal Thrull: Add {B}{B} to your mana pool.","FEM,MED","""To create the first Thrulls, I only introduced alchemic elements into the Order's necromancy; Tourach's principles remained unchanged.""\n—Endrek Sahr, Master Breeder",normal,1843,1,2,Common,Thrull,Creature
Basal Thrull,{B}{B},2,B,Phil Foglio,,Creature — Thrull,"{T}, Sacrifice Basal Thrull: Add {B}{B} to your mana pool.","FEM,MED","Although my later designs were much more sophisticated, Basal Thrulls were no less a success.""\n—Endrek Sahr, ""Thrulls""",normal,1844,1,2,Common,Thrull,Creature
Basal Thrull,{B}{B},2,B,Christopher Rush,,Creature — Thrull,"{T}, Sacrifice Basal Thrull: Add {B}{B} to your mana pool.","FEM,MED","""Above all, a well crafted Thrull should be hideous—blasted of countenance and twisted of limb—to inspire fear and revulsion.""\n—Endrek Sahr, Master Breeder",normal,1845,1,2,Common,Thrull,Creature
Bottomless Vault,,,B,Pat Morrissey,,Land,"Bottomless Vault enters the battlefield tapped.\nYou may choose not to untap Bottomless Vault during your untap step.\nAt the beginning of your upkeep, if Bottomless Vault is tapped, put a storage counter on it.\n{T}, Remove any number of storage counters from Bottomless Vault: Add {B} to your mana pool for each storage counter removed this way.","FEM,5ED",,normal,2003,,,Rare,,Land
Brassclaw Orcs,{2}{R},3,R,Rob Alexander,,Creature — Orc,Brassclaw Orcs can't block creatures with power 2 or greater.,"FEM,5ED,ME2","""A whole skin is worth a thousand victories.""\n—Orcish Veteran of the Battle of Montford",normal,1937,3,2,Common,Orc,Creature
Brassclaw Orcs,{2}{R},3,R,Dan Frazier,,Creature — Orc,Brassclaw Orcs can't block creatures with power 2 or greater.,"FEM,5ED,ME2","""Brassclaws were typical Orcs—quick to laud their own prowess in battle, quick to jeer at their opponents, and quicker still to run away when things started to look slightly dangerous.""\n—Sarpadian Empires, vol. IV",normal,1938,3,2,Common,Orc,Creature
Brassclaw Orcs,{2}{R},3,R,Heather Hudson,,Creature — Orc,Brassclaw Orcs can't block creatures with power 2 or greater.,"FEM,5ED,ME2","""The large brass claws worn by some Sarpadian Orc tribes were among the least feared weapons ever known.""\n—Sarpadian Empires, vol. IV",normal,1940,3,2,Common,Orc,Creature
Brassclaw Orcs,{2}{R},3,R,Rob Alexander,,Creature — Orc,Brassclaw Orcs can't block creatures with power 2 or greater.,"FEM,5ED,ME2","""The Brassclaws delighted in lightning raids on Icatian and Dwarven towns; an unprepared enemy is easier to defeat.""\n—Sarpadian Empires, vol. IV",normal,1966,3,2,Common,Orc,Creature
Breeding Pit,{3}{B},4,B,Anson Maddocks,,Enchantment,"At the beginning of your upkeep, sacrifice Breeding Pit unless you pay {B}{B}.\nAt the beginning of your end step, put a 0/1 black Thrull creature token onto the battlefield.","FEM,5ED,MED,DDC,DD3_DVD","The Thrulls bred at a terrifying pace. In the end, they overwhelmed the Order of the Ebon Hand.",normal,1846,,,Uncommon,,Enchantment
Combat Medic,{2}{W},3,W,Anson Maddocks,,Creature — Human Cleric Soldier,{1}{W}: Prevent the next 1 damage that would be dealt to target creature or player this turn.,"FEM,ATH,ME2","""Without Combat Medics, Icatia would probably not have withstood the forces of chaos as long as it did.""\n—Sarpadian Empires, vol. VI",normal,1970,0,2,Common,"Human,Cleric,Soldier",Creature
Combat Medic,{2}{W},3,W,"Edward P. Beard, Jr.",,Creature — Human Cleric Soldier,{1}{W}: Prevent the next 1 damage that would be dealt to target creature or player this turn.,"FEM,ATH,ME2","""Although Icatia's Combat Medics borrowed much of their knowledge from other societies, their skills were their own.""\n—Sarpadian Empires, vol. VI",normal,1971,0,2,Common,"Human,Cleric,Soldier",Creature
Combat Medic,{2}{W},3,W,Susan Van Camp,,Creature — Human Cleric Soldier,{1}{W}: Prevent the next 1 damage that would be dealt to target creature or player this turn.,"FEM,ATH,ME2","""We'd no sooner knock 'em back on their heels than that accursed sawbones would show up and patch 'em back together again.""\n—Ivra Jursdotter",normal,1972,0,2,Common,"Human,Cleric,Soldier",Creature
Combat Medic,{2}{W},3,W,Liz Danforth,,Creature — Human Cleric Soldier,{1}{W}: Prevent the next 1 damage that would be dealt to target creature or player this turn.,"FEM,ATH,ME2","""Time enough to become a Medic once you're hurt too badly to fight. For now, Icatia needs your strength more than your compassion.""\n—Lydia Wynforth, Mayor of Trokair",normal,1973,0,2,Common,"Human,Cleric,Soldier",Creature
Conch Horn,{2},2,,Phil Foglio,,Artifact,"{1}, {T}, Sacrifice Conch Horn: Draw two cards, then put a card from your hand on top of your library.",FEM,Even the most skilled of modern mages only partially understand the Conch Horn's awesome powers.,normal,1829,,,Rare,,Artifact
Deep Spawn,{5}{U}{U}{U},8,U,Mark Tedin,,Creature — Homarid,"Trample\nAt the beginning of your upkeep, sacrifice Deep Spawn unless you put the top two cards of your library into your graveyard.\n{U}: Deep Spawn gains shroud until end of turn and doesn't untap during your next untap step. Tap Deep Spawn. (A creature with shroud can't be the target of spells or abilities.)","FEM,ME2",,normal,1871,6,6,Uncommon,Homarid,Creature
Delif's Cone,{0},,,Mark Tedin,,Artifact,"{T}, Sacrifice Delif's Cone: This turn, when target creature you control attacks and isn't blocked, you may gain life equal to its power. If you do, it assigns no combat damage this turn.",FEM,"""Where is it written that beasts must cause pain?"" —Delif, Ponderings",normal,1830,,,Common,,Artifact
Delif's Cube,{1},1,,Mark Tedin,,Artifact,"{2}, {T}: This turn, when target creature you control attacks and isn't blocked, it assigns no combat damage this turn and you put a cube counter on Delif's Cube.\n{2}, Remove a cube counter from Delif's Cube: Regenerate target creature.",FEM,,normal,1831,,,Rare,,Artifact
Derelor,{3}{B},4,B,Anson Maddocks,,Creature — Thrull,Black spells you cast cost {B} more to cast.,"FEM,5ED,6ED,MED","""Strength it has, but at the cost of a continuous supply of energy. Such failure can bear only one result.""\n—From the execution order for Endrek Sahr, Master Breeder",normal,1847,4,4,Rare,Thrull,Creature
Draconian Cylix,{3},3,,"Edward P. Beard, Jr.",,Artifact,"{2}, {T}, Discard a card at random: Regenerate target creature.",FEM,"""There is no gain without sacrifice.""\n—Icatian proverb",normal,1832,,,Rare,,Artifact
Dwarven Armorer,{R},1,R,Bryon Wackwitz,,Creature — Dwarf,"{R}, {T}, Discard a card: Put a +0/+1 counter or a +1/+0 counter on target creature.",FEM,"""The few remaining pieces from this period suggest the Dwarves eventually made weapons and armor out of everything, even children's toys.""\n—Sarpadian Empires, vol. IV",normal,1941,0,2,Rare,Dwarf,Creature
Dwarven Catapult,{X}{R},1,R,Jeff A. Menges,,Instant,"Dwarven Catapult deals X damage divided evenly, rounded down, among all creatures target opponent controls.","FEM,5ED,MED","""Often greatly outnumbered in battle, Dwarves relied on catapults as one means of damaging a large army.""\n—Sarpadian Empires, vol. IV",normal,1942,,,Uncommon,,Instant
Dwarven Hold,,,R,Pat Morrissey,,Land,"Dwarven Hold enters the battlefield tapped.\nYou may choose not to untap Dwarven Hold during your untap step.\nAt the beginning of your upkeep, if Dwarven Hold is tapped, put a storage counter on it.\n{T}, Remove any number of storage counters from Dwarven Hold: Add {R} to your mana pool for each storage counter removed this way.","FEM,5ED",,normal,2004,,,Rare,,Land
Dwarven Lieutenant,{R}{R},2,R,Jeff A. Menges,,Creature — Dwarf Soldier,{1}{R}: Target Dwarf creature gets +1/+0 until end of turn.,FEM,"""Dwarven officers were tireless in battle, moving up and down the lines to rally their troops and boost morale.""\n—Sarpadian Empires, vol. IV",normal,1943,1,2,Uncommon,"Dwarf,Soldier",Creature
Dwarven Ruins,,,R,Mark Poole,,Land,"Dwarven Ruins enters the battlefield tapped.\n{T}: Add {R} to your mana pool.\n{T}, Sacrifice Dwarven Ruins: Add {R}{R} to your mana pool.","FEM,5ED,6ED,BTD,ME2",,normal,2005,,,Uncommon,,Land
Dwarven Soldier,{1}{R},2,R,Randy Asplund-Faith,,Creature — Dwarf Soldier,"Whenever Dwarven Soldier blocks or becomes blocked by one or more Orcs, Dwarven Soldier gets +0/+2 until end of turn.","FEM,5ED,MED",There is a legend among present-day Dwarves that the Dwarves of Sarpadia will one day return to defend Dwarvenkind against a deadly peril.,normal,1944,2,1,Common,"Dwarf,Soldier",Creature
Dwarven Soldier,{1}{R},2,R,Rob Alexander,,Creature — Dwarf Soldier,"Whenever Dwarven Soldier blocks or becomes blocked by one or more Orcs, Dwarven Soldier gets +0/+2 until end of turn.","FEM,5ED,MED","""Let no one say we did not fight until the last . . . .""\n—Headstone fragment from a mass grave found in the Crimson Peaks",normal,1945,2,1,Common,"Dwarf,Soldier",Creature
Dwarven Soldier,{1}{R},2,R,Douglas Shuler,,Creature — Dwarf Soldier,"Whenever Dwarven Soldier blocks or becomes blocked by one or more Orcs, Dwarven Soldier gets +0/+2 until end of turn.","FEM,5ED,MED","""Although the Dwarves staunchly defended their walled city-states against the Orcs, their civilization was the first to fall, and its name was sadly lost.""\n—Sarpadian Empires, vol. I",normal,1946,2,1,Common,"Dwarf,Soldier",Creature
Ebon Praetor,{4}{B}{B},6,B,Randy Asplund-Faith,,Creature — Avatar Praetor,"First strike, trample\nAt the beginning of your upkeep, put a -2/-2 counter on Ebon Praetor.\nSacrifice a creature: Remove a -2/-2 counter from Ebon Praetor. If the sacrificed creature was a Thrull, put a +1/+0 counter on Ebon Praetor. Activate this ability only during your upkeep and only once each turn.","FEM,ME2",,normal,1848,5,5,Rare,"Avatar,Praetor",Creature
Ebon Stronghold,,,B,Mark Poole,,Land,"Ebon Stronghold enters the battlefield tapped.\n{T}: Add {B} to your mana pool.\n{T}, Sacrifice Ebon Stronghold: Add {B}{B} to your mana pool.","FEM,5ED,6ED,BTD,ME2,PD3",,normal,2006,,,Uncommon,,Land
Elven Fortress,{G},1,G,Randy Asplund-Faith,,Enchantment,{1}{G}: Target blocking creature gets +0/+1 until end of turn.,FEM,"""The size of the obvious Fortress walls often misled foes. Actually, the Elves enchanted the forest itself to provide the first line of defense with tangling vines and stinging thorns.""\n—Sarpadian Empires, vol. III",normal,1904,,,Common,,Enchantment
Elven Fortress,{G},1,G,Pete Venters,,Enchantment,{1}{G}: Target blocking creature gets +0/+1 until end of turn.,FEM,"Many Elven Fortresses weren't built by masons and carpenters, but created from the living forest itself.",normal,1905,,,Common,,Enchantment
Elven Fortress,{G},1,G,Mark Poole,,Enchantment,{1}{G}: Target blocking creature gets +0/+1 until end of turn.,FEM,"""Thallids are not ordinary enemies of flesh and bone and reason. They attack with no thought for our strength or of their own losses. I fear our Fortresses shall be overwhelmed.""\n—Kyliki of Havenwood",normal,1906,,,Common,,Enchantment
Elven Fortress,{G},1,G,Tom Wänerstrand,,Enchantment,{1}{G}: Target blocking creature gets +0/+1 until end of turn.,FEM,"""Burn it down, you say? Now there's a stupid idea. What do you suppose will become of those overhanging branches, hmmm? And then what do you suppose will become of us?"" —Ivra Jursdotter",normal,1907,,,Common,,Enchantment
Elven Lyre,{2},2,,Kaja Foglio,,Artifact,"{1}, {T}, Sacrifice Elven Lyre: Target creature gets +2/+2 until end of turn.","FEM,ME2",Scholars are uncertain whether it was the actual sound or some other magical property of the Elven Lyre that transformed its player.,normal,1833,,,Rare,,Artifact
Elvish Farmer,{1}{G},2,G,Richard Kane Ferguson,,Creature — Elf,"At the beginning of your upkeep, put a spore counter on Elvish Farmer.\nRemove three spore counters from Elvish Farmer: Put a 1/1 green Saproling creature token onto the battlefield.\nSacrifice a Saproling: You gain 2 life.","FEM,ME2",,normal,1908,0,2,Rare,Elf,Creature
Elvish Hunter,{1}{G},2,G,Susan Van Camp,,Creature — Elf Archer,"{1}{G}, {T}: Target creature doesn't untap during its controller's next untap step.","FEM,ME2","The Elves never had a standing army; when battle came, they pressed Hunters, Scouts, and Farmers into a surprisingly effective militia.",normal,1909,1,1,Common,"Elf,Archer",Creature
Elvish Hunter,{1}{G},2,G,Mark Poole,,Creature — Elf Archer,"{1}{G}, {T}: Target creature doesn't untap during its controller's next untap step.","FEM,ME2","""Elves often tipped their arrows with a drug that caused a deep but harmless sleep.""\n—Sarpadian Empires, vol. III",normal,1910,1,1,Common,"Elf,Archer",Creature
Elvish Hunter,{1}{G},2,G,Anson Maddocks,,Creature — Elf Archer,"{1}{G}, {T}: Target creature doesn't untap during its controller's next untap step.","FEM,ME2","""As the climate cooled, many Elves turned to Thallid farming for food, while the Hunters honed their skills on what little game remained.""\n—Sarpadian Empires, vol. III",normal,1911,1,1,Common,"Elf,Archer",Creature
Elvish Scout,{G},1,G,Pete Venters,,Creature — Elf Scout,"{G}, {T}: Untap target attacking creature you control. Prevent all combat damage that would be dealt to and dealt by it this turn.",FEM,"""Even for Elves, they were stealthy little twerps. They'd taken our measure before we'd even seen them.""\n—Marshall Volnikov",normal,1912,1,1,Common,"Elf,Scout",Creature
Elvish Scout,{G},1,G,Mark Poole,,Creature — Elf Scout,"{G}, {T}: Untap target attacking creature you control. Prevent all combat damage that would be dealt to and dealt by it this turn.",FEM,Even one whose ears were closely tuned to the sounds of Havenwood could miss hearing a Scout move past.,normal,1913,1,1,Common,"Elf,Scout",Creature
Elvish Scout,{G},1,G,Christopher Rush,,Creature — Elf Scout,"{G}, {T}: Untap target attacking creature you control. Prevent all combat damage that would be dealt to and dealt by it this turn.",FEM,"Although the Elves of Havenwood lived in isolated villages, their swift communications allowed them to act as a single community.",normal,1914,1,1,Common,"Elf,Scout",Creature
Farrel's Mantle,{2}{W},3,W,Anthony Waters,,Enchantment — Aura,"Enchant creature\nWhenever enchanted creature attacks and isn't blocked, its controller may have it deal damage equal to its power plus 2 to another target creature. If that player does, the attacking creature assigns no combat damage this turn.","FEM,ME2",,normal,1974,,,Uncommon,Aura,Enchantment
Farrel's Zealot,{1}{W}{W},3,W,"Edward P. Beard, Jr.",,Creature — Human,"Whenever Farrel's Zealot attacks and isn't blocked, you may have it deal 3 damage to target creature. If you do, Farrel's Zealot assigns no combat damage this turn.","FEM,ME2","Farrel, a former priest, believed Icatia was far too complacent toward the Order of the Ebon Hand.",normal,1975,2,2,Common,Human,Creature
Farrel's Zealot,{1}{W}{W},3,W,Richard Kane Ferguson,,Creature — Human,"Whenever Farrel's Zealot attacks and isn't blocked, you may have it deal 3 damage to target creature. If you do, Farrel's Zealot assigns no combat damage this turn.","FEM,ME2","Farrel and his followers became a formidable band of vigilantes, battling Icatians and followers of Tourach.",normal,1976,2,2,Common,Human,Creature
Farrel's Zealot,{1}{W}{W},3,W,Melissa A. Benson,,Creature — Human,"Whenever Farrel's Zealot attacks and isn't blocked, you may have it deal 3 damage to target creature. If you do, Farrel's Zealot assigns no combat damage this turn.","FEM,ME2","After the fall of Trokair, Farrel and his followers formally broke their ties with the rest of Icatia.",normal,1977,2,2,Common,Human,Creature
Farrelite Priest,{1}{W}{W},3,W,Phil Foglio,,Creature — Human Cleric,"{1}: Add {W} to your mana pool. If this ability has been activated four or more times this turn, sacrifice Farrelite Priest at the beginning of the next end step.",FEM,"Although their methods were often brutal, Farrel's followers believed in the preservation of justice and virtue.",normal,1978,1,3,Uncommon,"Human,Cleric",Creature
Feral Thallid,{3}{G}{G}{G},6,G,Rob Alexander,,Creature — Fungus,"At the beginning of your upkeep, put a spore counter on Feral Thallid.\nRemove three spore counters from Feral Thallid: Regenerate Feral Thallid.","FEM,ME2","""Born and bred of fungus, Thallids were nearly impossible to kill.""\n—Sarpadian Empires, vol. I",normal,1915,6,3,Uncommon,Fungus,Creature
Fungal Bloom,{G}{G},2,G,Daniel Gelon,,Enchantment,{G}{G}: Put a spore counter on target Fungus.,"FEM,ME2","""Thallids could absorb energy from the forest itself. Even Elves were at a disadvantage in fighting them.""\n—Sarpadian Empires, vol. III",normal,1916,,,Rare,,Enchantment
Goblin Chirurgeon,{R},1,R,Dan Frazier,,Creature — Goblin Shaman,Sacrifice a Goblin: Regenerate target creature.,"FEM,MED","""Perhaps Goblins are good for something after all.""\n—Attributed to General Khurzog",normal,1947,0,2,Common,"Goblin,Shaman",Creature
Goblin Chirurgeon,{R},1,R,Daniel Gelon,,Creature — Goblin Shaman,Sacrifice a Goblin: Regenerate target creature.,"FEM,MED",The Chirurgeons patched up their fallen comrades with a gruesome mix of twisted limbs and mangled flesh.,normal,1948,0,2,Common,"Goblin,Shaman",Creature
Goblin Chirurgeon,{R},1,R,Phil Foglio,,Creature — Goblin Shaman,Sacrifice a Goblin: Regenerate target creature.,"FEM,MED","""I asked one of my aides how they do it, but all he'd say was, ‘Trust me, Mayor, you don't want to know.'""\n—Lydia Wynforth, Mayor of Trokair",normal,1949,0,2,Common,"Goblin,Shaman",Creature
Goblin Flotilla,{2}{R},3,R,Tom Wänerstrand,,Creature — Goblin,"Islandwalk (This creature can't be blocked as long as defending player controls an Island.)\nAt the beginning of each combat, unless you pay {R}, whenever Goblin Flotilla blocks or becomes blocked by a creature this combat, that creature gains first strike until end of turn.",FEM,"Exceptionally poor sailors, Goblins usually arrived at their destination retching and in no condition to fight.",normal,1950,2,2,Rare,Goblin,Creature
Goblin Grenade,{R},1,R,Ron Spencer,,Sorcery,"As an additional cost to cast Goblin Grenade, sacrifice a Goblin.\nGoblin Grenade deals 5 damage to target creature or player.","FEM,ATH,MED,M12","""According to accepted theory, the Grenade held some kind of flammable mixture and was carried to its target by a hapless Goblin.""\n—Sarpadian Empires, vol. IV",normal,1951,,,Common,,Sorcery
Goblin Grenade,{R},1,R,Dan Frazier,,Sorcery,"As an additional cost to cast Goblin Grenade, sacrifice a Goblin.\nGoblin Grenade deals 5 damage to target creature or player.","FEM,ATH,MED,M12","""I don't suppose we could teach them to throw the cursed things?""\n—Ivra Jursdotter",normal,1952,,,Common,,Sorcery
Goblin Grenade,{R},1,R,Christopher Rush,,Sorcery,"As an additional cost to cast Goblin Grenade, sacrifice a Goblin.\nGoblin Grenade deals 5 damage to target creature or player.","FEM,ATH,MED,M12","""Without their massive numbers, the Goblins could never have launched such a successful offensive.""\n—Sarpadian Empires, vol. VI",normal,1953,,,Common,,Sorcery
Goblin Kites,{1}{R},2,R,Anson Maddocks,,Enchantment,"{R}: Target creature you control with toughness 2 or less gains flying until end of turn. Flip a coin at the beginning of the next end step. If you lose the flip, sacrifice that creature.",FEM,,normal,1954,,,Uncommon,,Enchantment
Goblin War Drums,{2}{R},3,R,Dan Frazier,,Enchantment,Creatures you control have menace. (They can't be blocked except by two or more creatures.),"FEM,5ED,7ED","""The Goblins' dreaded War Drums struck terror into the hearts of even their bravest foes.""\n—Sarpadian Empires, vol. IV",normal,1955,,,Common,,Enchantment
Goblin War Drums,{2}{R},3,R,Heather Hudson,,Enchantment,Creatures you control have menace. (They can't be blocked except by two or more creatures.),"FEM,5ED,7ED",The War Drums enabled Goblin and Orcish armies to crush the sparsely defended Dwarven cities.,normal,1956,,,Common,,Enchantment
Goblin War Drums,{2}{R},3,R,Richard Kane Ferguson,,Enchantment,Creatures you control have menace. (They can't be blocked except by two or more creatures.),"FEM,5ED,7ED","""Defending the outer trenches, we strained our eyes in the darkness. All we could hear was the Drums' terrible pounding. Dobbs, on my right, broke first. Soon, we were all heading for the walls.""\n—Corporal Peter Douglas, courtmartial testimony",normal,1957,,,Common,,Enchantment
Goblin War Drums,{2}{R},3,R,Jeff A. Menges,,Enchantment,Creatures you control have menace. (They can't be blocked except by two or more creatures.),"FEM,5ED,7ED","When creating a new War Drum, Goblin designers sought out the highest quality skulls. Serra Angel skulls were most highly prized, although most acknowledged that the skull of the exotic Sea Serpent made for a richer tone.",normal,1958,,,Common,,Enchantment
Goblin Warrens,{2}{R},3,R,Dan Frazier,,Enchantment,"{2}{R}, Sacrifice two Goblins: Put three 1/1 red Goblin creature tokens onto the battlefield.","FEM,5ED,ATH,6ED,ME4","""Goblins bred underground, their numbers hidden from the enemy until it was too late.""\n—Sarpadian Empires, vol. IV",normal,1959,,,Rare,,Enchantment
Hand of Justice,{5}{W},6,W,Melissa A. Benson,,Creature — Avatar,"{T}, Tap three untapped white creatures you control: Destroy target creature.","FEM,MED","""The Hand of Justice will come to cleanse the world if we are true.""\n—Oliver Farrel",normal,1979,2,6,Rare,Avatar,Creature
Havenwood Battleground,,,G,Mark Poole,,Land,"Havenwood Battleground enters the battlefield tapped.\n{T}: Add {G} to your mana pool.\n{T}, Sacrifice Havenwood Battleground: Add {G}{G} to your mana pool.","FEM,5ED,6ED,BTD,ME2,C14",,normal,2007,,,Uncommon,,Land
Heroism,{2}{W},3,"W,R",Mark Poole,,Enchantment,"Sacrifice a white creature: For each attacking red creature, prevent all combat damage that would be dealt by that creature this turn unless its controller pays {2}{R}.",FEM,,normal,1980,,,Uncommon,,Enchantment
High Tide,{U},1,U,Anson Maddocks,,Instant,"Until end of turn, whenever a player taps an Island for mana, that player adds {U} to his or her mana pool (in addition to the mana the land produces).","FEM,pMEI,MED,VMA","""May Svyelun and her tides favor you.""\n—Traditional Merfolk blessing",normal,1872,,,Common,,Instant
High Tide,{U},1,U,Drew Tucker,,Instant,"Until end of turn, whenever a player taps an Island for mana, that player adds {U} to his or her mana pool (in addition to the mana the land produces).","FEM,pMEI,MED,VMA","""When the very tides turn against you, it's time to consider retirement.""\n—General Khurzog",normal,1873,,,Common,,Instant
High Tide,{U},1,U,Amy Weber,,Instant,"Until end of turn, whenever a player taps an Island for mana, that player adds {U} to his or her mana pool (in addition to the mana the land produces).","FEM,pMEI,MED,VMA","""By the time their enemies noticed the sea's changing mood, the Vodalians had often shifted formation and were ready to attack.""\n—Sarpadian Empires, vol. V",normal,1874,,,Common,,Instant
Hollow Trees,,,G,Pat Morrissey,,Land,"Hollow Trees enters the battlefield tapped.\nYou may choose not to untap Hollow Trees during your untap step.\nAt the beginning of your upkeep, if Hollow Trees is tapped, put a storage counter on it.\n{T}, Remove any number of storage counters from Hollow Trees: Add {G} to your mana pool for each storage counter removed this way.","FEM,5ED",,normal,2008,,,Rare,,Land
Homarid,{2}{U},3,U,Quinton Hoover,,Creature — Homarid,"Homarid enters the battlefield with a tide counter on it.\nAt the beginning of your upkeep, put a tide counter on Homarid.\nAs long as there is exactly one tide counter on Homarid, it gets -1/-1.\nAs long as there are exactly three tide counters on Homarid, it gets +1/+1.\nWhenever there are four or more tide counters on Homarid, remove all tide counters from it.",FEM,,normal,1875,2,2,Common,Homarid,Creature
Homarid,{2}{U},3,U,Heather Hudson,,Creature — Homarid,"Homarid enters the battlefield with a tide counter on it.\nAt the beginning of your upkeep, put a tide counter on Homarid.\nAs long as there is exactly one tide counter on Homarid, it gets -1/-1.\nAs long as there are exactly three tide counters on Homarid, it gets +1/+1.\nWhenever there are four or more tide counters on Homarid, remove all tide counters from it.",FEM,,normal,1876,2,2,Common,Homarid,Creature
Homarid,{2}{U},3,U,Mark Tedin,,Creature — Homarid,"Homarid enters the battlefield with a tide counter on it.\nAt the beginning of your upkeep, put a tide counter on Homarid.\nAs long as there is exactly one tide counter on Homarid, it gets -1/-1.\nAs long as there are exactly three tide counters on Homarid, it gets +1/+1.\nWhenever there are four or more tide counters on Homarid, remove all tide counters from it.",FEM,,normal,1877,2,2,Common,Homarid,Creature
Homarid,{2}{U},3,U,Bryon Wackwitz,,Creature — Homarid,"Homarid enters the battlefield with a tide counter on it.\nAt the beginning of your upkeep, put a tide counter on Homarid.\nAs long as there is exactly one tide counter on Homarid, it gets -1/-1.\nAs long as there are exactly three tide counters on Homarid, it gets +1/+1.\nWhenever there are four or more tide counters on Homarid, remove all tide counters from it.",FEM,,normal,1878,2,2,Common,Homarid,Creature
Homarid Shaman,{2}{U}{U},4,U,Amy Weber,,Creature — Homarid Shaman,{U}: Tap target green creature.,FEM,"""The ground grew swampy; hooves and claws sank into the marshy earth. Snarls of rage and bleats of despair echoed through the trees as the waters grew higher and higher.""\n—Kyliki of Havenwood,\n""Havenwood Remembered""",normal,1879,2,1,Rare,"Homarid,Shaman",Creature
Homarid Spawning Bed,{U}{U},2,U,Douglas Shuler,,Enchantment,"{1}{U}{U}, Sacrifice a blue creature: Put X 1/1 blue Camarid creature tokens onto the battlefield, where X is the sacrificed creature's converted mana cost.","FEM,MED",,normal,1880,,,Uncommon,,Enchantment
Homarid Warrior,{4}{U},5,U,Randy Asplund-Faith,,Creature — Homarid Warrior,{U}: Homarid Warrior gains shroud until end of turn and doesn't untap during your next untap step. Tap Homarid Warrior. (A creature with shroud can't be the target of spells or abilities.),"FEM,5ED",,normal,1881,3,3,Common,"Homarid,Warrior",Creature
Homarid Warrior,{4}{U},5,U,Daniel Gelon,,Creature — Homarid Warrior,{U}: Homarid Warrior gains shroud until end of turn and doesn't untap during your next untap step. Tap Homarid Warrior. (A creature with shroud can't be the target of spells or abilities.),"FEM,5ED",,normal,1882,3,3,Common,"Homarid,Warrior",Creature
Homarid Warrior,{4}{U},5,U,Douglas Shuler,,Creature — Homarid Warrior,{U}: Homarid Warrior gains shroud until end of turn and doesn't untap during your next untap step. Tap Homarid Warrior. (A creature with shroud can't be the target of spells or abilities.),"FEM,5ED",,normal,1883,3,3,Common,"Homarid,Warrior",Creature
Hymn to Tourach,{B}{B},2,B,Liz Danforth,,Sorcery,Target player discards two cards at random.,"FEM,ATH,MED,V13,VMA,EMA","""Tourach's power was such that his followers deified him after his death.""\n—Sarpadian Empires, vol. II",normal,1849,,,Common,,Sorcery
Hymn to Tourach,{B}{B},2,B,Susan Van Camp,,Sorcery,Target player discards two cards at random.,"FEM,ATH,MED,V13,VMA,EMA","""The eerie, wailing Hymn caused insanity even in hardened warriors.""\n—Sarpadian Empires, vol. II",normal,1850,,,Common,,Sorcery
Hymn to Tourach,{B}{B},2,B,Quinton Hoover,,Sorcery,Target player discards two cards at random.,"FEM,ATH,MED,V13,VMA,EMA","Knowing the Hymn's power, the followers of Leitbur carefully guarded their pillaged transcriptions.",normal,1851,,,Common,,Sorcery
Hymn to Tourach,{B}{B},2,B,Scott Kirschner,,Sorcery,Target player discards two cards at random.,"FEM,ATH,MED,V13,VMA,EMA",Members of the Order often played the Hymn on instruments made from their victims' bones.,normal,1852,,,Common,,Sorcery
Icatian Infantry,{W},1,W,"Edward P. Beard, Jr.",,Creature — Human Soldier,"{1}: Icatian Infantry gains first strike until end of turn.\n{1}: Icatian Infantry gains banding until end of turn. (Any creatures with banding, and up to one without, can attack in a band. Bands are blocked as a group. If any creatures with banding you control are blocking or being blocked by a creature, you divide that creature's combat damage, not its controller, among any of the creatures it's being blocked by or is blocking.)",FEM,The Icatian army easily repelled early surprise attacks by the Orcs on border towns like Montford.,normal,1981,1,1,Common,"Human,Soldier",Creature
Icatian Infantry,{W},1,W,Christopher Rush,,Creature — Human Soldier,"{1}: Icatian Infantry gains first strike until end of turn.\n{1}: Icatian Infantry gains banding until end of turn. (Any creatures with banding, and up to one without, can attack in a band. Bands are blocked as a group. If any creatures with banding you control are blocking or being blocked by a creature, you divide that creature's combat damage, not its controller, among any of the creatures it's being blocked by or is blocking.)",FEM,"Although they had long been concerned about the Order of the Ebon Hand, the Icatians faced an even greater threat from Goblin and Orcish raiders.",normal,1982,1,1,Common,"Human,Soldier",Creature
Icatian Infantry,{W},1,W,Douglas Shuler,,Creature — Human Soldier,"{1}: Icatian Infantry gains first strike until end of turn.\n{1}: Icatian Infantry gains banding until end of turn. (Any creatures with banding, and up to one without, can attack in a band. Bands are blocked as a group. If any creatures with banding you control are blocking or being blocked by a creature, you divide that creature's combat damage, not its controller, among any of the creatures it's being blocked by or is blocking.)",FEM,"""Valiant Icatia was the last of the Sarpadian empires to fall. Its faithful soldiers defended their cities to the very end.""\n—Sarpadian Empires, vol. VI",normal,1983,1,1,Common,"Human,Soldier",Creature
Icatian Infantry,{W},1,W,Drew Tucker,,Creature — Human Soldier,"{1}: Icatian Infantry gains first strike until end of turn.\n{1}: Icatian Infantry gains banding until end of turn. (Any creatures with banding, and up to one without, can attack in a band. Bands are blocked as a group. If any creatures with banding you control are blocking or being blocked by a creature, you divide that creature's combat damage, not its controller, among any of the creatures it's being blocked by or is blocking.)",FEM,"""Never Surrender""\n—Motto carved into a fragment of an Icatian wall",normal,1984,1,1,Common,"Human,Soldier",Creature
Icatian Javelineers,{W},1,W,"Edward P. Beard, Jr.",,Creature — Human Soldier,"Icatian Javelineers enters the battlefield with a javelin counter on it.\n{T}, Remove a javelin counter from Icatian Javelineers: Icatian Javelineers deals 1 damage to target creature or player.","FEM,ATH,pGTW,TSB,ME2,DDO",,normal,1985,1,1,Common,"Human,Soldier",Creature
Icatian Javelineers,{W},1,W,Melissa A. Benson,,Creature — Human Soldier,"Icatian Javelineers enters the battlefield with a javelin counter on it.\n{T}, Remove a javelin counter from Icatian Javelineers: Icatian Javelineers deals 1 damage to target creature or player.","FEM,ATH,pGTW,TSB,ME2,DDO",,normal,1986,1,1,Common,"Human,Soldier",Creature
Icatian Javelineers,{W},1,W,Scott Kirschner,,Creature — Human Soldier,"Icatian Javelineers enters the battlefield with a javelin counter on it.\n{T}, Remove a javelin counter from Icatian Javelineers: Icatian Javelineers deals 1 damage to target creature or player.","FEM,ATH,pGTW,TSB,ME2,DDO",,normal,1987,1,1,Common,"Human,Soldier",Creature
Icatian Lieutenant,{W}{W},2,W,Pete Venters,,Creature — Human Soldier,{1}{W}: Target Soldier creature gets +1/+0 until end of turn.,"FEM,MED","To become an officer, an Icatian Soldier had to pass a series of tests. These evaluated not only fighting and leadership skills, but also integrity, honor, and moral strength.",normal,1988,1,2,Rare,"Human,Soldier",Creature
Icatian Moneychanger,{W},1,W,Drew Tucker,,Creature — Human,"Icatian Moneychanger enters the battlefield with three credit counters on it.\nWhen Icatian Moneychanger enters the battlefield, it deals 3 damage to you.\nAt the beginning of your upkeep, put a credit counter on Icatian Moneychanger.\nSacrifice Icatian Moneychanger: You gain 1 life for each credit counter on Icatian Moneychanger. Activate this ability only during your upkeep.",FEM,,normal,1989,0,2,Common,Human,Creature
Icatian Moneychanger,{W},1,W,"Edward P. Beard, Jr.",,Creature — Human,"Icatian Moneychanger enters the battlefield with three credit counters on it.\nWhen Icatian Moneychanger enters the battlefield, it deals 3 damage to you.\nAt the beginning of your upkeep, put a credit counter on Icatian Moneychanger.\nSacrifice Icatian Moneychanger: You gain 1 life for each credit counter on Icatian Moneychanger. Activate this ability only during your upkeep.",FEM,,normal,1990,0,2,Common,Human,Creature
Icatian Moneychanger,{W},1,W,Melissa A. Benson,,Creature — Human,"Icatian Moneychanger enters the battlefield with three credit counters on it.\nWhen Icatian Moneychanger enters the battlefield, it deals 3 damage to you.\nAt the beginning of your upkeep, put a credit counter on Icatian Moneychanger.\nSacrifice Icatian Moneychanger: You gain 1 life for each credit counter on Icatian Moneychanger. Activate this ability only during your upkeep.",FEM,,normal,1991,0,2,Common,Human,Creature
Icatian Phalanx,{4}{W},5,W,Kaja Foglio,,Creature — Human Soldier,"Banding (Any creatures with banding, and up to one without, can attack in a band. Bands are blocked as a group. If any creatures with banding you control are blocking or being blocked by a creature, you divide that creature's combat damage, not its controller, among any of the creatures it's being blocked by or is blocking.)","FEM,5ED,ME2","Even after the wall was breached in half a dozen places, the Phalanxes fought on, standing solidly against the onrushing raiders. Disciplined and dedicated, they held their ranks to the end, even in the face of tremendous losses.",normal,1992,2,4,Uncommon,"Human,Soldier",Creature
Icatian Priest,{W},1,W,Drew Tucker,,Creature — Human Cleric,{1}{W}{W}: Target creature gets +1/+1 until end of turn.,"FEM,10E,DDC,DD3_DVD","""May you be strong and valiant, to defeat the enemies of the pure.""\n—""Leitbur's Prayer""",normal,1993,1,1,Uncommon,"Human,Cleric",Creature
Icatian Scout,{W},1,W,Richard Kane Ferguson,,Creature — Human Soldier Scout,"{1}, {T}: Target creature gains first strike until end of turn.","FEM,5ED,ME2","""Because the Orc hordes attacked along the entire border, Scouts were essential to Icatia's defense.""\n—Sarpadian Empires, vol. VI",normal,1994,1,1,Common,"Human,Soldier,Scout",Creature
Icatian Scout,{W},1,W,Phil Foglio,,Creature — Human Soldier Scout,"{1}, {T}: Target creature gains first strike until end of turn.","FEM,5ED,ME2","""Scouting is the art of balancing the need to go undiscovered with the need to get all the information you can. It's only by Leitbur's good grace that I'm still alive today.""\n—Ailis Connaut, Diary",normal,1995,1,1,Common,"Human,Soldier,Scout",Creature
Icatian Scout,{W},1,W,Rob Alexander,,Creature — Human Soldier Scout,"{1}, {T}: Target creature gains first strike until end of turn.","FEM,5ED,ME2","""Of course I'm not a spy The enemy has spies. I am a Scout.""\n—Ailis Connaut",normal,1996,1,1,Common,"Human,Soldier,Scout",Creature
Icatian Scout,{W},1,W,Douglas Shuler,,Creature — Human Soldier Scout,"{1}, {T}: Target creature gains first strike until end of turn.","FEM,5ED,ME2","""Let it be known that Ailis Connaut acted with honor and bravery in the defense of the town of Montford, risking her life to scout the enemy's position . . . .""\n—Proclamation granting knighthood",normal,1997,1,1,Common,"Human,Soldier,Scout",Creature
Icatian Skirmishers,{3}{W},4,W,Heather Hudson,,Creature — Human Soldier,"First strike; banding (Any creatures with banding, and up to one without, can attack in a band. Bands are blocked as a group. If any creatures with banding you control are blocking or being blocked by a creature, you divide that creature's combat damage, not its controller, among any of the creatures it's being blocked by or is blocking.)\nWhenever Icatian Skirmishers attacks, all creatures banded with it gain first strike until end of turn.",FEM,"Skirmishers engaged raiders before they could reach the towns. Although these units typically suffered huge losses, they never lacked volunteers.",normal,1998,1,1,Rare,"Human,Soldier",Creature
Icatian Store,,,W,Pat Morrissey,,Land,"Icatian Store enters the battlefield tapped.\nYou may choose not to untap Icatian Store during your untap step.\nAt the beginning of your upkeep, if Icatian Store is tapped, put a storage counter on it.\n{T}, Remove any number of storage counters from Icatian Store: Add {W} to your mana pool for each storage counter removed this way.","FEM,5ED",,normal,2009,,,Rare,,Land
Icatian Town,{5}{W},6,W,Tom Wänerstrand,,Sorcery,Put four 1/1 white Citizen creature tokens onto the battlefield.,"FEM,5ED,6ED,MED","Icatia's once peaceful towns faced increasing attacks from Orcs and Goblins as the climate cooled. By the time the empire fell, they were little more than armed camps.",normal,1999,,,Rare,,Sorcery
Implements of Sacrifice,{2},2,,Margaret Organ-Kean,,Artifact,"{1}, {T}, Sacrifice Implements of Sacrifice: Add two mana of any one color to your mana pool.",FEM,"Relics of the Order of the Ebon Hand, the bowl and dagger bespeak the hideous cruelty of its rituals.",normal,1834,,,Rare,,Artifact
Initiates of the Ebon Hand,{B},1,B,Heather Hudson,,Creature — Cleric,"{1}: Add {B} to your mana pool. If this ability has been activated four or more times this turn, sacrifice Initiates of the Ebon Hand at the beginning of the next end step.","FEM,5ED","""We are no longer Nature's children, but her masters . . . .""\n—Oath of the Ebon Hand",normal,1853,1,1,Common,Cleric,Creature
Initiates of the Ebon Hand,{B},1,B,Kaja Foglio,,Creature — Cleric,"{1}: Add {B} to your mana pool. If this ability has been activated four or more times this turn, sacrifice Initiates of the Ebon Hand at the beginning of the next end step.","FEM,5ED","""Many Initiates sacrificed a hand to become full members of the Order.""\n—Sarpadian Empires, vol. II",normal,1854,1,1,Common,Cleric,Creature
Initiates of the Ebon Hand,{B},1,B,Liz Danforth,,Creature — Cleric,"{1}: Add {B} to your mana pool. If this ability has been activated four or more times this turn, sacrifice Initiates of the Ebon Hand at the beginning of the next end step.","FEM,5ED",Ebon leaders soon realized that non-human races often had special talents that could be exploited.,normal,1855,1,1,Common,Cleric,Creature
Merseine,{2}{U}{U},4,U,Heather Hudson,,Enchantment — Aura,"Enchant creature\nMerseine enters the battlefield with three net counters on it.\nEnchanted creature doesn't untap during its controller's untap step if Merseine has a net counter on it.\nPay enchanted creature's mana cost: Remove a net counter from Merseine. Any player may activate this ability, but only if he or she controls the enchanted creature.",FEM,,normal,1884,,,Common,Aura,Enchantment
Merseine,{2}{U}{U},4,U,Margaret Organ-Kean,,Enchantment — Aura,"Enchant creature\nMerseine enters the battlefield with three net counters on it.\nEnchanted creature doesn't untap during its controller's untap step if Merseine has a net counter on it.\nPay enchanted creature's mana cost: Remove a net counter from Merseine. Any player may activate this ability, but only if he or she controls the enchanted creature.",FEM,,normal,1885,,,Common,Aura,Enchantment
Merseine,{2}{U}{U},4,U,Pete Venters,,Enchantment — Aura,"Enchant creature\nMerseine enters the battlefield with three net counters on it.\nEnchanted creature doesn't untap during its controller's untap step if Merseine has a net counter on it.\nPay enchanted creature's mana cost: Remove a net counter from Merseine. Any player may activate this ability, but only if he or she controls the enchanted creature.",FEM,,normal,1886,,,Common,Aura,Enchantment
Merseine,{2}{U}{U},4,U,Drew Tucker,,Enchantment — Aura,"Enchant creature\nMerseine enters the battlefield with three net counters on it.\nEnchanted creature doesn't untap during its controller's untap step if Merseine has a net counter on it.\nPay enchanted creature's mana cost: Remove a net counter from Merseine. Any player may activate this ability, but only if he or she controls the enchanted creature.",FEM,,normal,1887,,,Common,Aura,Enchantment
Mindstab Thrull,{1}{B}{B},3,B,Heather Hudson,,Creature — Thrull,"Whenever Mindstab Thrull attacks and isn't blocked, you may sacrifice it. If you do, defending player discards three cards.","FEM,5ED,MED",,normal,1856,2,2,Common,Thrull,Creature
Mindstab Thrull,{1}{B}{B},3,B,Richard Kane Ferguson,,Creature — Thrull,"Whenever Mindstab Thrull attacks and isn't blocked, you may sacrifice it. If you do, defending player discards three cards.","FEM,5ED,MED",,normal,1857,2,2,Common,Thrull,Creature
Mindstab Thrull,{1}{B}{B},3,B,Mark Tedin,,Creature — Thrull,"Whenever Mindstab Thrull attacks and isn't blocked, you may sacrifice it. If you do, defending player discards three cards.","FEM,5ED,MED",,normal,1858,2,2,Common,Thrull,Creature
Necrite,{1}{B}{B},3,B,Christopher Rush,,Creature — Thrull,"Whenever Necrite attacks and isn't blocked, you may sacrifice it. If you do, destroy target creature defending player controls. It can't be regenerated.","FEM,5ED,ME2","""Ever see a wall drop dead of fright, kid? It ain't pretty."" —Cpl. Dobbs",normal,1859,2,2,Common,Thrull,Creature
Necrite,{1}{B}{B},3,B,Ron Spencer,,Creature — Thrull,"Whenever Necrite attacks and isn't blocked, you may sacrifice it. If you do, destroy target creature defending player controls. It can't be regenerated.","FEM,5ED,ME2","Necrites killed Jherana Rure, ending the counter-insurgency.",normal,1860,2,2,Common,Thrull,Creature
Necrite,{1}{B}{B},3,B,Drew Tucker,,Creature — Thrull,"Whenever Necrite attacks and isn't blocked, you may sacrifice it. If you do, destroy target creature defending player controls. It can't be regenerated.","FEM,5ED,ME2","Was it the sight, smell, or aura of the Necrite that killed so effectively?",normal,1861,2,2,Common,Thrull,Creature
Night Soil,{G}{G},2,G,Heather Hudson,,Enchantment,"{1}, Exile two creature cards from a single graveyard: Put a 1/1 green Saproling creature token onto the battlefield.","FEM,ME2,C13","The Elves gathered huge piles of rot to grow fungus. Out of imitation or forethought, the Thallids did the same.",normal,1917,,,Common,,Enchantment
Night Soil,{G}{G},2,G,Sandra Everingham,,Enchantment,"{1}, Exile two creature cards from a single graveyard: Put a 1/1 green Saproling creature token onto the battlefield.","FEM,ME2,C13",Some said killing the Thallids only encouraged them.,normal,1918,,,Common,,Enchantment
Night Soil,{G}{G},2,G,Drew Tucker,,Enchantment,"{1}, Exile two creature cards from a single graveyard: Put a 1/1 green Saproling creature token onto the battlefield.","FEM,ME2,C13","""There were often more Thallids after a battle than before.""\n—Sarpadian Empires, vol. III",normal,1919,,,Common,,Enchantment
Orcish Captain,{R},1,R,Mark Tedin,,Creature — Orc Warrior,"{1}: Flip a coin. If you win the flip, target Orc creature gets +2/+0 until end of turn. If you lose the flip, it gets -0/-2 until end of turn.","FEM,5ED,ME2",There's a chance to win every battle.,normal,1960,1,1,Uncommon,"Orc,Warrior",Creature
Orcish Spy,{R},1,R,Daniel Gelon,,Creature — Orc Rogue,{T}: Look at the top three cards of target player's library.,"FEM,8ED","""Orcish armies often employed the smaller, swifter, and less intelligent Goblins as spies.""\n—Sarpadian Empires, vol. I",normal,1961,1,1,Common,"Orc,Rogue",Creature
Orcish Spy,{R},1,R,Susan Van Camp,,Creature — Orc Rogue,{T}: Look at the top three cards of target player's library.,"FEM,8ED","""Yeah, they're ugly, they desert in droves, and their personal habits are enough to make you sick. But I'll say this for Orcs: they make great spies.""\n—Ivra Jursdotter",normal,1962,1,1,Common,"Orc,Rogue",Creature
Orcish Spy,{R},1,R,Pete Venters,,Creature — Orc Rogue,{T}: Look at the top three cards of target player's library.,"FEM,8ED","""You idiot Never let the spies mingle with the Orcish regulars after completing a mission. Now we'll never get them to fight""\n—General Khurzog",normal,1963,1,1,Common,"Orc,Rogue",Creature
Orcish Veteran,{2}{R},3,R,Quinton Hoover,,Creature — Orc,Orcish Veteran can't block white creatures with power 2 or greater.\n{R}: Orcish Veteran gains first strike until end of turn.,"FEM,ME2","Unsuccessful in their early battle for Montford, the Orcs quickly tempered their bloodlust with cowardice.",normal,1939,2,2,Common,Orc,Creature
Orcish Veteran,{2}{R},3,R,Melissa A. Benson,,Creature — Orc,Orcish Veteran can't block white creatures with power 2 or greater.\n{R}: Orcish Veteran gains first strike until end of turn.,"FEM,ME2","Although models of courage for Orcs, the Veterans quickly learned to fear the swift justice of their Icatian enemies.",normal,1964,2,2,Common,Orc,Creature
Orcish Veteran,{2}{R},3,R,Dan Frazier,,Creature — Orc,Orcish Veteran can't block white creatures with power 2 or greater.\n{R}: Orcish Veteran gains first strike until end of turn.,"FEM,ME2","""Orcs often greeted promotions to Icatian battle with anguished wails and pleas for mercy.""\n—Sarpadian Empires, vol. VI",normal,1965,2,2,Common,Orc,Creature
Orcish Veteran,{2}{R},3,R,Douglas Shuler,,Creature — Orc,Orcish Veteran can't block white creatures with power 2 or greater.\n{R}: Orcish Veteran gains first strike until end of turn.,"FEM,ME2","Orcs are not exactly known for their valor—although most Orcs have seen countless battles, only a handful have actually fought in them.",normal,1967,2,2,Common,Orc,Creature
Order of Leitbur,{W}{W},2,W,Bryon Wackwitz,,Creature — Human Cleric Knight,Protection from black\n{W}: Order of Leitbur gains first strike until end of turn.\n{W}{W}: Order of Leitbur gets +1/+0 until end of turn.,"FEM,MED","""The powers of the corrupt will fade before the fury of the pure.""\n—Bethan Leitbur, ""The Way""",normal,2000,2,1,Common,"Human,Cleric,Knight",Creature
Order of Leitbur,{W}{W},2,W,Bryon Wackwitz,,Creature — Human Cleric Knight,Protection from black\n{W}: Order of Leitbur gains first strike until end of turn.\n{W}{W}: Order of Leitbur gets +1/+0 until end of turn.,"FEM,MED","Followers of Tourach regarded all other religions equally: with open contempt. Not so the followers of Leitbur, who made it their mission to eradicate the Order of the Ebon Hand.",normal,2001,2,1,Common,"Human,Cleric,Knight",Creature
Order of Leitbur,{W}{W},2,W,Randy Asplund-Faith,,Creature — Human Cleric Knight,Protection from black\n{W}: Order of Leitbur gains first strike until end of turn.\n{W}{W}: Order of Leitbur gets +1/+0 until end of turn.,"FEM,MED","""Trained to battle the followers of Tourach, the Order of Leitbur was not as successful in later conflicts with Orcish and Goblin raiders.""\n—Sarpadian Empires, vol. I",normal,2002,2,1,Common,"Human,Cleric,Knight",Creature
Order of the Ebon Hand,{B}{B},2,B,Christopher Rush,,Creature — Cleric Knight,Protection from white\n{B}: Order of the Ebon Hand gains first strike until end of turn.\n{B}{B}: Order of the Ebon Hand gets +1/+0 until end of turn.,"FEM,MED","""There are intriguing similarities between the Order and Icatia's Leitbur religion, suggesting the two had a common origin.""\n—Sarpadian Empires, vol. VI",normal,1862,2,1,Common,"Cleric,Knight",Creature
Order of the Ebon Hand,{B}{B},2,B,Melissa A. Benson,,Creature — Cleric Knight,Protection from white\n{B}: Order of the Ebon Hand gains first strike until end of turn.\n{B}{B}: Order of the Ebon Hand gets +1/+0 until end of turn.,"FEM,MED",A true follower of Tourach took pride in achievement to the exclusion of other concerns.,normal,1863,2,1,Common,"Cleric,Knight",Creature
Order of the Ebon Hand,{B}{B},2,B,Ron Spencer,,Creature — Cleric Knight,Protection from white\n{B}: Order of the Ebon Hand gains first strike until end of turn.\n{B}{B}: Order of the Ebon Hand gets +1/+0 until end of turn.,"FEM,MED","Dedicated to the principles of Tourach, members of the Order of the Ebon Hand demonstrated their devotion with grisly rituals.",normal,1864,2,1,Common,"Cleric,Knight",Creature
Orgg,{3}{R}{R},5,R,Daniel Gelon,,Creature — Orgg,Trample\nOrgg can't attack if defending player controls an untapped creature with power 3 or greater.\nOrgg can't block creatures with power 3 or greater.,"FEM,5ED,TSB",It's bigger than it thinks.,normal,1968,6,6,Rare,Orgg,Creature
Raiding Party,{2}{R},3,R,Quinton Hoover,,Enchantment,"Raiding Party can't be the target of white spells or abilities from white sources.\nSacrifice an Orc: Each player may tap any number of untapped white creatures he or she controls. For each creature tapped this way, that player chooses up to two Plains. Then destroy all Plains that weren't chosen this way by any player.",FEM,,normal,1969,,,Uncommon,,Enchantment
Rainbow Vale,,,,Kaja Foglio,,Land,{T}: Add one mana of any color to your mana pool. An opponent gains control of Rainbow Vale at the beginning of the next end step.,"FEM,MED","In the feudal days of Icatia, finding the Rainbow Vale was often the goal of Knights' quests.",normal,2010,,,Rare,,Land
Ring of Renewal,{5},5,,Douglas Shuler,,Artifact,"{5}, {T}: Discard a card at random, then draw two cards.","FEM,ME4","To the uninitiated, the Ring of Renewal is merely an oddity. For those fluent in the wielding of magic, however, it is a source of great knowledge.",normal,1835,,,Rare,,Artifact
River Merfolk,{U}{U},2,U,Douglas Shuler,,Creature — Merfolk,{U}: River Merfolk gains mountainwalk until end of turn. (It can't be blocked as long as defending player controls a Mountain.),"FEM,MED","""Dwelling in icy mountain streams near Goblin and Orcish foes, the River Merfolk were known for their stoicism.""\n—Sarpadian Empires, vol. V",normal,1888,2,1,Rare,Merfolk,Creature
Ruins of Trokair,,,W,Mark Poole,,Land,"Ruins of Trokair enters the battlefield tapped.\n{T}: Add {W} to your mana pool.\n{T}, Sacrifice Ruins of Trokair: Add {W}{W} to your mana pool.","FEM,5ED,6ED,ME2",,normal,2011,,,Uncommon,,Land
Sand Silos,,,U,Pat Morrissey,,Land,"Sand Silos enters the battlefield tapped.\nYou may choose not to untap Sand Silos during your untap step.\nAt the beginning of your upkeep, if Sand Silos is tapped, put a storage counter on it.\n{T}, Remove any number of storage counters from Sand Silos: Add {U} to your mana pool for each storage counter removed this way.","FEM,5ED",,normal,2012,,,Rare,,Land
Seasinger,{1}{U}{U},3,U,Amy Weber,,Creature — Merfolk,"When you control no Islands, sacrifice Seasinger.\nYou may choose not to untap Seasinger during your untap step.\n{T}: Gain control of target creature whose controller controls an Island for as long as you control Seasinger and Seasinger remains tapped.","FEM,5ED,MED",,normal,1889,0,1,Uncommon,Merfolk,Creature
Soul Exchange,{B}{B},2,B,Anthony Waters,,Sorcery,"As an additional cost to cast Soul Exchange, exile a creature you control.\nReturn target creature card from your graveyard to the battlefield. Put a +2/+2 counter on that creature if the exiled creature was a Thrull.","FEM,ME2",,normal,1865,,,Uncommon,,Sorcery
Spirit Shield,{3},3,,Scott Kirschner,,Artifact,"You may choose not to untap Spirit Shield during your untap step.\n{2}, {T}: Target creature gets +0/+2 for as long as Spirit Shield remains tapped.",FEM,"At times, survival must outweigh all other considerations.",normal,1836,,,Rare,,Artifact
Spore Cloud,{1}{G}{G},3,G,Susan Van Camp,,Instant,Tap all blocking creatures. Prevent all combat damage that would be dealt this turn. Each attacking creature and each blocking creature doesn't untap during its controller's next untap step.,"FEM,ME2",,normal,1920,,,Common,,Instant
Spore Cloud,{1}{G}{G},3,G,Jesper Myrfors,,Instant,Tap all blocking creatures. Prevent all combat damage that would be dealt this turn. Each attacking creature and each blocking creature doesn't untap during its controller's next untap step.,"FEM,ME2",,normal,1921,,,Common,,Instant
Spore Cloud,{1}{G}{G},3,G,Amy Weber,,Instant,Tap all blocking creatures. Prevent all combat damage that would be dealt this turn. Each attacking creature and each blocking creature doesn't untap during its controller's next untap step.,"FEM,ME2",,normal,1922,,,Common,,Instant
Spore Flower,{G}{G},2,G,Margaret Organ-Kean,,Creature — Fungus,"At the beginning of your upkeep, put a spore counter on Spore Flower.\nRemove three spore counters from Spore Flower: Prevent all combat damage that would be dealt this turn.","FEM,ME2",,normal,1923,0,1,Uncommon,Fungus,Creature
Svyelunite Priest,{1}{U},2,U,Ron Spencer,,Creature — Merfolk Cleric,"{U}{U}, {T}: Target creature gains shroud until end of turn. Activate this ability only during your upkeep. (It can't be the target of spells or abilities.)",FEM,"""Early Vodalians worshipped Svyelun, goddess of the Pearl Moon. Later she became a more abstract figure.""\n—Sarpadian Empires, vol. V",normal,1890,1,1,Uncommon,"Merfolk,Cleric",Creature
Svyelunite Temple,,,U,Mark Poole,,Land,"Svyelunite Temple enters the battlefield tapped.\n{T}: Add {U} to your mana pool.\n{T}, Sacrifice Svyelunite Temple: Add {U}{U} to your mana pool.","FEM,5ED,6ED,BTD,ME2",,normal,2013,,,Uncommon,,Land
Thallid,{G},1,G,"Edward P. Beard, Jr.",,Creature — Fungus,"At the beginning of your upkeep, put a spore counter on Thallid.\nRemove three spore counters from Thallid: Put a 1/1 green Saproling creature token onto the battlefield.","FEM,TSB,ME2,MMA",,normal,1924,1,1,Common,Fungus,Creature
Thallid,{G},1,G,Daniel Gelon,,Creature — Fungus,"At the beginning of your upkeep, put a spore counter on Thallid.\nRemove three spore counters from Thallid: Put a 1/1 green Saproling creature token onto the battlefield.","FEM,TSB,ME2,MMA",,normal,1925,1,1,Common,Fungus,Creature
Thallid,{G},1,G,Jesper Myrfors,,Creature — Fungus,"At the beginning of your upkeep, put a spore counter on Thallid.\nRemove three spore counters from Thallid: Put a 1/1 green Saproling creature token onto the battlefield.","FEM,TSB,ME2,MMA",,normal,1926,1,1,Common,Fungus,Creature
Thallid,{G},1,G,Ron Spencer,,Creature — Fungus,"At the beginning of your upkeep, put a spore counter on Thallid.\nRemove three spore counters from Thallid: Put a 1/1 green Saproling creature token onto the battlefield.","FEM,TSB,ME2,MMA",,normal,1927,1,1,Common,Fungus,Creature
Thallid Devourer,{1}{G}{G},3,G,Ron Spencer,,Creature — Fungus,"At the beginning of your upkeep, put a spore counter on Thallid Devourer.\nRemove three spore counters from Thallid Devourer: Put a 1/1 green Saproling creature token onto the battlefield.\nSacrifice a Saproling: Thallid Devourer gets +1/+2 until end of turn.","FEM,ME2",,normal,1928,2,2,Uncommon,Fungus,Creature
Thelon's Chant,{1}{G}{G},3,G,Melissa A. Benson,,Enchantment,"At the beginning of your upkeep, sacrifice Thelon's Chant unless you pay {G}.\nWhenever a player puts a Swamp onto the battlefield, Thelon's Chant deals 3 damage to that player unless he or she puts a -1/-1 counter on a creature he or she controls.",FEM,,normal,1929,,,Uncommon,,Enchantment
Thelon's Curse,{G}{G},2,"G,U",Pete Venters,,Enchantment,"Blue creatures don't untap during their controllers' untap steps.\nAt the beginning of each player's upkeep, that player may choose any number of tapped blue creatures he or she controls and pay {U} for each creature chosen this way. If the player does, untap those creatures.",FEM,,normal,1930,,,Rare,,Enchantment
Thelonite Druid,{2}{G},3,G,Margaret Organ-Kean,,Creature — Human Cleric Druid,"{1}{G}, {T}, Sacrifice a creature: Forests you control become 2/3 creatures until end of turn. They're still lands.","FEM,ME2","""The magic at the heart of all living things can bear awe-inspiring fruit.""\n—Kolevi of Havenwood, Elder Druid",normal,1931,1,1,Uncommon,"Human,Cleric,Druid",Creature
Thelonite Monk,{2}{G}{G},4,G,Bryon Wackwitz,,Creature — Insect Monk Cleric,"{T}, Sacrifice a green creature: Target land becomes a Forest. (This effect lasts indefinitely.)",FEM,"""As the climate worsened, some Thelonites turned to fertilizing with fresh blood in an attempt to keep Havenwood alive and growing.""\n—Sarpadian Empires, vol. III",normal,1932,1,2,Rare,"Insect,Monk,Cleric",Creature
Thorn Thallid,{1}{G}{G},3,G,Daniel Gelon,,Creature — Fungus,"At the beginning of your upkeep, put a spore counter on Thorn Thallid.\nRemove three spore counters from Thorn Thallid: Thorn Thallid deals 1 damage to target creature or player.","FEM,MED","""The danger in cultivating massive plants caught the elves by surprise.""\n—Sarpadian Empires, vol. III",normal,1933,2,2,Common,Fungus,Creature
Thorn Thallid,{1}{G}{G},3,G,Heather Hudson,,Creature — Fungus,"At the beginning of your upkeep, put a spore counter on Thorn Thallid.\nRemove three spore counters from Thorn Thallid: Thorn Thallid deals 1 damage to target creature or player.","FEM,MED","""The cooling climate forced the Elves to experiment with new food sources.""\n—Sarpadian Empires, vol. I",normal,1934,2,2,Common,Fungus,Creature
Thorn Thallid,{1}{G}{G},3,G,Jesper Myrfors,,Creature — Fungus,"At the beginning of your upkeep, put a spore counter on Thorn Thallid.\nRemove three spore counters from Thorn Thallid: Thorn Thallid deals 1 damage to target creature or player.","FEM,MED","""I don't know which is worse, getting hit with those darts or having to watch them grow back.""\n—Orcish Soldier",normal,1935,2,2,Common,Fungus,Creature
Thorn Thallid,{1}{G}{G},3,G,Mark Tedin,,Creature — Fungus,"At the beginning of your upkeep, put a spore counter on Thorn Thallid.\nRemove three spore counters from Thorn Thallid: Thorn Thallid deals 1 damage to target creature or player.","FEM,MED","""Scholars still debate whether the Thallids were truly sentient.""\n—Sarpadian Empires, vol. III",normal,1936,2,2,Common,Fungus,Creature
Thrull Champion,{4}{B},5,B,Daniel Gelon,,Creature — Thrull,Thrull creatures get +1/+1.\n{T}: Gain control of target Thrull for as long as you control Thrull Champion.,"FEM,MED","""Those idiots should never have bred Thrulls for combat!""\n—Jherana Rure",normal,1866,2,2,Rare,Thrull,Creature
Thrull Retainer,{B},1,B,Ron Spencer,,Enchantment — Aura,Enchant creature\nEnchanted creature gets +1/+1.\nSacrifice Thrull Retainer: Regenerate enchanted creature.,"FEM,5ED,MED","""Until the Rebellion, Thrulls served their masters faithfully—even at the cost of their own lives.""\n—Sarpadian Empires, vol. II",normal,1867,,,Uncommon,Aura,Enchantment
Thrull Wizard,{2}{B},3,B,Anson Maddocks,,Creature — Thrull Wizard,{1}{B}: Counter target black spell unless that spell's controller pays {B} or {3}.,FEM,"""In crafting intelligent Thrulls to assist in sacrifices, Sahr inadvertantly set the stage for the Thrull Rebellion.""\n—Sarpadian Empires, vol. II",normal,1868,1,1,Uncommon,"Thrull,Wizard",Creature
Tidal Flats,{U},1,U,Rob Alexander,,Enchantment,"{U}{U}: For each attacking creature without flying, its controller may pay {1}. If he or she doesn't, creatures you control blocking that creature gain first strike until end of turn.",FEM,,normal,1891,,,Common,,Enchantment
Tidal Flats,{U},1,U,Rob Alexander,,Enchantment,"{U}{U}: For each attacking creature without flying, its controller may pay {1}. If he or she doesn't, creatures you control blocking that creature gain first strike until end of turn.",FEM,,normal,1892,,,Common,,Enchantment
Tidal Flats,{U},1,U,Sandra Everingham,,Enchantment,"{U}{U}: For each attacking creature without flying, its controller may pay {1}. If he or she doesn't, creatures you control blocking that creature gain first strike until end of turn.",FEM,,normal,1893,,,Common,,Enchantment
Tidal Influence,{2}{U},3,U,Tom Wänerstrand,,Enchantment,"Cast Tidal Influence only if no permanents named Tidal Influence are on the battlefield.\nTidal Influence enters the battlefield with a tide counter on it.\nAt the beginning of your upkeep, put a tide counter on Tidal Influence.\nAs long as there is exactly one tide counter on Tidal Influence, all blue creatures get -2/-0.\nAs long as there are exactly three tide counters on Tidal Influence, all blue creatures get +2/+0.\nWhenever there are four or more tide counters on Tidal Influence, remove all tide counters from it.",FEM,,normal,1894,,,Uncommon,,Enchantment
Tourach's Chant,{1}{B}{B},3,B,Richard Kane Ferguson,,Enchantment,"At the beginning of your upkeep, sacrifice Tourach's Chant unless you pay {B}.\nWhenever a player puts a Forest onto the battlefield, Tourach's Chant deals 3 damage to that player unless he or she puts a -1/-1 counter on a creature he or she controls.",FEM,,normal,1869,,,Uncommon,,Enchantment
Tourach's Gate,{1}{B}{B},3,B,Sandra Everingham,,Enchantment — Aura,"Enchant land you control\nSacrifice a Thrull: Put three time counters on Tourach's Gate.\nAt the beginning of your upkeep, remove a time counter from Tourach's Gate. If there are no time counters on Tourach's Gate, sacrifice it.\nTap enchanted land: Attacking creatures you control get +2/-1 until end of turn. Activate this ability only if enchanted land is untapped.",FEM,,normal,1870,,,Rare,Aura,Enchantment
Vodalian Knights,{1}{U}{U},3,U,Susan Van Camp,,Creature — Merfolk Knight,"First strike\nVodalian Knights can't attack unless defending player controls an Island.\nWhen you control no Islands, sacrifice Vodalian Knights.\n{U}: Vodalian Knights gains flying until end of turn.","FEM,MED","Fear the Knight leaping from the water into the air, weapon ready.",normal,1895,2,2,Rare,"Merfolk,Knight",Creature
Vodalian Mage,{2}{U},3,U,Susan Van Camp,,Creature — Merfolk Wizard,"{U}, {T}: Counter target spell unless its controller pays {1}.",FEM,"""Vodalian Mages are remarkable. Their merchants bring them arcane lore and devices from across the seas.""\n—Lydia Wynforth, Mayor of Trokair",normal,1896,1,1,Common,"Merfolk,Wizard",Creature
Vodalian Mage,{2}{U},3,U,Quinton Hoover,,Creature — Merfolk Wizard,"{U}, {T}: Counter target spell unless its controller pays {1}.",FEM,"Vodalian Mages were invaluable in magical combat. Unfortunately, the Homarids raided with strength, numbers, and very little magic.",normal,1897,1,1,Common,"Merfolk,Wizard",Creature
Vodalian Mage,{2}{U},3,U,Mark Poole,,Creature — Merfolk Wizard,"{U}, {T}: Counter target spell unless its controller pays {1}.",FEM,"""Come back, cowards! Everyone knows Merfolk can't wield magic!""\n—Pashadar Dirf, Goblin Flotilla Commander, last words",normal,1898,1,1,Common,"Merfolk,Wizard",Creature
Vodalian Soldiers,{1}{U},2,U,Melissa A. Benson,,Creature — Merfolk Soldier,,"FEM,5ED,6ED","""Vodalian Soldiers had some unique advantages. Often they would ride into battle on war machines rumored to have come from the far northern oceans.""\n—Sarpadian Empires, vol. V",normal,1899,1,2,Common,"Merfolk,Soldier",Creature
Vodalian Soldiers,{1}{U},2,U,Richard Kane Ferguson,,Creature — Merfolk Soldier,,"FEM,5ED,6ED","""Stalwart Soldiers, you stand against the Homarids for Vodalia and for honor. Your homeland cries out for protection, and the moment has come. Now let your valor shine, and sound the cry to battle. Victory to Vodalia""\n—Marshall Volnikov",normal,1900,1,2,Common,"Merfolk,Soldier",Creature
Vodalian Soldiers,{1}{U},2,U,Jeff A. Menges,,Creature — Merfolk Soldier,,"FEM,5ED,6ED","""You think you know everything there is to know about battle? You know Orc droppings Underwater combat is three dimensional. Those thrice-damned Vodalians don't attack in ranks; they attack in schools.""\n—Ivra Jursdotter",normal,1901,1,2,Common,"Merfolk,Soldier",Creature
Vodalian Soldiers,{1}{U},2,U,Susan Van Camp,,Creature — Merfolk Soldier,,"FEM,5ED,6ED","""The cooling climate introduced a new threat to Vodalia: the Homarids. Once a minor nuisance, they thrived in the changing environment. Their ceaseless attacks strained Vodalia's defenses to their limit, eventually overwhelming the empire.""\n—Sarpadian Empires, vol. V",normal,1902,1,2,Common,"Merfolk,Soldier",Creature
Vodalian War Machine,{1}{U}{U},3,U,Amy Weber,,Creature — Wall,"Defender (This creature can't attack.)\nTap an untapped Merfolk you control: Vodalian War Machine can attack this turn as though it didn't have defender.\nTap an untapped Merfolk you control: Vodalian War Machine gets +2/+1 until end of turn.\nWhen Vodalian War Machine dies, destroy all Merfolk tapped this turn to pay for its abilities.",FEM,,normal,1903,0,4,Rare,Wall,Creature
Zelyon Sword,{3},3,,Scott Kirschner,,Artifact,"You may choose not to untap Zelyon Sword during your untap step.\n{3}, {T}: Target creature gets +2/+0 for as long as Zelyon Sword remains tapped.",FEM,No sheath shall hold what finds its home in flesh.,normal,1837,,,Rare,,Artifact
