name,manaCost,cmc,colorIdentity,artist,number,type,text,printings,flavor,layout,multiverseid,power,toughness,rarity,subtypes,types
"Ugin, the Spirit Dragon",{8},8,,Raymond Swanland,1,Planeswalker — Ugin,"+2: Ugin, the Spirit Dragon deals 3 damage to target creature or player.\n−X: Exile each permanent with converted mana cost X or less that's one or more colors.\n−10: You gain 7 life, draw seven cards, then put up to seven permanent cards from your hand onto the battlefield.","FRF_UGIN,FRF",,normal,391948,,,Mythic Rare,Ugin,Planeswalker
Abzan Advantage,{1}{W},2,W,Winona Nelson,2,Instant,Target player sacrifices an enchantment. Bolster 1. (Choose a creature with the least toughness among creatures you control and put a +1/+1 counter on it.),FRF,"""To survive, you must seize every opportunity.""\n—Daghatar the Adamant",normal,391781,,,Common,,Instant
Abzan Runemark,{2}{W},3,W,James Ryman,3,Enchantment — Aura,Enchant creature\nEnchanted creature gets +2/+2.\nEnchanted creature has vigilance as long as you control a black or green permanent.,FRF,,normal,391784,,,Common,Aura,Enchantment
Abzan Skycaptain,{3}{W},4,W,Matt Stewart,4,Creature — Bird Soldier,"Flying\nWhen Abzan Skycaptain dies, bolster 2. (Choose a creature with the least toughness among creatures you control and put two +1/+1 counters on it.)",FRF,"""A tempest is coming. Turn your faces toward the wind!""",normal,391785,2,2,Common,"Bird,Soldier",Creature
Arashin Cleric,{1}{W},2,W,Chris Rahn,5,Creature — Human Cleric,"When Arashin Cleric enters the battlefield, you gain 3 life.",FRF,"""We'll have time to put out the fires when those trapped within the ruins are safe.""",normal,391791,1,3,Common,"Human,Cleric",Creature
Aven Skirmisher,{W},1,W,Jason Rainville,6,Creature — Bird Warrior,Flying,FRF,"""We do not hide from the dragons that pretend to rule the skies. If we did, the dragons would become our rulers, and our way of life would be lost.""",normal,391797,1,1,Common,"Bird,Warrior",Creature
Channel Harm,{5}{W},6,W,David Gaillet,7,Instant,"Prevent all damage that would be dealt to you and permanents you control this turn by sources you don't control. If damage is prevented this way, you may have Channel Harm deal that much damage to target creature.",FRF,,normal,391808,,,Uncommon,,Instant
Citadel Siege,{2}{W}{W},4,W,Steven Belledin,8,Enchantment,"As Citadel Siege enters the battlefield, choose Khans or Dragons.\n• Khans — At the beginning of combat on your turn, put two +1/+1 counters on target creature you control.\n• Dragons — At the beginning of combat on each opponent's turn, tap target creature that player controls.",FRF,,normal,391809,,,Rare,,Enchantment
Daghatar the Adamant,{3}{W},4,"W,B,G",Zack Stella,9,Legendary Creature — Human Warrior,Vigilance\nDaghatar the Adamant enters the battlefield with four +1/+1 counters on it.\n{1}{B/G}{B/G}: Move a +1/+1 counter from target creature onto a second target creature.,FRF,"""Our victories will protect a thousand generations.""",normal,391815,0,0,Rare,"Human,Warrior",Creature
Dragon Bell Monk,{2}{W},3,W,Lius Lasahido,10,Creature — Human Monk,"Vigilance\nProwess (Whenever you cast a noncreature spell, this creature gets +1/+1 until end of turn.)",FRF,He has spent years training his eyes and ears to detect the subtle signs of a dragon's approach.,normal,391822,2,2,Common,"Human,Monk",Creature
Dragonscale General,{3}{W},4,W,Volkan Baga,11,Creature — Human Warrior,"At the beginning of your end step, bolster X, where X is the number of tapped creatures you control. (Choose a creature with the least toughness among creatures you control and put X +1/+1 counters on it.)","pMEI,FRF","""Dragons seek war. I bring it to them.""",normal,391824,2,3,Rare,"Human,Warrior",Creature
Elite Scaleguard,{4}{W},5,W,Steve Prescott,12,Creature — Human Soldier,"When Elite Scaleguard enters the battlefield, bolster 2. (Choose a creature with the least toughness among creatures you control and put two +1/+1 counters on it.)\nWhenever a creature you control with a +1/+1 counter on it attacks, tap target creature defending player controls.",FRF,,normal,391826,2,3,Uncommon,"Human,Soldier",Creature
Great-Horn Krushok,{4}{W},5,W,YW Tang,13,Creature — Beast,,FRF,"Perfectly suited for life in the Shifting Wastes, the krushok is well protected by its horn, its hide, and its temper.",normal,391848,3,5,Common,Beast,Creature
Honor's Reward,{2}{W},3,W,Izzy,14,Instant,You gain 4 life. Bolster 2. (Choose a creature with the least toughness among creatures you control and put two +1/+1 counters on it.),FRF,"It seldom rains in Abzan lands. When it does, the khan marks the occasion by honoring the families of the fallen.",normal,391854,,,Uncommon,,Instant
Jeskai Barricade,{1}{W},2,W,Noah Bradley,15,Creature — Wall,"Flash (You may cast this spell any time you could cast an instant.)\nDefender\nWhen Jeskai Barricade enters the battlefield, you may return another target creature you control to its owner's hand.",FRF,,normal,391861,0,4,Uncommon,Wall,Creature
Lightform,{1}{W}{W},3,W,Steve Prescott,16,Enchantment,"When Lightform enters the battlefield, it becomes an Aura with enchant creature. Manifest the top card of your library and attach Lightform to it. (To manifest a card, put it onto the battlefield face down as a 2/2 creature. Turn it face up any time for its mana cost if it's a creature card.)\nEnchanted creature has flying and lifelink.",FRF,,normal,391867,,,Uncommon,,Enchantment
Lotus-Eye Mystics,{3}{W},4,W,Dan Scott,17,Creature — Human Monk,"Prowess (Whenever you cast a noncreature spell, this creature gets +1/+1 until end of turn.)\nWhen Lotus-Eye Mystics enters the battlefield, return target enchantment card from your graveyard to your hand.",FRF,Every action has a foreseen purpose.,normal,391870,3,2,Uncommon,"Human,Monk",Creature
Mardu Woe-Reaper,{W},1,W,Willian Murai,18,Creature — Human Warrior,"Whenever Mardu Woe-Reaper or another Warrior enters the battlefield under your control, you may exile target creature card from a graveyard. If you do, you gain 1 life.",FRF,"""Those who died in battle deserve their rest.""",normal,391877,2,1,Uncommon,"Human,Warrior",Creature
Mastery of the Unseen,{1}{W},2,W,Daniel Ljunggren,19,Enchantment,"Whenever a permanent you control is turned face up, you gain 1 life for each creature you control.\n{3}{W}: Manifest the top card of your library. (Put it onto the battlefield face down as a 2/2 creature. Turn it face up any time for its mana cost if it's a creature card.)","FRF_UGIN,FRF",,normal,391878,,,Rare,,Enchantment
Monastery Mentor,{2}{W},3,W,Magali Villeneuve,20,Creature — Human Monk,"Prowess (Whenever you cast a noncreature spell, this creature gets +1/+1 until end of turn.)\nWhenever you cast a noncreature spell, put a 1/1 white Monk creature token with prowess onto the battlefield.",FRF,"""Speak little. Do much.""",normal,391883,2,2,Mythic Rare,"Human,Monk",Creature
Pressure Point,{1}{W},2,W,Chase Stone,21,Instant,Tap target creature.\nDraw a card.,FRF,"By studying dragon anatomy, Jeskai monks have learned how to locate clusters of nerves that will incapacitate even the mightiest dragons.",normal,391896,,,Common,,Instant
Rally the Ancestors,{X}{W}{W},2,W,Nils Hamm,22,Instant,Return each creature card with converted mana cost X or less from your graveyard to the battlefield. Exile those creatures at the beginning of your next upkeep. Exile Rally the Ancestors.,FRF,"""The family is a tree, and in times of need, every branch can be a weapon.""\n—Daghatar the Adamant",normal,391901,,,Rare,,Instant
Sage's Reverie,{3}{W},4,W,Jason Rainville,23,Enchantment — Aura,"Enchant creature\nWhen Sage's Reverie enters the battlefield, draw a card for each Aura you control that's attached to a creature.\nEnchanted creature gets +1/+1 for each Aura you control that's attached to a creature.",FRF,,normal,391910,,,Uncommon,Aura,Enchantment
Sandblast,{2}{W},3,W,Min Yum,24,Instant,Sandblast deals 5 damage to target attacking or blocking creature.,FRF,"In the Shifting Wastes, more are killed by sand than by steel.",normal,391912,,,Common,,Instant
Sandsteppe Outcast,{2}{W},3,W,Wesley Burt,25,Creature — Human Warrior,"When Sandsteppe Outcast enters the battlefield, choose one —\n• Put a +1/+1 counter on Sandsteppe Outcast.\n• Put a 1/1 white Spirit creature token with flying onto the battlefield.",FRF,,normal,391914,2,1,Common,"Human,Warrior",Creature
Soul Summons,{1}{W},2,W,Johann Bodin,26,Sorcery,Manifest the top card of your library. (Put it onto the battlefield face down as a 2/2 creature. Turn it face up any time for its mana cost if it's a creature card.),"FRF_UGIN,FRF",Ugin's magic reaches beyond the dragons. The clans have adapted it for war.,normal,391926,,,Common,,Sorcery
Soulfire Grand Master,{1}{W},2,"W,U,R",Johannes Voss,27,Creature — Human Monk,"Lifelink\nInstant and sorcery spells you control have lifelink.\n{2}{U/R}{U/R}: The next time you cast an instant or sorcery spell from your hand this turn, put that card into your hand instead of into your graveyard as it resolves.",FRF,,normal,391927,2,2,Mythic Rare,"Human,Monk",Creature
Valorous Stance,{1}{W},2,W,Willian Murai,28,Instant,Choose one —\n• Target creature gains indestructible until end of turn.\n• Destroy target creature with toughness 4 or greater.,FRF,"""Every choice alters the path of fate.""\n—Sarkhan Vol",normal,391950,,,Uncommon,,Instant
Wandering Champion,{1}{W},2,W,Willian Murai,29,Creature — Human Monk,"Whenever Wandering Champion deals combat damage to a player, if you control a blue or red permanent, you may discard a card. If you do, draw a card.",FRF,"""Learn from your enemies, but do not tolerate them.""",normal,391952,3,1,Uncommon,"Human,Monk",Creature
Wardscale Dragon,{4}{W}{W},6,W,Jason Rainville,30,Creature — Dragon,"Flying\nAs long as Wardscale Dragon is attacking, defending player can't cast spells.",FRF,Dromoka's brood emerge from the dragon tempests covered with tough scales that protect them from most clan weapons and magic.,normal,391955,4,4,Uncommon,Dragon,Creature
Aven Surveyor,{3}{U}{U},5,U,David Gaillet,31,Creature — Bird Scout,"Flying\nWhen Aven Surveyor enters the battlefield, choose one —\n• Put a +1/+1 counter on Aven Surveyor.\n• Return target creature to its owner's hand.",FRF,,normal,391798,2,2,Common,"Bird,Scout",Creature
Cloudform,{1}{U}{U},3,U,Noah Bradley,32,Enchantment,"When Cloudform enters the battlefield, it becomes an Aura with enchant creature. Manifest the top card of your library and attach Cloudform to it. (To manifest a card, put it onto the battlefield face down as a 2/2 creature. Turn it face up any time for its mana cost if it's a creature card.)\nEnchanted creature has flying and hexproof.",FRF,,normal,391810,,,Uncommon,,Enchantment
Enhanced Awareness,{4}{U},5,U,Ryan Alexander Lee,33,Instant,"Draw three cards, then discard a card.",FRF,"""Study the topography of your enemies, and you will have a map to victory.""\n—Shu Yun, the Silent Tempest",normal,391827,,,Common,,Instant
Fascination,{X}{U}{U},2,U,Svetlin Velinov,34,Sorcery,Choose one —\n• Each player draws X cards.\n• Each player puts the top X cards of his or her library into his or her graveyard.,FRF,,normal,391829,,,Uncommon,,Sorcery
Frost Walker,{1}{U},2,U,Mike Bierek,35,Creature — Elemental,"When Frost Walker becomes the target of a spell or ability, sacrifice it.",FRF,"""As the clans carved out their territories, we saw allies where the Mardu saw only obstacles.""\n—Yasova Dragonclaw",normal,391841,4,1,Uncommon,Elemental,Creature
Jeskai Infiltrator,{2}{U},3,U,Cynthia Sheppard,36,Creature — Human Monk,"Jeskai Infiltrator can't be blocked as long as you control no other creatures.\nWhen Jeskai Infiltrator deals combat damage to a player, exile it and the top card of your library in a face-down pile, shuffle that pile, then manifest those cards. (To manifest a card, put it onto the battlefield face down as a 2/2 creature. Turn it face up any time for its mana cost if it's a creature card.)","FRF_UGIN,FRF",,normal,391862,2,3,Rare,"Human,Monk",Creature
Jeskai Runemark,{2}{U},3,U,Jaime Jones,37,Enchantment — Aura,Enchant creature\nEnchanted creature gets +2/+2.\nEnchanted creature has flying as long as you control a red or white permanent.,FRF,,normal,391863,,,Common,Aura,Enchantment
Jeskai Sage,{1}{U},2,U,Craig J Spearing,38,Creature — Human Monk,"Prowess (Whenever you cast a noncreature spell, this creature gets +1/+1 until end of turn.)\nWhen Jeskai Sage dies, draw a card.",FRF,"""The one who conquers the mind is greater than the one who conquers the world.""",normal,391864,1,1,Common,"Human,Monk",Creature
Lotus Path Djinn,{3}{U},4,U,Steve Argyle,39,Creature — Djinn Monk,"Flying\nProwess (Whenever you cast a noncreature spell, this creature gets +1/+1 until end of turn.)",FRF,"""The lotus takes root where body and mind intersect. It blooms when body and mind become one.""",normal,391869,2,3,Common,"Djinn,Monk",Creature
Marang River Prowler,{2}{U},3,U,Yefim Kligerman,40,Creature — Human Rogue,Marang River Prowler can't block and can't be blocked.\nYou may cast Marang River Prowler from your graveyard as long as you control a black or green permanent.,FRF,The currents of the Marang wash away both tracks and blood.,normal,391872,2,1,Uncommon,"Human,Rogue",Creature
Mindscour Dragon,{4}{U}{U},6,U,Wesley Burt,41,Creature — Dragon,"Flying\nWhenever Mindscour Dragon deals combat damage to an opponent, target player puts the top four cards of his or her library into his or her graveyard.",FRF,"""The bells may one day ring as an anthem of our own end.""\n—Kyu, Sage-Eye mystic",normal,391880,4,4,Uncommon,Dragon,Creature
Mistfire Adept,{3}{U},4,U,Clint Cearley,42,Creature — Human Monk,"Prowess (Whenever you cast a noncreature spell, this creature gets +1/+1 until end of turn.)\nWhenever you cast a noncreature spell, target creature gains flying until end of turn.",FRF,"""The quieter the skies, the calmer the mind.""",normal,391881,3,3,Uncommon,"Human,Monk",Creature
Monastery Siege,{2}{U},3,U,Mark Winters,43,Enchantment,"As Monastery Siege enters the battlefield, choose Khans or Dragons.\n• Khans — At the beginning of your draw step, draw an additional card, then discard a card.\n• Dragons — Spells your opponents cast that target you or a permanent you control cost {2} more to cast.",FRF,,normal,391884,,,Rare,,Enchantment
Neutralizing Blast,{1}{U},2,U,Dan Scott,44,Instant,Counter target multicolored spell.,FRF,"""To defeat your enemies, you must remove their ability to make war against you.""",normal,391887,,,Uncommon,,Instant
Rakshasa's Disdain,{2}{U},3,U,Seb McKinnon,45,Instant,Counter target spell unless its controller pays {1} for each card in your graveyard.,FRF,"""Every failure, every death only makes my strength greater.""",normal,391900,,,Common,,Instant
Reality Shift,{1}{U},2,U,Howard Lyon,46,Instant,"Exile target creature. Its controller manifests the top card of his or her library. (That player puts the top card of his or her library onto the battlefield face down as a 2/2 creature. If it's a creature card, it can be turned face up any time for its mana cost.)","FRF_UGIN,FRF",,normal,391903,,,Uncommon,,Instant
Refocus,{1}{U},2,U,Kev Walker,47,Instant,Untap target creature.\nDraw a card.,FRF,"""Before you can open your third eye, you must prove you can open the first two.""",normal,391904,,,Common,,Instant
Renowned Weaponsmith,{1}{U},2,U,Eric Deschamps,48,Creature — Human Artificer,"{T}: Add {C}{C} to your mana pool. Spend this mana only to cast artifact spells or activate abilities of artifacts.\n{U}, {T}: Search your library for a card named Heart-Piercer Bow or Vial of Dragonfire, reveal it, put it into your hand, then shuffle your library.",FRF,,normal,391905,1,3,Uncommon,"Human,Artificer",Creature
Rite of Undoing,{4}{U},5,U,Anastasia Ovchinnikova,49,Instant,Delve (Each card you exile from your graveyard while casting this spell pays for {1}.)\nReturn target nonland permanent you control and target nonland permanent you don't control to their owners' hands.,FRF,,normal,391907,,,Uncommon,,Instant
Sage-Eye Avengers,{4}{U}{U},6,U,Dan Scott,50,Creature — Djinn Monk,"Prowess (Whenever you cast a noncreature spell, this creature gets +1/+1 until end of turn.)\nWhenever Sage-Eye Avengers attacks, you may return target creature to its owner's hand if its power is less than Sage-Eye Avengers's power.","pMEI,FRF",,normal,391911,4,5,Rare,"Djinn,Monk",Creature
Shifting Loyalties,{5}{U},6,U,James Ryman,51,Sorcery,"Exchange control of two target permanents that share a card type. (Artifact, creature, enchantment, land, and planeswalker are card types.)",FRF,"""Show the enemy the true path, and the spirit will yearn to follow it.""\n—Houn, Jeskai elder",normal,391919,,,Uncommon,,Sorcery
"Shu Yun, the Silent Tempest",{2}{U},3,"U,R,W",David Gaillet,52,Legendary Creature — Human Monk,"Prowess (Whenever you cast a noncreature spell, this creature gets +1/+1 until end of turn.)\nWhenever you cast a noncreature spell, you may pay {R/W}{R/W}. If you do, target creature gains double strike until end of turn.",FRF,,normal,391921,3,2,Rare,"Human,Monk",Creature
Sultai Skullkeeper,{1}{U},2,U,Ryan Barger,53,Creature — Naga Shaman,"When Sultai Skullkeeper enters the battlefield, put the top two cards of your library into your graveyard.",FRF,"A skullkeeper is the first to arrive after the palace archers strike down intruders, probing their brains for choice bits of knowledge.",normal,391932,2,1,Common,"Naga,Shaman",Creature
Supplant Form,{4}{U}{U},6,U,Adam Paquette,54,Instant,Return target creature to its owner's hand. You put a token onto the battlefield that's a copy of that creature.,"pMGD,FRF","""Ice can be shaped to any form, even the whisper of a memory.""\n—Mytha, Temur shaman",normal,391933,,,Rare,,Instant
Temporal Trespass,{8}{U}{U}{U},11,U,Clint Cearley,55,Sorcery,Delve (Each card you exile from your graveyard while casting this spell pays for {1}.)\nTake an extra turn after this one. Exile Temporal Trespass.,FRF,Few truly live in the moment.,normal,391939,,,Mythic Rare,,Sorcery
Torrent Elemental,{4}{U},5,"U,B,G",James Paick,56,Creature — Elemental,"Flying\nWhenever Torrent Elemental attacks, tap all creatures defending player controls.\n{3}{B/G}{B/G}: Put Torrent Elemental from exile onto the battlefield tapped. Activate this ability only any time you could cast a sorcery.",FRF,,normal,391945,3,5,Mythic Rare,Elemental,Creature
Whisk Away,{2}{U},3,U,Zack Stella,57,Instant,Put target attacking or blocking creature on top of its owner's library.,FRF,The maneuvers of the Abzan formation intrigued Ojutai in both their complexity and their futility.,normal,391956,,,Common,,Instant
Will of the Naga,{4}{U}{U},6,U,Wayne Reynolds,58,Instant,Delve (Each card you exile from your graveyard while casting this spell pays for {1}.)\nTap up to two target creatures. Those creatures don't untap during their controller's next untap step.,FRF,The charm of a naga is undeniable.,normal,391961,,,Common,,Instant
Write into Being,{2}{U},3,U,Yeong-Hao Han,59,Sorcery,"Look at the top two cards of your library. Manifest one of those cards, then put the other on the top or bottom of your library. (To manifest a card, put it onto the battlefield face down as a 2/2 creature. Turn it face up any time for its mana cost if it's a creature card.)","FRF_UGIN,FRF",,normal,391964,,,Common,,Sorcery
Alesha's Vanguard,{3}{B},4,B,Torstein Nordstrand,60,Creature — Orc Warrior,"Dash {2}{B} (You may cast this spell for its dash cost. If you do, it gains haste, and it's returned from the battlefield to its owner's hand at the beginning of the next end step.)",FRF,Boundaries drawn on maps or marked with stone have no meaning for the Mardu.,normal,391788,3,3,Common,"Orc,Warrior",Creature
Ancestral Vengeance,{B}{B},2,B,Yohann Schepacz,61,Enchantment — Aura,"Enchant creature\nWhen Ancestral Vengeance enters the battlefield, put a +1/+1 counter on target creature you control.\nEnchanted creature gets -1/-1.",FRF,The defenses of the Abzan extend well beyond the walls of their fortresses.,normal,391790,,,Common,Aura,Enchantment
Archfiend of Depravity,{3}{B}{B},5,B,Daarken,62,Creature — Demon,"Flying\nAt the beginning of each opponent's end step, that player chooses up to two creatures he or she controls, then sacrifices the rest.","pMEI,FRF","""Why would I kill you all? Who then would be left to worship me?""",normal,391795,5,4,Rare,Demon,Creature
Battle Brawler,{1}{B},2,B,Karl Kopinski,63,Creature — Orc Warrior,"As long as you control a red or white permanent, Battle Brawler gets +1/+0 and has first strike.",FRF,"Every time he returns from battle unscathed, he feels a tinge of disappointment.",normal,391800,2,2,Uncommon,"Orc,Warrior",Creature
Brutal Hordechief,{3}{B},4,"B,R,W",Tyler Jacobson,64,Creature — Orc Warrior,"Whenever a creature you control attacks, defending player loses 1 life and you gain 1 life.\n{3}{R/W}{R/W}: Creatures your opponents control block this turn if able, and you choose how those creatures block.",FRF,,normal,391806,3,3,Mythic Rare,"Orc,Warrior",Creature
Crux of Fate,{3}{B}{B},5,B,Michael Komarck,65,Sorcery,Choose one —\n• Destroy all Dragon creatures.\n• Destroy all non-Dragon creatures.,FRF,Ugin's whispered summons led Sarkhan Vol to the moment that would echo down the centuries and seal Tarkir's fate: the primal battle between Ugin and Nicol Bolas.,normal,391813,,,Rare,,Sorcery
Dark Deal,{2}{B},3,B,Scott Murphy,66,Sorcery,"Each player discards all the cards in his or her hand, then draws that many cards minus one.",FRF,The first khans of the Sultai relied on the magic of the rakshasa to ensure the survival of the clan.,normal,391816,,,Uncommon,,Sorcery
Diplomacy of the Wastes,{2}{B},3,B,Jack Wang,67,Sorcery,"Target opponent reveals his or her hand. You choose a nonland card from it. That player discards that card. If you control a Warrior, that player loses 2 life.",FRF,"""Our emissaries are gifted negotiators.""\n—Alesha, Who Smiles at Death",normal,391819,,,Uncommon,,Sorcery
Douse in Gloom,{2}{B},3,B,Ryan Yee,68,Instant,Douse in Gloom deals 2 damage to target creature and you gain 2 life.,"GPT,FRF",The Mardu warrior was overjoyed when Tasigur set him free and granted him passage through the jungle. He failed to notice the Sultai leader's cruel smile.,normal,391821,,,Common,,Instant
Fearsome Awakening,{4}{B},5,B,Véronique Meignaud,69,Sorcery,"Return target creature card from your graveyard to the battlefield. If it's a Dragon, put two +1/+1 counters on it.",FRF,"On Tarkir, dragons emerge from enormous tempests, phenomena tied to Ugin's very presence on the plane.",normal,391830,,,Uncommon,,Sorcery
Ghastly Conscription,{5}{B}{B},7,B,YW Tang,70,Sorcery,"Exile all creature cards from target player's graveyard in a face-down pile, shuffle that pile, then manifest those cards. (To manifest a card, put it onto the battlefield face down as a 2/2 creature. Turn it face up any time for its mana cost if it's a creature card.)",FRF,,normal,391843,,,Mythic Rare,,Sorcery
Grave Strength,{1}{B},2,B,Jeff Simpson,71,Sorcery,"Choose target creature. Put the top three cards of your library into your graveyard, then put a +1/+1 counter on that creature for each creature card in your graveyard.",FRF,"So long as death follows life, the supply lines of the Sultai will never be cut.",normal,391847,,,Uncommon,,Sorcery
Gurmag Angler,{6}{B},7,B,YW Tang,72,Creature — Zombie Fish,Delve (Each card you exile from your graveyard while casting this spell pays for {1}.),FRF,"If everything in the Gurmag Swamp hungers for human flesh, what bait could be more effective?",normal,391850,5,5,Common,"Zombie,Fish",Creature
Hooded Assassin,{2}{B},3,B,Matt Stewart,73,Creature — Human Assassin,"When Hooded Assassin enters the battlefield, choose one —\n• Put a +1/+1 counter on Hooded Assassin.\n• Destroy target creature that was dealt damage this turn.",FRF,,normal,391855,1,2,Common,"Human,Assassin",Creature
Mardu Shadowspear,{B},1,B,Mark Poole,74,Creature — Human Warrior,"Whenever Mardu Shadowspear attacks, each opponent loses 1 life.\nDash {1}{B} (You may cast this spell for its dash cost. If you do, it gains haste, and it's returned from the battlefield to its owner's hand at the beginning of the next end step.)","pMGD,FRF",,normal,391875,1,1,Uncommon,"Human,Warrior",Creature
Mardu Strike Leader,{2}{B},3,B,Jason Rainville,75,Creature — Human Warrior,"Whenever Mardu Strike Leader attacks, put a 2/1 black Warrior creature token onto the battlefield.\nDash {3}{B} (You may cast this spell for its dash cost. If you do, it gains haste, and it's returned from the battlefield to its owner's hand at the beginning of the next end step.)",FRF,,normal,391876,3,2,Rare,"Human,Warrior",Creature
Merciless Executioner,{2}{B},3,B,David Palumbo,76,Creature — Orc Warrior,"When Merciless Executioner enters the battlefield, each player sacrifices a creature.",FRF,"He enjoys his work, for he sees only the worst Abzan criminals: those who betray their own kin.",normal,391879,3,1,Uncommon,"Orc,Warrior",Creature
Noxious Dragon,{4}{B}{B},6,B,Svetlin Velinov,77,Creature — Dragon,"Flying\nWhen Noxious Dragon dies, you may destroy target creature with converted mana cost 3 or less.",FRF,"Dragons of Silumgar's brood begin to digest their prey even before consuming it, letting their caustic breath do much of the work.",normal,391888,4,4,Uncommon,Dragon,Creature
Orc Sureshot,{3}{B},4,B,Kev Walker,78,Creature — Orc Archer,"Whenever another creature enters the battlefield under your control, target creature an opponent controls gets -1/-1 until end of turn.",FRF,"""Words have yet to halt an arrow.""",normal,391890,4,2,Uncommon,"Orc,Archer",Creature
Palace Siege,{3}{B}{B},5,B,Slawomir Maniak,79,Enchantment,"As Palace Siege enters the battlefield, choose Khans or Dragons.\n• Khans — At the beginning of your upkeep, return target creature card from your graveyard to your hand.\n• Dragons — At the beginning of your upkeep, each opponent loses 2 life and you gain 2 life.",FRF,,normal,391892,,,Rare,,Enchantment
Qarsi High Priest,{B},1,B,Viktor Titov,80,Creature — Human Cleric,"{1}{B}, {T}, Sacrifice another creature: Manifest the top card of your library. (Put that card onto the battlefield face down as a 2/2 creature. Turn it face up any time for its mana cost if it's a creature card.)",FRF,"""Hear me, nameless, and obey.""",normal,391898,0,2,Uncommon,"Human,Cleric",Creature
Reach of Shadows,{4}{B},5,B,Daarken,81,Instant,Destroy target creature that's one or more colors.,FRF,"""Is it better to be a fool or a coward? Fools may get things done occasionally, but cowards live longer.""\n—Ghelesh Shadowmane, rakshasa mage",normal,391902,,,Common,,Instant
Sibsig Host,{4}{B},5,B,Steve Prescott,82,Creature — Zombie,"When Sibsig Host enters the battlefield, each player puts the top three cards of his or her library into his or her graveyard.",FRF,"""They were your friends, your family, your clan. They want only to welcome you.""\n—Tasigur, the Golden Fang",normal,391922,2,6,Common,Zombie,Creature
Sibsig Muckdraggers,{8}{B},9,B,Zack Stella,83,Creature — Zombie,"Delve (Each card you exile from your graveyard while casting this spell pays for {1}.)\nWhen Sibsig Muckdraggers enters the battlefield, return target creature card from your graveyard to your hand.",FRF,,normal,391923,3,6,Uncommon,Zombie,Creature
Soulflayer,{4}{B}{B},6,B,Seb McKinnon,84,Creature — Demon,"Delve (Each card you exile from your graveyard while casting this spell pays for {1}.)\nIf a creature card with flying was exiled with Soulflayer's delve ability, Soulflayer has flying. The same is true for first strike, double strike, deathtouch, haste, hexproof, indestructible, lifelink, reach, trample, and vigilance.",FRF,,normal,391928,4,4,Rare,Demon,Creature
Sultai Emissary,{1}{B},2,B,Mathias Kollros,85,Creature — Zombie Warrior,"When Sultai Emissary dies, manifest the top card of your library. (Put that card onto the battlefield face down as a 2/2 creature. Turn it face up any time for its mana cost if it's a creature card.)","FRF_UGIN,FRF","To the Sultai, Ugin's power was just one more resource to be exploited.",normal,391930,1,1,Common,"Zombie,Warrior",Creature
Sultai Runemark,{2}{B},3,B,Volkan Baga,86,Enchantment — Aura,Enchant creature\nEnchanted creature gets +2/+2.\nEnchanted creature has deathtouch as long as you control a green or blue permanent. (Any amount of damage it deals to a creature is enough to destroy it.),FRF,,normal,391931,,,Common,Aura,Enchantment
"Tasigur, the Golden Fang",{5}{B},6,"B,G,U",Chris Rahn,87,Legendary Creature — Human Shaman,"Delve (Each card you exile from your graveyard while casting this spell pays for {1}.)\n{2}{G/U}{G/U}: Put the top two cards of your library into your graveyard, then return a nonland card of an opponent's choice from your graveyard to your hand.",FRF,,normal,391937,4,5,Rare,"Human,Shaman",Creature
Tasigur's Cruelty,{5}{B},6,B,Chris Rahn,88,Sorcery,Delve (Each card you exile from your graveyard while casting this spell pays for {1}.)\nEach opponent discards two cards.,FRF,The cruelest tortures leave no mark upon the flesh.,normal,391938,,,Common,,Sorcery
Typhoid Rats,{B},1,B,Dave Kendall,89,Creature — Rat,Deathtouch (Any amount of damage this deals to a creature is enough to destroy it.),"ISD,CNS,M15,FRF","When Tasigur sent his ambassadors to the Abzan outpost, the true envoys were not the naga but the infectious rats they carried with them.",normal,391947,1,1,Common,Rat,Creature
"Alesha, Who Smiles at Death",{2}{R},3,"R,W,B",Anastasia Ovchinnikova,90,Legendary Creature — Human Warrior,"First strike\nWhenever Alesha, Who Smiles at Death attacks, you may pay {W/B}{W/B}. If you do, return target creature card with power 2 or less from your graveyard to the battlefield tapped and attacking.",FRF,"""Greet death with sword in hand.""",normal,391787,3,2,Rare,"Human,Warrior",Creature
Arcbond,{2}{R},3,R,Slawomir Maniak,91,Instant,"Choose target creature. Whenever that creature is dealt damage this turn, it deals that much damage to each other creature and each player.",FRF,"""If you must die today, make your death worthy of legend.""\n—Alesha, Who Smiles at Death",normal,391793,,,Rare,,Instant
Bathe in Dragonfire,{2}{R},3,R,Chris Rallis,92,Sorcery,Bathe in Dragonfire deals 4 damage to target creature.,FRF,The scent of cooked flesh lingers in the charred landscape of Tarkir.,normal,391799,,,Common,,Sorcery
Bloodfire Enforcers,{3}{R},4,R,Yefim Kligerman,93,Creature — Human Monk,Bloodfire Enforcers has first strike and trample as long as an instant card and a sorcery card are in your graveyard.,FRF,"Bloodfire practitioners train to focus their rage, building it deep inside themselves until they are ready to release it as a devastating attack.",normal,391803,5,2,Uncommon,"Human,Monk",Creature
Break Through the Line,{1}{R},2,R,Clint Cearley,94,Enchantment,{R}: Target creature with power 2 or less gains haste until end of turn and can't be blocked this turn.,FRF,"""If the Mardu were more in tune with their beasts, they would not scare so easily.""\n—Jilaya, Temur whisperer",normal,391805,,,Uncommon,,Enchantment
Collateral Damage,{R},1,R,Ryan Barger,95,Instant,"As an additional cost to cast Collateral Damage, sacrifice a creature.\nCollateral Damage deals 3 damage to target creature or player.",FRF,It is much easier to create fire than to contain it.,normal,391811,,,Common,,Instant
Defiant Ogre,{5}{R},6,R,Craig J Spearing,96,Creature — Ogre Warrior,"When Defiant Ogre enters the battlefield, choose one —\n• Put a +1/+1 counter on Defiant Ogre.\n• Destroy target artifact.",FRF,"""I have no clan, but I still have purpose.""",normal,391817,3,5,Common,"Ogre,Warrior",Creature
Dragonrage,{2}{R},3,R,Tomasz Jedruszek,97,Instant,"Add {R} to your mana pool for each attacking creature you control. Until end of turn, attacking creatures you control gain ""{R}: This creature gets +1/+0 until end of turn.""",FRF,"""Dragons in the skies of Tarkir—for the first time, it feels like my home.""\n—Sarkhan Vol",normal,391823,,,Uncommon,,Instant
Fierce Invocation,{4}{R},5,R,Tyler Jacobson,98,Sorcery,"Manifest the top card of your library, then put two +1/+1 counters on it. (To manifest a card, put it onto the battlefield face down as a 2/2 creature. Turn it face up any time for its mana cost if it's a creature card.)","FRF_UGIN,FRF",Anger can empower those who embrace it.,normal,391832,,,Common,,Sorcery
Flamerush Rider,{4}{R},5,R,Min Yum,99,Creature — Human Warrior,"Whenever Flamerush Rider attacks, put a token onto the battlefield tapped and attacking that's a copy of another target attacking creature. Exile the token at end of combat.\nDash {2}{R}{R} (You may cast this spell for its dash cost. If you do, it gains haste, and it's returned from the battlefield to its owner's hand at the beginning of the next end step.)","pMEI,FRF",,normal,391833,3,3,Rare,"Human,Warrior",Creature
Flamewake Phoenix,{1}{R}{R},3,R,Min Yum,100,Creature — Phoenix,"Flying, haste\nFlamewake Phoenix attacks each turn if able.\nFerocious — At the beginning of combat on your turn, if you control a creature with power 4 or greater, you may pay {R}. If you do, return Flamewake Phoenix from your graveyard to the battlefield.",FRF,,normal,391834,2,2,Rare,Phoenix,Creature
Friendly Fire,{3}{R},4,R,Anthony Palumbo,101,Instant,Target creature's controller reveals a card at random from his or her hand. Friendly Fire deals damage to that creature and that player equal to the revealed card's converted mana cost.,FRF,"""Never tell goblins to ‘fire at will.'""\n—Urut Barzeel, Mardu hordechief",normal,391838,,,Uncommon,,Instant
Goblin Heelcutter,{3}{R},4,R,Jesper Ejsing,102,Creature — Goblin Berserker,"Whenever Goblin Heelcutter attacks, target creature can't block this turn.\nDash {2}{R} (You may cast this spell for its dash cost. If you do, it gains haste, and it's returned from the battlefield to its owner's hand at the beginning of the next end step.)",FRF,,normal,391845,3,2,Common,"Goblin,Berserker",Creature
Gore Swine,{2}{R},3,R,Jack Wang,103,Creature — Boar,,FRF,"""The Mardu are like the gore swine. We are wild, hunt in packs, and rarely clean the blood from our blades.""\n—Vallash, Mardu warrior",normal,391846,4,1,Common,Boar,Creature
Humble Defector,{1}{R},2,R,Slawomir Maniak,104,Creature — Human Rogue,{T}: Draw two cards. Target opponent gains control of Humble Defector. Activate this ability only during your turn.,FRF,"""You were once Mardu, so your body and will are strong. Now we must train your mind.""\n—Houn, Jeskai elder",normal,391856,2,1,Uncommon,"Human,Rogue",Creature
Hungering Yeti,{4}{R},5,R,Tyler Jacobson,105,Creature — Yeti,"As long as you control a green or blue permanent, you may cast Hungering Yeti as though it had flash. (You may cast it any time you could cast an instant.)",FRF,"No clan is as adept at saying ""go away"" as the Temur.",normal,391857,4,4,Uncommon,Yeti,Creature
Lightning Shrieker,{4}{R},5,R,Slawomir Maniak,106,Creature — Dragon,"Flying, trample, haste\nAt the beginning of the end step, Lightning Shrieker's owner shuffles it into his or her library.",FRF,Dragonslayers learned to keep silent about their deeds after seeing the terrible vengeance wrought by Kolaghan and her brood.,normal,391868,5,5,Common,Dragon,Creature
Mardu Runemark,{2}{R},3,R,Viktor Titov,107,Enchantment — Aura,Enchant creature\nEnchanted creature gets +2/+2.\nEnchanted creature has first strike as long as you control a white or black permanent.,FRF,,normal,391873,,,Common,Aura,Enchantment
Mardu Scout,{R}{R},2,R,Zoltan Boros,108,Creature — Goblin Scout,"Dash {1}{R} (You may cast this spell for its dash cost. If you do, it gains haste, and it's returned from the battlefield to its owner's hand at the beginning of the next end step.)",FRF,"The Mardu all enjoy war, but only the goblins make a game of it.",normal,391874,3,1,Common,"Goblin,Scout",Creature
Mob Rule,{4}{R}{R},6,R,Jakub Kasper,109,Sorcery,Choose one —\n• Gain control of all creatures with power 4 or greater until end of turn. Untap those creatures. They gain haste until end of turn.\n• Gain control of all creatures with power 3 or less until end of turn. Untap those creatures. They gain haste until end of turn.,FRF,,normal,391882,,,Rare,,Sorcery
Outpost Siege,{3}{R},4,R,Daarken,110,Enchantment,"As Outpost Siege enters the battlefield, choose Khans or Dragons.\n• Khans — At the beginning of your upkeep, exile the top card of your library. Until end of turn, you may play that card.\n• Dragons — Whenever a creature you control leaves the battlefield, Outpost Siege deals 1 damage to target creature or player.",FRF,,normal,391891,,,Rare,,Enchantment
Pyrotechnics,{4}{R},5,R,Matt Stewart,111,Sorcery,Pyrotechnics deals 4 damage divided as you choose among any number of target creatures and/or players.,"LEG,4ED,RQS,ITP,5ED,ATH,6ED,7ED,8ED,HOP,FRF","""Take inspiration from your enemies, and make their strengths your own.""\n—Alesha, Who Smiles at Death",normal,391897,,,Uncommon,,Sorcery
Rageform,{2}{R}{R},4,R,Richard Wright,112,Enchantment,"When Rageform enters the battlefield, it becomes an Aura with enchant creature. Manifest the top card of your library and attach Rageform to it. (To manifest a card, put it onto the battlefield face down as a 2/2 creature. Turn it face up any time for its mana cost if it's a creature card.)\nEnchanted creature has double strike. (It deals both first-strike and regular combat damage.)",FRF,,normal,391899,,,Uncommon,,Enchantment
Shaman of the Great Hunt,{3}{R},4,"R,G,U",Ryan Alexander Lee,113,Creature — Orc Shaman,"Haste\nWhenever a creature you control deals combat damage to a player, put a +1/+1 counter on it.\nFerocious — {2}{G/U}{G/U}: Draw a card for each creature you control with power 4 or greater.",FRF,,normal,391917,4,2,Mythic Rare,"Orc,Shaman",Creature
Shockmaw Dragon,{4}{R}{R},6,R,Alejandro Mirabal,114,Creature — Dragon,"Flying\nWhenever Shockmaw Dragon deals combat damage to a player, it deals 1 damage to each creature that player controls.",FRF,Dragons of the Kolaghan brood are always on the move. They are the driving force behind the Mardu's nomadic way of life.,normal,391920,4,4,Uncommon,Dragon,Creature
Smoldering Efreet,{1}{R},2,R,Chase Stone,115,Creature — Efreet Monk,"When Smoldering Efreet dies, it deals 2 damage to you.",FRF,"The efreet are drawn to the Kaisham Wanderers, a loosely organized Jeskai school where trickery is employed to challenge the status quo and upend the belief systems of others.",normal,391925,2,2,Common,"Efreet,Monk",Creature
Temur Battle Rage,{1}{R},2,R,Jaime Jones,116,Instant,Target creature gains double strike until end of turn. (It deals both first-strike and regular combat damage.)\nFerocious — That creature also gains trample until end of turn if you control a creature with power 4 or greater.,FRF,,normal,391940,,,Common,,Instant
Vaultbreaker,{3}{R},4,R,Wayne Reynolds,117,Creature — Orc Rogue,"Whenever Vaultbreaker attacks, you may discard a card. If you do, draw a card.\nDash {2}{R} (You may cast this spell for its dash cost. If you do, it gains haste, and it's returned from the battlefield to its owner's hand at the beginning of the next end step.)",FRF,,normal,391951,4,2,Uncommon,"Orc,Rogue",Creature
Wild Slash,{R},1,R,Raymond Swanland,118,Instant,"Ferocious — If you control a creature with power 4 or greater, damage can't be prevented this turn.\nWild Slash deals 2 damage to target creature or player.",FRF,Never mistake deception for cleverness.,normal,391959,,,Uncommon,,Instant
Abzan Beastmaster,{2}{G},3,G,Winona Nelson,119,Creature — Hound Shaman,"At the beginning of your upkeep, draw a card if you control the creature with the greatest toughness or tied for the greatest toughness.","pFNM,FRF",His beasts move the great siege towers of the Abzan across the endless sands.,normal,391782,2,1,Uncommon,"Hound,Shaman",Creature
Abzan Kin-Guard,{3}{G},4,G,Craig J Spearing,120,Creature — Human Warrior,Abzan Kin-Guard has lifelink as long as you control a white or black permanent.,FRF,"""The Mardu rush headlong toward extinction. We ensure the longevity of our clan by protecting our territory, not rampaging through it.""",normal,391783,3,3,Uncommon,"Human,Warrior",Creature
Ainok Guide,{1}{G},2,G,Lucas Graciano,121,Creature — Hound Scout,"When Ainok Guide enters the battlefield, choose one —\n• Put a +1/+1 counter on Ainok Guide.\n• Search your library for a basic land card, reveal it, then shuffle your library and put that card on top of it.",FRF,,normal,391786,1,1,Common,"Hound,Scout",Creature
Ambush Krotiq,{5}{G},6,G,Filip Burburan,122,Creature — Insect,"Trample\nWhen Ambush Krotiq enters the battlefield, return another creature you control to its owner's hand.",FRF,The Abzan merchants soon discovered why this route was clear of dragons.,normal,391789,5,5,Common,Insect,Creature
Arashin War Beast,{5}{G}{G},7,G,Eric Deschamps,123,Creature — Beast,"Whenever Arashin War Beast deals combat damage to one or more blocking creatures, manifest the top card of your library. (Put it onto the battlefield face down as a 2/2 creature. Turn it face up any time for its mana cost if it's a creature card.)","FRF_UGIN,FRF",,normal,391792,6,6,Uncommon,Beast,Creature
Archers of Qarsi,{3}{G},4,G,Alejandro Mirabal,124,Creature — Naga Archer,Defender\nReach (This creature can block creatures with flying.),FRF,"""We think of the naga as creeping cutthroats, slitherers in the swamps. But they are equally at home in the trees.""\n—Goton, Qal Sisma shaman",normal,391794,5,2,Common,"Naga,Archer",Creature
Battlefront Krushok,{4}{G},5,G,Steve Prescott,125,Creature — Beast,Battlefront Krushok can't be blocked by more than one creature.\nEach creature you control with a +1/+1 counter on it can't be blocked by more than one creature.,FRF,"Krushoks clear debris from fertile fields, fallow fields, and battlefields.",normal,391801,3,4,Uncommon,Beast,Creature
Cached Defenses,{2}{G},3,G,Zack Stella,126,Sorcery,Bolster 3. (Choose a creature with the least toughness among creatures you control and put three +1/+1 counters on it.),FRF,The glittering scales in the Abzan vaults represent mighty deeds of the past and protection for generations to come.,normal,391807,,,Uncommon,,Sorcery
Destructor Dragon,{4}{G}{G},6,G,Peter Mohrbacher,127,Creature — Dragon,"Flying\nWhen Destructor Dragon dies, destroy target noncreature permanent.",FRF,"After countless attacks on the Salt Road where it passes through the frozen tundra, the Abzan began to refer to the area as Atarka territory rather than Temur lands.",normal,391818,4,4,Uncommon,Dragon,Creature
Feral Krushok,{4}{G},5,G,Kev Walker,128,Creature — Beast,,FRF,"In a stunning act of diplomacy, Yasova Dragonclaw ceded a portion of Temur lands to the Sultai. Her clan protested until they saw she had given the Sultai the breeding grounds of the krushoks. They hadn't realized she had a sense of humor.",normal,391831,5,4,Common,Beast,Creature
Formless Nurturing,{3}{G},4,G,Cliff Childs,129,Sorcery,"Manifest the top card of your library, then put a +1/+1 counter on it. (To manifest a card, put it onto the battlefield face down as a 2/2 creature. Turn it face up any time for its mana cost if it's a creature card.)","FRF_UGIN,FRF",,normal,391837,,,Common,,Sorcery
Frontier Mastodon,{2}{G},3,G,Nils Hamm,130,Creature — Elephant,Ferocious — Frontier Mastodon enters the battlefield with a +1/+1 counter on it if you control a creature with power 4 or greater.,FRF,"Each bronze disk on its harness is an offering from a young Temur hunter, a sign of respect to the spirits of the wild.",normal,391839,3,2,Common,Elephant,Creature
Frontier Siege,{3}{G},4,G,James Ryman,131,Enchantment,"As Frontier Siege enters the battlefield, choose Khans or Dragons.\n• Khans — At the beginning of each of your main phases, add {G}{G} to your mana pool.\n• Dragons — Whenever a creature with flying enters the battlefield under your control, you may have it fight target creature you don't control.",FRF,,normal,391840,,,Rare,,Enchantment
Fruit of the First Tree,{3}{G},4,G,Ryan Yee,132,Enchantment — Aura,"Enchant creature\nWhen enchanted creature dies, you gain X life and draw X cards, where X is its toughness.",FRF,"""I will be the ancestor my descendants call upon for aid. On that day I will take up my sword for my family once more.""",normal,391842,,,Uncommon,Aura,Enchantment
Hunt the Weak,{3}{G},4,G,Lars Grant-West,133,Sorcery,Put a +1/+1 counter on target creature you control. Then that creature fights target creature you don't control. (Each deals damage equal to its power to the other.),"M14,M15,FRF","Dragons scorn the weak, even among their own kind.",normal,391858,,,Common,,Sorcery
Map the Wastes,{2}{G},3,G,Volkan Baga,134,Sorcery,"Search your library for a basic land card, put it onto the battlefield tapped, then shuffle your library. Bolster 1. (Choose a creature with the least toughness among creatures you control and put a +1/+1 counter on it.)",FRF,,normal,391871,,,Common,,Sorcery
Return to the Earth,{3}{G},4,G,Mark Winters,135,Instant,"Destroy target artifact, enchantment, or creature with flying.",FRF,"""Dragons are feared for their breath and their bite, but it is their wings that make them unconquerable. Bring them to earth, and they die like any other beast.""\n—Kassur, Sultai hunter",normal,391906,,,Common,,Instant
Ruthless Instincts,{2}{G},3,G,Lius Lasahido,136,Instant,Choose one —\n• Target nonattacking creature gains reach and deathtouch until end of turn. Untap it.\n• Target attacking creature gets +2/+2 and gains trample until end of turn.,FRF,A single battle affects countless others.,normal,391909,,,Uncommon,,Instant
Sandsteppe Mastodon,{5}{G}{G},7,G,James Zapata,137,Creature — Elephant,"Reach\nWhen Sandsteppe Mastodon enters the battlefield, bolster 5. (Choose a creature with the least toughness among creatures you control and put five +1/+1 counters on it.)","pLPA,FRF",A mastodon's path always leads to an oasis.,normal,391913,5,5,Rare,Elephant,Creature
Shamanic Revelation,{3}{G}{G},5,G,Cynthia Sheppard,138,Sorcery,Draw a card for each creature you control.\nFerocious — You gain 4 life for each creature you control with power 4 or greater.,"pMEI,FRF","First, whispers of ancient days. Then, visions of things to come.",normal,391918,,,Rare,,Sorcery
Sudden Reclamation,{3}{G},4,G,Jack Wang,139,Instant,"Put the top four cards of your library into your graveyard, then return a creature card and a land card from your graveyard to your hand.",FRF,"""There is no secret buried so deep that we will never find it.""\n—Kurtar, Sultai necromancer",normal,391929,,,Uncommon,,Instant
Temur Runemark,{2}{G},3,G,Ryan Alexander Lee,140,Enchantment — Aura,Enchant creature\nEnchanted creature gets +2/+2.\nEnchanted creature has trample as long as you control a blue or red permanent.,FRF,,normal,391941,,,Common,Aura,Enchantment
Temur Sabertooth,{2}{G}{G},4,G,Mike Sass,141,Creature — Cat,"{1}{G}: You may return another creature you control to its owner's hand. If you do, Temur Sabertooth gains indestructible until end of turn.",FRF,"The Temur see themselves as a pack, their bonds more primal than the Abzan's.",normal,391942,4,3,Uncommon,Cat,Creature
Temur War Shaman,{4}{G}{G},6,G,Nils Hamm,142,Creature — Human Shaman,"When Temur War Shaman enters the battlefield, manifest the top card of your library. (Put that card onto the battlefield face down as a 2/2 creature. Turn it face up any time for its mana cost if it's a creature card.)\nWhenever a permanent you control is turned face up, if it's a creature, you may have it fight target creature you don't control.","pMEI,FRF",,normal,391943,4,5,Rare,"Human,Shaman",Creature
Warden of the First Tree,{G},1,"G,W,B",Ryan Alexander Lee,143,Creature — Human,"{1}{W/B}: Warden of the First Tree becomes a Human Warrior with base power and toughness 3/3.\n{2}{W/B}{W/B}: If Warden of the First Tree is a Warrior, it becomes a Human Spirit Warrior with trample and lifelink.\n{3}{W/B}{W/B}{W/B}: If Warden of the First Tree is a Spirit, put five +1/+1 counters on it.",FRF,,normal,391954,1,1,Mythic Rare,Human,Creature
Whisperer of the Wilds,{1}{G},2,G,David Gaillet,144,Creature — Human Shaman,{T}: Add {G} to your mana pool.\nFerocious — {T}: Add {G}{G} to your mana pool. Activate this ability only if you control a creature with power 4 or greater.,FRF,She speaks only in whispers but can be heard over the fiercest storm.,normal,391957,0,2,Common,"Human,Shaman",Creature
Whisperwood Elemental,{3}{G}{G},5,G,Raymond Swanland,145,Creature — Elemental,"At the beginning of your end step, manifest the top card of your library. (Put it onto the battlefield face down as a 2/2 creature. Turn it face up any time for its mana cost if it's a creature card.)\nSacrifice Whisperwood Elemental: Until end of turn, face-up nontoken creatures you control gain ""When this creature dies, manifest the top card of your library.""",FRF,,normal,391958,4,4,Mythic Rare,Elemental,Creature
Wildcall,{X}{G}{G},2,G,Adam Paquette,146,Sorcery,"Manifest the top card of your library, then put X +1/+1 counters on it. (To manifest a card, put it onto the battlefield face down as a 2/2 creature. Turn it face up any time for its mana cost if it's a creature card.)","FRF_UGIN,FRF",A howl on the wind hides many dangers.,normal,391960,,,Rare,,Sorcery
Winds of Qal Sisma,{1}{G},2,G,Howard Lyon,147,Instant,"Prevent all combat damage that would be dealt this turn.\nFerocious — If you control a creature with power 4 or greater, instead prevent all combat damage that would be dealt this turn by creatures your opponents control.",FRF,,normal,391962,,,Uncommon,,Instant
Yasova Dragonclaw,{2}{G},3,"G,U,R",Winona Nelson,148,Legendary Creature — Human Warrior,"Trample\nAt the beginning of combat on your turn, you may pay {1}{U/R}{U/R}. If you do, gain control of target creature an opponent controls with power less than Yasova Dragonclaw's power until end of turn, untap that creature, and it gains haste until end of turn.",FRF,,normal,391965,4,2,Rare,"Human,Warrior",Creature
"Atarka, World Render",{5}{R}{G},7,"R,G",Karl Kopinski,149,Legendary Creature — Dragon,"Flying, trample\nWhenever a Dragon you control attacks, it gains double strike until end of turn.",FRF,"""Her hunger knows no limit. Left unchecked, she would feast on all of Tarkir.""\n—Yasova Dragonclaw",normal,391796,6,4,Rare,Dragon,Creature
Cunning Strike,{3}{U}{R},5,"U,R",Clint Cearley,150,Instant,Cunning Strike deals 2 damage to target creature and 2 damage to target player.\nDraw a card.,FRF,"""The opponent who blocks the path, becomes the path.""\n—Shu Yun, the Silent Tempest",normal,391814,,,Common,,Instant
"Dromoka, the Eternal",{3}{G}{W},5,"W,G",Eric Deschamps,151,Legendary Creature — Dragon,"Flying\nWhenever a Dragon you control attacks, bolster 2. (Choose a creature with the least toughness among creatures you control and put two +1/+1 counters on it.)",FRF,"""The bane of countless shattered weapons, each a failure to slay her.""\n—Daghatar the Adamant",normal,391825,5,5,Rare,Dragon,Creature
Ethereal Ambush,{3}{G}{U},5,"U,G",Lius Lasahido,152,Instant,"Manifest the top two cards of your library. (To manifest a card, put it onto the battlefield face down as a 2/2 creature. Turn it face up any time for its mana cost if it's a creature card.)",FRF,The energies of the Temur lands are readily unleashed upon intruders.,normal,391828,,,Common,,Instant
Grim Contest,{1}{B}{G},3,"B,G",Phill Simmer,153,Instant,Choose target creature you control and target creature an opponent controls. Each of those creatures deals damage equal to its toughness to the other.,FRF,The invader hoped he could survive the beast's jaws and emerge through its rotting skin.,normal,391849,,,Common,,Instant
Harsh Sustenance,{1}{W}{B},3,"W,B",Cynthia Sheppard,154,Instant,"Harsh Sustenance deals X damage to target creature or player and you gain X life, where X is the number of creatures you control.",FRF,The Shifting Wastes provide refuge to those who know where to look for it.,normal,391851,,,Common,,Instant
"Kolaghan, the Storm's Fury",{3}{B}{R},5,"B,R",Jaime Jones,155,Legendary Creature — Dragon,"Flying\nWhenever a Dragon you control attacks, creatures you control get +1/+0 until end of turn.\nDash {3}{B}{R} (You may cast this spell for its dash cost. If you do, it gains haste, and it's returned from the battlefield to its owner's hand at the beginning of the next end step.)",FRF,,normal,391866,4,5,Rare,Dragon,Creature
"Ojutai, Soul of Winter",{5}{W}{U},7,"W,U",Chase Stone,156,Legendary Creature — Dragon,"Flying, vigilance\nWhenever a Dragon you control attacks, tap target nonland permanent an opponent controls. That permanent doesn't untap during its controller's next untap step.",FRF,"""When I battled Ojutai, I realized my learning had only begun.""\n—Shu Yun, the Silent Tempest",normal,391889,5,6,Rare,Dragon,Creature
"Silumgar, the Drifting Death",{4}{U}{B},6,"U,B",Steven Belledin,157,Legendary Creature — Dragon,"Flying, hexproof\nWhenever a Dragon you control attacks, creatures defending player controls get -1/-1 until end of turn.",FRF,"""No machinations, no puppet strings, no plots. Just pure, sweeping death.""\n—Tasigur, the Golden Fang",normal,391924,3,7,Rare,Dragon,Creature
War Flare,{2}{R}{W},4,"W,R",Karl Kopinski,158,Instant,Creatures you control get +2/+1 until end of turn. Untap those creatures.,FRF,"""No sun or fire can warm my blood quite like a war flare.""\n—Urut Barzeel, Mardu hordechief",normal,391953,,,Common,,Instant
Goblin Boom Keg,{4},4,,Viktor Titov,159,Artifact,"At the beginning of your upkeep, sacrifice Goblin Boom Keg.\nWhen Goblin Boom Keg is put into a graveyard from the battlefield, it deals 3 damage to target creature or player.",FRF,Dragonfire spawned many imitations. Some were more dramatic than others.,normal,391844,,,Uncommon,,Artifact
Hero's Blade,{2},2,,Aaron Miller,160,Artifact — Equipment,"Equipped creature gets +3/+2.\nWhenever a legendary creature enters the battlefield under your control, you may attach Hero's Blade to it.\nEquip {4}",FRF,The best swords are forged with dragonfire.,normal,391852,,,Uncommon,Equipment,Artifact
Hewed Stone Retainers,{3},3,,David Seguin,161,Artifact Creature — Golem,Cast Hewed Stone Retainers only if you've cast another spell this turn.,"FRF_UGIN,FRF","""Their origins are shrouded in mystery. I believe they are the protectors of the lost secrets of our world.""\n—Jilaya, Temur whisperer",normal,391853,4,4,Uncommon,Golem,"Artifact,Creature"
Pilgrim of the Fires,{7},7,,Izzy,162,Artifact Creature — Golem,"First strike, trample",FRF,The most skilled Jeskai artisans can craft imposing golems with such precision that they will last an eternity—the time believed necessary to master the Fires of the Jeskai Way.,normal,391893,6,4,Uncommon,Golem,"Artifact,Creature"
Scroll of the Masters,{2},2,,Lake Hurwitz,163,Artifact,"Whenever you cast a noncreature spell, put a lore counter on Scroll of the Masters.\n{3}, {T}: Target creature you control gets +1/+1 until end of turn for each lore counter on Scroll of the Masters.",FRF,,normal,391916,,,Rare,,Artifact
Ugin's Construct,{4},4,,Peter Mohrbacher,164,Artifact Creature — Construct,"When Ugin's Construct enters the battlefield, sacrifice a permanent that's one or more colors.","FRF_UGIN,FRF","While trapping the Eldrazi on Zendikar, Ugin learned little from Sorin, but he gleaned the rudiments of lithomancy from Nahiri.",normal,391949,4,5,Uncommon,Construct,"Artifact,Creature"
Bloodfell Caves,,,"B,R",Adam Paquette,165,Land,"Bloodfell Caves enters the battlefield tapped.\nWhen Bloodfell Caves enters the battlefield, you gain 1 life.\n{T}: Add {B} or {R} to your mana pool.","KTK,FRF,EMA",,normal,391802,,,Common,,Land
Blossoming Sands,,,"G,W",Sam Burley,166,Land,"Blossoming Sands enters the battlefield tapped.\nWhen Blossoming Sands enters the battlefield, you gain 1 life.\n{T}: Add {G} or {W} to your mana pool.","KTK,FRF,EMA",,normal,391804,,,Common,,Land
Crucible of the Spirit Dragon,,,,Jung Park,167,Land,"{T}: Add {C} to your mana pool.\n{1}, {T}: Put a storage counter on Crucible of the Spirit Dragon.\n{T}, Remove X storage counters from Crucible of the Spirit Dragon: Add X mana in any combination of colors to your mana pool. Spend this mana only to cast Dragon spells or activate abilities of Dragons.",FRF,,normal,391812,,,Rare,,Land
Dismal Backwater,,,"U,B",Sam Burley,168,Land,"Dismal Backwater enters the battlefield tapped.\nWhen Dismal Backwater enters the battlefield, you gain 1 life.\n{T}: Add {U} or {B} to your mana pool.","KTK,FRF,DDQ,EMA",,normal,391820,,,Common,,Land
Jungle Hollow,,,"B,G",Eytan Zana,169,Land,"Jungle Hollow enters the battlefield tapped.\nWhen Jungle Hollow enters the battlefield, you gain 1 life.\n{T}: Add {B} or {G} to your mana pool.","KTK,FRF,C15,EMA",,normal,391865,,,Common,,Land
Rugged Highlands,,,"R,G",Eytan Zana,170,Land,"Rugged Highlands enters the battlefield tapped.\nWhen Rugged Highlands enters the battlefield, you gain 1 life.\n{T}: Add {R} or {G} to your mana pool.","KTK,FRF,EMA",,normal,391908,,,Common,,Land
Scoured Barrens,,,"W,B",Eytan Zana,171,Land,"Scoured Barrens enters the battlefield tapped.\nWhen Scoured Barrens enters the battlefield, you gain 1 life.\n{T}: Add {W} or {B} to your mana pool.","KTK,FRF,C15,EMA",,normal,391915,,,Common,,Land
Swiftwater Cliffs,,,"U,R",Eytan Zana,172,Land,"Swiftwater Cliffs enters the battlefield tapped.\nWhen Swiftwater Cliffs enters the battlefield, you gain 1 life.\n{T}: Add {U} or {R} to your mana pool.","KTK,FRF,C15,EMA",,normal,391936,,,Common,,Land
Thornwood Falls,,,"G,U",Eytan Zana,173,Land,"Thornwood Falls enters the battlefield tapped.\nWhen Thornwood Falls enters the battlefield, you gain 1 life.\n{T}: Add {G} or {U} to your mana pool.","KTK,FRF,C15,EMA",,normal,391944,,,Common,,Land
Tranquil Cove,,,"W,U",John Avon,174,Land,"Tranquil Cove enters the battlefield tapped.\nWhen Tranquil Cove enters the battlefield, you gain 1 life.\n{T}: Add {W} or {U} to your mana pool.","KTK,FRF,DDQ,EMA",,normal,391946,,,Common,,Land
Wind-Scarred Crag,,,"R,W",Eytan Zana,175,Land,"Wind-Scarred Crag enters the battlefield tapped.\nWhen Wind-Scarred Crag enters the battlefield, you gain 1 life.\n{T}: Add {R} or {W} to your mana pool.","KTK,FRF,C15,EMA",,normal,391963,,,Common,,Land
Plains,,,W,Noah Bradley,176,Basic Land — Plains,,"LEA,LEB,2ED,CED,CEI,3ED,4ED,ICE,RQS,pARL,MIR,ITP,5ED,POR,pPRE,TMP,pJGP,PO2,UGL,pALP,USG,ATH,6ED,PTK,S99,pGRU,MMQ,BRB,pELP,S00,INV,7ED,ODY,ONS,8ED,MRD,CHK,UNH,9ED,RAV,CST,TSP,10E,MED,LRW,SHM,ALA,DDC,M10,HOP,ME3,ZEN,H09,DDE,ROE,ARC,M11,DDF,SOM,MBS,DDG,NPH,CMD,M12,DDH,ISD,DDI,AVR,PC2,M13,RTR,DDK,M14,DDL,THS,C13,MD1,M15,DDN,KTK,C14,DD3_DVD,FRF,DDO,DTK,TPR,ORI,DDP,BFZ,C15,DDQ,SOI",,normal,391895,,,Basic Land,Plains,Land
Plains,,,W,Sam Burley,177,Basic Land — Plains,,"LEA,LEB,2ED,CED,CEI,3ED,4ED,ICE,RQS,pARL,MIR,ITP,5ED,POR,pPRE,TMP,pJGP,PO2,UGL,pALP,USG,ATH,6ED,PTK,S99,pGRU,MMQ,BRB,pELP,S00,INV,7ED,ODY,ONS,8ED,MRD,CHK,UNH,9ED,RAV,CST,TSP,10E,MED,LRW,SHM,ALA,DDC,M10,HOP,ME3,ZEN,H09,DDE,ROE,ARC,M11,DDF,SOM,MBS,DDG,NPH,CMD,M12,DDH,ISD,DDI,AVR,PC2,M13,RTR,DDK,M14,DDL,THS,C13,MD1,M15,DDN,KTK,C14,DD3_DVD,FRF,DDO,DTK,TPR,ORI,DDP,BFZ,C15,DDQ,SOI",,normal,391894,,,Basic Land,Plains,Land
Island,,,U,Florian de Gesincourt,178,Basic Land — Island,,"LEA,LEB,2ED,CED,CEI,3ED,4ED,ICE,RQS,pARL,MIR,ITP,5ED,POR,TMP,pJGP,PO2,UGL,pALP,USG,6ED,PTK,S99,pGRU,MMQ,BRB,pELP,S00,BTD,INV,7ED,ODY,ONS,8ED,MRD,CHK,UNH,9ED,RAV,CST,TSP,10E,MED,LRW,SHM,ALA,DD2,M10,HOP,ME3,ZEN,H09,DDE,ROE,DPA,ARC,M11,DDF,SOM,MBS,NPH,CMD,M12,DDH,ISD,DDI,AVR,PC2,M13,DDJ,RTR,M14,THS,C13,DDM,M15,DDN,KTK,C14,DD3_JVC,FRF,DDO,DTK,TPR,ORI,BFZ,C15,DDQ,SOI",,normal,391859,,,Basic Land,Island,Land
Island,,,U,Titus Lunter,179,Basic Land — Island,,"LEA,LEB,2ED,CED,CEI,3ED,4ED,ICE,RQS,pARL,MIR,ITP,5ED,POR,TMP,pJGP,PO2,UGL,pALP,USG,6ED,PTK,S99,pGRU,MMQ,BRB,pELP,S00,BTD,INV,7ED,ODY,ONS,8ED,MRD,CHK,UNH,9ED,RAV,CST,TSP,10E,MED,LRW,SHM,ALA,DD2,M10,HOP,ME3,ZEN,H09,DDE,ROE,DPA,ARC,M11,DDF,SOM,MBS,NPH,CMD,M12,DDH,ISD,DDI,AVR,PC2,M13,DDJ,RTR,M14,THS,C13,DDM,M15,DDN,KTK,C14,DD3_JVC,FRF,DDO,DTK,TPR,ORI,BFZ,C15,DDQ,SOI",,normal,391860,,,Basic Land,Island,Land
Swamp,,,B,Sam Burley,180,Basic Land — Swamp,,"LEA,LEB,2ED,CED,CEI,3ED,4ED,ICE,RQS,pARL,MIR,ITP,5ED,POR,TMP,pJGP,PO2,UGL,pALP,USG,ATH,6ED,PTK,S99,pGRU,MMQ,BRB,pELP,S00,BTD,INV,7ED,ODY,DKM,ONS,8ED,MRD,CHK,UNH,9ED,RAV,CST,TSP,10E,MED,LRW,SHM,ALA,DDC,M10,HOP,ME3,ZEN,DDD,H09,DDE,ROE,DPA,ARC,M11,SOM,MBS,NPH,CMD,M12,DDH,ISD,PD3,AVR,PC2,M13,DDJ,RTR,DDK,M14,THS,C13,DDM,MD1,M15,DDN,KTK,C14,DD3_DVD,DD3_GVL,FRF,DTK,TPR,ORI,DDP,BFZ,C15,DDQ,SOI",,normal,391934,,,Basic Land,Swamp,Land
Swamp,,,B,Adam Paquette,181,Basic Land — Swamp,,"LEA,LEB,2ED,CED,CEI,3ED,4ED,ICE,RQS,pARL,MIR,ITP,5ED,POR,TMP,pJGP,PO2,UGL,pALP,USG,ATH,6ED,PTK,S99,pGRU,MMQ,BRB,pELP,S00,BTD,INV,7ED,ODY,DKM,ONS,8ED,MRD,CHK,UNH,9ED,RAV,CST,TSP,10E,MED,LRW,SHM,ALA,DDC,M10,HOP,ME3,ZEN,DDD,H09,DDE,ROE,DPA,ARC,M11,SOM,MBS,NPH,CMD,M12,DDH,ISD,PD3,AVR,PC2,M13,DDJ,RTR,DDK,M14,THS,C13,DDM,MD1,M15,DDN,KTK,C14,DD3_DVD,DD3_GVL,FRF,DTK,TPR,ORI,DDP,BFZ,C15,DDQ,SOI",,normal,391935,,,Basic Land,Swamp,Land
Mountain,,,R,Noah Bradley,182,Basic Land — Mountain,,"LEA,LEB,2ED,ARN,CED,CEI,3ED,4ED,ICE,RQS,pARL,MIR,ITP,5ED,POR,TMP,pJGP,PO2,UGL,pALP,USG,ATH,6ED,PTK,S99,pGRU,MMQ,BRB,pELP,S00,BTD,INV,7ED,ODY,DKM,ONS,8ED,MRD,CHK,UNH,9ED,RAV,CST,TSP,10E,MED,LRW,EVG,SHM,ALA,DD2,M10,HOP,ME3,ZEN,H09,DDE,ROE,DPA,ARC,M11,SOM,PD2,MBS,DDG,NPH,CMD,M12,DDH,ISD,DDI,AVR,PC2,M13,DDJ,RTR,DDK,M14,DDL,THS,C13,M15,DDN,KTK,C14,DD3_EVG,DD3_JVC,FRF,DTK,TPR,ORI,DDP,BFZ,C15,SOI",,normal,391885,,,Basic Land,Mountain,Land
Mountain,,,R,Florian de Gesincourt,183,Basic Land — Mountain,,"LEA,LEB,2ED,ARN,CED,CEI,3ED,4ED,ICE,RQS,pARL,MIR,ITP,5ED,POR,TMP,pJGP,PO2,UGL,pALP,USG,ATH,6ED,PTK,S99,pGRU,MMQ,BRB,pELP,S00,BTD,INV,7ED,ODY,DKM,ONS,8ED,MRD,CHK,UNH,9ED,RAV,CST,TSP,10E,MED,LRW,EVG,SHM,ALA,DD2,M10,HOP,ME3,ZEN,H09,DDE,ROE,DPA,ARC,M11,SOM,PD2,MBS,DDG,NPH,CMD,M12,DDH,ISD,DDI,AVR,PC2,M13,DDJ,RTR,DDK,M14,DDL,THS,C13,M15,DDN,KTK,C14,DD3_EVG,DD3_JVC,FRF,DTK,TPR,ORI,DDP,BFZ,C15,SOI",,normal,391886,,,Basic Land,Mountain,Land
Forest,,,G,Titus Lunter,184,Basic Land — Forest,,"LEA,LEB,2ED,CED,CEI,3ED,4ED,ICE,RQS,pARL,MIR,ITP,5ED,POR,TMP,pJGP,PO2,UGL,pALP,USG,ATH,6ED,PTK,S99,pGRU,MMQ,BRB,pELP,S00,BTD,INV,7ED,ODY,DKM,ONS,8ED,MRD,CHK,UNH,9ED,RAV,CST,TSP,10E,MED,LRW,EVG,SHM,ALA,M10,HOP,ME3,ZEN,DDD,H09,DDE,ROE,DPA,ARC,M11,SOM,MBS,DDG,NPH,CMD,M12,DDH,ISD,AVR,PC2,M13,DDJ,RTR,M14,DDL,THS,C13,DDM,M15,KTK,C14,DD3_EVG,DD3_GVL,FRF,DDO,DTK,TPR,ORI,DDP,BFZ,C15,SOI",,normal,391836,,,Basic Land,Forest,Land
Forest,,,G,Adam Paquette,185,Basic Land — Forest,,"LEA,LEB,2ED,CED,CEI,3ED,4ED,ICE,RQS,pARL,MIR,ITP,5ED,POR,TMP,pJGP,PO2,UGL,pALP,USG,ATH,6ED,PTK,S99,pGRU,MMQ,BRB,pELP,S00,BTD,INV,7ED,ODY,DKM,ONS,8ED,MRD,CHK,UNH,9ED,RAV,CST,TSP,10E,MED,LRW,EVG,SHM,ALA,M10,HOP,ME3,ZEN,DDD,H09,DDE,ROE,DPA,ARC,M11,SOM,MBS,DDG,NPH,CMD,M12,DDH,ISD,AVR,PC2,M13,DDJ,RTR,M14,DDL,THS,C13,DDM,M15,KTK,C14,DD3_EVG,DD3_GVL,FRF,DDO,DTK,TPR,ORI,DDP,BFZ,C15,SOI",,normal,391835,,,Basic Land,Forest,Land
