name,manaCost,cmc,colorIdentity,artist,number,type,text,printings,flavor,layout,multiverseid,power,toughness,rarity,subtypes,types
Aerial Maneuver,{1}{W},2,W,Scott Chou,1,Instant,Target creature gets +1/+1 and gains flying and first strike until end of turn.,GTC,"""When you put all of yourself into an attack, without fear or hesitation, in that instant you may attain greatness.""\n—Predak, Gateless freemage",normal,366294,,,Common,,Instant
Angelic Edict,{4}{W},5,W,Trevor Claxton,2,Sorcery,Exile target creature or enchantment.,GTC,The Boros built a prison in the sky where Azorius statutes couldn't restrict their sense of justice.,normal,366400,,,Common,,Sorcery
Angelic Skirmisher,{4}{W}{W},6,W,David Rapoza,3,Creature — Angel,"Flying\nAt the beginning of each combat, choose first strike, vigilance, or lifelink. Creatures you control gain that ability until end of turn.","pMEI,GTC","""A keen mind wields an army as a deft hand wields a sword.""",normal,366395,4,4,Rare,Angel,Creature
Assault Griffin,{3}{W},4,W,Eric Velhagen,4,Creature — Griffin,Flying,"M11,M12,GTC","""The Simic offer a prize to any biomancer who can breed a krasis to match a griffin in the air. It's never been claimed.""\n—Libuse, Boros sergeant",normal,366337,3,2,Common,Griffin,Creature
Basilica Guards,{2}{W},3,W,Dan Scott,5,Creature — Human Soldier,"Defender\nExtort (Whenever you cast a spell, you may pay {W/B}. If you do, each opponent loses 1 life and you gain that much life.)",GTC,"""None may pass . . . for free.""",normal,366347,1,4,Common,"Human,Soldier",Creature
Blind Obedience,{1}{W},2,W,Seb McKinnon,6,Enchantment,"Extort (Whenever you cast a spell, you may pay {W/B}. If you do, each opponent loses 1 life and you gain that much life.)\nArtifacts and creatures your opponents control enter the battlefield tapped.",GTC,"""By the time your knees have worn through your robe, you may have begun to learn your place.""",normal,366465,,,Rare,,Enchantment
Boros Elite,{W},1,W,Willian Murai,7,Creature — Human Soldier,"Battalion — Whenever Boros Elite and at least two other creatures attack, Boros Elite gets +2/+2 until end of turn.",GTC,"""First, you must fight among the rank and file. It is there I will discern your skills as a leader.""\n—Aurelia, to Gideon Jura",normal,366369,1,1,Uncommon,"Human,Soldier",Creature
Court Street Denizen,{2}{W},3,W,Volkan Baga,8,Creature — Human Soldier,"Whenever another white creature enters the battlefield under your control, tap target creature an opponent controls.","GTC,DDO","""The Boros fight for justice. The Azorius fight for law. I hold the line between, and make sure the people are given both.""",normal,366389,2,2,Common,"Human,Soldier",Creature
Daring Skyjek,{1}{W},2,W,Jason Chan,9,Creature — Human Knight,"Battalion — Whenever Daring Skyjek and at least two other creatures attack, Daring Skyjek gains flying until end of turn.",GTC,"""The hard part isn't landing in the saddle. The hard part is leaping before you see it.""",normal,366251,3,1,Common,"Human,Knight",Creature
Debtor's Pulpit,{4}{W},5,W,James Paick,10,Enchantment — Aura,"Enchant land\nEnchanted land has ""{T}: Tap target creature.""",GTC,"""You may not be able to pay. But you can still kneel.""\n—Milana, Orzhov prelate",normal,366268,,,Uncommon,Aura,Enchantment
Dutiful Thrull,{W},1,"W,B",Daarken,11,Creature — Thrull,{B}: Regenerate Dutiful Thrull.,GTC,"""They are useful, but there's little satisfaction in supplication that throws itself under your heel.""\n—Jozica, Orzhov enforcer",normal,366457,1,1,Common,Thrull,Creature
Frontline Medic,{2}{W},3,W,Willian Murai,12,Creature — Human Cleric,"Battalion — Whenever Frontline Medic and at least two other creatures attack, creatures you control gain indestructible until end of turn.\nSacrifice Frontline Medic: Counter target spell with {X} in its mana cost unless its controller pays {3}.",GTC,,normal,366460,3,3,Rare,"Human,Cleric",Creature
"Gideon, Champion of Justice",{2}{W}{W},4,W,David Rapoza,13,Planeswalker — Gideon,"+1: Put a loyalty counter on Gideon, Champion of Justice for each creature target opponent controls.\n0: Until end of turn, Gideon, Champion of Justice becomes a Human Soldier creature with power and toughness each equal to the number of loyalty counters on him and gains indestructible. He's still a planeswalker. Prevent all damage that would be dealt to him this turn.\n−15: Exile all other permanents.",GTC,,normal,366345,,,Mythic Rare,Gideon,Planeswalker
Guardian of the Gateless,{4}{W},5,W,Wesley Burt,14,Creature — Angel,"Flying\nGuardian of the Gateless can block any number of creatures.\nWhenever Guardian of the Gateless blocks, it gets +1/+1 until end of turn for each creature it's blocking.",GTC,,normal,366260,3,3,Uncommon,Angel,Creature
Guildscorn Ward,{W},1,W,Ryan Barger,15,Enchantment — Aura,Enchant creature\nEnchanted creature has protection from multicolored.,GTC,"""The Gateless have risen. The Ten shall fall.""\n—Ninth District graffiti",normal,366392,,,Common,Aura,Enchantment
Hold the Gates,{2}{W},3,W,Zoltan Boros,16,Enchantment,Creatures you control get +0/+1 for each Gate you control and have vigilance.,GTC,"""We grew up on these streets. We know them better than any Boros grunt from Zelzo.""",normal,366276,,,Uncommon,,Enchantment
Holy Mantle,{2}{W}{W},4,W,Maciej Kuciara,17,Enchantment — Aura,Enchant creature\nEnchanted creature gets +2/+2 and has protection from creatures.,GTC,"""The guilds promise to provide safety. I prefer to make my own.""\n—Briska, Ninth District freemage",normal,366368,,,Uncommon,Aura,Enchantment
Knight of Obligation,{3}{W},4,W,Ryan Barger,18,Creature — Human Knight,"Vigilance\nExtort (Whenever you cast a spell, you may pay {W/B}. If you do, each opponent loses 1 life and you gain that much life.)",GTC,He can calculate interest to six decimal places even in the midst of a deadly duel.,normal,366237,2,4,Uncommon,"Human,Knight",Creature
Knight Watch,{4}{W},5,W,Matt Stewart,19,Sorcery,Put two 2/2 white Knight creature tokens with vigilance onto the battlefield.,GTC,"""We lost respect after the battle for Barbu Rooftop. Send the troops to mingle respectfully with the citizens.""\n—Commander Yaszen of Boros",normal,366477,,,Common,,Sorcery
Luminate Primordial,{5}{W}{W},7,W,Stephan Martiniere,20,Creature — Avatar,"Vigilance\nWhen Luminate Primordial enters the battlefield, for each opponent, exile up to one target creature that player controls and that player gains life equal to its power.",GTC,,normal,366240,4,7,Rare,Avatar,Creature
Murder Investigation,{1}{W},2,W,Igor Kieryluk,21,Enchantment — Aura,"Enchant creature you control\nWhen enchanted creature dies, put X 1/1 white Soldier creature tokens onto the battlefield, where X is its power.","GTC,ORI","""Every death has a web of consequences. Our job is to find the spider.""",normal,366327,,,Uncommon,Aura,Enchantment
Nav Squad Commandos,{4}{W},5,W,Steve Prescott,22,Creature — Human Soldier,"Battalion — Whenever Nav Squad Commandos and at least two other creatures attack, Nav Squad Commandos gets +1/+1 until end of turn. Untap it.",GTC,"Funded by the Azorius to keep current maps of the undercity, the Boros nav squads survey even the most unsavory areas.",normal,366378,3,5,Common,"Human,Soldier",Creature
Righteous Charge,{1}{W}{W},3,W,Svetlin Velinov,23,Sorcery,Creatures you control get +2/+2 until end of turn.,"PO2,S99,ME4,GTC","""In the name of peace, moderation, and decency—wipe them all out!""",normal,366288,,,Uncommon,,Sorcery
Shielded Passage,{W},1,W,Raymond Swanland,24,Instant,Prevent all damage that would be dealt to target creature this turn.,GTC,"Izzet delved into the depths of Ravnica's past, and Selesnya followed without fear.",normal,366332,,,Common,,Instant
Smite,{W},1,W,Zoltan Boros,25,Instant,Destroy target blocked creature.,"STH,ROE,GTC,TPR","""Sure, today of all days, he asked to borrow my boots!""\n—Darijo, Ivy Street ruffian",normal,366456,,,Common,,Instant
Syndic of Tithes,{1}{W},2,W,Steve Prescott,26,Creature — Human Cleric,"Extort (Whenever you cast a spell, you may pay {W/B}. If you do, each opponent loses 1 life and you gain that much life.)",GTC,"""Entrance is free. Donations are required.""\n—Notice outside Vizkopa Bank",normal,366387,2,2,Common,"Human,Cleric",Creature
Urbis Protector,{4}{W}{W},6,W,Steve Argyle,27,Creature — Human Cleric,"When Urbis Protector enters the battlefield, put a 4/4 white Angel creature token with flying onto the battlefield.",GTC,"""I hear that Boros is losing its angels to the Gateless Movement. I'm sure this comes as no surprise to you.""\n—Teysa, to Lazav",normal,366415,1,1,Uncommon,"Human,Cleric",Creature
Zarichi Tiger,{3}{W},4,W,Nic Klein,28,Creature — Cat,"{1}{W}, {T}: You gain 2 life.",GTC,"""The taming and consecration of these creatures is evidence of our faith.""\n—Resimir, Zarichi Temple priest",normal,366249,2,3,Common,Cat,Creature
Ætherize,{3}{U},4,U,Ryan Barger,29,Instant,Return all attacking creatures to their owner's hand.,"GTC,DDO,C15","""You can come back once you've learned some manners—and figured out how to reconstitute your physical forms.""",normal,366273,,,Uncommon,,Instant
Agoraphobia,{1}{U},2,U,Jim Murray,30,Enchantment — Aura,Enchant creature\nEnchanted creature gets -5/-0.\n{2}{U}: Return Agoraphobia to its owner's hand.,"GTC,DDM","""Everyone in this city is choosing sides. I choose inside.""",normal,366258,,,Uncommon,Aura,Enchantment
Clinging Anemones,{3}{U},4,U,Mike Bierek,31,Creature — Jellyfish,"Defender\nEvolve (Whenever a creature enters the battlefield under your control, if that creature has greater power or toughness than this creature, put a +1/+1 counter on this creature.)",GTC,,normal,366363,1,4,Common,Jellyfish,Creature
Cloudfin Raptor,{U},1,U,Peter Mohrbacher,32,Creature — Bird Mutant,"Flying\nEvolve (Whenever a creature enters the battlefield under your control, if that creature has greater power or toughness than this creature, put a +1/+1 counter on this creature.)",GTC,,normal,366403,0,1,Common,"Bird,Mutant",Creature
Diluvian Primordial,{5}{U}{U},7,U,Stephan Martiniere,33,Creature — Avatar,"Flying\nWhen Diluvian Primordial enters the battlefield, for each opponent, you may cast up to one target instant or sorcery card from that player's graveyard without paying its mana cost. If a card cast this way would be put into a graveyard this turn, exile it instead.",GTC,,normal,366326,5,5,Rare,Avatar,Creature
Enter the Infinite,{8}{U}{U}{U}{U},12,U,Terese Nielsen,34,Sorcery,"Draw cards equal to the number of cards in your library, then put a card from your hand on top of your library. You have no maximum hand size until your next turn.",GTC,"""Don't just have an idea—have all of them.""\n—Niv-Mizzet",normal,366411,,,Mythic Rare,,Sorcery
Frilled Oculus,{1}{U},2,"U,G",Marco Nelor,35,Creature — Homunculus,{1}{G}: Frilled Oculus gets +2/+2 until end of turn. Activate this ability only once each turn.,GTC,"""Understand the Simic? That's about as easy as winning a staring contest with a homunculus.""\n—Dars Gostok, Firefist captain",normal,366298,1,3,Common,Homunculus,Creature
Gridlock,{X}{U},1,U,Yeong-Hao Han,36,Instant,Tap X target nonland permanents.,GTC,"""One tiny peg pulled from a single wagon wheel, and an entire district grinds to a halt.""\n—Lazav",normal,366330,,,Uncommon,,Instant
Hands of Binding,{1}{U},2,U,Raymond Swanland,37,Sorcery,"Tap target creature an opponent controls. That creature doesn't untap during its controller's next untap step.\nCipher (Then you may exile this spell card encoded on a creature you control. Whenever that creature deals combat damage to a player, its controller may cast a copy of the encoded card without paying its mana cost.)",GTC,,normal,366445,,,Common,,Sorcery
Incursion Specialist,{1}{U},2,U,Svetlin Velinov,38,Creature — Human Wizard,"Whenever you cast your second spell each turn, Incursion Specialist gets +2/+0 until end of turn and can't be blocked this turn.",GTC,"""Work for the Dimir again? That depends. Tell me more about this maze.""",normal,366301,1,3,Uncommon,"Human,Wizard",Creature
Keymaster Rogue,{3}{U},4,U,Winona Nelson,39,Creature — Human Rogue,"Keymaster Rogue can't be blocked.\nWhen Keymaster Rogue enters the battlefield, return a creature you control to its owner's hand.",GTC,"""This one opens the grate outside Zelzo Base. This one is for Ismeri Library. This one is for an invisible door . . . No, I've said too much.""",normal,366380,3,2,Common,"Human,Rogue",Creature
Last Thoughts,{3}{U},4,U,Peter Mohrbacher,40,Sorcery,"Draw a card.\nCipher (Then you may exile this spell card encoded on a creature you control. Whenever that creature deals combat damage to a player, its controller may cast a copy of the encoded card without paying its mana cost.)",GTC,,normal,366407,,,Common,,Sorcery
Leyline Phantom,{4}{U},5,U,Ryan Yee,41,Creature — Illusion,"When Leyline Phantom deals combat damage, return it to its owner's hand. (Return it only if it survived combat.)","GTC,DDM","""Is the maze itself a phantom? Or is one as real as the other? Perhaps I am as mad as the dragon.""\n—Jace Beleren, journal",normal,366329,5,5,Common,Illusion,Creature
Metropolis Sprite,{1}{U},2,U,Scott Chou,42,Creature — Faerie Rogue,Flying\n{U}: Metropolis Sprite gets +1/-1 until end of turn.,GTC,"""Well, if that goblin didn't want his tongue pierced, he shouldn't have stuck it out at me.""",normal,366293,1,2,Common,"Faerie,Rogue",Creature
Mindeye Drake,{4}{U},5,U,Lars Grant-West,43,Creature — Drake,"Flying\nWhen Mindeye Drake dies, target player puts the top five cards of his or her library into his or her graveyard.",GTC,They can map both the cityscape and the minds of its architects.,normal,366284,2,5,Uncommon,Drake,Creature
Rapid Hybridization,{U},1,U,Jack Wang,44,Instant,Destroy target creature. It can't be regenerated. That creature's controller puts a 3/3 green Frog Lizard creature token onto the battlefield.,"GTC,C15","""We've merged your life essence with that of several creatures at once. You're welcome.""\n—Speaker Trifon",normal,366388,,,Uncommon,,Instant
Realmwright,{U},1,U,Slawomir Maniak,45,Creature — Vedalken Wizard,"As Realmwright enters the battlefield, choose a basic land type.\nLands you control are the chosen type in addition to their other types.",GTC,There is not a single inch of Ravnica that hasn't been altered at one point or another to fit someone's whims.,normal,366315,1,1,Rare,"Vedalken,Wizard",Creature
Sage's Row Denizen,{2}{U},3,U,Svetlin Velinov,46,Creature — Vedalken Wizard,"Whenever another blue creature enters the battlefield under your control, target player puts the top two cards of his or her library into his or her graveyard.",GTC,"""I offer you wisdom untainted by false loyalty, learning free of any guild's agenda.""",normal,366406,2,3,Common,"Vedalken,Wizard",Creature
Sapphire Drake,{5}{U},6,U,Steve Prescott,47,Creature — Drake,Flying\nEach creature you control with a +1/+1 counter on it has flying.,GTC,"Sapphire drakes can communicate over great distances, their calls resonating in the gems fixed in their skulls.",normal,366421,4,4,Uncommon,Drake,Creature
Scatter Arc,{3}{U},4,U,Peter Mohrbacher,48,Instant,Counter target noncreature spell.\nDraw a card.,GTC,"""Should your chosen emissary be able to fluctuate triharmonic pentodes, however unlikely, I shall shunt excess negavolt radicals.""",normal,366241,,,Common,,Instant
Simic Fluxmage,{2}{U},3,U,Karl Kopinski,49,Creature — Merfolk Wizard,"Evolve (Whenever a creature enters the battlefield under your control, if that creature has greater power or toughness than this creature, put a +1/+1 counter on this creature.)\n{1}{U}, {T}: Move a +1/+1 counter from Simic Fluxmage onto target creature.",GTC,,normal,366274,1,2,Uncommon,"Merfolk,Wizard",Creature
Simic Manipulator,{1}{U}{U},3,U,Maciej Kuciara,50,Creature — Mutant Wizard,"Evolve (Whenever a creature enters the battlefield under your control, if that creature has greater power or toughness than this creature, put a +1/+1 counter on this creature.)\n{T}, Remove one or more +1/+1 counters from Simic Manipulator: Gain control of target creature with power less than or equal to the number of +1/+1 counters removed this way.",GTC,,normal,366343,0,1,Rare,"Mutant,Wizard",Creature
Skygames,{1}{U},2,U,Sam Burley,51,Enchantment — Aura,"Enchant land\nEnchanted land has ""{T}: Target creature gains flying until end of turn. Activate this ability only any time you could cast a sorcery.""",GTC,Both Boros and Azorius scout the games in hopes of recruiting the finest athletes.,normal,366323,,,Common,Aura,Enchantment
Spell Rupture,{1}{U},2,U,Kev Walker,52,Instant,"Counter target spell unless its controller pays {X}, where X is the greatest power among creatures you control.",GTC,"""Like water, mana will drain from an inferior vessel.""\n—Jalan Tosk, Simic forcemage",normal,366372,,,Common,,Instant
Stolen Identity,{4}{U}{U},6,U,Clint Cearley,53,Sorcery,"Put a token onto the battlefield that's a copy of target artifact or creature.\nCipher (Then you may exile this spell card encoded on a creature you control. Whenever that creature deals combat damage to a player, its controller may cast a copy of the encoded card without paying its mana cost.)",GTC,,normal,366427,,,Rare,,Sorcery
Totally Lost,{4}{U},5,U,David Palumbo,54,Instant,Put target nonland permanent on top of its owner's library.,GTC,Fblthp had always hated crowds.,normal,366433,,,Common,,Instant
Voidwalk,{3}{U},4,U,James Ryman,55,Sorcery,"Exile target creature. Return it to the battlefield under its owner's control at the beginning of the next end step.\nCipher (Then you may exile this spell card encoded on a creature you control. Whenever that creature deals combat damage to a player, its controller may cast a copy of the encoded card without paying its mana cost.)",GTC,,normal,366474,,,Uncommon,,Sorcery
Way of the Thief,{3}{U},4,U,Igor Kieryluk,56,Enchantment — Aura,Enchant creature\nEnchanted creature gets +2/+2.\nEnchanted creature can't be blocked as long as you control a Gate.,GTC,A true shortcut isn't a way other people don't know; it's a way other people can't go.,normal,366333,,,Common,Aura,Enchantment
Balustrade Spy,{3}{B},4,B,Jaime Jones,57,Creature — Vampire Rogue,"Flying\nWhen Balustrade Spy enters the battlefield, target player reveals cards from the top of his or her library until he or she reveals a land card, then puts those cards into his or her graveyard.",GTC,,normal,366464,2,3,Common,"Vampire,Rogue",Creature
Basilica Screecher,{1}{B},2,B,Christine Choi,58,Creature — Bat,"Flying\nExtort (Whenever you cast a spell, you may pay {W/B}. If you do, each opponent loses 1 life and you gain that much life.)",GTC,A screech in the night is all it takes for Orzhov debtors to clutch at their coin purses.,normal,366321,1,2,Common,Bat,Creature
Contaminated Ground,{1}{B},2,B,Christine Choi,59,Enchantment — Aura,"Enchant land\nEnchanted land is a Swamp.\nWhenever enchanted land becomes tapped, its controller loses 2 life.","ROE,GTC","""No one cares about pollution until they can see it.""\n—Gurras, Golgari rot farmer",normal,366420,,,Common,Aura,Enchantment
Corpse Blockade,{2}{B},3,B,Lucas Graciano,60,Creature — Zombie,Defender\nSacrifice another creature: Corpse Blockade gains deathtouch until end of turn.,GTC,"There are laws against it, but the dead have no one to complain to and the living are too frightened to investigate.",normal,366277,1,4,Common,Zombie,Creature
Crypt Ghast,{3}{B},4,B,Chris Rahn,61,Creature — Spirit,"Extort (Whenever you cast a spell, you may pay {W/B}. If you do, each opponent loses 1 life and you gain that much life.)\nWhenever you tap a Swamp for mana, add {B} to your mana pool (in addition to the mana the land produces).","GTC,C14",,normal,366452,2,2,Rare,Spirit,Creature
Death's Approach,{B},1,B,Terese Nielsen,62,Enchantment — Aura,"Enchant creature\nEnchanted creature gets -X/-X, where X is the number of creature cards in its controller's graveyard.",GTC,"""It's cold in the grave, and the dead crave your warmth. Who are you to deny them?""\n—Strava, Dimir mage",normal,366300,,,Common,Aura,Enchantment
Devour Flesh,{1}{B},2,B,Kev Walker,63,Instant,"Target player sacrifices a creature, then gains life equal to that creature's toughness.",GTC,"His twisted mind concluded that if he was what he ate, and he wanted to stay human, . . .",normal,366379,,,Common,,Instant
Dying Wish,{1}{B},2,B,Scott Chou,64,Enchantment — Aura,"Enchant creature you control\nWhen enchanted creature dies, target player loses X life and you gain X life, where X is its power.",GTC,"""I wish I could rewrite my every deed and kill you with my first breath instead of my last.""",normal,366382,,,Uncommon,Aura,Enchantment
Gateway Shade,{2}{B},3,B,Ryan Yee,65,Creature — Shade,{B}: Gateway Shade gets +1/+1 until end of turn.\nTap an untapped Gate you control: Gateway Shade gets +2/+2 until end of turn.,GTC,"Tireless and merciless, shades are harnessed as spies by the Dimir.",normal,366438,1,1,Uncommon,Shade,Creature
Grisly Spectacle,{2}{B}{B},4,B,Zoltan Boros,66,Instant,Destroy target nonartifact creature. Its controller puts a number of cards equal to that creature's power from the top of his or her library into his or her graveyard.,"GTC,DDM","""Watch people flock to a murder scene. Then tell me we're not all a little sick in the head.""\n—Juri, proprietor of the Juri Revue",normal,366396,,,Common,,Instant
Gutter Skulk,{1}{B},2,B,Mark Winters,67,Creature — Zombie Rat,,GTC,"Upon finding his warehouse infested, Gaven didn't know whether to get an exterminator or an exorcist.",normal,366234,2,2,Common,"Zombie,Rat",Creature
Horror of the Dim,{4}{B},5,"B,U",Jack Wang,68,Creature — Horror,{U}: Horror of the Dim gains hexproof until end of turn. (It can't be the target of spells or abilities your opponents control.),GTC,"""Lesser minds can scarcely imagine such a marriage of necromancy and mind magic.""\n—Strava, Dimir mage",normal,366397,3,4,Common,Horror,Creature
Illness in the Ranks,{B},1,B,Nils Hamm,69,Enchantment,Creature tokens get -1/-1.,GTC,"""Selesnya denied us tribute. Let's show them the error of their ways.""\n—Milana, Orzhov prelate",normal,366354,,,Uncommon,,Enchantment
Killing Glare,{X}{B},1,B,Peter Mohrbacher,70,Instant,Destroy target creature with power X or less.,GTC,A casual glance into a dark corner may be your last.,normal,366466,,,Uncommon,,Instant
Lord of the Void,{4}{B}{B}{B},7,B,Chris Rahn,71,Creature — Demon,"Flying\nWhenever Lord of the Void deals combat damage to a player, exile the top seven cards of that player's library, then put a creature card from among them onto the battlefield under your control.",GTC,,normal,366412,7,7,Mythic Rare,Demon,Creature
Mental Vapors,{3}{B},4,B,Mark Winters,72,Sorcery,"Target player discards a card.\nCipher (Then you may exile this spell card encoded on a creature you control. Whenever that creature deals combat damage to a player, its controller may cast a copy of the encoded card without paying its mana cost.)",GTC,,normal,366373,,,Uncommon,,Sorcery
Midnight Recovery,{3}{B},4,B,Peter Mohrbacher,73,Sorcery,"Return target creature card from your graveyard to your hand.\nCipher (Then you may exile this spell card encoded on a creature you control. Whenever that creature deals combat damage to a player, its controller may cast a copy of the encoded card without paying its mana cost.)",GTC,,normal,366476,,,Common,,Sorcery
Ogre Slumlord,{3}{B}{B},5,B,Trevor Claxton,74,Creature — Ogre Rogue,"Whenever another nontoken creature dies, you may put a 1/1 black Rat creature token onto the battlefield.\nRats you control have deathtouch.",GTC,"""His tenement is filled with the most vile, disgusting vermin. It's infested with rats, too.""\n—Branko One-Ear",normal,366432,3,3,Rare,"Ogre,Rogue",Creature
Sepulchral Primordial,{5}{B}{B},7,B,Stephan Martiniere,75,Creature — Avatar,"Intimidate (This creature can't be blocked except by artifact creatures and/or creatures that share a color with it.)\nWhen Sepulchral Primordial enters the battlefield, for each opponent, you may put up to one target creature card from that player's graveyard onto the battlefield under your control.",GTC,,normal,366285,5,4,Rare,Avatar,Creature
Shadow Alley Denizen,{B},1,B,Cynthia Sheppard,76,Creature — Vampire Rogue,"Whenever another black creature enters the battlefield under your control, target creature gains intimidate until end of turn. (It can't be blocked except by artifact creatures and/or creatures that share a color with it.)","GTC,DDM",,normal,366307,1,1,Common,"Vampire,Rogue",Creature
Shadow Slice,{4}{B},5,B,Raymond Swanland,77,Sorcery,"Target opponent loses 3 life.\nCipher (Then you may exile this spell card encoded on a creature you control. Whenever that creature deals combat damage to a player, its controller may cast a copy of the encoded card without paying its mana cost.)",GTC,,normal,366455,,,Common,,Sorcery
Slate Street Ruffian,{2}{B},3,B,Jim Murray,78,Creature — Human Warrior,"Whenever Slate Street Ruffian becomes blocked, defending player discards a card.","GTC,DDM","""Merciless to the point of psychosis. Let's give him a job.""\n—Zelinas, Orzhov recruiter",normal,366366,2,2,Common,"Human,Warrior",Creature
Smog Elemental,{4}{B}{B},6,B,Yeong-Hao Han,79,Creature — Elemental,Flying\nCreatures with flying your opponents control get -1/-1.,GTC,"""The skies used to be my refuge, a place of peace away from the chaos below. Now, with every flight, death seems to follow me like a shadow.""\n—Writings of Cica, Skyjek scout",normal,366257,3,3,Uncommon,Elemental,Creature
Syndicate Enforcer,{3}{B},4,B,Steven Belledin,80,Creature — Human Rogue,"Extort (Whenever you cast a spell, you may pay {W/B}. If you do, each opponent loses 1 life and you gain that much life.)",GTC,Even the darkest corners of Ravnica still lie in the shadow of the Church.,normal,366243,3,2,Common,"Human,Rogue",Creature
Thrull Parasite,{B},1,B,Clint Cearley,81,Creature — Thrull,"Extort (Whenever you cast a spell, you may pay {W/B}. If you do, each opponent loses 1 life and you gain that much life.)\n{T}, Pay 2 life: Remove a counter from target nonland permanent.",GTC,The hunger of a vampire and the subtlety of a tax collector.,normal,366437,1,1,Uncommon,Thrull,Creature
Undercity Informer,{2}{B},3,B,Raymond Swanland,82,Creature — Human Rogue,"{1}, Sacrifice a creature: Target player reveals cards from the top of his or her library until he or she reveals a land card, then puts those cards into his or her graveyard.",GTC,"""Scandal and slander are never welcome news. That's why I'm never the messenger.""",normal,366271,2,3,Uncommon,"Human,Rogue",Creature
Undercity Plague,{4}{B}{B},6,B,Vincent Proce,83,Sorcery,"Target player loses 1 life, discards a card, then sacrifices a permanent.\nCipher (Then you may exile this spell card encoded on a creature you control. Whenever that creature deals combat damage to a player, its controller may cast a copy of the encoded card without paying its mana cost.)",GTC,,normal,366231,,,Rare,,Sorcery
Wight of Precinct Six,{1}{B},2,B,Ryan Barger,84,Creature — Zombie,Wight of Precinct Six gets +1/+1 for each creature card in your opponents' graveyards.,"GTC,C13,DDM",Even the lost and undead need a protector.,normal,366239,1,1,Uncommon,Zombie,Creature
Act of Treason,{2}{R},3,R,Matt Stewart,85,Sorcery,Gain control of target creature until end of turn. Untap that creature. It gains haste until end of turn. (It can attack and {T} this turn.),"M10,DPA,M11,M12,GTC,M14,DDN,KTK,ORI","Each day uncertainty and rumors spread, and each night attendance at the Juri Revue increases.",normal,366305,,,Common,,Sorcery
Bomber Corps,{1}{R},2,R,Chase Stone,86,Creature — Human Soldier,"Battalion — Whenever Bomber Corps and at least two other creatures attack, Bomber Corps deals 1 damage to target creature or player.",GTC,"""Subtlety is for lawmages and spies.""",normal,366370,1,2,Common,"Human,Soldier",Creature
Cinder Elemental,{3}{R},4,R,Svetlin Velinov,87,Creature — Elemental,"{X}{R}, {T}, Sacrifice Cinder Elemental: Cinder Elemental deals X damage to target creature or player.","MMQ,HOP,GTC","""The old gods awoke and sent fingers of fire to see what was left of the old ways under the endless city.""\n—Daiva, Gruul storyteller",normal,366314,2,2,Uncommon,Elemental,Creature
Crackling Perimeter,{1}{R},2,R,Yeong-Hao Han,88,Enchantment,Tap an untapped Gate you control: Crackling Perimeter deals 1 damage to each opponent.,GTC,"As the path he sought came into focus, Niv-Mizzet took steps to prevent others from approaching it.",normal,366255,,,Uncommon,,Enchantment
Ember Beast,{2}{R},3,R,David Rapoza,89,Creature — Beast,Ember Beast can't attack or block alone.,"ODY,GTC","The only livestock that will survive for long in the Smelting District, ember beasts serve many functions—none of them willingly.",normal,366306,3,4,Common,Beast,Creature
Firefist Striker,{1}{R},2,R,Tyler Jacobson,90,Creature — Human Soldier,"Battalion — Whenever Firefist Striker and at least two other creatures attack, target creature can't block this turn.",GTC,The flaming fist of Boros holds the promise of both protection and destruction in its grasp.,normal,366311,2,1,Uncommon,"Human,Soldier",Creature
Five-Alarm Fire,{1}{R}{R},3,R,Karl Kopinski,91,Enchantment,"Whenever a creature you control deals combat damage, put a blaze counter on Five-Alarm Fire.\nRemove five blaze counters from Five-Alarm Fire: Five-Alarm Fire deals 5 damage to target creature or player.",GTC,,normal,366386,,,Rare,,Enchantment
Foundry Street Denizen,{R},1,R,Raoul Vitale,92,Creature — Goblin Warrior,"Whenever another red creature enters the battlefield under your control, Foundry Street Denizen gets +1/+0 until end of turn.","GTC,M15","After the Foundry Street riot, Arrester Hulbein tried to ban bludgeons. Which, inevitably, resulted in another riot.",normal,366472,1,1,Common,"Goblin,Warrior",Creature
Furious Resistance,{R},1,R,Slawomir Maniak,93,Instant,Target blocking creature gets +3/+0 and gains first strike until end of turn.,GTC,"""At least the Gateless rebels have ideals. Rakdos just mocks, defiles, and kills all we hold dear.""\n—Libuse, Boros sergeant",normal,366309,,,Common,,Instant
Hellkite Tyrant,{4}{R}{R},6,R,Aleksi Briclot,94,Creature — Dragon,"Flying, trample\nWhenever Hellkite Tyrant deals combat damage to a player, gain control of all artifacts that player controls.\nAt the beginning of your upkeep, if you control twenty or more artifacts, you win the game.",GTC,,normal,366244,6,5,Mythic Rare,Dragon,Creature
Hellraiser Goblin,{2}{R},3,R,Karl Kopinski,95,Creature — Goblin Berserker,Creatures you control have haste and attack each combat if able.,"GTC,DDN","Don't let him lead the soldiers, but by all means let him lead the way.",normal,366342,2,2,Uncommon,"Goblin,Berserker",Creature
Homing Lightning,{2}{R}{R},4,R,Slawomir Maniak,96,Instant,Homing Lightning deals 4 damage to target creature and each other creature with the same name as that creature.,GTC,"""I see countless worlds. What makes them think I can't find them in just one?""\n—Ral Zarek",normal,366297,,,Uncommon,,Instant
Legion Loyalist,{R},1,R,Eric Deschamps,97,Creature — Goblin Soldier,"Haste\nBattalion — Whenever Legion Loyalist and at least two other creatures attack, creatures you control gain first strike and trample until end of turn and can't be blocked by creature tokens this turn.",GTC,,normal,366348,1,1,Rare,"Goblin,Soldier",Creature
Madcap Skills,{1}{R},2,R,Anthony Palumbo,98,Enchantment — Aura,Enchant creature\nEnchanted creature gets +3/+0 and has menace. (It can't be blocked except by two or more creatures.),GTC,"The larger the crowd, the harder it is for them to run away.",normal,366377,,,Common,Aura,Enchantment
Mark for Death,{3}{R},4,R,Mathias Kollros,99,Sorcery,Target creature an opponent controls blocks this turn if able. Untap that creature. Other creatures that player controls can't block this turn.,GTC,"Everyone roots for the little guy, but nobody bets on him.",normal,366286,,,Uncommon,,Sorcery
Massive Raid,{1}{R}{R},3,R,Zoltan Boros,100,Instant,Massive Raid deals damage to target creature or player equal to the number of creatures you control.,GTC,"""The Boros lack vision. Give them a convenient scapegoat and they'll be blind to the true threats.""\n—Lazav",normal,366320,,,Common,,Instant
Molten Primordial,{5}{R}{R},7,R,Stephan Martiniere,101,Creature — Avatar,"Haste\nWhen Molten Primordial enters the battlefield, for each opponent, gain control of up to one target creature that player controls until end of turn. Untap those creatures. They gain haste until end of turn.",GTC,,normal,366356,6,4,Rare,Avatar,Creature
Mugging,{R},1,R,Greg Staples,102,Sorcery,Mugging deals 2 damage to target creature. That creature can't block this turn.,GTC,Scream: muffled. Pockets: emptied. Neck function: never the same again.,normal,366430,,,Common,,Sorcery
Ripscale Predator,{4}{R}{R},6,R,Volkan Baga,103,Creature — Lizard,Menace (This creature can't be blocked except by two or more creatures.),GTC,"As Ravnica's wilds expanded, even advocates for nature had to confront fiercer natural threats.",normal,366362,6,5,Uncommon,Lizard,Creature
Scorchwalker,{3}{R},4,R,Anthony Palumbo,104,Creature — Elemental,"Bloodrush — {1}{R}{R}, Discard Scorchwalker: Target attacking creature gets +5/+1 until end of turn.",GTC,"""Borborygmos's elemental launched an assault, but the Izzet wards held and experiments continue.""\n—Skyknight report on the Rubblebelt",normal,366409,5,1,Common,Elemental,Creature
Skinbrand Goblin,{1}{R},2,R,Marco Nelor,105,Creature — Goblin Warrior,"Bloodrush — {R}, Discard Skinbrand Goblin: Target attacking creature gets +2/+1 until end of turn.",GTC,"""These Gruul skin-runes—discern whether their patterns evoke streets, leylines, or both. You have four days.""\n—Niv-Mizzet, to his assistant",normal,366434,2,1,Common,"Goblin,Warrior",Creature
Skullcrack,{1}{R},2,R,Dave Kendall,106,Instant,Players can't gain life this turn. Damage can't be prevented this turn. Skullcrack deals 3 damage to target player.,GTC,"The lawmage's argument was clever and well reasoned, but Blunk's response proved irrefutable.",normal,366238,,,Uncommon,,Instant
Structural Collapse,{5}{R},6,R,Sam Burley,107,Sorcery,Target player sacrifices an artifact and a land. Structural Collapse deals 2 damage to that player.,GTC,The Gruul holiday of Rauck-Chauv always ends the same way.,normal,366376,,,Common,,Sorcery
Tin Street Market,{4}{R},5,R,Noah Bradley,108,Enchantment — Aura,"Enchant land\nEnchanted land has ""{T}, Discard a card: Draw a card.""",GTC,"""Sometimes I stroll along Tin Street and watch citizens busy with their daily lives. It reminds me why I do my job.""\n—Arrester Lavinia, Tenth Precinct",normal,366318,,,Common,Aura,Enchantment
Towering Thunderfist,{4}{R},5,"R,W",Zoltan Boros,109,Creature — Giant Soldier,{W}: Towering Thunderfist gains vigilance until end of turn.,GTC,"""Nothing ruins a party like one of those big killjoys bursting through the door and setting all the guests free.""\n—Ruba, Rakdos cultist",normal,366355,4,4,Common,"Giant,Soldier",Creature
Viashino Shanktail,{3}{R},4,R,Kev Walker,110,Creature — Viashino Warrior,"First strike\nBloodrush — {2}{R}, Discard Viashino Shanktail: Target attacking creature gets +3/+1 and gains first strike until end of turn.",GTC,"The Slizt Clan's battle cry is an impressive display of fury, defiance, and spit.",normal,366264,3,1,Uncommon,"Viashino,Warrior",Creature
Warmind Infantry,{2}{R},3,R,Greg Staples,111,Creature — Elemental Soldier,"Battalion — Whenever Warmind Infantry and at least two other creatures attack, Warmind Infantry gets +2/+0 until end of turn.",GTC,"Before Aurelia denounced Niv-Mizzet, the two guilds had collaborated on the Warmind Initiative in pursuit of the ultimate soldier.",normal,366272,2,3,Common,"Elemental,Soldier",Creature
Wrecking Ogre,{4}{R},5,R,Nils Hamm,112,Creature — Ogre Warrior,"Double strike\nBloodrush — {3}{R}{R}, Discard Wrecking Ogre: Target attacking creature gets +3/+3 and gains double strike until end of turn.",GTC,"If no opponent can be found, ogres of the Bolrac Clan will often pick fights with buildings.",normal,366446,3,3,Rare,"Ogre,Warrior",Creature
Adaptive Snapjaw,{4}{G},5,G,Tomasz Jedruszek,113,Creature — Lizard Beast,"Evolve (Whenever a creature enters the battlefield under your control, if that creature has greater power or toughness than this creature, put a +1/+1 counter on this creature.)",GTC,"""Eh, needs more toad.""\n—Gulistan, Simic biomancer",normal,366290,6,2,Common,"Lizard,Beast",Creature
Alpha Authority,{1}{G},2,G,Dave Kendall,114,Enchantment — Aura,Enchant creature\nEnchanted creature has hexproof and can't be blocked by more than one creature.,GTC,Even the bitterest enemies of the Burning-Tree Clan respect the strength of Borborygmos's rule.,normal,366325,,,Uncommon,Aura,Enchantment
Burst of Strength,{G},1,G,Marco Nelor,115,Instant,Put a +1/+1 counter on target creature and untap it.,GTC,"""Our fight is not about territory or revenge. It is about freedom, plain and simple.""\n—Ruric Thar, Ghor-Clan chieftain",normal,366304,,,Common,,Instant
Crocanura,{2}{G},3,G,Jack Wang,116,Creature — Crocodile Frog,"Reach (This creature can block creatures with flying.)\nEvolve (Whenever a creature enters the battlefield under your control, if that creature has greater power or toughness than this creature, put a +1/+1 counter on this creature.)",GTC,,normal,366319,1,3,Common,"Crocodile,Frog",Creature
Crowned Ceratok,{3}{G},4,G,Steve Prescott,117,Creature — Rhino,Trample\nEach creature you control with a +1/+1 counter on it has trample.,"GTC,DDL",The best way to calm a rampaging ceratok is to wait until it dies of natural causes.,normal,366256,4,3,Uncommon,Rhino,Creature
Disciple of the Old Ways,{1}{G},2,"G,R",Anthony Palumbo,118,Creature — Human Warrior,{R}: Disciple of the Old Ways gains first strike until end of turn.,GTC,"""Selesnya thinks nature is a pretty plaything. True nature would rip their faces off and wear their skins as trophies.""",normal,366447,2,2,Common,"Human,Warrior",Creature
Experiment One,{G},1,G,Chase Stone,119,Creature — Human Ooze,"Evolve (Whenever a creature enters the battlefield under your control, if that creature has greater power or toughness than this creature, put a +1/+1 counter on this creature.)\nRemove two +1/+1 counters from Experiment One: Regenerate Experiment One.","pFNM,GTC,C15",,normal,366441,1,1,Uncommon,"Human,Ooze",Creature
Forced Adaptation,{G},1,G,Trevor Claxton,120,Enchantment — Aura,"Enchant creature\nAt the beginning of your upkeep, put a +1/+1 counter on enchanted creature.",GTC,"""We're planting the seeds of change. Sometimes, we plant them in people.""\n—Vorel of the Hull Clade",normal,366336,,,Common,Aura,Enchantment
Giant Adephage,{5}{G}{G},7,G,Christine Choi,121,Creature — Insect,"Trample\nWhenever Giant Adephage deals combat damage to a player, put a token onto the battlefield that's a copy of Giant Adephage.",GTC,"""To a creature like that, we must seem like, well, bugs.""\n—Dars Gostok, Firefist captain",normal,366394,7,7,Mythic Rare,Insect,Creature
Greenside Watcher,{1}{G},2,G,Ryan Barger,122,Creature — Elf Druid,{T}: Untap target Gate.,GTC,"""The Izzet may incite war, but my duty is here. I will not abandon the wild.""",normal,366440,2,1,Common,"Elf,Druid",Creature
Gyre Sage,{1}{G},2,G,Tyler Jacobson,123,Creature — Elf Druid,"Evolve (Whenever a creature enters the battlefield under your control, if that creature has greater power or toughness than this creature, put a +1/+1 counter on this creature.)\n{T}: Add {G} to your mana pool for each +1/+1 counter on Gyre Sage.",GTC,,normal,366289,1,2,Rare,"Elf,Druid",Creature
Hindervines,{2}{G},3,G,Svetlin Velinov,124,Instant,Prevent all combat damage that would be dealt this turn by creatures with no +1/+1 counters on them.,GTC,"""Woodlands and laws. Both grow faster than the Azorius's ability to manage them.""\n—Suniel the Woodwise",normal,366459,,,Uncommon,,Instant
Ivy Lane Denizen,{3}{G},4,G,Winona Nelson,125,Creature — Elf Warrior,"Whenever another green creature enters the battlefield under your control, put a +1/+1 counter on target creature.",GTC,"""Skyknight gear? Well, I have drake-skin gauntlets, supple and fireproof. Or a ceratok chestplate that'll stop a crossbow bolt.""",normal,366317,2,3,Common,"Elf,Warrior",Creature
Miming Slime,{2}{G},3,G,Svetlin Velinov,126,Sorcery,"Put an X/X green Ooze creature token onto the battlefield, where X is the greatest power among creatures you control.",GTC,"""We paid the Simic very well for this capability, but we should quickly recoup our expenses in saved wages.""\n—Milana, Orzhov prelate",normal,366340,,,Uncommon,,Sorcery
Naturalize,{1}{G},2,G,Daniel Ljunggren,127,Instant,Destroy target artifact or enchantment.,"ONS,8ED,9ED,10E,ALA,M10,ROE,DPA,M11,M12,ISD,M13,GTC,M14,M15,KTK,DTK","""And if you threaten me again, your shiny steel trousers will be sprouting daggerthorn vines.""\n—Iveta, rooftop runner",normal,366303,,,Common,,Instant
Ooze Flux,{3}{G},4,G,Zoltan Boros,128,Enchantment,"{1}{G}, Remove one or more +1/+1 counters from among creatures you control: Put an X/X green Ooze creature token onto the battlefield, where X is the number of +1/+1 counters removed this way.",GTC,,normal,366375,,,Rare,,Enchantment
Predator's Rapport,{2}{G},3,G,Matt Stewart,129,Instant,Choose target creature you control. You gain life equal to that creature's power plus its toughness.,GTC,"""Other guilds say the Gruul are savages, no better than the beasts we live with. I say we've found friends who won't stab us in the back.""\n—Domri Rade",normal,366233,,,Common,,Instant
Rust Scarab,{4}{G},5,G,Adam Paquette,130,Creature — Insect,"Whenever Rust Scarab becomes blocked, you may destroy target artifact or enchantment defending player controls.",GTC,"""Behold nature's answer to the problem of society.""\n—Nikya of the Old Ways",normal,366245,4,5,Uncommon,Insect,Creature
Scab-Clan Charger,{3}{G},4,G,Nils Hamm,131,Creature — Centaur Warrior,"Bloodrush — {1}{G}, Discard Scab-Clan Charger: Target attacking creature gets +2/+4 until end of turn.",GTC,"""The only roads I wish to see are those beaten flat by wild hooves.""",normal,366410,2,4,Common,"Centaur,Warrior",Creature
Serene Remembrance,{G},1,G,David Palumbo,132,Sorcery,Shuffle Serene Remembrance and up to three target cards from a single graveyard into their owners' libraries.,GTC,"While Lazav schemed and Niv-Mizzet researched, Trostani sought the future in the whispers of the past.",normal,366269,,,Uncommon,,Sorcery
Skarrg Goliath,{6}{G}{G},8,G,Scott Chou,133,Creature — Beast,"Trample\nBloodrush — {5}{G}{G}, Discard Skarrg Goliath: Target attacking creature gets +9/+9 and gains trample until end of turn.","pLPA,GTC","""They bind us with their laws. We free ourselves with nature's fist.""\n—Nikya of the Old Ways",normal,366458,9,9,Rare,Beast,Creature
Slaughterhorn,{2}{G},3,G,Steve Prescott,134,Creature — Beast,"Bloodrush — {G}, Discard Slaughterhorn: Target attacking creature gets +3/+2 until end of turn.",GTC,"The Orzhov clergy would never cross its path, but sending thrull couriers to do so is cheap and entertaining.",normal,366281,3,2,Common,Beast,Creature
Spire Tracer,{G},1,G,Christopher Moeller,135,Creature — Elf Scout,Spire Tracer can't be blocked except by creatures with flying or reach.,GTC,"Cartographers on Ravnica chart not just the horizontal, but also the vertical.",normal,366236,1,1,Common,"Elf,Scout",Creature
Sylvan Primordial,{5}{G}{G},7,G,Stephan Martiniere,136,Creature — Avatar,"Reach\nWhen Sylvan Primordial enters the battlefield, for each opponent, destroy target noncreature permanent that player controls. For each permanent destroyed this way, search your library for a Forest card and put that card onto the battlefield tapped. Then shuffle your library.",GTC,,normal,366282,6,8,Rare,Avatar,Creature
Tower Defense,{1}{G},2,G,Seb McKinnon,137,Instant,Creatures you control get +0/+5 and gain reach until end of turn.,GTC,"""The drakes are practice. We may one day need to bring down a sky swallower, or maybe even Rakdos himself.""\n—Korun Nar, Rubblebelt hunter",normal,366404,,,Uncommon,,Instant
Verdant Haven,{2}{G},3,G,Daniel Ljunggren,138,Enchantment — Aura,"Enchant land\nWhen Verdant Haven enters the battlefield, you gain 2 life.\nWhenever enchanted land is tapped for mana, its controller adds one mana of any color to his or her mana pool (in addition to the mana the land produces).","GTC,M14,M15",,normal,366471,,,Common,Aura,Enchantment
Wasteland Viper,{G},1,G,Lucas Graciano,139,Creature — Snake,"Deathtouch\nBloodrush — {G}, Discard Wasteland Viper: Target attacking creature gets +1/+2 and gains deathtouch until end of turn.",GTC,"""The Gruul embrace all things poisonous and living in the cracks of society.""\n—Teysa Karlov, Grand Envoy of Orzhov",normal,366417,1,2,Uncommon,Snake,Creature
Wildwood Rebirth,{1}{G},2,G,Dan Scott,140,Instant,Return target creature card from your graveyard to your hand.,GTC,"In Ravnica, there are maladies far more difficult to treat than death.",normal,366425,,,Common,,Instant
Alms Beast,{2}{W}{B},4,"W,B",Dan Scott,141,Creature — Beast,Creatures blocking or blocked by Alms Beast have lifelink.,GTC,Alms-coins are only redeemable at Orzhov businesses.,normal,366402,6,6,Rare,Beast,Creature
Assemble the Legion,{3}{R}{W},5,"W,R",Eric Deschamps,142,Enchantment,"At the beginning of your upkeep, put a muster counter on Assemble the Legion. Then put a 1/1 red and white Soldier creature token with haste onto the battlefield for each muster counter on Assemble the Legion.",GTC,,normal,366470,,,Rare,,Enchantment
"Aurelia, the Warleader",{2}{R}{R}{W}{W},6,"W,R",Slawomir Maniak,143,Legendary Creature — Angel,"Flying, vigilance, haste\nWhenever Aurelia, the Warleader attacks for the first time each turn, untap all creatures you control. After this phase, there is an additional combat phase.","GTC,V15","Where Razia was aloof and untouchable, Aurelia is on the frontlines, calling for war.",normal,366448,3,4,Mythic Rare,Angel,Creature
Aurelia's Fury,{X}{R}{W},2,"W,R",Tyler Jacobson,144,Instant,Aurelia's Fury deals X damage divided as you choose among any number of target creatures and/or players. Tap each creature dealt damage this way. Players dealt damage this way can't cast noncreature spells this turn.,GTC,,normal,366384,,,Mythic Rare,,Instant
Bane Alley Broker,{1}{U}{B},3,"U,B",Clint Cearley,145,Creature — Human Rogue,"{T}: Draw a card, then exile a card from your hand face down.\nYou may look at cards exiled with Bane Alley Broker.\n{U}{B}, {T}: Return a card exiled with Bane Alley Broker to its owner's hand.",GTC,,normal,366475,0,3,Uncommon,"Human,Rogue",Creature
Biovisionary,{1}{G}{U},3,"U,G",Ryan Barger,146,Creature — Human Wizard,"At the beginning of the end step, if you control four or more creatures named Biovisionary, you win the game.",GTC,"He tired of his fellow researchers and their useless prattling, so he decided to make a network of scholars with whom he could carry a conversation.",normal,366414,2,3,Rare,"Human,Wizard",Creature
Borborygmos Enraged,{4}{R}{R}{G}{G},8,"R,G",Aleksi Briclot,147,Legendary Creature — Cyclops,"Trample\nWhenever Borborygmos Enraged deals combat damage to a player, reveal the top three cards of your library. Put all land cards revealed this way into your hand and the rest into your graveyard.\nDiscard a land card: Borborygmos Enraged deals 3 damage to target creature or player.",GTC,,normal,366283,7,6,Mythic Rare,Cyclops,Creature
Boros Charm,{R}{W},2,"W,R",Zoltan Boros,148,Instant,Choose one —\n• Boros Charm deals 4 damage to target player.\n• Permanents you control gain indestructible until end of turn.\n• Target creature gains double strike until end of turn.,"GTC,C13","""Practice compassion and mercy. But know when they must end.""\n—Aurelia",normal,366435,,,Uncommon,,Instant
Call of the Nightwing,{2}{U}{B},4,"U,B",Adam Paquette,149,Sorcery,"Put a 1/1 blue and black Horror creature token with flying onto the battlefield.\nCipher (Then you may exile this spell card encoded on a creature you control. Whenever that creature deals combat damage to a player, its controller may cast a copy of the encoded card without paying its mana cost.)",GTC,,normal,366308,,,Uncommon,,Sorcery
Cartel Aristocrat,{W}{B},2,"W,B",James Ryman,150,Creature — Human Advisor,Sacrifice another creature: Cartel Aristocrat gains protection from the color of your choice until end of turn.,GTC,"""Your life serves a higher purpose now: ensuring the continuation of my own.""",normal,366364,2,2,Uncommon,"Human,Advisor",Creature
Clan Defiance,{X}{R}{G},2,"R,G",Daarken,151,Sorcery,Choose one or more —\n• Clan Defiance deals X damage to target creature with flying.\n• Clan Defiance deals X damage to target creature without flying.\n• Clan Defiance deals X damage to target player.,GTC,,normal,366468,,,Rare,,Sorcery
Consuming Aberration,{3}{U}{B},5,"U,B",Karl Kopinski,152,Creature — Horror,"Consuming Aberration's power and toughness are each equal to the number of cards in your opponents' graveyards.\nWhenever you cast a spell, each opponent reveals cards from the top of his or her library until he or she reveals a land card, then puts those cards into his or her graveyard.","pPRE,GTC",,normal,366391,*,*,Rare,Horror,Creature
Deathpact Angel,{3}{W}{B}{B},6,"W,B",Jason Chan,153,Creature — Angel,"Flying\nWhen Deathpact Angel dies, put a 1/1 white and black Cleric creature token onto the battlefield. It has ""{3}{W}{B}{B}, {T}, Sacrifice this creature: Return a card named Deathpact Angel from your graveyard to the battlefield.""",GTC,,normal,366278,5,5,Mythic Rare,Angel,Creature
Dimir Charm,{U}{B},2,"U,B",Zoltan Boros,154,Instant,"Choose one —\n• Counter target sorcery spell.\n• Destroy target creature with power 2 or less.\n• Look at the top three cards of target player's library, then put one back and the rest into that player's graveyard.","pFNM,GTC","""Dangerous to recognize. Deadly not to.""\n—Lazav",normal,366473,,,Uncommon,,Instant
Dinrova Horror,{4}{U}{B},6,"U,B",Johann Bodin,155,Creature — Horror,"When Dinrova Horror enters the battlefield, return target permanent to its owner's hand, then that player discards a card.",GTC,"""Welcome to the Dimir Public Offices. Not responsible for death or loss of property. Basement off-limits.""\n—Sign outside Dinrova Building",normal,366453,4,4,Uncommon,Horror,Creature
Domri Rade,{1}{R}{G},3,"R,G",Tyler Jacobson,156,Planeswalker — Domri,"+1: Look at the top card of your library. If it's a creature card, you may reveal it and put it into your hand.\n−2: Target creature you control fights another target creature.\n−7: You get an emblem with ""Creatures you control have double strike, trample, hexproof, and haste.""",GTC,,normal,366367,,,Mythic Rare,Domri,Planeswalker
Drakewing Krasis,{1}{G}{U},3,"U,G",Johann Bodin,157,Creature — Lizard Drake,"Flying, trample",GTC,"Cautious not to repeat Vig's mistakes, the Simic fuse life essences using magic alone. Each result is called a krasis.",normal,366292,3,1,Common,"Lizard,Drake",Creature
Duskmantle Guildmage,{U}{B},2,"U,B",Slawomir Maniak,158,Creature — Human Wizard,"{1}{U}{B}: Whenever a card is put into an opponent's graveyard from anywhere this turn, that player loses 1 life.\n{2}{U}{B}: Target player puts the top two cards of his or her library into his or her graveyard.",GTC,,normal,366328,2,2,Uncommon,"Human,Wizard",Creature
Duskmantle Seer,{2}{U}{B},4,"U,B",Kev Walker,159,Creature — Vampire Wizard,"Flying\nAt the beginning of your upkeep, each player reveals the top card of his or her library, loses life equal to that card's converted mana cost, then puts it into his or her hand.",GTC,,normal,366310,4,4,Mythic Rare,"Vampire,Wizard",Creature
Elusive Krasis,{1}{G}{U},3,"U,G",Wesley Burt,160,Creature — Fish Mutant,"Elusive Krasis can't be blocked.\nEvolve (Whenever a creature enters the battlefield under your control, if that creature has greater power or toughness than this creature, put a +1/+1 counter on this creature.)",GTC,,normal,366279,0,4,Uncommon,"Fish,Mutant",Creature
Executioner's Swing,{W}{B},2,"W,B",Karl Kopinski,161,Instant,Target creature that dealt damage this turn gets -5/-5 until end of turn.,GTC,"""The contract specified an appendage for a missed payment. Read the fine print: the head is an appendage.""",normal,366444,,,Common,,Instant
Fathom Mage,{2}{G}{U},4,"U,G",Ryan Pancoast,162,Creature — Human Wizard,"Evolve (Whenever a creature enters the battlefield under your control, if that creature has greater power or toughness than this creature, put a +1/+1 counter on this creature.)\nWhenever a +1/+1 counter is placed on Fathom Mage, you may draw a card.","pPRE,GTC",,normal,366399,1,1,Rare,"Human,Wizard",Creature
Firemane Avenger,{2}{R}{W},4,"W,R",Wayne Reynolds,163,Creature — Angel,"Flying\nBattalion — Whenever Firemane Avenger and at least two other creatures attack, Firemane Avenger deals 3 damage to target creature or player and you gain 3 life.","pMGD,GTC",Firemane Nevena led the victorious assault on the Barbu Rooftop rebels. Now the Gateless have marked her for death.,normal,366341,3,3,Rare,Angel,Creature
Fortress Cyclops,{3}{R}{W},5,"W,R",Maciej Kuciara,164,Creature — Cyclops Soldier,"Whenever Fortress Cyclops attacks, it gets +3/+0 until end of turn.\nWhenever Fortress Cyclops blocks, it gets +0/+3 until end of turn.",GTC,"""They think they tamed him, but he will always be a wild titan, a force of nature.""\n—Nedja, Gruul shaman",normal,366280,3,3,Uncommon,"Cyclops,Soldier",Creature
Foundry Champion,{4}{R}{W},6,"W,R",Todd Lockwood,165,Creature — Elemental Soldier,"When Foundry Champion enters the battlefield, it deals damage to target creature or player equal to the number of creatures you control.\n{R}: Foundry Champion gets +1/+0 until end of turn.\n{W}: Foundry Champion gets +0/+1 until end of turn.","pPRE,GTC",,normal,366431,4,4,Rare,"Elemental,Soldier",Creature
Frenzied Tilling,{3}{R}{G},5,"R,G",Noah Bradley,166,Sorcery,Destroy target land. Search your library for a basic land card and put that card onto the battlefield tapped. Then shuffle your library.,"INV,GTC","""Izzet contraptions pollute our lands. Burn them down, kill the makers, cleanse the earth.""\n—Nedja, Gruul shaman",normal,366295,,,Uncommon,,Sorcery
Ghor-Clan Rampager,{2}{R}{G},4,"R,G",Charles Urbach,167,Creature — Beast,"Trample\nBloodrush — {R}{G}, Discard Ghor-Clan Rampager: Target attacking creature gets +4/+4 and gains trample until end of turn.","pFNM,GTC","""The Simic come from the cold slow depths. How could they understand the fire in a wild heart?""\n—Kroshkar, Gruul shaman",normal,366287,4,4,Uncommon,Beast,Creature
Ground Assault,{R}{G},2,"R,G",Karl Kopinski,168,Sorcery,Ground Assault deals damage to target creature equal to the number of lands you control.,GTC,"""Taking down a dragon is easy. All you need is enough space to get in a good swing.""\n—Narbulg Nine Fingers",normal,366428,,,Uncommon,,Sorcery
Gruul Charm,{R}{G},2,"R,G",Zoltan Boros,169,Instant,Choose one —\n• Creatures without flying can't block this turn.\n• Gain control of all permanents you own.\n• Gruul Charm deals 3 damage to each creature with flying.,GTC,"""Not Gruul? Then die!""\n—Borborygmos",normal,366360,,,Uncommon,,Instant
Gruul Ragebeast,{5}{R}{G},7,"R,G",Dave Kendall,170,Creature — Beast,"Whenever Gruul Ragebeast or another creature enters the battlefield under your control, that creature fights target creature an opponent controls.",GTC,"""If the other guilds want a war, they should know we've been ready the whole time.""\n—Ruric Thar, Ghor-Clan chieftain",normal,366398,6,6,Rare,Beast,Creature
High Priest of Penance,{W}{B},2,"W,B",Mark Zug,171,Creature — Human Cleric,"Whenever High Priest of Penance is dealt damage, you may destroy target nonland permanent.",GTC,"""All I require is faith, loyalty, obedience, trust, and complete and utter devotion.""",normal,366266,1,1,Rare,"Human,Cleric",Creature
Hydroform,{G}{U},2,"U,G",Howard Lyon,172,Instant,Target land becomes a 3/3 Elemental creature with flying until end of turn. It's still a land.,GTC,"""While the sea may be our home, the sky is our destiny.""\n—Prime Speaker Zegana",normal,366423,,,Common,,Instant
Kingpin's Pet,{1}{W}{B},3,"W,B",Mark Zug,173,Creature — Thrull,"Flying\nExtort (Whenever you cast a spell, you may pay {W/B}. If you do, each opponent loses 1 life and you gain that much life.)",GTC,"""Debt and death sound so similar, and thrulls are so hard of hearing. Mistakes are inevitable.""\n—Milana, Orzhov prelate",normal,366361,2,2,Common,Thrull,Creature
"Lazav, Dimir Mastermind",{U}{U}{B}{B},4,"U,B",David Rapoza,174,Legendary Creature — Shapeshifter,"Hexproof\nWhenever a creature card is put into an opponent's graveyard from anywhere, you may have Lazav, Dimir Mastermind become a copy of that card except its name is still Lazav, Dimir Mastermind, it's legendary in addition to its other types, and it gains hexproof and this ability.",GTC,,normal,366469,3,3,Mythic Rare,Shapeshifter,Creature
Martial Glory,{R}{W},2,"W,R",Raymond Swanland,175,Instant,Target creature gets +3/+0 until end of turn.\nTarget creature gets +0/+3 until end of turn.,GTC,"""Yes, Boros tactics are unparalleled. But when your comrades are dying around you, inner strength must carry the day.""\n—Gideon Jura, to Aurelia",normal,366358,,,Common,,Instant
Master Biomancer,{2}{G}{U},4,"U,G",Willian Murai,176,Creature — Elf Wizard,Each other creature you control enters the battlefield with a number of additional +1/+1 counters on it equal to Master Biomancer's power and as a Mutant in addition to its other types.,GTC,"""Nature is a wonderful engineer but works far too slowly for my tastes.""",normal,366352,2,4,Mythic Rare,"Elf,Wizard",Creature
Merciless Eviction,{4}{W}{B},6,"W,B",Richard Wright,177,Sorcery,Choose one —\n• Exile all artifacts.\n• Exile all creatures.\n• Exile all enchantments.\n• Exile all planeswalkers.,GTC,"""I once saw the Obzedat moved to action. Since that day, I've been thankful that they're mainly lazy, and dead.""\n—Aurelia, to Gideon Jura",normal,366316,,,Rare,,Sorcery
Mind Grind,{X}{U}{B},2,"U,B",Daarken,178,Sorcery,"Each opponent reveals cards from the top of his or her library until he or she reveals X land cards, then puts all cards revealed this way into his or her graveyard. X can't be 0.",GTC,,normal,366418,,,Rare,,Sorcery
Mortus Strider,{1}{U}{B},3,"U,B",Tomasz Jedruszek,179,Creature — Skeleton,"When Mortus Strider dies, return it to its owner's hand.",GTC,Dimir's best agents hide from death itself.,normal,366449,1,1,Common,Skeleton,Creature
Mystic Genesis,{2}{G}{U}{U},5,"U,G",Mike Bierek,180,Instant,"Counter target spell. Put an X/X green Ooze creature token onto the battlefield, where X is that spell's converted mana cost.",GTC,"""The Simic can grow anything out of a puddle of sludge. I just hope they never join forces with the Golgari.""\n—Teysa Karlov, Grand Envoy of Orzhov",normal,366401,,,Rare,,Instant
Nimbus Swimmer,{X}{G}{U},2,"U,G",Howard Lyon,181,Creature — Leviathan,Flying\nNimbus Swimmer enters the battlefield with X +1/+1 counters on it.,"GTC,DDO",The Simic soon discovered that the sky offered as few constraints on size as the sea.,normal,366275,0,0,Uncommon,Leviathan,Creature
"Obzedat, Ghost Council",{1}{W}{W}{B}{B},5,"W,B",Svetlin Velinov,182,Legendary Creature — Spirit Advisor,"When Obzedat, Ghost Council enters the battlefield, target opponent loses 2 life and you gain 2 life.\nAt the beginning of your end step, you may exile Obzedat. If you do, return it to the battlefield under its owner's control at the beginning of your next upkeep. It gains haste.",GTC,,normal,366246,5,5,Mythic Rare,"Spirit,Advisor",Creature
One Thousand Lashes,{2}{W}{B},4,"W,B",Daarken,183,Enchantment — Aura,"Enchant creature\nEnchanted creature can't attack or block, and its activated abilities can't be activated.\nAt the beginning of the upkeep of enchanted creature's controller, that player loses 1 life.",GTC,,normal,366261,,,Uncommon,Aura,Enchantment
Ordruun Veteran,{2}{R}{W},4,"W,R",Greg Staples,184,Creature — Minotaur Soldier,"Battalion — Whenever Ordruun Veteran and at least two other creatures attack, Ordruun Veteran gains double strike until end of turn. (It deals both first-strike and regular combat damage.)",GTC,"""My father was Gruul, but I chose the precision of the legion over the fury of the pack.""",normal,366259,3,1,Uncommon,"Minotaur,Soldier",Creature
Orzhov Charm,{W}{B},2,"W,B",Zoltan Boros,185,Instant,Choose one —\n• Return target creature you control and all Auras you control attached to it to their owner's hand.\n• Destroy target creature and you lose life equal to its toughness.\n• Return target creature card with converted mana cost 1 or less from your graveyard to the battlefield.,GTC,,normal,366436,,,Uncommon,,Instant
Paranoid Delusions,{U}{B},2,"U,B",Christopher Moeller,186,Sorcery,"Target player puts the top three cards of his or her library into his or her graveyard.\nCipher (Then you may exile this spell card encoded on a creature you control. Whenever that creature deals combat damage to a player, its controller may cast a copy of the encoded card without paying its mana cost.)",GTC,,normal,366324,,,Common,,Sorcery
Primal Visitation,{3}{R}{G},5,"R,G",Christopher Moeller,187,Enchantment — Aura,Enchant creature\nEnchanted creature gets +3/+3 and has haste.,GTC,"Gruul shamans believe all sentient beings have the soul of savagery inside them, an animal form clawing to escape.",normal,366250,,,Common,Aura,Enchantment
Prime Speaker Zegana,{2}{G}{G}{U}{U},6,"U,G",Willian Murai,188,Legendary Creature — Merfolk Wizard,"Prime Speaker Zegana enters the battlefield with X +1/+1 counters on it, where X is the greatest power among other creatures you control.\nWhen Prime Speaker Zegana enters the battlefield, draw cards equal to its power.","GTC,C15",,normal,366416,1,1,Mythic Rare,"Merfolk,Wizard",Creature
Psychic Strike,{1}{U}{B},3,"U,B",Mathias Kollros,189,Instant,Counter target spell. Its controller puts the top two cards of his or her library into his or her graveyard.,GTC,"Until more information could be gleaned about Niv-Mizzet's intentions, Lazav took every opportunity to stall his experiments.",normal,366296,,,Common,,Instant
Purge the Profane,{2}{W}{B},4,"W,B",Michael C. Hayes,190,Sorcery,Target opponent discards two cards and you gain 2 life.,GTC,The Orzhov hear the plans of the other guilds through the guilty thoughts of the disloyal.,normal,366393,,,Common,,Sorcery
Rubblehulk,{4}{R}{G},6,"R,G",Raymond Swanland,191,Creature — Elemental,"Rubblehulk's power and toughness are each equal to the number of lands you control.\nBloodrush — {1}{R}{G}, Discard Rubblehulk: Target attacking creature gets +X/+X until end of turn, where X is the number of lands you control.","pPRE,GTC",,normal,366424,*,*,Rare,Elemental,Creature
Ruination Wurm,{4}{R}{G},6,"R,G",Dave Kendall,192,Creature — Wurm,,GTC,"When the architects of Ravnica claim a structure will stand against a wurm, they never mention for how long.",normal,366235,7,6,Common,Wurm,Creature
Shambleshark,{G}{U},2,"U,G",Wesley Burt,193,Creature — Fish Crab,"Flash (You may cast this spell any time you could cast an instant.)\nEvolve (Whenever a creature enters the battlefield under your control, if that creature has greater power or toughness than this creature, put a +1/+1 counter on this creature.)",GTC,,normal,366478,2,1,Common,"Fish,Crab",Creature
Signal the Clans,{R}{G},2,"R,G",Dave Kendall,194,Instant,"Search your library for three creature cards and reveal them. If you reveal three cards with different names, choose one of them at random and put that card into your hand. Shuffle the rest into your library.",GTC,"Gruul clanfolk obey few rules, but all feel bound to answer the call of the horn.",normal,366365,,,Rare,,Instant
Simic Charm,{G}{U},2,"U,G",Zoltan Boros,195,Instant,Choose one —\n• Target creature gets +3/+3 until end of turn.\n• Permanents you control gain hexproof until end of turn.\n• Return target creature to its owner's hand.,GTC,"""We measure our progress in heartbeats.""\n—Prime Speaker Zegana",normal,366463,,,Uncommon,,Instant
Skarrg Guildmage,{R}{G},2,"R,G",Aleksi Briclot,196,Creature — Human Shaman,{R}{G}: Creatures you control gain trample until end of turn.\n{1}{R}{G}: Target land you control becomes a 4/4 Elemental creature until end of turn. It's still a land.,GTC,,normal,366350,2,2,Uncommon,"Human,Shaman",Creature
Skyknight Legionnaire,{1}{R}{W},3,"W,R",Anthony Palumbo,197,Creature — Human Knight,"Flying, haste","pARL,RAV,GTC","Millennium Platform, once a monument to peace, was quickly seized by the skyknights for its strategic aerial location.",normal,366338,2,2,Common,"Human,Knight",Creature
Soul Ransom,{2}{U}{B},4,"U,B",Steve Argyle,198,Enchantment — Aura,"Enchant creature\nYou control enchanted creature.\nDiscard two cards: Soul Ransom's controller sacrifices it, then draws two cards. Only any opponent may activate this ability.",GTC,,normal,366351,,,Rare,Aura,Enchantment
Spark Trooper,{1}{R}{R}{W},4,"W,R",James Ryman,199,Creature — Elemental Soldier,"Trample, lifelink, haste\nAt the beginning of the end step, sacrifice Spark Trooper.",GTC,Izzet-designed conductors atop Sunhome charge empty sets of armor that give form to the fluctuating elementals.,normal,366422,6,1,Rare,"Elemental,Soldier",Creature
Sunhome Guildmage,{R}{W},2,"W,R",Eric Deschamps,200,Creature — Human Wizard,{1}{R}{W}: Creatures you control get +1/+0 until end of turn.\n{2}{R}{W}: Put a 1/1 red and white Soldier creature token with haste onto the battlefield.,GTC,,normal,366429,2,2,Uncommon,"Human,Wizard",Creature
Treasury Thrull,{4}{W}{B},6,"W,B",Mark Zug,201,Creature — Thrull,"Extort (Whenever you cast a spell, you may pay {W/B}. If you do, each opponent loses 1 life and you gain that much life.)\nWhenever Treasury Thrull attacks, you may return target artifact, creature, or enchantment card from your graveyard to your hand.","pPRE,GTC,C15",,normal,366359,4,4,Rare,Thrull,Creature
Truefire Paladin,{R}{W},2,"W,R",Michael C. Hayes,202,Creature — Human Knight,Vigilance\n{R}{W}: Truefire Paladin gets +2/+0 until end of turn.\n{R}{W}: Truefire Paladin gains first strike until end of turn.,"GTC,DDL",,normal,366322,2,2,Uncommon,"Human,Knight",Creature
Unexpected Results,{2}{G}{U},4,"U,G",Mike Bierek,203,Sorcery,"Shuffle your library, then reveal the top card. If it's a nonland card, you may cast it without paying its mana cost. If it's a land card, you may put it onto the battlefield and return Unexpected Results to its owner's hand.",GTC,,normal,366248,,,Rare,,Sorcery
Urban Evolution,{3}{G}{U},5,"U,G",Eytan Zana,204,Sorcery,Draw three cards. You may play an additional land this turn.,"GTC,DDO","As the Simic released more of their krasis experiments, they required new habitats, always at the expense of the locals.",normal,366419,,,Uncommon,,Sorcery
Vizkopa Confessor,{3}{W}{B},5,"W,B",Ryan Pancoast,205,Creature — Human Cleric,"Extort (Whenever you cast a spell, you may pay {W/B}. If you do, each opponent loses 1 life and you gain that much life.)\nWhen Vizkopa Confessor enters the battlefield, pay any amount of life. Target opponent reveals that many cards from his or her hand. You choose one of them and exile it.",GTC,,normal,366267,1,3,Uncommon,"Human,Cleric",Creature
Vizkopa Guildmage,{W}{B},2,"W,B",Tyler Jacobson,206,Creature — Human Wizard,"{1}{W}{B}: Target creature gains lifelink until end of turn.\n{1}{W}{B}: Whenever you gain life this turn, each opponent loses that much life.","GTC,C13",,normal,366371,2,2,Uncommon,"Human,Wizard",Creature
Whispering Madness,{2}{U}{B},4,"U,B",Clint Cearley,207,Sorcery,"Each player discards his or her hand, then draws cards equal to the greatest number of cards a player discarded this way.\nCipher (Then you may exile this spell card encoded on a creature you control. Whenever that creature deals combat damage to a player, its controller may cast a copy of the encoded card without paying its mana cost.)",GTC,,normal,366263,,,Rare,,Sorcery
Wojek Halberdiers,{R}{W},2,"W,R",Nic Klein,208,Creature — Human Soldier,"Battalion — Whenever Wojek Halberdiers and at least two other creatures attack, Wojek Halberdiers gains first strike until end of turn.",GTC,"Tired of Boros interference, the Rakdos unleashed hellraiser goblins, hoping their corpses would weigh down the halberds.",normal,366265,3,2,Common,"Human,Soldier",Creature
Zameck Guildmage,{G}{U},2,"U,G",Chase Stone,209,Creature — Elf Wizard,"{G}{U}: This turn, each creature you control enters the battlefield with an additional +1/+1 counter on it.\n{G}{U}, Remove a +1/+1 counter from a creature you control: Draw a card.","pMGD,GTC",,normal,366454,2,2,Uncommon,"Elf,Wizard",Creature
Zhur-Taa Swine,{3}{R}{G},5,"R,G",Yeong-Hao Han,210,Creature — Boar,"Bloodrush — {1}{R}{G}, Discard Zhur-Taa Swine: Target attacking creature gets +5/+4 until end of turn.",GTC,"Gurley was the first to domesticate one, though his widow didn't take much solace in that accomplishment.",normal,366252,5,4,Common,Boar,Creature
Arrows of Justice,{2}{R/W},3,"W,R",James Ryman,211,Instant,Arrows of Justice deals 4 damage to target attacking or blocking creature.,GTC,Archers from the Horizon Military Academy hone their skills by targeting pickpockets blocks away.,normal,366381,,,Uncommon,,Instant
Beckon Apparition,{W/B},1,"W,B",Cliff Childs,212,Instant,Exile target card from a graveyard. Put a 1/1 white and black Spirit creature token with flying onto the battlefield.,"EVE,GTC",The foyer is littered with the coins it demands but can no longer hold.,normal,366461,,,Common,,Instant
Biomass Mutation,{X}{G/U}{G/U},2,"U,G",Dan Scott,213,Instant,Creatures you control have base power and toughness X/X until end of turn.,GTC,"""A regression to ancient forms? A glimpse of future evolutions? Or a fleeting alteration of the present?""\n—Vorel of the Hull Clade",normal,366312,,,Rare,,Instant
Bioshift,{G/U},1,"U,G",Scott Chou,214,Instant,Move any number of +1/+1 counters from target creature onto another target creature with the same controller.,GTC,"""It's all right if you change your mind. There's always a chance we can rearrange parts later.""\n—Zija, Simic mutationist",normal,366299,,,Common,,Instant
Boros Reckoner,{R/W}{R/W}{R/W},3,"W,R",Howard Lyon,215,Creature — Minotaur Wizard,"Whenever Boros Reckoner is dealt damage, it deals that much damage to target creature or player.\n{R/W}: Boros Reckoner gains first strike until end of turn.",GTC,"""Imagine a thunderstorm that's also a tactical genius. That's him.""\n—Dars Gostok, Firefist captain",normal,366385,3,3,Rare,"Minotaur,Wizard",Creature
Burning-Tree Emissary,{R/G}{R/G},2,"R,G",Izzy,216,Creature — Human Shaman,"When Burning-Tree Emissary enters the battlefield, add {R}{G} to your mana pool.",GTC,Those who regard the Gruul as savage simpletons underestimate the subtle power of their shamans.,normal,366467,2,2,Uncommon,"Human,Shaman",Creature
Coerced Confession,{4}{U/B},5,"U,B",Mathias Kollros,217,Sorcery,Target player puts the top four cards of his or her library into his or her graveyard. You draw a card for each creature card put into that graveyard this way.,GTC,"""Ask the right questions in the right way and truth is inevitable.""\n—Lazav",normal,366408,,,Uncommon,,Sorcery
Deathcult Rogue,{1}{U/B}{U/B},3,"U,B",David Palumbo,218,Creature — Human Rogue,Deathcult Rogue can't be blocked except by Rogues.,GTC,"""The hussars can't catch him, and he evades our traps with ease. I fear he walks unseen even in the halls of New Prahv.""\n—Arrester Lavinia, Tenth Precinct",normal,366254,2,2,Common,"Human,Rogue",Creature
Gift of Orzhova,{1}{W/B}{W/B},3,"W,B",Johannes Voss,219,Enchantment — Aura,Enchant creature\nEnchanted creature gets +1/+1 and has flying and lifelink.,GTC,"""Remember by whose gift you ascend.""\n—Milana, Orzhov prelate",normal,366339,,,Uncommon,Aura,Enchantment
Immortal Servitude,{X}{W/B}{W/B}{W/B},3,"W,B",Seb McKinnon,220,Sorcery,Return each creature card with converted mana cost X from your graveyard to the battlefield.,GTC,"""The fine print of countless contracts has ensured we are never defenseless.""\n—Teysa Karlov, Grand Envoy of Orzhov",normal,366247,,,Rare,,Sorcery
Merfolk of the Depths,{4}{G/U}{G/U},6,"U,G",Scott Chou,221,Creature — Merfolk Soldier,Flash (You may cast this spell any time you could cast an instant.),GTC,"When giant sinkholes opened across Ravnica, they revealed buried oceans and the merfolk, once thought to be extinct.",normal,366442,4,2,Uncommon,"Merfolk,Soldier",Creature
Nightveil Specter,{U/B}{U/B}{U/B},3,"U,B",Min Yum,222,Creature — Specter,"Flying\nWhenever Nightveil Specter deals combat damage to a player, that player exiles the top card of his or her library.\nYou may play cards exiled with Nightveil Specter.","pMEI,GTC",,normal,366242,2,3,Rare,Specter,Creature
Pit Fight,{1}{R/G},2,"R,G",Matt Stewart,223,Instant,Target creature you control fights another target creature. (Each deals damage equal to its power to the other.),GTC,"""All the coins in Ravnica can't save his soul now.""\n—Narbulg Nine Fingers",normal,366450,,,Common,,Instant
Rubblebelt Raiders,{1}{R/G}{R/G}{R/G},4,"R,G",Chippy,224,Creature — Human Warrior,"Whenever Rubblebelt Raiders attacks, put a +1/+1 counter on it for each attacking creature you control.",GTC,"""This city will perish, and the Gruul will cheer as the boar-god crushes the last bricks into dust.""\n—Nikya of the Old Ways",normal,366462,3,3,Rare,"Human,Warrior",Creature
Shattering Blow,{1}{R/W},2,"W,R",Steve Prescott,225,Instant,Exile target artifact.,GTC,"""Aurelia seems too eager to solve her problems by delivering them to oblivion.""\n—Prime Speaker Zegana",normal,366331,,,Common,,Instant
Armored Transport,{3},3,,Cliff Childs,226,Artifact Creature — Construct,Prevent all combat damage that would be dealt to Armored Transport by creatures blocking it.,GTC,"""If only our jails were as secure.""\n—Arrester Lavinia, Tenth Precinct",normal,366344,2,1,Common,Construct,"Artifact,Creature"
Boros Keyrune,{3},3,"R,W",Daniel Ljunggren,227,Artifact,{T}: Add {R} or {W} to your mana pool.\n{R}{W}: Boros Keyrune becomes a 1/1 red and white Soldier artifact creature with double strike until end of turn. (It deals both first-strike and regular combat damage.),GTC,,normal,366413,,,Uncommon,,Artifact
Dimir Keyrune,{3},3,"U,B",Daniel Ljunggren,228,Artifact,{T}: Add {U} or {B} to your mana pool.\n{U}{B}: Dimir Keyrune becomes a 2/2 blue and black Horror artifact creature until end of turn and can't be blocked this turn.,GTC,A key that slips through every lock.,normal,366270,,,Uncommon,,Artifact
Glaring Spotlight,{1},1,,Adam Paquette,229,Artifact,"Creatures your opponents control with hexproof can be the targets of spells and abilities you control as though they didn't have hexproof.\n{3}, Sacrifice Glaring Spotlight: Creatures you control gain hexproof until end of turn and can't be blocked this turn.",GTC,,normal,366334,,,Rare,,Artifact
Gruul Keyrune,{3},3,"R,G",Daniel Ljunggren,230,Artifact,{T}: Add {R} or {G} to your mana pool.\n{R}{G}: Gruul Keyrune becomes a 3/2 red and green Beast artifact creature with trample until end of turn.,GTC,As perilous and unpredictable as the wilds themselves.,normal,366443,,,Uncommon,,Artifact
Illusionist's Bracers,{2},2,,Svetlin Velinov,231,Artifact — Equipment,"Whenever an ability of equipped creature is activated, if it isn't a mana ability, copy that ability. You may choose new targets for the copy.\nEquip {3}",GTC,It's easy to believe you're a god when you're twice as powerful as everyone else.,normal,366426,,,Rare,Equipment,Artifact
Millennial Gargoyle,{4},4,,Seb McKinnon,232,Artifact Creature — Gargoyle,Flying,GTC,"""You've got to keep your wits about you on the roofs. Not all stones are compliant handholds.""\n—Iveta, rooftop runner",normal,366451,2,2,Common,Gargoyle,"Artifact,Creature"
Orzhov Keyrune,{3},3,"W,B",Daniel Ljunggren,233,Artifact,{T}: Add {W} or {B} to your mana pool.\n{W}{B}: Orzhov Keyrune becomes a 1/4 white and black Thrull artifact creature with lifelink until end of turn.,GTC,You only need to wield it once to appreciate the power of control.,normal,366479,,,Uncommon,,Artifact
Prophetic Prism,{2},2,,Daniel Ljunggren,234,Artifact,"When Prophetic Prism enters the battlefield, draw a card.\n{1}, {T}: Add one mana of any color to your mana pool.","ROE,CMD,GTC","To understand Ravnica, one must first understand how each guild contributes to its stability.",normal,366262,,,Common,,Artifact
Razortip Whip,{2},2,,James Paick,235,Artifact,"{1}, {T}: Razortip Whip deals 1 damage to target opponent.",GTC,"""It no longer surprises me what shows up in our raid of a Rakdos revue.""\n—Janik Bara, Wojek captain",normal,366405,,,Common,,Artifact
Riot Gear,{2},2,,Jack Wang,236,Artifact — Equipment,Equipped creature gets +1/+2.\nEquip {2} ({2}: Attach to target creature you control. Equip only as a sorcery.),GTC,Any meeting between guilds requires proper equipment.,normal,366349,,,Common,Equipment,Artifact
Simic Keyrune,{3},3,"G,U",Daniel Ljunggren,237,Artifact,{T}: Add {G} or {U} to your mana pool.\n{G}{U}: Simic Keyrune becomes a 2/3 green and blue Crab artifact creature with hexproof until end of turn. (It can't be the target of spells or abilities your opponents control.),"GTC,C15",,normal,366357,,,Uncommon,,Artifact
Skyblinder Staff,{1},1,,Mark Winters,238,Artifact — Equipment,Equipped creature gets +1/+0 and can't be blocked by creatures with flying.\nEquip {3} ({3}: Attach to target creature you control. Equip only as a sorcery.),GTC,"""If bats are the only thing between me and a mountain of Orzhov coins, then I'm about to be a very rich thief.""",normal,366346,,,Common,Equipment,Artifact
Boros Guildgate,,,"R,W",Noah Bradley,239,Land — Gate,Boros Guildgate enters the battlefield tapped.\n{T}: Add {R} or {W} to your mana pool.,"GTC,DGM,DDL,C13,C15",Enter with merciful hearts. Exit with battle cries.,normal,366390,,,Common,Gate,Land
Breeding Pool,,,"U,G",Mike Bierek,240,Land — Forest Island,"({T}: Add {G} or {U} to your mana pool.)\nAs Breeding Pool enters the battlefield, you may pay 2 life. If you don't, Breeding Pool enters the battlefield tapped.","DIS,GTC,EXP",Uncharted depths. Unbounded hopes. Unfathomable mysteries.,normal,366291,,,Rare,"Forest,Island",Land
Dimir Guildgate,,,"U,B",Cliff Childs,241,Land — Gate,Dimir Guildgate enters the battlefield tapped.\n{T}: Add {U} or {B} to your mana pool.,"GTC,DGM,C13","Enter and become a mastermind of spies, lies, and deception.",normal,366313,,,Common,Gate,Land
Godless Shrine,,,"W,B",Cliff Childs,242,Land — Plains Swamp,"({T}: Add {W} or {B} to your mana pool.)\nAs Godless Shrine enters the battlefield, you may pay 2 life. If you don't, Godless Shrine enters the battlefield tapped.","GPT,GTC,EXP",Judgment without hope.,normal,366302,,,Rare,"Plains,Swamp",Land
Gruul Guildgate,,,"R,G",Randy Gallegos,243,Land — Gate,Gruul Guildgate enters the battlefield tapped.\n{T}: Add {R} or {G} to your mana pool.,"GTC,DGM,C13",Enter and leave the shackles of society behind.,normal,366253,,,Common,Gate,Land
Orzhov Guildgate,,,"W,B",John Avon,244,Land — Gate,Orzhov Guildgate enters the battlefield tapped.\n{T}: Add {W} or {B} to your mana pool.,"GTC,DGM,C13,C15","Enter to find wealth, security, and eternal life . . . for just a small price up front.",normal,366374,,,Common,Gate,Land
Sacred Foundry,,,"W,R",Sam Burley,245,Land — Mountain Plains,"({T}: Add {R} or {W} to your mana pool.)\nAs Sacred Foundry enters the battlefield, you may pay 2 life. If you don't, Sacred Foundry enters the battlefield tapped.","RAV,GTC,EXP",Burning fervor and fearsome skill create a lethal beauty terrible to behold.,normal,366439,,,Rare,"Mountain,Plains",Land
Simic Guildgate,,,"G,U",Svetlin Velinov,246,Land — Gate,Simic Guildgate enters the battlefield tapped.\n{T}: Add {G} or {U} to your mana pool.,"GTC,DGM,C13,C15",Enter and comprehend the perfection of orchestrated life.,normal,366383,,,Common,Gate,Land
Stomping Ground,,,"R,G",David Palumbo,247,Land — Mountain Forest,"({T}: Add {R} or {G} to your mana pool.)\nAs Stomping Ground enters the battlefield, you may pay 2 life. If you don't, Stomping Ground enters the battlefield tapped.","GPT,GTC,EXP","""Roots, ruins, and room to fight. All the comforts of home.""\n—Domri Rade",normal,366232,,,Rare,"Mountain,Forest",Land
Thespian's Stage,,,,John Avon,248,Land,"{T}: Add {C} to your mana pool.\n{2}, {T}: Thespian's Stage becomes a copy of target land and gains this ability.",GTC,"Amid rumors of war, the third act of The Absolution of the Guildpact was quickly rewritten as a tragedy.",normal,366353,,,Rare,,Land
Watery Grave,,,"U,B",Raymond Swanland,249,Land — Island Swamp,"({T}: Add {U} or {B} to your mana pool.)\nAs Watery Grave enters the battlefield, you may pay 2 life. If you don't, Watery Grave enters the battlefield tapped.","RAV,GTC,EXP","""I fear that as we scurry after phantoms, the Dimir pull nine puppet strings.""\n—Ral Zarek",normal,366335,,,Rare,"Island,Swamp",Land
