name,manaCost,cmc,colorIdentity,artist,number,type,text,printings,flavor,layout,multiverseid,power,toughness,rarity,subtypes,types
Abbey Gargoyles,{2}{W}{W}{W},5,W,Christopher Rush,,Creature — Gargoyle,"Flying, protection from red","HML,5ED,ME2","""Though Serra has not been seen for twenty years, her Gargoyles still watch over our city and punish the guilty.""\n—Gulsen, Abbey Matron",normal,3010,3,4,Uncommon,Gargoyle,Creature
Abbey Matron,{2}{W},3,W,Mike Kimble,,Creature — Human Cleric,"{W}, {T}: Abbey Matron gets +0/+3 until end of turn.",HML,"""The Matrons are kindly souls, but don't ask one for an ale.""\n—Halina, Dwarven Trader",normal,3011,1,3,Common,"Human,Cleric",Creature
Abbey Matron,{2}{W},3,W,Mike Kimble,,Creature — Human Cleric,"{W}, {T}: Abbey Matron gets +0/+3 until end of turn.",HML,"""The Matrons still say Serra is coming back. I bet she never even existed.""\n—Murat, Death Speaker",normal,3012,1,3,Common,"Human,Cleric",Creature
Æther Storm,{3}{U},4,U,Mark Tedin,,Enchantment,Creature spells can't be cast.\nPay 4 life: Destroy Æther Storm. It can't be regenerated. Any player may activate this ability.,"HML,5ED,ME2","""I do love the rain . . . but this storm feels somehow wrong, Taysir.""\n—Daria",normal,2935,,,Uncommon,,Enchantment
Aliban's Tower,{1}{R},2,R,Jeff A. Menges,,Instant,Target blocking creature gets +3/+1 until end of turn.,HML,"""The people of Aysen built their roads with stones from these wonders. Aliban would be pleased with their ingenuity.""\n—Baki, Wizard Attendant",normal,2985,,,Common,,Instant
Aliban's Tower,{1}{R},2,R,Jeff A. Menges,,Instant,Target blocking creature gets +3/+1 until end of turn.,HML,"""Those who hide in hollow towers would do well to remember the rain.""\n—Reyhan, Samite Alchemist",normal,2986,,,Common,,Instant
Ambush,{3}{R},4,R,Alan Rabinowitz,,Instant,Blocking creatures gain first strike until end of turn.,HML,"""Don't these goons have anything better to do?""\n—Joskun, An-Havva Constable",normal,2987,,,Common,,Instant
Ambush Party,{4}{R},5,R,Mark Poole,,Creature — Human Rogue,"First strike, haste","HML,5ED,ME2","""The roads to Koskun Keep are mostly safe these days. Mostly.""\n—Joskun, An-Havva Constable",normal,2988,3,1,Common,"Human,Rogue",Creature
Ambush Party,{4}{R},5,R,Mark Poole,,Creature — Human Rogue,"First strike, haste","HML,5ED,ME2","""Call it a cost of doing business. The best way to protect against thieves is to hire better thieves.""\n—Eron the Relentless",normal,2989,3,1,Common,"Human,Rogue",Creature
An-Havva Constable,{1}{G}{G},3,G,Dan Frazier,,Creature — Human,An-Havva Constable's toughness is equal to 1 plus the number of green creatures on the battlefield.,"HML,5ED","""Joskun and the other Constables serve with passion, if not with grace.""\n—Devin, Faerie Noble",normal,2960,2,1+*,Rare,Human,Creature
An-Havva Inn,{1}{G}{G},3,G,Brian Snõddy,,Sorcery,"You gain X plus 1 life, where X is the number of green creatures on the battlefield.",HML,"""The Inn was ever a steady source of good cheer and kindness. Greatly do I miss it, now that I am gone.""\n—Ihsan's Shade",normal,2961,,,Uncommon,,Sorcery
An-Havva Township,,,"G,R,W",Liz Danforth,,Land,"{T}: Add {C} to your mana pool.\n{1}, {T}: Add {G} to your mana pool.\n{2}, {T}: Add {R} or {W} to your mana pool.",HML,Folk of good heart will always find a home.,normal,3035,,,Uncommon,,Land
An-Zerrin Ruins,{2}{R}{R},4,R,Dennis Detwiller,,Enchantment,"As An-Zerrin Ruins enters the battlefield, choose a creature type.\nCreatures of the chosen type don't untap during their controllers' untap steps.","HML,ME2","""The An-Zerrins have served me well, ever since I first killed them.""\n—Baron Sengir",normal,2990,,,Rare,,Enchantment
Anaba Ancestor,{1}{R},2,R,Anson Maddocks,,Creature — Minotaur Spirit,{T}: Another target Minotaur creature gets +1/+1 until end of turn.,"HML,ME3","""The Ancestors are the wisdom of the tribe and the soul of the Homelands. I am eternally in their debt.""\n—Taysir",normal,2991,1,1,Rare,"Minotaur,Spirit",Creature
Anaba Bodyguard,{3}{R},4,R,Anson Maddocks,,Creature — Minotaur,First strike (This creature deals combat damage before creatures without first strike.),"HML,6ED,10E","""Not all Minotaurs are tribal. Some are freelance.""\n—Eron the Relentless",normal,2992,2,3,Common,Minotaur,Creature
Anaba Bodyguard,{3}{R},4,R,Anson Maddocks,,Creature — Minotaur,First strike (This creature deals combat damage before creatures without first strike.),"HML,6ED,10E","""Not someone to pick a fight with, unless you're fond of pain.""\n—Halina, Dwarven Trader",normal,2993,2,3,Common,Minotaur,Creature
Anaba Shaman,{3}{R},4,R,Anson Maddocks,,Creature — Minotaur Shaman,"{R}, {T}: Anaba Shaman deals 1 damage to target creature or player.","HML,6ED,8ED,9ED","""Few master the powers of the earth as well as do the Shamans of the Minotaurs.""\n—Baki, Wizard Attendant",normal,2994,2,2,Common,"Minotaur,Shaman",Creature
Anaba Shaman,{3}{R},4,R,Anson Maddocks,,Creature — Minotaur Shaman,"{R}, {T}: Anaba Shaman deals 1 damage to target creature or player.","HML,6ED,8ED,9ED","""The Shamans? Ha They are mere craven cows not capable of true magic.""\n—Irini Sengir",normal,2995,2,2,Common,"Minotaur,Shaman",Creature
Anaba Spirit Crafter,{2}{R}{R},4,R,Anson Maddocks,,Creature — Minotaur Shaman,Minotaur creatures get +1/+0.,"HML,ME3","""The Spirit Crafters sing of all our people. They sing of those lost, of those found, and of those who are yet to be.""\n—Onatah, Anaba Shaman",normal,2996,1,3,Rare,"Minotaur,Shaman",Creature
Apocalypse Chime,{2},2,,Mark Poole,,Artifact,"{2}, {T}, Sacrifice Apocalypse Chime: Destroy all nontoken permanents originally printed in the Homelands expansion. They can't be regenerated.",HML,"""One day, or another, perhaps I shall ring my pretty chime . . . loudly, so that all may hear.""\n—Grandmother Sengir",normal,2900,,,Rare,,Artifact
Autumn Willow,{4}{G}{G},6,G,Margaret Organ-Kean,,Legendary Creature — Avatar,"Shroud (This creature can't be the target of spells or abilities.)\n{G}: Until end of turn, Autumn Willow can be the target of spells and abilities controlled by target player as though it didn't have shroud.","HML,MED","""We must shake her limbs and rattle her brains.""\n—Grandmother Sengir",normal,2962,4,4,Rare,Avatar,Creature
Aysen Abbey,,,"W,G,U",Liz Danforth,,Land,"{T}: Add {C} to your mana pool.\n{1}, {T}: Add {W} to your mana pool.\n{2}, {T}: Add {G} or {U} to your mana pool.",HML,Serra's gift to her people: a symbol of faith and hope.,normal,3036,,,Uncommon,,Land
Aysen Bureaucrats,{1}{W},2,W,Alan Rabinowitz,,Creature — Human Advisor,{T}: Tap target creature with power 2 or less.,"HML,5ED,ME2","""I would say that our Bureaucrats are no better than vipers—but I shouldn't insult the vipers.""\n—Murat, Death Speaker",normal,3013,1,1,Common,"Human,Advisor",Creature
Aysen Bureaucrats,{1}{W},2,W,Alan Rabinowitz,,Creature — Human Advisor,{T}: Tap target creature with power 2 or less.,"HML,5ED,ME2","""All the tortures of my vault of horrors pale in comparison to dealing with those petty Bureaucrats.""\n—Baron Sengir",normal,3014,1,1,Common,"Human,Advisor",Creature
Aysen Crusader,{2}{W}{W},4,W,NéNé Thomas,,Creature — Human Knight,Aysen Crusader's power and toughness are each equal to 2 plus the number of Soldiers and Warriors you control.,"HML,ME2","""A renegade rallying the rabble does not a true Crusader make.""\n—Irini Sengir",normal,3015,2+*,2+*,Rare,"Human,Knight",Creature
Aysen Highway,{3}{W}{W}{W},6,W,NéNé Thomas,,Enchantment,White creatures have plainswalk. (They can't be blocked as long as defending player controls a Plains.),HML,"""Tread the roads of righteousness, Murat, lest you lose your way and be consumed.""\n—Baris, Serra Inquisitor",normal,3016,,,Rare,,Enchantment
Baki's Curse,{2}{U}{U},4,U,Nicola Leonard,,Sorcery,Baki's Curse deals 2 damage to each creature for each Aura attached to that creature.,HML,"""Those who fling spells too quickly should have reason to regret it.""\n—Baki, Wizard Attendant",normal,2936,,,Rare,,Sorcery
Baron Sengir,{5}{B}{B}{B},8,B,Pete Venters,,Legendary Creature — Vampire,"Flying\nWhenever a creature dealt damage by Baron Sengir this turn dies, put a +2/+2 counter on Baron Sengir.\n{T}: Regenerate another target Vampire.","HML,MED","""Beast. Defiler. The source of all my pain."" —Ihsan's Shade",normal,2910,5,5,Rare,Vampire,Creature
Beast Walkers,{1}{W}{W},3,"W,G",Heather Hudson,,Creature — Human Beast Soldier,"{G}: Beast Walkers gains banding until end of turn. (Any creatures with banding, and up to one without, can attack in a band. Bands are blocked as a group. If any creatures with banding you control are blocking or being blocked by a creature, you divide that creature's combat damage, not its controller, among any of the creatures it's being blocked by or is blocking.)",HML,"""The Beast Walkers do a great service to Aysen. As humans or as beasts, their heart is yet to Serra true.""\n—Baris, Serra Inquisitor",normal,3017,2,2,Rare,"Human,Beast,Soldier",Creature
Black Carriage,{3}{B}{B},5,B,David A. Cherry,,Creature — Horse,Trample\nBlack Carriage doesn't untap during your untap step.\nSacrifice a creature: Untap Black Carriage. Activate this ability only during your upkeep.,HML,"""The Baron's drivers are also driven.""\n—Chandler",normal,2911,4,4,Rare,Horse,Creature
Broken Visage,{4}{B},5,B,Mike Kimble,,Instant,Destroy target nonartifact attacking creature. It can't be regenerated. Put a black Spirit creature token with that creature's power and toughness onto the battlefield. Sacrifice the token at the beginning of the next end step.,"HML,5ED,ME2",,normal,2912,,,Rare,,Instant
Carapace,{G},1,G,Anson Maddocks,,Enchantment — Aura,Enchant creature\nEnchanted creature gets +0/+2.\nSacrifice Carapace: Regenerate enchanted creature.,"HML,5ED,ME2","""The tougher to crack, the sweeter the snack.""\n—Kakra, Sea Troll",normal,2963,,,Common,Aura,Enchantment
Carapace,{G},1,G,Anson Maddocks,,Enchantment — Aura,Enchant creature\nEnchanted creature gets +0/+2.\nSacrifice Carapace: Regenerate enchanted creature.,"HML,5ED,ME2","""Now, that's a fashion statement.""\n—Devin, Faerie Noble",normal,2964,,,Common,Aura,Enchantment
Castle Sengir,,,"B,U,R",Pete Venters,,Land,"{T}: Add {C} to your mana pool.\n{1}, {T}: Add {B} to your mana pool.\n{2}, {T}: Add {U} or {R} to your mana pool.",HML,"Where hope has no champion, evil rules all.",normal,3037,,,Uncommon,,Land
Cemetery Gate,{2}{B},3,B,Melissa A. Benson,,Creature — Wall,Defender (This creature can't attack.)\nProtection from black,HML,"""It keeps some out, yes. It also keeps others in""\n—Grandmother Sengir",normal,2913,0,5,Common,Wall,Creature
Cemetery Gate,{2}{B},3,B,Melissa A. Benson,,Creature — Wall,Defender (This creature can't attack.)\nProtection from black,HML,"""Just the place for a picnic.""\n—Murat, Death Speaker",normal,2914,0,5,Common,Wall,Creature
Chain Stasis,{U},1,U,Pat Morrissey,,Instant,"You may tap or untap target creature. Then that creature's controller may pay {2}{U}. If the player does, he or she may copy this spell and may choose a new target for that copy.",HML,"""Here we go again.""\n—Kakra, Sea Troll",normal,2937,,,Rare,,Instant
Chandler,{4}{R},5,R,Douglas Shuler,,Legendary Creature — Human Rogue,"{R}{R}{R}, {T}: Destroy target artifact creature.",HML,"""Never brag about the latest wonder you've created, students. Chandler might be listening.""\n—Reveka, Wizard Savant",normal,2997,3,3,Common,"Human,Rogue",Creature
Clockwork Gnomes,{4},4,,Douglas Shuler,,Artifact Creature — Gnome,"{3}, {T}: Regenerate target artifact creature.","HML,ME4","""Until I came to the Floating Isle, I never had to oil the servants.""\n—Baki, Wizard Attendant",normal,2901,2,2,Common,Gnome,"Artifact,Creature"
Clockwork Steed,{4},4,,Amy Weber,,Artifact Creature — Horse,"Clockwork Steed enters the battlefield with four +1/+0 counters on it.\nClockwork Steed can't be blocked by artifact creatures.\nAt end of combat, if Clockwork Steed attacked or blocked this combat, remove a +1/+0 counter from it.\n{X}, {T}: Put up to X +1/+0 counters on Clockwork Steed. This ability can't cause the total number of +1/+0 counters on Clockwork Steed to be greater than four. Activate this ability only during your upkeep.","HML,5ED,ME2",,normal,2902,0,3,Common,Horse,"Artifact,Creature"
Clockwork Swarm,{4},4,,Amy Weber,,Artifact Creature — Insect,"Clockwork Swarm enters the battlefield with four +1/+0 counters on it.\nClockwork Swarm can't be blocked by Walls.\nAt end of combat, if Clockwork Swarm attacked or blocked this combat, remove a +1/+0 counter from it.\n{X}, {T}: Put up to X +1/+0 counters on Clockwork Swarm. This ability can't cause the total number of +1/+0 counters on Clockwork Swarm to be greater than four. Activate this ability only during your upkeep.","HML,ME4",,normal,2903,0,3,Common,Insect,"Artifact,Creature"
Coral Reef,{U}{U},2,U,Amy Weber,,Enchantment,"Coral Reef enters the battlefield with four polyp counters on it.\nSacrifice an Island: Put two polyp counters on Coral Reef.\n{U}, Tap an untapped blue creature you control, Remove a polyp counter from Coral Reef: Put a +0/+1 counter on target creature.",HML,,normal,2938,,,Common,,Enchantment
Dark Maze,{4}{U},5,U,Rob Alexander,,Creature — Wall,Defender (This creature can't attack.)\n{0}: Dark Maze can attack this turn as though it didn't have defender.  Exile it at the beginning of the next end step.,"HML,5ED","""Stray not into the path of darkness, or be lost forever.""\n—Baki, Wizard Attendant",normal,2939,4,5,Common,Wall,Creature
Dark Maze,{4}{U},5,U,Rob Alexander,,Creature — Wall,Defender (This creature can't attack.)\n{0}: Dark Maze can attack this turn as though it didn't have defender.  Exile it at the beginning of the next end step.,"HML,5ED","""The path of faith is fortunately fraught with failure.""\n—Irini Sengir",normal,2940,4,5,Common,Wall,Creature
Daughter of Autumn,{2}{G}{G},4,"G,W",Margaret Organ-Kean,,Legendary Creature — Avatar,{W}: The next 1 damage that would be dealt to target white creature this turn is dealt to Daughter of Autumn instead.,HML,"""Those who say that Serra is dead have never met the Autumn Willow's daughters. They are as kind and as generous as Serra would wish us to be.""\n—Gulsen, Abbey Matron",normal,2965,2,4,Rare,Avatar,Creature
Death Speakers,{W},1,W,Douglas Shuler,,Creature — Human Cleric,Protection from black,"HML,5ED,MED","""Such innocent little birds. They sing a sweet song, sitting on their fragile branch.""\n—Grandmother Sengir",normal,3018,1,1,Uncommon,"Human,Cleric",Creature
Didgeridoo,{1},1,,Melissa A. Benson,,Artifact,{3}: You may put a Minotaur permanent card from your hand onto the battlefield.,"HML,ME3","""Play the song of he who delivered us. Play the song of Feroz.""\n—Onatah, Anaba Shaman",normal,2904,,,Rare,,Artifact
Drudge Spell,{B}{B},2,B,NéNé Thomas,,Enchantment,"{B}, Exile two creature cards from your graveyard: Put a 1/1 black Skeleton creature token onto the battlefield. It has ""{B}: Regenerate this creature.""\nWhen Drudge Spell leaves the battlefield, destroy all Skeleton tokens. They can't be regenerated.",HML,,normal,2915,,,Uncommon,,Enchantment
Dry Spell,{1}{B},2,B,Brian Snõddy,,Sorcery,Dry Spell deals 1 damage to each creature and each player.,"HML,POR,6ED,ME2","""Wherever water is lacking, all things suffer.""\n—Autumn Willow",normal,2916,,,Common,,Sorcery
Dry Spell,{1}{B},2,B,Brian Snõddy,,Sorcery,Dry Spell deals 1 damage to each creature and each player.,"HML,POR,6ED,ME2","""My soul thirsts for Serra's salvation, as does my body for life's breath.""\n—Ihsan's Shade",normal,2917,,,Common,,Sorcery
Dwarven Pony,{R},1,R,Margaret Organ-Kean,,Creature — Horse,"{1}{R}, {T}: Target Dwarf creature gains mountainwalk until end of turn. (It can't be blocked as long as defending player controls a Mountain.)",HML,"""I hear Halina's got a pony that can count to six—and likes to eat meat.""\n—Chandler",normal,2998,1,1,Rare,Horse,Creature
Dwarven Sea Clan,{2}{R},3,R,Amy Weber,,Creature — Dwarf,{T}: Choose target attacking or blocking creature whose controller controls an Island. Dwarven Sea Clan deals 2 damage to that creature at end of combat. Activate this ability only before the end of combat step.,HML,"""No dwarf alive can best one of my crew dead.""\n—Zeki, Reef Pirate",normal,2999,1,1,Rare,Dwarf,Creature
Dwarven Trader,{R},1,R,Margaret Organ-Kean,,Creature — Dwarf,,HML,"""Their definition of ‘fair profit' is certainly novel.""\n—Reveka, Wizard Savant",normal,3000,1,1,Common,Dwarf,Creature
Dwarven Trader,{R},1,R,Margaret Organ-Kean,,Creature — Dwarf,,HML,"""They wouldn't sell their own families—at least, not for cheap.""\n—Zeki, Reef Pirate",normal,3001,1,1,Common,Dwarf,Creature
Ebony Rhino,{7},7,,Amy Weber,,Artifact Creature — Rhino,Trample,"HML,ME4","""That Rhino would fetch us a tidy sum, Joven. Perhaps it's time to make it ours.""\n—Chandler",normal,2905,4,5,Common,Rhino,"Artifact,Creature"
Eron the Relentless,{3}{R}{R},5,R,Christopher Rush,,Legendary Creature — Human Rogue,Haste\n{R}{R}{R}: Regenerate Eron the Relentless.,"HML,TSB","""Eron would be much less of a hassle if only he were mortal.""\n—Reyhan, Samite Alchemist",normal,3002,5,2,Uncommon,"Human,Rogue",Creature
Evaporate,{2}{R},3,R,Alan Rabinowitz,,Sorcery,Evaporate deals 1 damage to each white and/or blue creature.,HML,"""The body is a temple with a foundation of sand.""\n—Autumn Willow",normal,3003,,,Uncommon,,Sorcery
Faerie Noble,{2}{G},3,G,Susan Van Camp,,Creature — Faerie,Flying\nOther Faerie creatures you control get +0/+1.\n{T}: Other Faerie creatures you control get +1/+0 until end of turn.,"HML,ME3","""Faeries talk all in riddles and tricky bits, ‘cept the Nobles. Now, there's some straight talkers.""\n—Joskun, An-Havva Constable",normal,2966,1,2,Rare,Faerie,Creature
Feast of the Unicorn,{3}{B},4,B,Dennis Detwiller,,Enchantment — Aura,Enchant creature\nEnchanted creature gets +4/+0.,"HML,ATH,6ED","""Some delicacies are not to be savored, save by the callous.""\n—Baron Sengir",normal,2918,,,Common,Aura,Enchantment
Feast of the Unicorn,{3}{B},4,B,Dennis Detwiller,,Enchantment — Aura,Enchant creature\nEnchanted creature gets +4/+0.,"HML,ATH,6ED","""Could there be a fouler act? No doubt the Baron knows of one.""\n—Autumn Willow",normal,2919,,,Common,Aura,Enchantment
Feroz's Ban,{6},6,,Heather Hudson,,Artifact,Creature spells cost {2} more to cast.,"HML,5ED,7ED","""Without the protection of Feroz's Ban, I fear the Homelands are lost.""\n—Daria",normal,2906,,,Rare,,Artifact
Folk of An-Havva,{G},1,G,Julie Baroh,,Creature — Human,"Whenever Folk of An-Havva blocks, it gets +2/+0 until end of turn.",HML,"""There are those who accept being told what to do, what to think, and what to say. Then there are the Folk of An-Havva.""\n—Reyhan, Samite Alchemist",normal,2967,1,1,Common,Human,Creature
Folk of An-Havva,{G},1,G,Julie Baroh,,Creature — Human,"Whenever Folk of An-Havva blocks, it gets +2/+0 until end of turn.",HML,"""This town's only for good folk. The rest can go to the city.""\n—Joskun, An-Havva Constable",normal,2968,1,1,Common,Human,Creature
Forget,{U}{U},2,U,Mike Kimble,,Sorcery,"Target player discards two cards, then draws as many cards as he or she discarded this way.","HML,5ED,6ED",,normal,2941,,,Rare,,Sorcery
Funeral March,{1}{B}{B},3,B,Melissa A. Benson,,Enchantment — Aura,"Enchant creature\nWhen enchanted creature leaves the battlefield, its controller sacrifices a creature.","HML,5ED,ME2","""This party is such fun—but it's a shame to mourn just one.""\n—Irini Sengir",normal,2920,,,Common,Aura,Enchantment
Ghost Hounds,{1}{B},2,B,Jeff A. Menges,,Creature — Hound Spirit,"Vigilance\nWhenever Ghost Hounds blocks or becomes blocked by a white creature, Ghost Hounds gains first strike until end of turn.",HML,,normal,2921,1,1,Uncommon,"Hound,Spirit",Creature
Giant Albatross,{1}{U},2,U,David A. Cherry,,Creature — Bird,"Flying\nWhen Giant Albatross dies, you may pay {1}{U}. If you do, for each creature that dealt damage to Giant Albatross this turn, destroy that creature unless its controller pays 2 life. A creature destroyed this way can't be regenerated.",HML,,normal,2942,1,1,Common,Bird,Creature
Giant Albatross,{1}{U},2,U,David A. Cherry,,Creature — Bird,"Flying\nWhen Giant Albatross dies, you may pay {1}{U}. If you do, for each creature that dealt damage to Giant Albatross this turn, destroy that creature unless its controller pays 2 life. A creature destroyed this way can't be regenerated.",HML,,normal,2943,1,1,Common,Bird,Creature
Giant Oyster,{2}{U}{U},4,U,Nicola Leonard,,Creature — Oyster,"You may choose not to untap Giant Oyster during your untap step.\n{T}: For as long as Giant Oyster remains tapped, target tapped creature doesn't untap during its controller's untap step, and at the beginning of each of your draw steps, put a -1/-1 counter on that creature. When Giant Oyster leaves the battlefield or becomes untapped, remove all -1/-1 counters from the creature.","HML,TSB",,normal,2944,0,3,Uncommon,Oyster,Creature
Grandmother Sengir,{4}{B},5,B,Pete Venters,,Legendary Creature — Human Wizard,"{1}{B}, {T}: Target creature gets -1/-1 until end of turn.","HML,ME2","""Rarely have power and madness been so delightfully wed as they have in our dear Grandmother.""\n—Baron Sengir",normal,2922,3,3,Rare,"Human,Wizard",Creature
Greater Werewolf,{4}{B},5,B,Dennis Detwiller,,Creature — Werewolf,"At end of combat, put a -0/-2 counter on each creature blocking or blocked by Greater Werewolf.","HML,5ED","""The wolf-things are no mere beasts, but the lieutenants of the Baron.""\n—Taysir",normal,2923,2,4,Common,Werewolf,Creature
Hazduhr the Abbot,{3}{W}{W},5,W,Dan Frazier,,Legendary Creature — Human Cleric,"{X}, {T}: The next X damage that would be dealt this turn to target white creature you control is dealt to Hazduhr the Abbot instead.",HML,"""Soon, Serra will return and choose the Abbot's successor, else we are lost.""\n—Gulsen, Abbey Matron",normal,3019,2,5,Rare,"Human,Cleric",Creature
Headstone,{1}{B},2,B,David A. Cherry,,Instant,Exile target card from a graveyard.\nDraw a card at the beginning of the next turn's upkeep.,HML,"""Your headstone is the last page in the book of your life.""\n—Murat, Death Speaker",normal,2924,,,Common,,Instant
Heart Wolf,{3}{R},4,R,Margaret Organ-Kean,,Creature — Wolf,"First strike\n{T}: Target Dwarf creature gets +2/+0 and gains first strike until end of turn. When that creature leaves the battlefield this turn, sacrifice Heart Wolf. Activate this ability only during combat.",HML,,normal,3004,2,2,Rare,Wolf,Creature
Hungry Mist,{2}{G}{G},4,G,Heather Hudson,,Creature — Elemental,"At the beginning of your upkeep, sacrifice Hungry Mist unless you pay {G}{G}.","HML,5ED,MED","""All things must eat, after all. Even the air can hunger.""\n—Gemma, Willow Priestess",normal,2969,6,2,Common,Elemental,Creature
Hungry Mist,{2}{G}{G},4,G,Heather Hudson,,Creature — Elemental,"At the beginning of your upkeep, sacrifice Hungry Mist unless you pay {G}{G}.","HML,5ED,MED","""If the air must feed, let it take the self-righteous.""\n—Murat, Death Speaker",normal,2970,6,2,Common,Elemental,Creature
Ihsan's Shade,{3}{B}{B}{B},6,B,Christopher Rush,,Legendary Creature — Shade Knight,Protection from white,"HML,ATH,ME2","""Ihsan, the weak. Ihsan, the fallen. Ihsan, the betrayer. He has brought shame to the Serra Paladins where none existed before. May his suffering equal his betrayal.""\n—Baris, Serra Inquisitor",normal,2925,5,5,Uncommon,"Shade,Knight",Creature
Irini Sengir,{2}{B}{B},4,B,Pete Venters,,Legendary Creature — Vampire Dwarf,Green enchantment spells and white enchantment spells cost {2} more to cast.,HML,"""That cruel being brings shame to all her fellow Dwarves and misery to all the land. She is Sengir's daughter in spirit if not in blood.""\n—Reveka, Wizard Savant",normal,2926,2,2,Uncommon,"Vampire,Dwarf",Creature
Ironclaw Curse,{R},1,R,Dennis Detwiller,,Enchantment — Aura,Enchant creature\nEnchanted creature gets -0/-1.\nEnchanted creature can't block creatures with power equal to or greater than the enchanted creature's toughness.,"HML,5ED",,normal,3005,,,Rare,Aura,Enchantment
Jinx,{1}{U},2,U,Mike Kimble,,Instant,Target land becomes the basic land type of your choice until end of turn.\nDraw a card at the beginning of the next turn's upkeep.,HML,"""What wizards upset, the land soon rights.""\n—Gemma, Willow Priestess",normal,2945,,,Common,,Instant
Joven,{3}{R}{R},5,R,Douglas Shuler,,Legendary Creature — Human Rogue,"{R}{R}{R}, {T}: Destroy target noncreature artifact.",HML,"""Joven, you're almost as good a thief as I. But Eron hates you even more.""\n—Chandler",normal,3006,3,3,Common,"Human,Rogue",Creature
Joven's Ferrets,{G},1,G,Amy Weber,,Creature — Ferret,"Whenever Joven's Ferrets attacks, it gets +0/+2 until end of turn.\nAt end of combat, tap all creatures that blocked Joven's Ferrets this turn. They don't untap during their controller's next untap step.","HML,ME2",,normal,2971,1,1,Common,Ferret,Creature
Joven's Tools,{6},6,,Nicola Leonard,,Artifact,"{4}, {T}: Target creature can't be blocked this turn except by Walls.","HML,5ED","""If that thief Joven ever shows his head around here again, make sure he leaves without it.""\n—Eron the Relentless",normal,2907,,,Uncommon,,Artifact
Koskun Falls,{2}{B}{B},4,B,Rob Alexander,,World Enchantment,"At the beginning of your upkeep, sacrifice Koskun Falls unless you tap an untapped creature you control.\nCreatures can't attack you unless their controller pays {2} for each creature he or she controls that's attacking you.",HML,,normal,2927,,,Rare,,Enchantment
Koskun Keep,,,"R,B,G",Pat Morrissey,,Land,"{T}: Add {C} to your mana pool.\n{1}, {T}: Add {R} to your mana pool.\n{2}, {T}: Add {B} or {G} to your mana pool.",HML,Treachery and anarchy make poor partners.,normal,3038,,,Uncommon,,Land
Labyrinth Minotaur,{3}{U},4,U,Anson Maddocks,,Creature — Minotaur,"Whenever Labyrinth Minotaur blocks a creature, that creature doesn't untap during its controller's next untap step.","HML,5ED,ME3","""Legend says they got a treasure cave, but it don't say where to find it.""\n—Zeki, Reef Pirate",normal,2946,1,4,Common,Minotaur,Creature
Labyrinth Minotaur,{3}{U},4,U,Anson Maddocks,,Creature — Minotaur,"Whenever Labyrinth Minotaur blocks a creature, that creature doesn't untap during its controller's next untap step.","HML,5ED,ME3","""I doubt any Labyrinth Minotaurs still live—but then again, we Minotaurs are stubborn beings.""\n—Onatah, Anaba Shaman",normal,2947,1,4,Common,Minotaur,Creature
Leaping Lizard,{1}{G}{G},3,G,Amy Weber,,Creature — Lizard,{1}{G}: Leaping Lizard gets -0/-1 and gains flying until end of turn.,"HML,ME2","""I never question the Autumn Willow about her motives, not even when she turns people into Lizards. It's her way.""\n—Devin, Faerie Noble",normal,2972,2,3,Common,Lizard,Creature
Leeches,{1}{W}{W},3,W,Alan Rabinowitz,,Sorcery,Target player loses all poison counters. Leeches deals that much damage to that player.,"HML,ME4","""Where our potions and powders fail, perhaps nature will succeed.""\n—Reyhan, Samite Alchemist",normal,3020,,,Rare,,Sorcery
Mammoth Harness,{3}{G},4,G,Melissa A. Benson,,Enchantment — Aura,"Enchant creature\nEnchanted creature loses flying.\nWhenever enchanted creature blocks or becomes blocked by a creature, the other creature gains first strike until end of turn.",HML,,normal,2973,,,Rare,Aura,Enchantment
Marjhan,{5}{U}{U},7,U,Daniel Gelon,,Creature — Serpent,"Marjhan doesn't untap during your untap step.\n{U}{U}, Sacrifice a creature: Untap Marjhan. Activate this ability only during your upkeep.\nMarjhan can't attack unless defending player controls an Island.\n{U}{U}: Marjhan gets -1/-0 until end of turn and deals 1 damage to target attacking creature without flying.\nWhen you control no Islands, sacrifice Marjhan.","HML,ME2",,normal,2948,8,8,Rare,Serpent,Creature
Memory Lapse,{1}{U},2,U,Mark Tedin,,Instant,"Counter target spell. If that spell is countered this way, put it on top of its owner's library instead of into that player's graveyard.","HML,MIR,5ED,pJGP,6ED,7ED,DDM,EMA","""Um . . . oh . . . what was I saying?""\n—Reveka, Wizard Savant",normal,2949,,,Common,,Instant
Memory Lapse,{1}{U},2,U,Mark Tedin,,Instant,"Counter target spell. If that spell is countered this way, put it on top of its owner's library instead of into that player's graveyard.","HML,MIR,5ED,pJGP,6ED,7ED,DDM,EMA","""Oh, I had a conscience once. But alas, I seem to have forgotten where I put it.""\n—Chandler",normal,2950,,,Common,,Instant
Merchant Scroll,{1}{U},2,U,Liz Danforth,,Sorcery,"Search your library for a blue instant card, reveal that card, and put it into your hand. Then shuffle your library.","HML,8ED","""There's no trade without trust.""\n—Eron, the Relentless",normal,2951,,,Common,,Sorcery
Mesa Falcon,{1}{W},2,W,Mark Poole,,Creature — Bird,Flying\n{1}{W}: Mesa Falcon gets +0/+1 until end of turn.,"HML,5ED,6ED","""Pretty Falcon, friend to Soraya. Will you send her my greetings?""\n—Gemma, Willow Priestess",normal,3021,1,1,Common,Bird,Creature
Mesa Falcon,{1}{W},2,W,Mark Poole,,Creature — Bird,Flying\n{1}{W}: Mesa Falcon gets +0/+1 until end of turn.,"HML,5ED,6ED","""The faith of Serra is borne on wings of hope.""\n—Gulsen, Abbey Matron",normal,3022,1,1,Common,Bird,Creature
Mystic Decree,{2}{U}{U},4,U,Liz Danforth,,World Enchantment,All creatures lose flying and islandwalk.,"HML,ME4","""Curse Reveka, and curse her coddled conjurers. Their sorcerers' school shall yet be ours.""\n—Irini Sengir",normal,2952,,,Rare,,Enchantment
Narwhal,{2}{U}{U},4,U,David A. Cherry,,Creature — Whale,"First strike, protection from red","HML,ME2","""Who needs a spear? Ya break off the horn, and ya stab the fish with it. Easy!""\n—Kakra, Sea Troll",normal,2953,2,2,Rare,Whale,Creature
Orcish Mine,{1}{R}{R},3,R,Kaja Foglio,,Enchantment — Aura,"Enchant land\nOrcish Mine enters the battlefield with three ore counters on it.\nAt the beginning of your upkeep or whenever enchanted land becomes tapped, remove an ore counter from Orcish Mine.\nWhen the last ore counter is removed from Orcish Mine, destroy enchanted land and Orcish Mine deals 2 damage to that land's controller.",HML,,normal,3007,,,Uncommon,Aura,Enchantment
Primal Order,{2}{G}{G},4,G,Rob Alexander,,Enchantment,"At the beginning of each player's upkeep, Primal Order deals damage to that player equal to the number of nonbasic lands he or she controls.","HML,5ED,MED","""It's strange, but I can feel it when the land is corrupted. I understand why the Autumn Willow is so protective.""\n—Daria",normal,2974,,,Rare,,Enchantment
Prophecy,{W},1,W,Christopher Rush,,Sorcery,"Reveal the top card of target opponent's library. If it's a land, you gain 1 life. Then that player shuffles his or her library.\nDraw a card at the beginning of the next turn's upkeep.",HML,,normal,3023,,,Common,,Sorcery
Rashka the Slayer,{3}{W}{W},5,W,Christopher Rush,,Legendary Creature — Human Archer,"Reach (This creature can block creatures with flying.)\nWhenever Rashka the Slayer blocks one or more black creatures, Rashka gets +1/+2 until end of turn.",HML,"""Rarely be the prey so haughty as to hunt the hunter.""\n—Baron Sengir",normal,3024,3,3,Uncommon,"Human,Archer",Creature
Reef Pirates,{1}{U}{U},3,U,Tom Wänerstrand,,Creature — Zombie Pirate,"Whenever Reef Pirates deals damage to an opponent, that player puts the top card of his or her library into his or her graveyard.","HML,5ED","""Zeki sails with a dead crew not out of villainy, but pragmatism.""\n—Baron Sengir",normal,2954,2,2,Common,"Zombie,Pirate",Creature
Reef Pirates,{1}{U}{U},3,U,Tom Wänerstrand,,Creature — Zombie Pirate,"Whenever Reef Pirates deals damage to an opponent, that player puts the top card of his or her library into his or her graveyard.","HML,5ED","""Corpses for crew don't sit well with me. Zeki and his dead ship had best keep their distance.""\n—Joskun, An-Havva Constable",normal,2955,2,2,Common,"Zombie,Pirate",Creature
Renewal,{2}{G},3,G,Kaja Foglio,,Sorcery,"As an additional cost to cast Renewal, sacrifice a land.\nSearch your library for a basic land card and put that card onto the battlefield. Then shuffle your library.\nDraw a card at the beginning of the next turn's upkeep.",HML,,normal,2975,,,Common,,Sorcery
Retribution,{2}{R}{R},4,R,Mark Tedin,,Sorcery,Choose two target creatures an opponent controls. That player chooses and sacrifices one of those creatures. Put a -1/-1 counter on the other.,"HML,ME2",,normal,3008,,,Uncommon,,Sorcery
"Reveka, Wizard Savant",{2}{U}{U},4,U,Susan Van Camp,,Legendary Creature — Dwarf Wizard,"{T}: Reveka, Wizard Savant deals 2 damage to target creature or player and doesn't untap during your next untap step.","HML,ME3","""It's nice to see a sister Dwarf in a position of such power, but why'd it have to be one of those seafaring muleheads?""\n—Halina, Dwarven Trader",normal,2956,0,1,Rare,"Dwarf,Wizard",Creature
Root Spider,{3}{G},4,G,Mike Kimble,,Creature — Spider,"Whenever Root Spider blocks, it gets +1/+0 and gains first strike until end of turn.",HML,"""They're not half as fierce if they don't see you coming.""\n—Devin, Faerie Noble",normal,2976,2,2,Uncommon,Spider,Creature
Roots,{3}{G},4,G,Nicola Leonard,,Enchantment — Aura,"Enchant creature without flying\nWhen Roots enters the battlefield, tap enchanted creature.\nEnchanted creature doesn't untap during its controller's untap step.","HML,MED,EMA","""That which nourishes can also bind.""\n—Gemma, Willow Priestess",normal,2977,,,Uncommon,Aura,Enchantment
Roterothopter,{1},1,,Amy Weber,,Artifact Creature — Thopter,Flying\n{2}: Roterothopter gets +1/+0 until end of turn. Activate this ability no more than twice each turn.,"HML,ME2","""The Roterothopter is as insidious as it is ingenious. It is one of the few creations of our school that I take no pride in."" —Baki, Wizard Attendant",normal,2908,0,2,Common,Thopter,"Artifact,Creature"
Rysorian Badger,{2}{G},3,G,Heather Hudson,,Creature — Badger,"Whenever Rysorian Badger attacks and isn't blocked, you may exile up to two target creature cards from defending player's graveyard. If you do, you gain 1 life for each card exiled this way and Rysorian Badger assigns no combat damage this turn.",HML,,normal,2978,2,2,Rare,Badger,Creature
Samite Alchemist,{3}{W},4,W,Tom Wänerstrand,,Creature — Human Cleric,"{W}{W}, {T}: Prevent the next 4 damage that would be dealt this turn to target creature you control. Tap that creature. It doesn't untap during your next untap step.",HML,"""Powders and potions are nothing compared to faith.""\n—Baris, Serra Inquisitor",normal,3025,0,2,Common,"Human,Cleric",Creature
Samite Alchemist,{3}{W},4,W,Tom Wänerstrand,,Creature — Human Cleric,"{W}{W}, {T}: Prevent the next 4 damage that would be dealt this turn to target creature you control. Tap that creature. It doesn't untap during your next untap step.",HML,"""The wisest of Aysen dwell not in the Abbey, but in the laboratory.""\n—Taysir",normal,3026,0,2,Common,"Human,Cleric",Creature
Sea Sprite,{1}{U},2,U,Susan Van Camp,,Creature — Faerie,"Flying, protection from red","HML,5ED,MED","""No one can catch what won't be caught.""\n—Kakra, Sea Troll",normal,2957,1,1,Uncommon,Faerie,Creature
Sea Troll,{2}{U},3,U,Daniel Gelon,,Creature — Troll,{U}: Regenerate Sea Troll. Activate this ability only if Sea Troll blocked or was blocked by a blue creature this turn.,HML,"""I've seen those Trolls devour a drowning sailor faster than his lungs could fill with water.""\n—Zeki, Reef Pirate",normal,2958,2,1,Uncommon,Troll,Creature
Sengir Autocrat,{3}{B},4,B,David A. Cherry,,Creature — Human,"When Sengir Autocrat enters the battlefield, put three 0/1 black Serf creature tokens onto the battlefield.\nWhen Sengir Autocrat leaves the battlefield, exile all Serf tokens.","HML,5ED,6ED,TSB,EMA","""A thankless job, and a death sentence besides.""\n—Eron the Relentless",normal,2928,2,2,Uncommon,Human,Creature
Sengir Bats,{1}{B}{B},3,B,Dan Frazier,,Creature — Bat,"Flying\nWhenever a creature dealt damage by Sengir Bats this turn dies, put a +1/+1 counter on Sengir Bats.",HML,"""In the face of every one I see the Baron.""\n—Daria",normal,2929,1,2,Common,Bat,Creature
Sengir Bats,{1}{B}{B},3,B,Dan Frazier,,Creature — Bat,"Flying\nWhenever a creature dealt damage by Sengir Bats this turn dies, put a +1/+1 counter on Sengir Bats.",HML,"""They are the eyes of the Baron, and they know your fears.""\n—Ihsan's Shade",normal,2930,1,2,Common,Bat,Creature
Serra Aviary,{3}{W},4,W,Nicola Leonard,,World Enchantment,Creatures with flying get +1/+1.,"HML,ME4","""Serra, like Feroz, is long since dead. But remember, Daria: her spirit shall survive so long as the Homelands do.""\n—Taysir",normal,3027,,,Rare,,Enchantment
Serra Bestiary,{W}{W},2,W,Anson Maddocks,,Enchantment — Aura,"Enchant creature\nAt the beginning of your upkeep, sacrifice Serra Bestiary unless you pay {W}{W}.\nEnchanted creature can't attack or block, and its activated abilities with {T} in their costs can't be activated.","HML,5ED,ME4",,normal,3028,,,Common,Aura,Enchantment
Serra Inquisitors,{4}{W},5,W,Dennis Detwiller,,Creature — Human Cleric,"Whenever Serra Inquisitors blocks or becomes blocked by one or more black creatures, Serra Inquisitors gets +2/+0 until end of turn.",HML,,normal,3029,3,3,Uncommon,"Human,Cleric",Creature
Serra Paladin,{2}{W}{W},4,W,Pete Venters,,Creature — Human Knight,"{T}: Prevent the next 1 damage that would be dealt to target creature or player this turn.\n{1}{W}{W}, {T}: Target creature gains vigilance until end of turn.","HML,5ED","""Would that I could be a Paladin again, but the dead hold no place among their ranks.""\n—Ihsan's Shade",normal,3030,2,2,Common,"Human,Knight",Creature
Serrated Arrows,{4},4,,David A. Cherry,,Artifact,"Serrated Arrows enters the battlefield with three arrowhead counters on it.\nAt the beginning of your upkeep, if there are no arrowhead counters on Serrated Arrows, sacrifice it.\n{T}, Remove an arrowhead counter from Serrated Arrows: Put a -1/-1 counter on target creature.","HML,ATH,pFNM,TSB,DDD,DD3_GVL",,normal,2909,,,Common,,Artifact
Shrink,{G},1,G,Liz Danforth,,Instant,Target creature gets -5/-0 until end of turn.,"HML,5ED,ME2","""The smallest beast can yet have the greatest heart.""\n—Gemma, Willow Priestess",normal,2979,,,Common,,Instant
Shrink,{G},1,G,Liz Danforth,,Instant,Target creature gets -5/-0 until end of turn.,"HML,5ED,ME2","""Do not fear adversity. Let your courage be your strength.""\n—Onatah, Anaba Shaman",normal,2980,,,Common,,Instant
Soraya the Falconer,{1}{W}{W},3,W,Dennis Detwiller,,Legendary Creature — Human,"Bird creatures get +1/+1.\n{1}{W}: Target Bird creature gains banding until end of turn. (Any creatures with banding, and up to one without, can attack in a band. Bands are blocked as a group. If any creatures with banding a player controls are blocking or being blocked by a creature, that player divides that creature's combat damage, not its controller, among any of the creatures it's being blocked by or is blocking.)",HML,"""Soraya speaks with the hunters of the air, as do all of her family line.""\n—Autumn Willow",normal,3031,2,2,Rare,Human,Creature
Spectral Bears,{1}{G},2,G,Pat Morrissey,,Creature — Bear Spirit,"Whenever Spectral Bears attacks, if defending player controls no black nontoken permanents, it doesn't untap during your next untap step.","HML,ATH,MED","""I hear there are Bears—or spirits—that guard caravans passing through the forest."" —Gulsen, Abbey Matron",normal,2981,3,3,Uncommon,"Bear,Spirit",Creature
Timmerian Fiends,{1}{B}{B},3,B,Mike Kimble,,Creature — Horror,"Remove Timmerian Fiends from your deck before playing if you're not playing for ante.\n{B}{B}{B}, Sacrifice Timmerian Fiends: The owner of target artifact may ante the top card of his or her library. If that player doesn't, exchange ownership of that artifact and Timmerian Fiends. Put the artifact card into your graveyard and Timmerian Fiends from anywhere into that player's graveyard. This change in ownership is permanent.",HML,,normal,2931,1,1,Rare,Horror,Creature
Torture,{B},1,B,Mark Tedin,,Enchantment — Aura,Enchant creature\n{1}{B}: Put a -1/-1 counter on enchanted creature.,"HML,5ED,SHM","""Oh, they scream, right enough, and plead, too—but the Baron keeps no mercy in his vault of horrors.""\n—Zeki, Reef Pirate",normal,2932,,,Common,Aura,Enchantment
Torture,{B},1,B,Mark Tedin,,Enchantment — Aura,Enchant creature\n{1}{B}: Put a -1/-1 counter on enchanted creature.,"HML,5ED,SHM","""It helps you pass the time until you die.""\n—Grandmother Sengir",normal,2933,,,Common,Aura,Enchantment
Trade Caravan,{W},1,W,Kaja Foglio,,Creature — Human Nomad,"At the beginning of your upkeep, put a currency counter on Trade Caravan.\nRemove two currency counters from Trade Caravan: Untap target basic land. Activate this ability only during an opponent's upkeep.",HML,,normal,3032,1,1,Common,"Human,Nomad",Creature
Trade Caravan,{W},1,W,Kaja Foglio,,Creature — Human Nomad,"At the beginning of your upkeep, put a currency counter on Trade Caravan.\nRemove two currency counters from Trade Caravan: Untap target basic land. Activate this ability only during an opponent's upkeep.",HML,,normal,3033,1,1,Common,"Human,Nomad",Creature
Truce,{2}{W},3,W,Melissa A. Benson,,Instant,"Each player may draw up to two cards. For each card less than two a player draws this way, that player gains 2 life.","HML,5ED","""The people of Aysen feed us, and we don't kill them. That's my kind of truce.""\n—Eron the Relentless",normal,3034,,,Rare,,Instant
Veldrane of Sengir,{5}{B}{B},7,B,Susan Van Camp,,Legendary Creature — Human Rogue,{1}{B}{B}: Veldrane of Sengir gets -3/-0 and gains forestwalk until end of turn. (It can't be blocked as long as defending player controls a Forest.),HML,"""Poor, foolish Veldrane. He goes wherever the Baron wills him. One day, he'll go to die.""\n—Halina, Dwarven Trader",normal,2934,5,5,Rare,"Human,Rogue",Creature
Wall of Kelp,{U}{U},2,U,Alan Rabinowitz,,Creature — Plant Wall,"Defender (This creature can't attack.)\n{U}{U}, {T}: Put a 0/1 blue Plant Wall creature token with defender named Kelp onto the battlefield.","HML,ME2","""Ya can eat it or ya can weave it, but ya can't fight in it.""\n—Zeki, Reef Pirate",normal,2959,0,3,Rare,"Plant,Wall",Creature
Willow Faerie,{1}{G},2,G,Susan Van Camp,,Creature — Faerie,Flying,HML,"""The Autumn Willow cannot be everywhere at once—that's what her grandchildren are for.""\n—Gulsen, Abbey Matron",normal,2982,1,2,Common,Faerie,Creature
Willow Faerie,{1}{G},2,G,Susan Van Camp,,Creature — Faerie,Flying,HML,"""Swift as the wind and harder to catch— that's the Faeries for you.""\n—Daria",normal,2983,1,2,Common,Faerie,Creature
Willow Priestess,{2}{G}{G},4,G,Susan Van Camp,,Creature — Faerie Druid,{T}: You may put a Faerie permanent card from your hand onto the battlefield.\n{2}{G}: Target green creature gains protection from black until end of turn.,"HML,ME3","""Those of faith are those of strength.""\n—Autumn Willow",normal,2984,2,2,Rare,"Faerie,Druid",Creature
Winter Sky,{R},1,R,Mike Kimble,,Sorcery,"Flip a coin. If you win the flip, Winter Sky deals 1 damage to each creature and each player. If you lose the flip, each player draws a card.",HML,,normal,3009,,,Rare,,Sorcery
Wizards' School,,,"U,W,B",Pat Morrissey,,Land,"{T}: Add {C} to your mana pool.\n{1}, {T}: Add {U} to your mana pool.\n{2}, {T}: Add {W} or {B} to your mana pool.",HML,The legacy of Feroz lives on.,normal,3039,,,Uncommon,,Land
