name,manaCost,cmc,colorIdentity,artist,number,type,text,printings,flavor,layout,multiverseid,power,toughness,rarity,subtypes,types
Academy at Tolaria West,,,,James Paick,1,Plane — Dominaria,"At the beginning of your end step, if you have no cards in hand, draw seven cards.\nWhenever you roll CHAOS, discard your hand.",HOP,,plane,198073,,,Common,Dominaria,Plane
Akroma's Vengeance,{4}{W}{W},6,W,Greg & Tim Hildebrandt,1,Sorcery,"Destroy all artifacts, creatures, and enchantments.\nCycling {3} ({3}, Discard this card: Draw a card.)","ONS,HOP,CMD,V13",Ixidor had only to imagine their ruin and Akroma made it so.,normal,205366,,,Rare,,Sorcery
The Æther Flues,,,,Jason A. Engle,2,Plane — Iquatana,"When you planeswalk to The Æther Flues or at the beginning of your upkeep, you may sacrifice a creature. If you do, reveal cards from the top of your library until you reveal a creature card, put that card onto the battlefield, then shuffle all other cards revealed this way into your library.\nWhenever you roll CHAOS, you may put a creature card from your hand onto the battlefield.",HOP,,plane,198098,,,Common,Iquatana,Plane
Congregate,{3}{W},4,W,Mark Zug,2,Instant,Target player gains 2 life for each creature on the battlefield.,"USG,HOP,CMD,M14,M15","""In the gathering there is strength for all who founder, renewal for all who languish, love for all who sing.""\n—Song of All, canto 642",normal,205387,,,Common,,Instant
Agyrem,,,,Todd Lockwood,3,Plane — Ravnica,"Whenever a white creature dies, return it to the battlefield under its owner's control at the beginning of the next end step.\nWhenever a nonwhite creature dies, return it to its owner's hand at the beginning of the next end step.\nWhenever you roll CHAOS, creatures can't attack you until a player planeswalks.",HOP,,plane,198090,,,Common,Ravnica,Plane
Kor Sanctifiers,{2}{W},3,W,Dan Scott,3,Creature — Kor Cleric,"Kicker {W} (You may pay an additional {W} as you cast this spell.)\nWhen Kor Sanctifiers enters the battlefield, if it was kicked, destroy target artifact or enchantment.","HOP,ZEN,C14,C15","""Why keep such trinkets? They only add weight to your travels.""",normal,205342,2,3,Common,"Kor,Cleric",Creature
Bant,,,,Michael Komarck,4,Plane — Alara,"All creatures have exalted. (Whenever a creature attacks alone, it gets +1/+1 until end of turn for each instance of exalted among permanents its controller controls.)\nWhenever you roll CHAOS, put a divinity counter on target green, white, or blue creature. That creature has indestructible for as long as it has a divinity counter on it.",HOP,,plane,198099,,,Common,Alara,Plane
Oblivion Ring,{2}{W},3,W,Franz Vohwinkel,4,Enchantment,"When Oblivion Ring enters the battlefield, exile another target nonland permanent.\nWhen Oblivion Ring leaves the battlefield, return the exiled card to the battlefield under its owner's control.","pFNM,LRW,ALA,HOP,ARC,DDG,CMD,M12,DDI,M13,MM2",,normal,205396,,,Common,,Enchantment
Cliffside Market,,,,Matt Stewart,5,Plane — Mercadia,"When you planeswalk to Cliffside Market or at the beginning of your upkeep, you may exchange life totals with target player.\nWhenever you roll CHAOS, exchange control of two target permanents that share a card type.",HOP,,plane,198077,,,Common,Mercadia,Plane
Orim's Thunder,{2}{W},3,"W,R",Carl Critchlow,5,Instant,"Kicker {R} (You may pay an additional {R} as you cast this spell.)\nDestroy target artifact or enchantment. If Orim's Thunder was kicked, it deals damage equal to that permanent's converted mana cost to target creature.","APC,HOP,CMD,C15",,normal,205385,,,Common,,Instant
The Dark Barony,,,,Pete Venters,6,Plane — Ulgrotha,"Whenever a nonblack card is put into a player's graveyard from anywhere, that player loses 1 life.\nWhenever you roll CHAOS, each opponent discards a card.",HOP,,plane,198083,,,Common,Ulgrotha,Plane
Prison Term,{1}{W}{W},3,W,Zoltan Boros & Gabor Szikszai,6,Enchantment — Aura,"Enchant creature\nEnchanted creature can't attack or block, and its activated abilities can't be activated.\nWhenever a creature enters the battlefield under an opponent's control, you may attach Prison Term to that creature.","SHM,HOP,CMD",,normal,205402,,,Uncommon,Aura,Enchantment
Eloren Wilds,,,,Darrell Riche,7,Plane — Shandalar,"Whenever a player taps a permanent for mana, that player adds one mana to his or her mana pool of any type that permanent produced.\nWhenever you roll CHAOS, target player can't cast spells until a player planeswalks.",HOP,,plane,198109,,,Common,Shandalar,Plane
Soul Warden,{W},1,W,Randy Gallegos,7,Creature — Human Cleric,"Whenever another creature enters the battlefield, you gain 1 life.","EXO,BRB,9ED,10E,M10,HOP,MD1","""One does not question the size or shape of the grains of sand in an hourglass. Nor do I question the temperament of the souls under my guidance.""",normal,205351,1,1,Common,"Human,Cleric",Creature
The Eon Fog,,,,Jaime Jones,8,Plane — Equilor,"Players skip their untap steps.\nWhenever you roll CHAOS, untap all permanents you control.",HOP,,plane,198092,,,Common,Equilor,Plane
Broodstar,{8}{U}{U},10,U,Glen Angus,8,Creature — Beast,Affinity for artifacts (This spell costs {1} less to cast for each artifact you control.)\nFlying\nBroodstar's power and toughness are each equal to the number of artifacts you control.,"MRD,HOP",,normal,205277,*,*,Rare,Beast,Creature
Feeding Grounds,,,,Matt Stewart,9,Plane — Muraganda,"Red spells cost {1} less to cast.\nGreen spells cost {1} less to cast.\nWhenever you roll CHAOS, put X +1/+1 counters on target creature, where X is that creature's converted mana cost.",HOP,,plane,198066,,,Common,Muraganda,Plane
Fabricate,{2}{U},3,U,Glen Angus,9,Sorcery,"Search your library for an artifact card, reveal it, and put it into your hand. Then shuffle your library.","MRD,M10,HOP","""The secret to invention is to see something in your mind, then find where it hides in the world.""",normal,205348,,,Uncommon,,Sorcery
Fields of Summer,,,,Daniel Ljunggren,10,Plane — Moag,"Whenever a player casts a spell, that player may gain 2 life.\nWhenever you roll CHAOS, you may gain 10 life.",HOP,,plane,198097,,,Common,Moag,Plane
Keep Watch,{2}{U},3,U,Fred Rahmqvist,10,Instant,Draw a card for each attacking creature.,"JUD,HOP","""I see their moral dilemmas. I see their raw courage. I see their self-sacrifice. I see our victory.""",normal,205346,,,Common,,Instant
The Fourth Sphere,,,,Dave Kendall,11,Plane — Phyrexia,"At the beginning of your upkeep, sacrifice a nonblack creature.\nWhenever you roll CHAOS, put a 2/2 black Zombie creature token onto the battlefield.",HOP,,plane,198102,,,Common,Phyrexia,Plane
Master of Etherium,{2}{U},3,U,Matt Cavotta,11,Artifact Creature — Vedalken Wizard,Master of Etherium's power and toughness are each equal to the number of artifacts you control.\nOther artifact creatures you control get +1/+1.,"ALA,HOP,DDF","""Only a mind unfettered with the concerns of the flesh can see the world as it truly is.""",normal,205325,*,*,Rare,"Vedalken,Wizard","Artifact,Creature"
Glimmervoid Basin,,,,Lars Grant-West,12,Plane — Mirrodin,"Whenever a player casts an instant or sorcery spell with a single target, he or she copies that spell for each other spell, permanent, card not on the battlefield, and/or player the spell could target. Each copy targets a different one of them.\nWhenever you roll CHAOS, choose target creature. Each player except that creature's controller puts a token that's a copy of that creature onto the battlefield.",HOP,,plane,198068,,,Common,Mirrodin,Plane
Qumulox,{6}{U}{U},8,U,Carl Critchlow,12,Creature — Beast,Affinity for artifacts (This spell costs {1} less to cast for each artifact you control.)\nFlying,"5DN,HOP,DDF,MM2","Even the clouds bend themselves to Memnarch's will, eager to swallow those who oppose him.",normal,205332,5,4,Uncommon,Beast,Creature
Goldmeadow,,,,Warren Mahy,13,Plane — Lorwyn,"Whenever a land enters the battlefield, that land's controller puts three 0/1 white Goat creature tokens onto the battlefield.\nWhenever you roll CHAOS, put a 0/1 white Goat creature token onto the battlefield.",HOP,,plane,198087,,,Common,Lorwyn,Plane
Sarcomite Myr,{2}{U},3,U,Michael Bruinsma,13,Artifact Creature — Myr,"{2}: Sarcomite Myr gains flying until end of turn.\n{2}, Sacrifice Sarcomite Myr: Draw a card.","FUT,HOP","""A horrible sight, yes, but the sounds . . . Its twanging tendons and grinding gears are almost musical.""\n—Brudiclad, Telchor engineer",normal,205339,2,1,Common,Myr,"Artifact,Creature"
The Great Forest,,,,Howard Lyon,14,Plane — Lorwyn,"Each creature assigns combat damage equal to its toughness rather than its power.\nWhenever you roll CHAOS, creatures you control get +0/+2 and gain trample until end of turn.",HOP,,plane,198088,,,Common,Lorwyn,Plane
Thirst for Knowledge,{2}{U},3,U,Ben Thompson,14,Instant,Draw three cards. Then discard two cards unless you discard an artifact card.,"pFNM,MRD,HOP,DDF,MMA","Lymph, the fluid essence of blinkmoths, is prized by wizards for the rush of intellect it provides.",normal,205311,,,Uncommon,,Instant
Grixis,,,,Nils Hamm,15,Plane — Alara,"Blue, black, and/or red creature cards in your graveyard have unearth. The unearth cost is equal to the card's mana cost. (Pay the card's mana cost: Return it to the battlefield. The creature gains haste. Exile it at the beginning of the next end step or if it would leave the battlefield. Unearth only as a sorcery.)\nWhenever you roll CHAOS, put target creature card from a graveyard onto the battlefield under your control.",HOP,,plane,198071,,,Common,Alara,Plane
Vedalken Engineer,{1}{U},2,U,Lars Grant-West,15,Creature — Vedalken Artificer,{T}: Add two mana of any one color to your mana pool. Spend this mana only to cast artifact spells or activate abilities of artifacts.,"DST,HOP","Art is unknown to the vedalken—for them, all creations must serve a purpose.",normal,205338,1,1,Common,"Vedalken,Artificer",Creature
The Hippodrome,,,,Steve Argyle,16,Plane — Segovia,"All creatures get -5/-0.\nWhenever you roll CHAOS, you may destroy target creature if its power is 0 or less.",HOP,,plane,198067,,,Common,Segovia,Plane
Whiplash Trap,{3}{U}{U},5,U,Zoltan Boros & Gabor Szikszai,16,Instant — Trap,"If an opponent had two or more creatures enter the battlefield under his or her control this turn, you may pay {U} rather than pay Whiplash Trap's mana cost.\nReturn two target creatures to their owners' hands.","HOP,ZEN,DDN",,normal,205343,,,Common,Trap,Instant
Immersturm,,,,Raymond Swanland,17,Plane — Valla,"Whenever a creature enters the battlefield, that creature's controller may have it deal damage equal to its power to target creature or player of his or her choice.\nWhenever you roll CHAOS, exile target creature, then return it to the battlefield under its owner's control.",HOP,,plane,198084,,,Common,Valla,Plane
Ascendant Evincar,{4}{B}{B},6,B,Mark Zug,17,Legendary Creature — Vampire,Flying (This creature can't be blocked except by creatures with flying or reach.)\nOther black creatures get +1/+1.\nNonblack creatures get -1/-1.,"NMS,10E,HOP,DPA","His soul snared by an angel's curse, Crovax twisted heroism into its purest shadow.",normal,205263,3,3,Rare,Vampire,Creature
Isle of Vesuva,,,,Zoltan Boros & Gabor Szikszai,18,Plane — Dominaria,"Whenever a nontoken creature enters the battlefield, its controller puts a token onto the battlefield that's a copy of that creature.\nWhenever you roll CHAOS, destroy target creature and all other creatures with the same name as that creature.",HOP,,plane,198096,,,Common,Dominaria,Plane
Beacon of Unrest,{3}{B}{B},5,B,Alan Pollack,18,Sorcery,Put target artifact or creature card from a graveyard onto the battlefield under your control. Shuffle Beacon of Unrest into its owner's library.,"5DN,10E,HOP,ARC",A vertical scream pierces the night air and echoes doom through the clouds.,normal,205418,,,Rare,,Sorcery
Izzet Steam Maze,,,,Franz Vohwinkel,19,Plane — Ravnica,"Whenever a player casts an instant or sorcery spell, that player copies it. The player may choose new targets for the copy.\nWhenever you roll CHAOS, instant and sorcery spells you cast this turn cost {3} less to cast.",HOP,,plane,198065,,,Common,Ravnica,Plane
Beseech the Queen,{2/B}{2/B}{2/B},6,B,Jason Chan,19,Sorcery,"({2/B} can be paid with any two mana or with {B}. This card's converted mana cost is 6.)\nSearch your library for a card with converted mana cost less than or equal to the number of lands you control, reveal it, and put it into your hand. Then shuffle your library.","SHM,HOP",Those who hear her go mad with inspiration.,normal,205399,,,Uncommon,,Sorcery
Krosa,,,"W,U,B,R,G",Steven Belledin,20,Plane — Dominaria,"All creatures get +2/+2.\nWhenever you roll CHAOS, you may add {W}{U}{B}{R}{G} to your mana pool.",HOP,,plane,198100,,,Common,Dominaria,Plane
Cadaverous Knight,{2}{B},3,B,Dermot Power,20,Creature — Zombie Knight,"Flanking (Whenever a creature without flanking blocks this creature, the blocking creature gets -1/-1 until end of turn.)\n{1}{B}{B}: Regenerate Cadaverous Knight.","MIR,HOP",Grieve for the soul in death dishonored.\n—Shadow Guild saying,normal,205423,2,2,Common,"Zombie,Knight",Creature
Lethe Lake,,,,Chris J. Anderson,21,Plane — Arkhos,"At the beginning of your upkeep, put the top ten cards of your library into your graveyard.\nWhenever you roll CHAOS, target player puts the top ten cards of his or her library into his or her graveyard.",HOP,,plane,198105,,,Common,Arkhos,Plane
Consume Spirit,{X}{1}{B},2,B,Justin Sweet,21,Sorcery,Spend only black mana on X.\nConsume Spirit deals X damage to target creature or player and you gain X life.,"pMEI,MRD,9ED,10E,DDC,M10,HOP,DPA,M12,DD3_DVD",,normal,205347,,,Uncommon,,Sorcery
Llanowar,,,G,Kev Walker,22,Plane — Dominaria,"All creatures have ""{T}: Add {G}{G} to your mana pool.""\nWhenever you roll CHAOS, untap all creatures you control.",HOP,,plane,198107,,,Common,Dominaria,Plane
Corpse Harvester,{3}{B}{B},5,B,Mark Tedin,22,Creature — Zombie Wizard,"{1}{B}, {T}, Sacrifice a creature: Search your library for a Zombie card and a Swamp card, reveal them, and put them into your hand. Then shuffle your library.","LGN,HOP",,normal,205419,3,3,Uncommon,"Zombie,Wizard",Creature
The Maelstrom,,,,James Paick,23,Plane — Alara,"When you planeswalk to The Maelstrom or at the beginning of your upkeep, you may reveal the top card of your library. If it's a permanent card, you may put it onto the battlefield. If you revealed a card but didn't put it onto the battlefield, put it on the bottom of your library.\nWhenever you roll CHAOS, return target permanent card from your graveyard to the battlefield.",HOP,,plane,198062,,,Common,Alara,Plane
Cruel Revival,{4}{B},5,B,Greg Staples,23,Instant,Destroy target non-Zombie creature. It can't be regenerated. Return up to one target Zombie card from your graveyard to your hand.,"ONS,HOP,ORI",Few Cabal fighters fear death. They fear what follows it.,normal,205367,,,Common,,Instant
Minamo,,,,Charles Urbach,24,Plane — Kamigawa,"Whenever a player casts a spell, that player may draw a card. \nWhenever you roll CHAOS, each player may return a blue card from his or her graveyard to his or her hand.",HOP,,plane,198078,,,Common,Kamigawa,Plane
Dark Ritual,{B},1,B,Clint Langley,24,Instant,Add {B}{B}{B} to your mana pool.,"LEA,LEB,2ED,CED,CEI,3ED,4ED,ICE,RQS,MIR,ITP,5ED,TMP,pJGP,USG,MMQ,BRB,BTD,DKM,CST,DDC,HOP,DDE,ME4,V13,VMA,DD3_DVD,TPR","""If there is such a thing as too much power, I have not discovered it.""\n—Volrath",normal,205422,,,Common,,Instant
Murasa,,,,Jung Park,25,Plane — Zendikar,"Whenever a nontoken creature enters the battlefield, its controller may search his or her library for a basic land card, put it onto the battlefield tapped, then shuffle his or her library.\nWhenever you roll CHAOS, target land becomes a 4/4 creature that's still a land.",HOP,,plane,198074,,,Common,Zendikar,Plane
Death Baron,{1}{B}{B},3,B,Nils Hamm,25,Creature — Zombie Wizard,Skeleton creatures you control and other Zombie creatures you control get +1/+1 and have deathtouch.,"ALA,HOP","For the necromancer barons, killing and recruitment are one and the same.",normal,205322,2,2,Rare,"Zombie,Wizard",Creature
Naar Isle,,,,Mark Zug,26,Plane — Wildfire,"At the beginning of your upkeep, put a flame counter on Naar Isle, then Naar Isle deals damage to you equal to the number of flame counters on it.\nWhenever you roll CHAOS, Naar Isle deals 3 damage to target player.",HOP,,plane,198070,,,Common,Wildfire,Plane
Dregscape Zombie,{1}{B},2,B,Lars Grant-West,26,Creature — Zombie,Unearth {B} ({B}: Return this card from your graveyard to the battlefield. It gains haste. Exile it at the beginning of the next end step or if it would leave the battlefield. Unearth only as a sorcery.),"ALA,HOP,ARC,DDN",The undead of Grixis are fueled by their hatred of the living.,normal,205323,2,1,Common,Zombie,Creature
Naya,,,,Zoltan Boros & Gabor Szikszai,27,Plane — Alara,"You may play any number of lands on each of your turns.\nWhenever you roll CHAOS, target red, green, or white creature you control gets +1/+1 until end of turn for each land you control.",HOP,,plane,198103,,,Common,Alara,Plane
Festering Goblin,{B},1,B,Thomas M. Baxa,27,Creature — Zombie Goblin,"When Festering Goblin dies, target creature gets -1/-1 until end of turn.","ONS,9ED,10E,HOP,ARC,MMA","In life, it was a fetid, disease-ridden thing. In death, not much changed.",normal,205267,1,1,Common,"Zombie,Goblin",Creature
Otaria,,,,Charles Urbach,28,Plane — Dominaria,"Instant and sorcery cards in graveyards have flashback. The flashback cost is equal to the card's mana cost. (Its owner may cast the card from his or her graveyard for its mana cost. Then he or she exiles it.)\nWhenever you roll CHAOS, take an extra turn after this one.",HOP,,plane,198095,,,Common,Dominaria,Plane
Grave Pact,{1}{B}{B}{B},4,B,Puddnhead,28,Enchantment,"Whenever a creature you control dies, each other player sacrifices a creature.","STH,8ED,9ED,10E,HOP,CMD","""The bonds of loyalty can tie one to the grave.""\n—Crovax, ascendant evincar",normal,205269,,,Rare,,Enchantment
Panopticon,,,,John Avon,29,Plane — Mirrodin,"When you planeswalk to Panopticon, draw a card.\nAt the beginning of your draw step, draw an additional card.\nWhenever you roll CHAOS, draw a card.",HOP,,plane,198064,,,Common,Mirrodin,Plane
Gravedigger,{3}{B},4,B,Dermot Power,29,Creature — Zombie,"When Gravedigger enters the battlefield, you may return target creature card from your graveyard to your hand.","POR,TMP,6ED,S99,BTD,7ED,ODY,8ED,9ED,pGTW,10E,M10,HOP,M11,CMD,M12,M15,TPR,EMA","Oddly, no one questioned the Cabal's wisdom in hiring a zombie to work at the cemetery.",normal,205349,2,2,Common,Zombie,Creature
Pools of Becoming,,,,Jason Chan,30,Plane — Bolas’s Meditation Realm,"At the beginning of your end step, put the cards in your hand on the bottom of your library in any order, then draw that many cards.\nWhenever you roll CHAOS, reveal the top three cards of your planar deck. Each of the revealed cards' CHAOS abilities triggers. Then put the revealed cards on the bottom of your planar deck in any order.",HOP,,plane,198080,,,Common,Bolas’s Meditation Realm,Plane
Helldozer,{3}{B}{B}{B},6,B,Zoltan Boros & Gabor Szikszai,30,Creature — Zombie Giant,"{B}{B}{B}, {T}: Destroy target land. If that land was nonbasic, untap Helldozer.","RAV,HOP","Sometimes you go to hell, and sometimes hell comes to you.",normal,205360,6,5,Rare,"Zombie,Giant",Creature
Raven's Run,,,,Omar Rayyan,31,Plane — Shadowmoor,"All creatures have wither. (They deal damage to creatures in the form of -1/-1 counters.)\nWhenever you roll CHAOS, put a -1/-1 counter on target creature, two -1/-1 counters on another target creature, and three -1/-1 counters on a third target creature.",HOP,,plane,198076,,,Common,Shadowmoor,Plane
Hideous End,{1}{B}{B},3,B,Zoltan Boros & Gabor Szikszai,31,Instant,Destroy target nonblack creature. Its controller loses 2 life.,"HOP,ZEN,DDD,DDE,DD3_GVL","""A little dark magic won't stop me. The worse the curse, the better the prize.""\n—Radavi, Joraga relic hunter, last words",normal,205341,,,Common,,Instant
Sanctum of Serra,,,,Rob Alexander,32,Plane — Serra’s Realm,"When you planeswalk away from Sanctum of Serra, destroy all nonland permanents.\nWhenever you roll CHAOS, you may have your life total become 20.",HOP,,plane,198079,,,Common,Serra’s Realm,Plane
Incremental Blight,{3}{B}{B},5,B,Chuck Lukacs,32,Sorcery,"Put a -1/-1 counter on target creature, two -1/-1 counters on another target creature, and three -1/-1 counters on a third target creature.","SHM,HOP,ARC","Shadowmoor's main crops are rot, slime, and despair.",normal,205400,,,Uncommon,,Sorcery
Sea of Sand,,,,Jim Nelson,33,Plane — Rabiah,"Players reveal each card they draw.\nWhenever a player draws a land card, that player gains 3 life.\nWhenever a player draws a nonland card, that player loses 3 life.\nWhenever you roll CHAOS, put target permanent on top of its owner's library.",HOP,,plane,198111,,,Common,Rabiah,Plane
Innocent Blood,{B},1,B,Carl Critchlow,33,Sorcery,Each player sacrifices a creature.,"ODY,HOP,EMA",Zombies mourn for the living and celebrate those who will soon be given the gift of death.,normal,205364,,,Common,,Sorcery
Shiv,,,R,rk post,34,Plane — Dominaria,"All creatures have ""{R}: This creature gets +1/+0 until end of turn.""\nWhenever you roll CHAOS, put a 5/5 red Dragon creature token with flying onto the battlefield.",HOP,,plane,198086,,,Common,Dominaria,Plane
Nefashu,{4}{B}{B},6,B,rk post,34,Creature — Zombie Mutant,"Whenever Nefashu attacks, up to five target creatures each get -1/-1 until end of turn.","SCG,HOP","Where the nefashu pass, blood rolls like a silk carpet.",normal,205274,5,3,Rare,"Zombie,Mutant",Creature
Skybreen,,,,Wayne England,35,Plane — Kaldheim,"Players play with the top card of their libraries revealed.\nSpells that share a card type with the top card of a library can't be cast.\nWhenever you roll CHAOS, target player loses life equal to the number of cards in his or her hand.",HOP,,plane,198101,,,Common,Kaldheim,Plane
Noxious Ghoul,{3}{B}{B},5,B,Luca Zontini,35,Creature — Zombie,"Whenever Noxious Ghoul or another Zombie enters the battlefield, all non-Zombie creatures get -1/-1 until end of turn.","LGN,HOP",Plague and death wrapped in one convenient package.,normal,205420,3,3,Uncommon,Zombie,Creature
Sokenzan,,,,Brian Snõddy,36,Plane — Kamigawa,"All creatures get +1/+1 and have haste.\nWhenever you roll CHAOS, untap all creatures that attacked this turn. After this main phase, there is an additional combat phase followed by an additional main phase.",HOP,,plane,198075,,,Common,Kamigawa,Plane
Phyrexian Arena,{1}{B}{B},3,B,Carl Critchlow,36,Enchantment,"At the beginning of your upkeep, you draw a card and you lose 1 life.","APC,8ED,9ED,HOP,DDE,C15",A drop of humanity for a sea of power.,normal,205417,,,Rare,,Enchantment
Stronghold Furnace,,,,Jim Pavelec,37,Plane — Rath,"If a source would deal damage to a creature or player, it deals double that damage to that creature or player instead.\nWhenever you roll CHAOS, Stronghold Furnace deals 1 damage to target creature or player.",HOP,,plane,198063,,,Common,Rath,Plane
Phyrexian Ghoul,{2}{B},3,B,Pete Venters,37,Creature — Zombie,Sacrifice a creature: Phyrexian Ghoul gets +2/+2 until end of turn.,"USG,BRB,HOP,DDE",Phyrexia wastes nothing. Its food chain is a spiraling cycle.,normal,205389,2,2,Common,Zombie,Creature
Turri Island,,,,Raymond Swanland,38,Plane — Ir,"Creature spells cost {2} less to cast.\nWhenever you roll CHAOS, reveal the top three cards of your library. Put all creature cards revealed this way into your hand and the rest into your graveyard.",HOP,,plane,198085,,,Common,Ir,Plane
Profane Command,{X}{B}{B},2,B,Wayne England,38,Sorcery,Choose two —\n• Target player loses X life. \n• Return target creature card with converted mana cost X or less from your graveyard to the battlefield.\n• Target creature gets -X/-X until end of turn.\n• Up to X target creatures gain fear until end of turn. (They can't be blocked except by artifact creatures and/or black creatures.),"LRW,HOP,DDH,C14,MM2",,normal,205397,,,Rare,,Sorcery
Undercity Reaches,,,,Stephan Martiniere,39,Plane — Ravnica,"Whenever a creature deals combat damage to a player, its controller may draw a card.\nWhenever you roll CHAOS, you have no maximum hand size for the rest of the game.",HOP,,plane,198110,,,Common,Ravnica,Plane
Rotting Rats,{1}{B},2,B,Dave Allsop,39,Creature — Zombie Rat,"When Rotting Rats enters the battlefield, each player discards a card.\nUnearth {1}{B} ({1}{B}: Return this card from your graveyard to the battlefield. It gains haste. Exile it at the beginning of the next end step or if it would leave the battlefield. Unearth only as a sorcery.)","CON,HOP",,normal,205344,1,1,Common,"Zombie,Rat",Creature
Velis Vel,,,,Terese Nielsen,40,Plane — Lorwyn,"Each creature gets +1/+1 for each other creature on the battlefield that shares at least one creature type with it. (For example, if two Elemental Shamans and an Elemental Spirit are on the battlefield, each gets +2/+2.)\nWhenever you roll CHAOS, target creature gains all creature types until end of turn.",HOP,,plane,198081,,,Common,Lorwyn,Plane
Shepherd of Rot,{1}{B},2,B,Greg Staples,40,Creature — Zombie Cleric,{T}: Each player loses 1 life for each Zombie on the battlefield.,"ONS,HOP","""My priests swore loyalty to the Cabal not until death, but beyond it.""\n—Cabal Patriarch",normal,205372,1,1,Common,"Zombie,Cleric",Creature
Tazeem,,,,Vincent Proce,41,Plane — Zendikar,"Creatures can't block.\nWhenever you roll CHAOS, draw a card for each land you control.",HOP,,plane,198069,,,Special,Zendikar,Plane
Soulless One,{3}{B},4,B,Thomas M. Baxa,41,Creature — Zombie Avatar,Soulless One's power and toughness are each equal to the number of Zombies on the battlefield plus the number of Zombie cards in all graveyards.,"ONS,HOP","""Surrender your soul to me.""",normal,205373,*,*,Uncommon,"Zombie,Avatar",Creature
Syphon Mind,{3}{B},4,B,Jeff Easley,42,Sorcery,Each other player discards a card. You draw a card for each card discarded this way.,"ONS,pWPN,HOP,CMD,C14","When tempers run high, it's easy to lose your head.",normal,205374,,,Common,,Sorcery
Syphon Soul,{2}{B},3,B,Ron Spears,43,Sorcery,Syphon Soul deals 2 damage to each other player. You gain life equal to the damage dealt this way.,"LEG,6ED,BRB,ONS,HOP,CNS","As Phage drank their energy, a vague memory of Jeska stirred. Then she lost herself again in the joy of her victims' suffering.",normal,205375,,,Common,,Sorcery
Undead Warchief,{2}{B}{B},4,B,Greg Hildebrandt,44,Creature — Zombie,Zombie spells you cast cost {1} less to cast.\nZombie creatures you control get +2/+1.,"SCG,TSB,HOP","It has the strength of seven men. In fact, it used to be seven men.",normal,205410,1,1,Uncommon,Zombie,Creature
Withered Wretch,{B}{B},2,B,Tim Hildebrandt,45,Creature — Zombie Cleric,{1}: Exile target card from a graveyard.,"pFNM,LGN,TSB,HOP",Once it consecrated the dead. Now it desecrates them.,normal,205411,2,2,Uncommon,"Zombie,Cleric",Creature
Arc Lightning,{2}{R},3,R,Andrew Goldhawk,46,Sorcery,"Arc Lightning deals 3 damage divided as you choose among one, two, or three target creatures and/or players.","pARL,USG,BRB,HOP,KTK,FRF_UGIN","Rainclouds don't last long in Shiv, but that doesn't stop the lightning.",normal,205386,,,Common,,Sorcery
Blaze,{X}{R},1,R,Alex Horley-Orlandelli,47,Sorcery,Blaze deals X damage to target creature or player.,"POR,PO2,6ED,PTK,7ED,8ED,9ED,10E,HOP,DPA",Fire never dies alone.,normal,205264,,,Uncommon,,Sorcery
Bogardan Firefiend,{2}{R},3,R,Terese Nielsen,48,Creature — Elemental Spirit,"When Bogardan Firefiend dies, it deals 2 damage to target creature.","WTH,10E,HOP","""The next one who tells me to relax and curl up by a fire is dead.""\n—Mirri of the Weatherlight",normal,205265,2,1,Common,"Elemental,Spirit",Creature
Bogardan Rager,{5}{R},6,R,Clint Langley,49,Creature — Elemental,"Flash (You may cast this spell any time you could cast an instant.)\nWhen Bogardan Rager enters the battlefield, target creature gets +4/+0 until end of turn.","TSP,HOP,DDG","In the erupting heart of Bogardan, it's hard to tell hurtling volcanic rocks from pouncing volcanic beasts.",normal,205407,3,4,Common,Elemental,Creature
Browbeat,{2}{R},3,R,Mark Tedin,50,Sorcery,"Any player may have Browbeat deal 5 damage to him or her. If no one does, target player draws three cards.","pFNM,JUD,TSB,HOP,PD2,DDK","""Even the threat of power has power.""\n—Jeska, warrior adept",normal,205416,,,Uncommon,,Sorcery
Cinder Elemental,{3}{R},4,R,Greg Staples,51,Creature — Elemental,"{X}{R}, {T}, Sacrifice Cinder Elemental: Cinder Elemental deals X damage to target creature or player.","MMQ,HOP,GTC",Their rage can grow to such proportions that they explode in a cloud of fire.,normal,205414,2,2,Uncommon,Elemental,Creature
Cone of Flame,{3}{R}{R},5,R,Chippy,52,Sorcery,"Cone of Flame deals 1 damage to target creature or player, 2 damage to another target creature or player, and 3 damage to a third target creature or player.","WTH,10E,DD2,HOP,DDG,M15,DD3_JVC,W16",,normal,205266,,,Uncommon,,Sorcery
Flamekin Harbinger,{R},1,R,Steve Prescott,53,Creature — Elemental Shaman,"When Flamekin Harbinger enters the battlefield, you may search your library for an Elemental card, reveal it, then shuffle your library and put that card on top of it.","LRW,HOP",,normal,205395,1,1,Uncommon,"Elemental,Shaman",Creature
Flametongue Kavu,{3}{R},4,R,Pete Venters,54,Creature — Kavu,"When Flametongue Kavu enters the battlefield, it deals 4 damage to target creature.","pFNM,PLS,DD2,HOP,CMD,VMA,C14,DD3_JVC","""For dim-witted, thick-skulled genetic mutants, they have pretty good aim.""\n—Sisay, captain of the Weatherlight",normal,205392,4,2,Uncommon,Kavu,Creature
Furnace of Rath,{1}{R}{R}{R},4,R,John Matson,55,Enchantment,"If a source would deal damage to a creature or player, it deals double that damage to that creature or player instead.","TMP,8ED,9ED,10E,HOP,DPA",The furnace awaits the next master who would stoke the fires of apocalypse.,normal,205268,,,Rare,,Enchantment
Goblin Offensive,{X}{1}{R}{R},3,R,Carl Critchlow,56,Sorcery,Put X 1/1 red Goblin creature tokens onto the battlefield.,"USG,ATH,HOP",They certainly are.,normal,205388,,,Uncommon,,Sorcery
Insurrection,{5}{R}{R}{R},8,R,Mark Zug,57,Sorcery,Untap all creatures and gain control of them until end of turn. They gain haste until end of turn.,"ONS,HOP,CMD","""Maybe they wanted to be on the winning side for once.""\n—Matoc, lavamancer",normal,205369,,,Rare,,Sorcery
Keldon Champion,{2}{R}{R},4,R,Mark Tedin,58,Creature — Human Barbarian,"Haste\nEcho {2}{R}{R} (At the beginning of your upkeep, if this came under your control since the beginning of your last upkeep, sacrifice it unless you pay its echo cost.)\nWhen Keldon Champion enters the battlefield, it deals 3 damage to target player.","UDS,HOP,PD2,EMA",,normal,205801,3,2,Uncommon,"Human,Barbarian",Creature
Menacing Ogre,{3}{R}{R},5,R,Ron Spencer,59,Creature — Ogre,"Trample, haste\nWhen Menacing Ogre enters the battlefield, each player secretly chooses a number. Then those numbers are revealed. Each player with the highest number loses that much life. If you are one of those players, put two +1/+1 counters on Menacing Ogre.","ONS,HOP",,normal,205370,3,3,Rare,Ogre,Creature
Pyrotechnics,{4}{R},5,R,John Avon,60,Sorcery,Pyrotechnics deals 4 damage divided as you choose among any number of target creatures and/or players.,"LEG,4ED,RQS,ITP,5ED,ATH,6ED,7ED,8ED,HOP,FRF","""Who says lightning never strikes twice?""\n—Storm shaman",normal,205405,,,Uncommon,,Sorcery
Reckless Charge,{R},1,R,Scott M. Fischer,61,Sorcery,Target creature gets +3/+0 and gains haste until end of turn.\nFlashback {2}{R} (You may cast this card from your graveyard for its flashback cost. Then exile it.),"ODY,HOP,VMA,EMA",,normal,205365,,,Common,,Sorcery
Relentless Assault,{2}{R}{R},4,R,Greg Hildebrandt,62,Sorcery,"Untap all creatures that attacked this turn. After this main phase, there is an additional combat phase followed by an additional main phase.","VIS,PO2,6ED,PTK,S99,7ED,8ED,9ED,10E,HOP","""Mercy? Mercy is for the playground, not the battleground.""",normal,205271,,,Rare,,Sorcery
Rockslide Elemental,{2}{R},3,R,Joshua Hagler,63,Creature — Elemental,"First strike\nWhenever another creature dies, you may put a +1/+1 counter on Rockslide Elemental.","ALA,HOP","On Jund, even the landscape is a deadly hunter. Volcanoes, tar pits, and rock slides seem to prey upon the living.",normal,205327,1,1,Uncommon,Elemental,Creature
Rolling Thunder,{X}{R}{R},2,R,Richard Thomas,64,Sorcery,Rolling Thunder deals X damage divided as you choose among any number of target creatures and/or players.,"TMP,BRB,HOP,TPR,BFZ","""Such rage,"" thought Vhati, gazing up at the thunderhead from the Predator. ""It is Greven's mind manifest.""",normal,205391,,,Common,,Sorcery
Rorix Bladewing,{3}{R}{R}{R},6,R,Darrell Riche,65,Legendary Creature — Dragon,"Flying, haste","ONS,HOP,VMA,EMA","In the smoldering ashes of Shiv, a few dragons strive to rebuild their native land. The rest seek any opportunity to restore the broken pride of their race.",normal,205371,6,5,Rare,Dragon,Creature
Smokebraider,{1}{R},2,R,Anthony S. Waters,66,Creature — Elemental Shaman,{T}: Add two mana in any combination of colors to your mana pool. Spend this mana only to cast Elemental spells or activate abilities of Elementals.,"LRW,HOP,MM2","""Be silent and listen to your inner fire. Only then can you walk the Path of Flame.""",normal,205398,1,1,Common,"Elemental,Shaman",Creature
Taurean Mauler,{2}{R},3,R,Dominick Domingo,67,Creature — Shapeshifter,"Changeling (This card is every creature type at all times.)\nWhenever an opponent casts a spell, you may put a +1/+1 counter on Taurean Mauler.","MOR,HOP,ARC,C15",The power of a waterfall. The fury of an avalanche. The intellect of a gale-force wind.,normal,205404,2,2,Rare,Shapeshifter,Creature
Beast Hunt,{3}{G},4,G,Kieran Yanner,68,Sorcery,Reveal the top three cards of your library. Put all creature cards revealed this way into your hand and the rest into your graveyard.,"HOP,ZEN","""Surely we could tame something besides hurdas and pillarfield oxen!""\n—Sheyda, Ondu gamekeeper",normal,205340,,,Common,,Sorcery
Briarhorn,{3}{G},4,G,Nils Hamm,69,Creature — Elemental,"Flash\nWhen Briarhorn enters the battlefield, target creature gets +3/+3 until end of turn.\nEvoke {1}{G} (You may cast this spell for its evoke cost. If you do, it's sacrificed when it enters the battlefield.)","LRW,HOP,DDH",,normal,205393,3,3,Uncommon,Elemental,Creature
Explosive Vegetation,{3}{G},4,G,John Avon,70,Sorcery,Search your library for up to two basic land cards and put them onto the battlefield tapped. Then shuffle your library.,"ONS,HOP,CMD,DDO,DTK",Torching Krosa would be pointless. It grows faster than it burns.,normal,205368,,,Uncommon,,Sorcery
Fertile Ground,{1}{G},2,G,Mark Tedin,71,Enchantment — Aura,"Enchant land\nWhenever enchanted land is tapped for mana, its controller adds one mana of any color to his or her mana pool (in addition to the mana the land produces).","USG,BRB,INV,8ED,LRW,HOP,DDE",,normal,205394,,,Common,Aura,Enchantment
Fertilid,{2}{G},3,G,Wayne Reynolds,72,Creature — Elemental,"Fertilid enters the battlefield with two +1/+1 counters on it.\n{1}{G}, Remove a +1/+1 counter from Fertilid: Target player searches his or her library for a basic land card and puts it onto the battlefield tapped. Then that player shuffles his or her library.","MOR,HOP,ARC,CMD",,normal,205403,0,0,Common,Elemental,Creature
Forgotten Ancient,{3}{G},4,G,Mark Tedin,73,Creature — Elemental,"Whenever a player casts a spell, you may put a +1/+1 counter on Forgotten Ancient.\nAt the beginning of your upkeep, you may move any number of +1/+1 counters from Forgotten Ancient onto other creatures.","SCG,HOP,ARC,C15",Its blood is life. Its body is growth.,normal,205273,0,3,Rare,Elemental,Creature
Ivy Elemental,{X}{G},1,G,Ron Spencer,74,Creature — Elemental,Ivy Elemental enters the battlefield with X +1/+1 counters on it.,"ODY,HOP","In the gardens of the centaurs, many travelers have mysteriously vanished while admiring the elaborate topiaries.",normal,206024,0,0,Rare,Elemental,Creature
Living Hive,{6}{G}{G},8,G,Anthony S. Waters,75,Creature — Elemental Insect,"Trample\nWhenever Living Hive deals combat damage to a player, put that many 1/1 green Insect creature tokens onto the battlefield.","MRD,HOP","In its center is a single red ant, a queen that regulates the hive's movements.",normal,205315,6,6,Rare,"Elemental,Insect",Creature
Rampant Growth,{1}{G},2,G,Steven Belledin,76,Sorcery,Search your library for a basic land card and put that card onto the battlefield tapped. Then shuffle your library.,"MIR,TMP,6ED,BTD,7ED,pMPR,8ED,9ED,10E,M10,HOP,DPA,M12,TPR,MM2,C15",Nature grows solutions to its problems.,normal,205350,,,Common,,Sorcery
Search for Tomorrow,{2}{G},3,G,Randy Gallegos,77,Sorcery,"Search your library for a basic land card and put it onto the battlefield. Then shuffle your library.\nSuspend 2—{G} (Rather than cast this card from your hand, you may pay {G} and exile it with two time counters on it. At the beginning of your upkeep, remove a time counter. When the last is removed, cast it without paying its mana cost.)","TSP,HOP,MMA",,normal,205408,,,Common,,Sorcery
Silverglade Elemental,{4}{G},5,G,Chippy,78,Creature — Elemental,"When Silverglade Elemental enters the battlefield, you may search your library for a Forest card and put that card onto the battlefield. If you do, shuffle your library.","MMQ,HOP",,normal,205415,4,4,Common,Elemental,Creature
Tornado Elemental,{5}{G}{G},7,G,Alex Horley-Orlandelli,79,Creature — Elemental,"When Tornado Elemental enters the battlefield, it deals 6 damage to each creature with flying.\nYou may have Tornado Elemental assign its combat damage as though it weren't blocked.","5DN,HOP,C14",,normal,205333,6,6,Rare,Elemental,Creature
Tribal Unity,{X}{2}{G},3,G,Ron Spears,80,Instant,Creatures of the creature type of your choice get +X/+X until end of turn.,"ONS,HOP","Kamahl left the violence of his former life behind him, but he still believes in the power of muscle.",normal,205376,,,Uncommon,,Instant
Verdant Force,{5}{G}{G}{G},8,G,DiTerlizzi,81,Creature — Elemental,"At the beginning of each upkeep, put a 1/1 green Saproling creature token onto the battlefield.","TMP,9ED,10E,HOP,DPA,PD3,TPR,C15","Left to itself, nature overflows any container, overthrows any restriction, and overreaches any boundary.",normal,205272,7,7,Rare,Elemental,Creature
Boros Swiftblade,{R}{W},2,"W,R",Doug Chaffee,82,Creature — Human Soldier,Double strike,"RAV,HOP,MM2","When the Boros Legion attacks, swiftblades enter the fray first. They pick off the archers and mages, softening the enemy front before the flame-kin and giants go in.",normal,205359,1,2,Uncommon,"Human,Soldier",Creature
Branching Bolt,{1}{R}{G},3,"R,G",Vance Kovacs,83,Instant,Choose one or both —\n• Branching Bolt deals 3 damage to target creature with flying.\n• Branching Bolt deals 3 damage to target creature without flying.,"ALA,HOP,ARC","""Lightning lives in everything, in living flesh and growing things. It must be set free.""\n—Rakka Mar",normal,205320,,,Common,,Instant
Bull Cerodon,{4}{R}{W},6,"W,R",Jesper Ejsing,84,Creature — Beast,"Vigilance, haste","ALA,HOP","It holds motionless vigil, watching Naya in silence through the screen of the whitecover. When it senses anything amiss, it launches forward with the uncanny sound of torn fog.",normal,205321,5,5,Uncommon,Beast,Creature
Captain's Maneuver,{X}{R}{W},2,"W,R",Ben Thompson,85,Instant,The next X damage that would be dealt to target creature or player this turn is dealt to another target creature or player instead.,"APC,HOP",Sisay discovered that the mirrored hull of the Weatherlight could be used as a defensive weapon.,normal,205382,,,Uncommon,,Instant
Cerodon Yearling,{R}{W},2,"W,R",Christopher Moeller,86,Creature — Beast,"Vigilance, haste","ARB,HOP","The unit of measurement used to chart a cerodon's growth is ""persons consumed.""",normal,205802,2,2,Common,Beast,Creature
Fires of Yavimaya,{1}{R}{G},3,"R,G",Val Mayerik,87,Enchantment,Creatures you control have haste.\nSacrifice Fires of Yavimaya: Target creature gets +2/+2 until end of turn.,"INV,HOP,ARC,PC2,DDL,C13,CNS,VMA",,normal,205412,,,Uncommon,,Enchantment
Glory of Warfare,{2}{R}{W},4,"W,R",Paolo Parente,88,Enchantment,"As long as it's your turn, creatures you control get +2/+0.\nAs long as it's not your turn, creatures you control get +0/+2.","ARB,HOP","""Their hopes dashed on our shields! Their victory slashed by our swords!""",normal,205318,,,Rare,,Enchantment
Hull Breach,{R}{G},2,"R,G",Brian Snõddy,89,Sorcery,Choose one —\n• Destroy target artifact.\n• Destroy target enchantment.\n• Destroy target artifact and target enchantment.,"PLS,HOP,CMD,C13","""Crovax knows we're coming now,"" said a grinning Sisay. ""I just sent the Predator crashing into his stronghold.""",normal,205413,,,Common,,Sorcery
Lightning Helix,{R}{W},2,"W,R",Kev Walker,90,Instant,Lightning Helix deals 3 damage to target creature or player and you gain 3 life.,"pMPR,RAV,HOP,DDH,MMA,DDN","Though less well-known than its army of soldiers, the Boros Legion's mage-priests are as respected by the innocent as they are hated by the ghosts of the guilty.",normal,205361,,,Uncommon,,Instant
Mage Slayer,{1}{R}{G},3,"R,G",Lars Grant-West,91,Artifact — Equipment,"Whenever equipped creature attacks, it deals damage equal to its power to defending player.\nEquip {3}","ARB,HOP","""When the wielder is strong enough, any sword will do.""\n—Kresh the Bloodbraided",normal,205319,,,Uncommon,Equipment,Artifact
"Razia, Boros Archangel",{4}{R}{R}{W}{W},8,"W,R",Donato Giancola,92,Legendary Creature — Angel,"Flying, vigilance, haste\n{T}: The next 3 damage that would be dealt to target creature you control this turn is dealt to another target creature instead.","RAV,HOP",Her sword burns with such brightness that foes avert their eyes and arrows divert their paths.,normal,205362,6,3,Rare,Angel,Creature
Rumbling Slum,{1}{R}{G}{G},4,"R,G",Carl Critchlow,93,Creature — Elemental,"At the beginning of your upkeep, Rumbling Slum deals 1 damage to each player.","GPT,HOP",The Orzhov contract the Izzet to animate slum districts and banish them to the wastes. The Gruul adopt them and send them back to the city for vengeance.,normal,205354,5,5,Rare,Elemental,Creature
Savage Twister,{X}{R}{G},2,"R,G",Bob Eggleton,94,Sorcery,Savage Twister deals X damage to each creature.,"MIR,GPT,HOP,ARC,CMD,C13,MM2","""Frozen, we watched the funnel pluck up three of the goats—pook! pook! pook!—before we ran for the wadi.""\n—Travelogue of Najat",normal,205355,,,Uncommon,,Sorcery
Sludge Strider,{1}{W}{U}{B},4,"W,U,B",Franz Vohwinkel,95,Artifact Creature — Insect,"Whenever another artifact enters the battlefield under your control or another artifact you control leaves the battlefield, you may pay {1}. If you do, target player loses 1 life and you gain 1 life.","CON,HOP",Underneath the cities of Esper are cycles of life unseen by those who feed them.,normal,205345,3,3,Uncommon,Insect,"Artifact,Creature"
Arsenal Thresher,{2}{W/B}{U},4,"W,U,B",Ralph Horsley,96,Artifact Creature — Construct,"As Arsenal Thresher enters the battlefield, you may reveal any number of other artifact cards from your hand. Arsenal Thresher enters the battlefield with a +1/+1 counter on it for each card revealed this way.","ARB,HOP",,normal,205317,2,2,Common,Construct,"Artifact,Creature"
Balefire Liege,{2}{R/W}{R/W}{R/W},5,"W,R",Ralph Horsley,97,Creature — Spirit Horror,"Other red creatures you control get +1/+1.\nOther white creatures you control get +1/+1.\nWhenever you cast a red spell, Balefire Liege deals 3 damage to target player.\nWhenever you cast a white spell, you gain 3 life.","EVE,HOP",,normal,205377,2,4,Rare,"Spirit,Horror",Creature
Battlegate Mimic,{1}{R/W},2,"W,R",Franz Vohwinkel,98,Creature — Shapeshifter,"Whenever you cast a spell that's both red and white, Battlegate Mimic has base power and toughness 4/2 until end of turn and gains first strike until end of turn.","EVE,HOP","Mimics don't need perfect disguises. They need only the perfect victims: the naive, the young, or the poor of sight.",normal,205378,2,1,Common,Shapeshifter,Creature
Boros Guildmage,{R/W}{R/W},2,"W,R",Paolo Parente,99,Creature — Human Wizard,{1}{R}: Target creature gains haste until end of turn.\n{1}{W}: Target creature gains first strike until end of turn.,"RAV,HOP,CMD",,normal,205357,2,2,Uncommon,"Human,Wizard",Creature
Double Cleave,{1}{R/W},2,"W,R",rk post,100,Instant,Target creature gains double strike until end of turn. (It deals both first-strike and regular combat damage.),"EVE,HOP","""When in doubt, kill 'em twice.""",normal,205379,,,Common,,Instant
Duergar Hedge-Mage,{2}{R/W},3,"W,R",Dave Allsop,101,Creature — Dwarf Shaman,"When Duergar Hedge-Mage enters the battlefield, if you control two or more Mountains, you may destroy target artifact.\nWhen Duergar Hedge-Mage enters the battlefield, if you control two or more Plains, you may destroy target enchantment.","pGTW,EVE,HOP,CMD",,normal,205380,2,2,Uncommon,"Dwarf,Shaman",Creature
Hearthfire Hobgoblin,{R/W}{R/W}{R/W},3,"W,R",Steven Belledin,102,Creature — Goblin Soldier,Double strike,"EVE,HOP,MM2",Hobgoblins are best left alone. They sharpen their farm implements far more than is necessary for their work in the fields.,normal,205381,2,2,Uncommon,"Goblin,Soldier",Creature
Assault,{R},1,"G,R",Ben Thompson,103a,Sorcery,Assault deals 2 damage to target creature or player.,"INV,TSB,HOP",,split,205409,,,Uncommon,,Sorcery
Battery,{3}{G},4,"G,R",Ben Thompson,103b,Sorcery,Put a 3/3 green Elephant creature token onto the battlefield.,"INV,TSB,HOP",,split,205409,,,Uncommon,,Sorcery
Order,{3}{W},4,"W,R",Tim Hildebrandt,104a,Instant,Exile target attacking creature.,"APC,HOP",,split,205384,,,Uncommon,,Instant
Chaos,{2}{R},3,"W,R",Tim Hildebrandt,104b,Instant,Creatures can't block this turn.,"APC,HOP",,split,205384,,,Uncommon,,Instant
Arcbound Crusher,{4},4,,Michael Sutfin,105,Artifact Creature — Juggernaut,"Trample\nWhenever another artifact enters the battlefield, put a +1/+1 counter on Arcbound Crusher.\nModular 1 (This enters the battlefield with a +1/+1 counter on it. When it dies, you may put its +1/+1 counters on target artifact creature.)","DST,HOP",,normal,205335,0,0,Uncommon,Juggernaut,"Artifact,Creature"
Arcbound Slith,{2},2,,Vance Kovacs,106,Artifact Creature — Slith,"Whenever Arcbound Slith deals combat damage to a player, put a +1/+1 counter on it.\nModular 1 (This enters the battlefield with a +1/+1 counter on it. When it dies, you may put its +1/+1 counters on target artifact creature.)","DST,HOP",,normal,205336,0,0,Uncommon,Slith,"Artifact,Creature"
Boros Signet,{2},2,"R,W",Greg Hildebrandt,107,Artifact,"{1}, {T}: Add {R}{W} to your mana pool.","RAV,HOP,CMD,C15","""Have you ever held a Boros signet? There's a weight to it that belies its size—a weight of strength and of pride.""\n—Agrus Kos",normal,205358,,,Common,,Artifact
"Bosh, Iron Golem",{8},8,R,Brom,108,Legendary Artifact Creature — Golem,"Trample\n{3}{R}, Sacrifice an artifact: Bosh, Iron Golem deals damage equal to the sacrificed artifact's converted mana cost to target creature or player.","MRD,HOP,C14","As Glissa searches for the truth about Memnarch, Bosh searches to unearth the secrets of his past.",normal,205276,6,7,Rare,Golem,"Artifact,Creature"
Copper Myr,{2},2,G,Kev Walker,109,Artifact Creature — Myr,{T}: Add {G} to your mana pool.,"MRD,HOP,SOM","The elves thought of the myr as minor threats, just as the myr thought of the elves.",normal,205278,1,1,Common,Myr,"Artifact,Creature"
Cranial Plating,{2},2,B,Adam Rex,110,Artifact — Equipment,Equipped creature gets +1/+0 for each artifact you control.\n{B}{B}: Attach Cranial Plating to target creature you control.\nEquip {1} ({1}: Attach to target creature you control. Equip only as a sorcery.),"5DN,HOP,MM2",,normal,205328,,,Common,Equipment,Artifact
Darksteel Forge,{9},9,,Martina Pilcerova,111,Artifact,"Artifacts you control have indestructible. (Effects that say ""destroy"" don't destroy them. Artifact creatures with indestructible can't be destroyed by damage.)","DST,HOP,M14","""Did it have this shape upon Mirrodin's creation, or did some inconceivable force shape the unshapable?""\n—Pontifex, elder researcher",normal,205337,,,Rare,,Artifact
Door to Nothingness,{5},5,"W,U,B,R,G",Puddnhead,112,Artifact,"Door to Nothingness enters the battlefield tapped.\n{W}{W}{U}{U}{B}{B}{R}{R}{G}{G}, {T}, Sacrifice Door to Nothingness: Target player loses the game.","5DN,HOP,M13","""All memory of your existence will be wiped from reality. You will die, and no one will mourn.""\n—Memnarch",normal,205329,,,Rare,,Artifact
Etched Oracle,{4},4,,Matt Cavotta,113,Artifact Creature — Wizard,"Sunburst (This enters the battlefield with a +1/+1 counter on it for each color of mana spent to cast it.)\n{1}, Remove four +1/+1 counters from Etched Oracle: Target player draws three cards.","5DN,HOP,MMA,MM2",,normal,205330,0,0,Uncommon,Wizard,"Artifact,Creature"
Gold Myr,{2},2,W,Kev Walker,114,Artifact Creature — Myr,{T}: Add {W} to your mana pool.,"MRD,HOP,SOM","The leonin thought of the myr as omens, never imagining the sinister fate they foretold.",normal,205283,1,1,Common,Myr,"Artifact,Creature"
Iron Myr,{2},2,R,Kev Walker,115,Artifact Creature — Myr,{T}: Add {R} to your mana pool.,"MRD,HOP,SOM","The goblins didn't think of the myr at all, which allowed the myr to observe everywhere unhindered.",normal,205285,1,1,Common,Myr,"Artifact,Creature"
Leaden Myr,{2},2,B,Kev Walker,116,Artifact Creature — Myr,{T}: Add {B} to your mana pool.,"MRD,HOP,SOM","The Moriok saw the myr as fellow scavengers, never knowing just who the myr were scavenging for.",normal,205290,1,1,Common,Myr,"Artifact,Creature"
Lodestone Myr,{4},4,,Greg Staples,117,Artifact Creature — Myr,Trample\nTap an untapped artifact you control: Lodestone Myr gets +1/+1 until end of turn.,"MRD,HOP,MM2","When necessary, myr can override and control any artificial object, as can their creator.",normal,205291,2,2,Rare,Myr,"Artifact,Creature"
Loxodon Warhammer,{3},3,,Jeremy Jarvis,118,Artifact — Equipment,Equipped creature gets +3/+0 and has trample and lifelink.\nEquip {3},"MRD,9ED,10E,HOP,DPA,DDG,C14,C15",,normal,205270,,,Rare,Equipment,Artifact
Mask of Memory,{2},2,,Alan Pollack,119,Artifact — Equipment,"Whenever equipped creature deals combat damage to a player, you may draw two cards. If you do, discard a card.\nEquip {1}","MRD,HOP,C14",,normal,205316,,,Uncommon,Equipment,Artifact
Myr Enforcer,{7},7,,Greg Staples,120,Artifact Creature — Myr,Affinity for artifacts (This spell costs {1} less to cast for each artifact you control.),"pFNM,MRD,HOP,MMA,MM2",Most myr monitor other species. Some myr monitor other myr.,normal,205296,4,4,Common,Myr,"Artifact,Creature"
Nuisance Engine,{3},3,,Stephen Tappin,121,Artifact,"{2}, {T}: Put a 0/1 colorless Pest artifact creature token onto the battlefield.","MRD,HOP","All Auriok children know the tale, ""Bolgri and the Long Day of Squashing.""",normal,205297,,,Uncommon,,Artifact
Pentad Prism,{2},2,,David Martin,122,Artifact,Sunburst (This enters the battlefield with a charge counter on it for each color of mana spent to cast it.)\nRemove a charge counter from Pentad Prism: Add one mana of any color to your mana pool.,"5DN,HOP",,normal,205331,,,Common,,Artifact
Pentavus,{7},7,,Greg Staples,123,Artifact Creature — Construct,"Pentavus enters the battlefield with five +1/+1 counters on it.\n{1}, Remove a +1/+1 counter from Pentavus: Put a 1/1 colorless Pentavite artifact creature token with flying onto the battlefield.\n{1}, Sacrifice a Pentavite: Put a +1/+1 counter on Pentavus.","MRD,HOP,DDF,M12,C14",,normal,205298,0,0,Rare,Construct,"Artifact,Creature"
Relic of Progenitus,{1},1,,Jean-Sébastien Rossbach,124,Artifact,"{T}: Target player exiles a card from his or her graveyard.\n{1}, Exile Relic of Progenitus: Exile all cards from all graveyards. Draw a card.","ALA,HOP,MMA,MD1,EMA","Elves believe the hydra-god Progenitus sleeps beneath Naya, feeding on forgotten magics.",normal,205326,,,Common,,Artifact
Serum Tank,{3},3,,Corey D. Macourek,125,Artifact,"Whenever Serum Tank or another artifact enters the battlefield, put a charge counter on Serum Tank.\n{3}, {T}, Remove a charge counter from Serum Tank: Draw a card.","MRD,HOP",,normal,205304,,,Uncommon,,Artifact
Silver Myr,{2},2,U,Kev Walker,126,Artifact Creature — Myr,{T}: Add {U} to your mana pool.,"MRD,HOP,DDF,SOM","The vedalken saw the myr as toys, unaware of the intelligence lurking behind their empty eyes.",normal,205305,1,1,Common,Myr,"Artifact,Creature"
Skeleton Shard,{3},3,B,Doug Chaffee,127,Artifact,"{3}, {T} or {B}, {T}: Return target artifact creature card from your graveyard to your hand.","MRD,HOP",Metal permeates the marrow of every bone in Mephidross—except one.,normal,205306,,,Uncommon,,Artifact
Suntouched Myr,{3},3,,Greg Hildebrandt,128,Artifact Creature — Myr,Sunburst (This enters the battlefield with a +1/+1 counter on it for each color of mana spent to cast it.),"5DN,HOP","As the fifth sun joins the other four, new abilities awaken in the creatures of Mirrodin.",normal,205334,0,0,Common,Myr,"Artifact,Creature"
Wizard Replica,{3},3,U,Carl Critchlow,129,Artifact Creature — Wizard,"Flying\n{U}, Sacrifice Wizard Replica: Counter target spell unless its controller pays {2}.","MRD,HOP",It responds with unnatural precision.,normal,205314,1,3,Common,Wizard,"Artifact,Creature"
Ancient Den,,,W,Rob Alexander,130,Artifact Land,(Ancient Den isn't a spell.)\n{T}: Add {W} to your mana pool.,"MRD,HOP","Taj-Nar, throne of Raksha Golden Cub, destined leader of the leonin prides.",normal,205275,,,Common,,"Artifact,Land"
Boros Garrison,,,"R,W",John Avon,131,Land,"Boros Garrison enters the battlefield tapped.\nWhen Boros Garrison enters the battlefield, return a land you control to its owner's hand.\n{T}: Add {R}{W} to your mana pool.","RAV,HOP,CMD,C13,MM2,C15",,normal,205356,,,Common,,Land
Cabal Coffers,,,B,Don Hazeltine,132,Land,"{2}, {T}: Add {B} to your mana pool for each Swamp you control.","pFNM,TOR,HOP","Deep within the Cabal's vault, the Mirari pulsed like a dead sun—and its darkness radiated across Otaria.",normal,205421,,,Uncommon,,Land
Great Furnace,,,R,Rob Alexander,133,Artifact Land,{T}: Add {R} to your mana pool.,"MRD,HOP,C14","Kuldotha, wellspring of molten metal, temple of the goblin horde.",normal,205284,,,Common,,"Artifact,Land"
Gruul Turf,,,"R,G",John Avon,134,Land,"Gruul Turf enters the battlefield tapped.\nWhen Gruul Turf enters the battlefield, return a land you control to its owner's hand.\n{T}: Add {R}{G} to your mana pool.","GPT,HOP,CMD,PC2,MM2",,normal,205353,,,Common,,Land
Leechridden Swamp,,,B,Lars Grant-West,135,Land — Swamp,"({T}: Add {B} to your mana pool.)\nLeechridden Swamp enters the battlefield tapped.\n{B}, {T}: Each opponent loses 1 life. Activate this ability only if you control two or more black permanents.","SHM,HOP",,normal,205401,,,Uncommon,Swamp,Land
Seat of the Synod,,,U,John Avon,136,Artifact Land,(Seat of the Synod isn't a spell.)\n{T}: Add {U} to your mana pool.,"MRD,HOP,DDF","Lumengrid, site of the Knowledge Pool, source of vedalken arcana.",normal,205303,,,Common,,"Artifact,Land"
Shivan Oasis,,,"R,G",Rob Alexander,137,Land,Shivan Oasis enters the battlefield tapped.\n{T}: Add {R} or {G} to your mana pool.,"INV,8ED,HOP,DDE",Only the hardiest explorers survive to eat the fruit.,normal,205406,,,Uncommon,,Land
"Sunhome, Fortress of the Legion",,,"R,W",Martina Pilcerova,138,Land,"{T}: Add {C} to your mana pool.\n{2}{R}{W}, {T}: Target creature gains double strike until end of turn.","RAV,HOP","Sunhome—the stalwart shield, the towering sentinel, the seat of justice.",normal,205363,,,Uncommon,,Land
Terramorphic Expanse,,,,Dan Scott,139,Land,"{T}, Sacrifice Terramorphic Expanse: Search your library for a basic land card and put it onto the battlefield tapped. Then shuffle your library.","TSP,10E,M10,HOP,H09,DDE,ARC,M11,CMD,DDH,PC2,MMA,C13,DDN,C14,C15",,normal,205352,,,Common,,Land
Tree of Tales,,,G,John Avon,140,Artifact Land,(Tree of Tales isn't a spell.)\n{T}: Add {G} to your mana pool.,"MRD,HOP","Tel-Jilad, sanctum of the ancient trolls, keepers of the secret of Mirrodin's origin.",normal,205312,,,Common,,"Artifact,Land"
Vault of Whispers,,,B,Rob Alexander,141,Artifact Land,(Vault of Whispers isn't a spell.)\n{T}: Add {B} to your mana pool.,"MRD,HOP","Ish Sah, den of the warlord Geth, commander of countless nim.",normal,205313,,,Common,,"Artifact,Land"
Plains,,,W,Martina Pilcerova,142,Basic Land — Plains,,"LEA,LEB,2ED,CED,CEI,3ED,4ED,ICE,RQS,pARL,MIR,ITP,5ED,POR,pPRE,TMP,pJGP,PO2,UGL,pALP,USG,ATH,6ED,PTK,S99,pGRU,MMQ,BRB,pELP,S00,INV,7ED,ODY,ONS,8ED,MRD,CHK,UNH,9ED,RAV,CST,TSP,10E,MED,LRW,SHM,ALA,DDC,M10,HOP,ME3,ZEN,H09,DDE,ROE,ARC,M11,DDF,SOM,MBS,DDG,NPH,CMD,M12,DDH,ISD,DDI,AVR,PC2,M13,RTR,DDK,M14,DDL,THS,C13,MD1,M15,DDN,KTK,C14,DD3_DVD,FRF,DDO,DTK,TPR,ORI,DDP,BFZ,C15,DDQ,SOI",,normal,205301,,,Basic Land,Plains,Land
Plains,,,W,Larry MacDougall,143,Basic Land — Plains,,"LEA,LEB,2ED,CED,CEI,3ED,4ED,ICE,RQS,pARL,MIR,ITP,5ED,POR,pPRE,TMP,pJGP,PO2,UGL,pALP,USG,ATH,6ED,PTK,S99,pGRU,MMQ,BRB,pELP,S00,INV,7ED,ODY,ONS,8ED,MRD,CHK,UNH,9ED,RAV,CST,TSP,10E,MED,LRW,SHM,ALA,DDC,M10,HOP,ME3,ZEN,H09,DDE,ROE,ARC,M11,DDF,SOM,MBS,DDG,NPH,CMD,M12,DDH,ISD,DDI,AVR,PC2,M13,RTR,DDK,M14,DDL,THS,C13,MD1,M15,DDN,KTK,C14,DD3_DVD,FRF,DDO,DTK,TPR,ORI,DDP,BFZ,C15,DDQ,SOI",,normal,205430,,,Basic Land,Plains,Land
Plains,,,W,Richard Wright,144,Basic Land — Plains,,"LEA,LEB,2ED,CED,CEI,3ED,4ED,ICE,RQS,pARL,MIR,ITP,5ED,POR,pPRE,TMP,pJGP,PO2,UGL,pALP,USG,ATH,6ED,PTK,S99,pGRU,MMQ,BRB,pELP,S00,INV,7ED,ODY,ONS,8ED,MRD,CHK,UNH,9ED,RAV,CST,TSP,10E,MED,LRW,SHM,ALA,DDC,M10,HOP,ME3,ZEN,H09,DDE,ROE,ARC,M11,DDF,SOM,MBS,DDG,NPH,CMD,M12,DDH,ISD,DDI,AVR,PC2,M13,RTR,DDK,M14,DDL,THS,C13,MD1,M15,DDN,KTK,C14,DD3_DVD,FRF,DDO,DTK,TPR,ORI,DDP,BFZ,C15,DDQ,SOI",,normal,205428,,,Basic Land,Plains,Land
Plains,,,W,Dave Kendall,145,Basic Land — Plains,,"LEA,LEB,2ED,CED,CEI,3ED,4ED,ICE,RQS,pARL,MIR,ITP,5ED,POR,pPRE,TMP,pJGP,PO2,UGL,pALP,USG,ATH,6ED,PTK,S99,pGRU,MMQ,BRB,pELP,S00,INV,7ED,ODY,ONS,8ED,MRD,CHK,UNH,9ED,RAV,CST,TSP,10E,MED,LRW,SHM,ALA,DDC,M10,HOP,ME3,ZEN,H09,DDE,ROE,ARC,M11,DDF,SOM,MBS,DDG,NPH,CMD,M12,DDH,ISD,DDI,AVR,PC2,M13,RTR,DDK,M14,DDL,THS,C13,MD1,M15,DDN,KTK,C14,DD3_DVD,FRF,DDO,DTK,TPR,ORI,DDP,BFZ,C15,DDQ,SOI",,normal,205436,,,Basic Land,Plains,Land
Plains,,,W,Stephan Martiniere,146,Basic Land — Plains,,"LEA,LEB,2ED,CED,CEI,3ED,4ED,ICE,RQS,pARL,MIR,ITP,5ED,POR,pPRE,TMP,pJGP,PO2,UGL,pALP,USG,ATH,6ED,PTK,S99,pGRU,MMQ,BRB,pELP,S00,INV,7ED,ODY,ONS,8ED,MRD,CHK,UNH,9ED,RAV,CST,TSP,10E,MED,LRW,SHM,ALA,DDC,M10,HOP,ME3,ZEN,H09,DDE,ROE,ARC,M11,DDF,SOM,MBS,DDG,NPH,CMD,M12,DDH,ISD,DDI,AVR,PC2,M13,RTR,DDK,M14,DDL,THS,C13,MD1,M15,DDN,KTK,C14,DD3_DVD,FRF,DDO,DTK,TPR,ORI,DDP,BFZ,C15,DDQ,SOI",,normal,205440,,,Basic Land,Plains,Land
Island,,,U,Mark Tedin,147,Basic Land — Island,,"LEA,LEB,2ED,CED,CEI,3ED,4ED,ICE,RQS,pARL,MIR,ITP,5ED,POR,TMP,pJGP,PO2,UGL,pALP,USG,6ED,PTK,S99,pGRU,MMQ,BRB,pELP,S00,BTD,INV,7ED,ODY,ONS,8ED,MRD,CHK,UNH,9ED,RAV,CST,TSP,10E,MED,LRW,SHM,ALA,DD2,M10,HOP,ME3,ZEN,H09,DDE,ROE,DPA,ARC,M11,DDF,SOM,MBS,NPH,CMD,M12,DDH,ISD,DDI,AVR,PC2,M13,DDJ,RTR,M14,THS,C13,DDM,M15,DDN,KTK,C14,DD3_JVC,FRF,DDO,DTK,TPR,ORI,BFZ,C15,DDQ,SOI",,normal,205286,,,Basic Land,Island,Land
Island,,,U,Rob Alexander,148,Basic Land — Island,,"LEA,LEB,2ED,CED,CEI,3ED,4ED,ICE,RQS,pARL,MIR,ITP,5ED,POR,TMP,pJGP,PO2,UGL,pALP,USG,6ED,PTK,S99,pGRU,MMQ,BRB,pELP,S00,BTD,INV,7ED,ODY,ONS,8ED,MRD,CHK,UNH,9ED,RAV,CST,TSP,10E,MED,LRW,SHM,ALA,DD2,M10,HOP,ME3,ZEN,H09,DDE,ROE,DPA,ARC,M11,DDF,SOM,MBS,NPH,CMD,M12,DDH,ISD,DDI,AVR,PC2,M13,DDJ,RTR,M14,THS,C13,DDM,M15,DDN,KTK,C14,DD3_JVC,FRF,DDO,DTK,TPR,ORI,BFZ,C15,DDQ,SOI",,normal,205287,,,Basic Land,Island,Land
Island,,,U,Martina Pilcerova,149,Basic Land — Island,,"LEA,LEB,2ED,CED,CEI,3ED,4ED,ICE,RQS,pARL,MIR,ITP,5ED,POR,TMP,pJGP,PO2,UGL,pALP,USG,6ED,PTK,S99,pGRU,MMQ,BRB,pELP,S00,BTD,INV,7ED,ODY,ONS,8ED,MRD,CHK,UNH,9ED,RAV,CST,TSP,10E,MED,LRW,SHM,ALA,DD2,M10,HOP,ME3,ZEN,H09,DDE,ROE,DPA,ARC,M11,DDF,SOM,MBS,NPH,CMD,M12,DDH,ISD,DDI,AVR,PC2,M13,DDJ,RTR,M14,THS,C13,DDM,M15,DDN,KTK,C14,DD3_JVC,FRF,DDO,DTK,TPR,ORI,BFZ,C15,DDQ,SOI",,normal,205288,,,Basic Land,Island,Land
Island,,,U,John Avon,150,Basic Land — Island,,"LEA,LEB,2ED,CED,CEI,3ED,4ED,ICE,RQS,pARL,MIR,ITP,5ED,POR,TMP,pJGP,PO2,UGL,pALP,USG,6ED,PTK,S99,pGRU,MMQ,BRB,pELP,S00,BTD,INV,7ED,ODY,ONS,8ED,MRD,CHK,UNH,9ED,RAV,CST,TSP,10E,MED,LRW,SHM,ALA,DD2,M10,HOP,ME3,ZEN,H09,DDE,ROE,DPA,ARC,M11,DDF,SOM,MBS,NPH,CMD,M12,DDH,ISD,DDI,AVR,PC2,M13,DDJ,RTR,M14,THS,C13,DDM,M15,DDN,KTK,C14,DD3_JVC,FRF,DDO,DTK,TPR,ORI,BFZ,C15,DDQ,SOI",,normal,205289,,,Basic Land,Island,Land
Swamp,,,B,Martina Pilcerova,151,Basic Land — Swamp,,"LEA,LEB,2ED,CED,CEI,3ED,4ED,ICE,RQS,pARL,MIR,ITP,5ED,POR,TMP,pJGP,PO2,UGL,pALP,USG,ATH,6ED,PTK,S99,pGRU,MMQ,BRB,pELP,S00,BTD,INV,7ED,ODY,DKM,ONS,8ED,MRD,CHK,UNH,9ED,RAV,CST,TSP,10E,MED,LRW,SHM,ALA,DDC,M10,HOP,ME3,ZEN,DDD,H09,DDE,ROE,DPA,ARC,M11,SOM,MBS,NPH,CMD,M12,DDH,ISD,PD3,AVR,PC2,M13,DDJ,RTR,DDK,M14,THS,C13,DDM,MD1,M15,DDN,KTK,C14,DD3_DVD,DD3_GVL,FRF,DTK,TPR,ORI,DDP,BFZ,C15,DDQ,SOI",,normal,205309,,,Basic Land,Swamp,Land
Swamp,,,B,Vance Kovacs,152,Basic Land — Swamp,,"LEA,LEB,2ED,CED,CEI,3ED,4ED,ICE,RQS,pARL,MIR,ITP,5ED,POR,TMP,pJGP,PO2,UGL,pALP,USG,ATH,6ED,PTK,S99,pGRU,MMQ,BRB,pELP,S00,BTD,INV,7ED,ODY,DKM,ONS,8ED,MRD,CHK,UNH,9ED,RAV,CST,TSP,10E,MED,LRW,SHM,ALA,DDC,M10,HOP,ME3,ZEN,DDD,H09,DDE,ROE,DPA,ARC,M11,SOM,MBS,NPH,CMD,M12,DDH,ISD,PD3,AVR,PC2,M13,DDJ,RTR,DDK,M14,THS,C13,DDM,MD1,M15,DDN,KTK,C14,DD3_DVD,DD3_GVL,FRF,DTK,TPR,ORI,DDP,BFZ,C15,DDQ,SOI",,normal,205443,,,Basic Land,Swamp,Land
Swamp,,,B,Craig Mullins,153,Basic Land — Swamp,,"LEA,LEB,2ED,CED,CEI,3ED,4ED,ICE,RQS,pARL,MIR,ITP,5ED,POR,TMP,pJGP,PO2,UGL,pALP,USG,ATH,6ED,PTK,S99,pGRU,MMQ,BRB,pELP,S00,BTD,INV,7ED,ODY,DKM,ONS,8ED,MRD,CHK,UNH,9ED,RAV,CST,TSP,10E,MED,LRW,SHM,ALA,DDC,M10,HOP,ME3,ZEN,DDD,H09,DDE,ROE,DPA,ARC,M11,SOM,MBS,NPH,CMD,M12,DDH,ISD,PD3,AVR,PC2,M13,DDJ,RTR,DDK,M14,THS,C13,DDM,MD1,M15,DDN,KTK,C14,DD3_DVD,DD3_GVL,FRF,DTK,TPR,ORI,DDP,BFZ,C15,DDQ,SOI",,normal,205434,,,Basic Land,Swamp,Land
Swamp,,,B,Mark Tedin,154,Basic Land — Swamp,,"LEA,LEB,2ED,CED,CEI,3ED,4ED,ICE,RQS,pARL,MIR,ITP,5ED,POR,TMP,pJGP,PO2,UGL,pALP,USG,ATH,6ED,PTK,S99,pGRU,MMQ,BRB,pELP,S00,BTD,INV,7ED,ODY,DKM,ONS,8ED,MRD,CHK,UNH,9ED,RAV,CST,TSP,10E,MED,LRW,SHM,ALA,DDC,M10,HOP,ME3,ZEN,DDD,H09,DDE,ROE,DPA,ARC,M11,SOM,MBS,NPH,CMD,M12,DDH,ISD,PD3,AVR,PC2,M13,DDJ,RTR,DDK,M14,THS,C13,DDM,MD1,M15,DDN,KTK,C14,DD3_DVD,DD3_GVL,FRF,DTK,TPR,ORI,DDP,BFZ,C15,DDQ,SOI",,normal,205442,,,Basic Land,Swamp,Land
Swamp,,,B,Mark Tedin,155,Basic Land — Swamp,,"LEA,LEB,2ED,CED,CEI,3ED,4ED,ICE,RQS,pARL,MIR,ITP,5ED,POR,TMP,pJGP,PO2,UGL,pALP,USG,ATH,6ED,PTK,S99,pGRU,MMQ,BRB,pELP,S00,BTD,INV,7ED,ODY,DKM,ONS,8ED,MRD,CHK,UNH,9ED,RAV,CST,TSP,10E,MED,LRW,SHM,ALA,DDC,M10,HOP,ME3,ZEN,DDD,H09,DDE,ROE,DPA,ARC,M11,SOM,MBS,NPH,CMD,M12,DDH,ISD,PD3,AVR,PC2,M13,DDJ,RTR,DDK,M14,THS,C13,DDM,MD1,M15,DDN,KTK,C14,DD3_DVD,DD3_GVL,FRF,DTK,TPR,ORI,DDP,BFZ,C15,DDQ,SOI",,normal,205446,,,Basic Land,Swamp,Land
Mountain,,,R,Craig Mullins,156,Basic Land — Mountain,,"LEA,LEB,2ED,ARN,CED,CEI,3ED,4ED,ICE,RQS,pARL,MIR,ITP,5ED,POR,TMP,pJGP,PO2,UGL,pALP,USG,ATH,6ED,PTK,S99,pGRU,MMQ,BRB,pELP,S00,BTD,INV,7ED,ODY,DKM,ONS,8ED,MRD,CHK,UNH,9ED,RAV,CST,TSP,10E,MED,LRW,EVG,SHM,ALA,DD2,M10,HOP,ME3,ZEN,H09,DDE,ROE,DPA,ARC,M11,SOM,PD2,MBS,DDG,NPH,CMD,M12,DDH,ISD,DDI,AVR,PC2,M13,DDJ,RTR,DDK,M14,DDL,THS,C13,M15,DDN,KTK,C14,DD3_EVG,DD3_JVC,FRF,DTK,TPR,ORI,DDP,BFZ,C15,SOI",,normal,205468,,,Basic Land,Mountain,Land
Mountain,,,R,Aleksi Briclot,157,Basic Land — Mountain,,"LEA,LEB,2ED,ARN,CED,CEI,3ED,4ED,ICE,RQS,pARL,MIR,ITP,5ED,POR,TMP,pJGP,PO2,UGL,pALP,USG,ATH,6ED,PTK,S99,pGRU,MMQ,BRB,pELP,S00,BTD,INV,7ED,ODY,DKM,ONS,8ED,MRD,CHK,UNH,9ED,RAV,CST,TSP,10E,MED,LRW,EVG,SHM,ALA,DD2,M10,HOP,ME3,ZEN,H09,DDE,ROE,DPA,ARC,M11,SOM,PD2,MBS,DDG,NPH,CMD,M12,DDH,ISD,DDI,AVR,PC2,M13,DDJ,RTR,DDK,M14,DDL,THS,C13,M15,DDN,KTK,C14,DD3_EVG,DD3_JVC,FRF,DTK,TPR,ORI,DDP,BFZ,C15,SOI",,normal,205471,,,Basic Land,Mountain,Land
Mountain,,,R,Aleksi Briclot,158,Basic Land — Mountain,,"LEA,LEB,2ED,ARN,CED,CEI,3ED,4ED,ICE,RQS,pARL,MIR,ITP,5ED,POR,TMP,pJGP,PO2,UGL,pALP,USG,ATH,6ED,PTK,S99,pGRU,MMQ,BRB,pELP,S00,BTD,INV,7ED,ODY,DKM,ONS,8ED,MRD,CHK,UNH,9ED,RAV,CST,TSP,10E,MED,LRW,EVG,SHM,ALA,DD2,M10,HOP,ME3,ZEN,H09,DDE,ROE,DPA,ARC,M11,SOM,PD2,MBS,DDG,NPH,CMD,M12,DDH,ISD,DDI,AVR,PC2,M13,DDJ,RTR,DDK,M14,DDL,THS,C13,M15,DDN,KTK,C14,DD3_EVG,DD3_JVC,FRF,DTK,TPR,ORI,DDP,BFZ,C15,SOI",,normal,205470,,,Basic Land,Mountain,Land
Mountain,,,R,Nils Hamm,159,Basic Land — Mountain,,"LEA,LEB,2ED,ARN,CED,CEI,3ED,4ED,ICE,RQS,pARL,MIR,ITP,5ED,POR,TMP,pJGP,PO2,UGL,pALP,USG,ATH,6ED,PTK,S99,pGRU,MMQ,BRB,pELP,S00,BTD,INV,7ED,ODY,DKM,ONS,8ED,MRD,CHK,UNH,9ED,RAV,CST,TSP,10E,MED,LRW,EVG,SHM,ALA,DD2,M10,HOP,ME3,ZEN,H09,DDE,ROE,DPA,ARC,M11,SOM,PD2,MBS,DDG,NPH,CMD,M12,DDH,ISD,DDI,AVR,PC2,M13,DDJ,RTR,DDK,M14,DDL,THS,C13,M15,DDN,KTK,C14,DD3_EVG,DD3_JVC,FRF,DTK,TPR,ORI,DDP,BFZ,C15,SOI",,normal,205469,,,Basic Land,Mountain,Land
Mountain,,,R,Mark Tedin,160,Basic Land — Mountain,,"LEA,LEB,2ED,ARN,CED,CEI,3ED,4ED,ICE,RQS,pARL,MIR,ITP,5ED,POR,TMP,pJGP,PO2,UGL,pALP,USG,ATH,6ED,PTK,S99,pGRU,MMQ,BRB,pELP,S00,BTD,INV,7ED,ODY,DKM,ONS,8ED,MRD,CHK,UNH,9ED,RAV,CST,TSP,10E,MED,LRW,EVG,SHM,ALA,DD2,M10,HOP,ME3,ZEN,H09,DDE,ROE,DPA,ARC,M11,SOM,PD2,MBS,DDG,NPH,CMD,M12,DDH,ISD,DDI,AVR,PC2,M13,DDJ,RTR,DDK,M14,DDL,THS,C13,M15,DDN,KTK,C14,DD3_EVG,DD3_JVC,FRF,DTK,TPR,ORI,DDP,BFZ,C15,SOI",,normal,205292,,,Basic Land,Mountain,Land
Mountain,,,R,Stephan Martiniere,161,Basic Land — Mountain,,"LEA,LEB,2ED,ARN,CED,CEI,3ED,4ED,ICE,RQS,pARL,MIR,ITP,5ED,POR,TMP,pJGP,PO2,UGL,pALP,USG,ATH,6ED,PTK,S99,pGRU,MMQ,BRB,pELP,S00,BTD,INV,7ED,ODY,DKM,ONS,8ED,MRD,CHK,UNH,9ED,RAV,CST,TSP,10E,MED,LRW,EVG,SHM,ALA,DD2,M10,HOP,ME3,ZEN,H09,DDE,ROE,DPA,ARC,M11,SOM,PD2,MBS,DDG,NPH,CMD,M12,DDH,ISD,DDI,AVR,PC2,M13,DDJ,RTR,DDK,M14,DDL,THS,C13,M15,DDN,KTK,C14,DD3_EVG,DD3_JVC,FRF,DTK,TPR,ORI,DDP,BFZ,C15,SOI",,normal,205447,,,Basic Land,Mountain,Land
Mountain,,,R,Richard Wright,162,Basic Land — Mountain,,"LEA,LEB,2ED,ARN,CED,CEI,3ED,4ED,ICE,RQS,pARL,MIR,ITP,5ED,POR,TMP,pJGP,PO2,UGL,pALP,USG,ATH,6ED,PTK,S99,pGRU,MMQ,BRB,pELP,S00,BTD,INV,7ED,ODY,DKM,ONS,8ED,MRD,CHK,UNH,9ED,RAV,CST,TSP,10E,MED,LRW,EVG,SHM,ALA,DD2,M10,HOP,ME3,ZEN,H09,DDE,ROE,DPA,ARC,M11,SOM,PD2,MBS,DDG,NPH,CMD,M12,DDH,ISD,DDI,AVR,PC2,M13,DDJ,RTR,DDK,M14,DDL,THS,C13,M15,DDN,KTK,C14,DD3_EVG,DD3_JVC,FRF,DTK,TPR,ORI,DDP,BFZ,C15,SOI",,normal,205432,,,Basic Land,Mountain,Land
Mountain,,,R,Dave Kendall,163,Basic Land — Mountain,,"LEA,LEB,2ED,ARN,CED,CEI,3ED,4ED,ICE,RQS,pARL,MIR,ITP,5ED,POR,TMP,pJGP,PO2,UGL,pALP,USG,ATH,6ED,PTK,S99,pGRU,MMQ,BRB,pELP,S00,BTD,INV,7ED,ODY,DKM,ONS,8ED,MRD,CHK,UNH,9ED,RAV,CST,TSP,10E,MED,LRW,EVG,SHM,ALA,DD2,M10,HOP,ME3,ZEN,H09,DDE,ROE,DPA,ARC,M11,SOM,PD2,MBS,DDG,NPH,CMD,M12,DDH,ISD,DDI,AVR,PC2,M13,DDJ,RTR,DDK,M14,DDL,THS,C13,M15,DDN,KTK,C14,DD3_EVG,DD3_JVC,FRF,DTK,TPR,ORI,DDP,BFZ,C15,SOI",,normal,205441,,,Basic Land,Mountain,Land
Mountain,,,R,Brandon Kitkouski,164,Basic Land — Mountain,,"LEA,LEB,2ED,ARN,CED,CEI,3ED,4ED,ICE,RQS,pARL,MIR,ITP,5ED,POR,TMP,pJGP,PO2,UGL,pALP,USG,ATH,6ED,PTK,S99,pGRU,MMQ,BRB,pELP,S00,BTD,INV,7ED,ODY,DKM,ONS,8ED,MRD,CHK,UNH,9ED,RAV,CST,TSP,10E,MED,LRW,EVG,SHM,ALA,DD2,M10,HOP,ME3,ZEN,H09,DDE,ROE,DPA,ARC,M11,SOM,PD2,MBS,DDG,NPH,CMD,M12,DDH,ISD,DDI,AVR,PC2,M13,DDJ,RTR,DDK,M14,DDL,THS,C13,M15,DDN,KTK,C14,DD3_EVG,DD3_JVC,FRF,DTK,TPR,ORI,DDP,BFZ,C15,SOI",,normal,205435,,,Basic Land,Mountain,Land
Forest,,,G,John Avon,165,Basic Land — Forest,,"LEA,LEB,2ED,CED,CEI,3ED,4ED,ICE,RQS,pARL,MIR,ITP,5ED,POR,TMP,pJGP,PO2,UGL,pALP,USG,ATH,6ED,PTK,S99,pGRU,MMQ,BRB,pELP,S00,BTD,INV,7ED,ODY,DKM,ONS,8ED,MRD,CHK,UNH,9ED,RAV,CST,TSP,10E,MED,LRW,EVG,SHM,ALA,M10,HOP,ME3,ZEN,DDD,H09,DDE,ROE,DPA,ARC,M11,SOM,MBS,DDG,NPH,CMD,M12,DDH,ISD,AVR,PC2,M13,DDJ,RTR,M14,DDL,THS,C13,DDM,M15,KTK,C14,DD3_EVG,DD3_GVL,FRF,DDO,DTK,TPR,ORI,DDP,BFZ,C15,SOI",,normal,205464,,,Basic Land,Forest,Land
Forest,,,G,Craig Mullins,166,Basic Land — Forest,,"LEA,LEB,2ED,CED,CEI,3ED,4ED,ICE,RQS,pARL,MIR,ITP,5ED,POR,TMP,pJGP,PO2,UGL,pALP,USG,ATH,6ED,PTK,S99,pGRU,MMQ,BRB,pELP,S00,BTD,INV,7ED,ODY,DKM,ONS,8ED,MRD,CHK,UNH,9ED,RAV,CST,TSP,10E,MED,LRW,EVG,SHM,ALA,M10,HOP,ME3,ZEN,DDD,H09,DDE,ROE,DPA,ARC,M11,SOM,MBS,DDG,NPH,CMD,M12,DDH,ISD,AVR,PC2,M13,DDJ,RTR,M14,DDL,THS,C13,DDM,M15,KTK,C14,DD3_EVG,DD3_GVL,FRF,DDO,DTK,TPR,ORI,DDP,BFZ,C15,SOI",,normal,205466,,,Basic Land,Forest,Land
Forest,,,G,Chippy,167,Basic Land — Forest,,"LEA,LEB,2ED,CED,CEI,3ED,4ED,ICE,RQS,pARL,MIR,ITP,5ED,POR,TMP,pJGP,PO2,UGL,pALP,USG,ATH,6ED,PTK,S99,pGRU,MMQ,BRB,pELP,S00,BTD,INV,7ED,ODY,DKM,ONS,8ED,MRD,CHK,UNH,9ED,RAV,CST,TSP,10E,MED,LRW,EVG,SHM,ALA,M10,HOP,ME3,ZEN,DDD,H09,DDE,ROE,DPA,ARC,M11,SOM,MBS,DDG,NPH,CMD,M12,DDH,ISD,AVR,PC2,M13,DDJ,RTR,M14,DDL,THS,C13,DDM,M15,KTK,C14,DD3_EVG,DD3_GVL,FRF,DDO,DTK,TPR,ORI,DDP,BFZ,C15,SOI",,normal,205467,,,Basic Land,Forest,Land
Forest,,,G,Glen Angus,168,Basic Land — Forest,,"LEA,LEB,2ED,CED,CEI,3ED,4ED,ICE,RQS,pARL,MIR,ITP,5ED,POR,TMP,pJGP,PO2,UGL,pALP,USG,ATH,6ED,PTK,S99,pGRU,MMQ,BRB,pELP,S00,BTD,INV,7ED,ODY,DKM,ONS,8ED,MRD,CHK,UNH,9ED,RAV,CST,TSP,10E,MED,LRW,EVG,SHM,ALA,M10,HOP,ME3,ZEN,DDD,H09,DDE,ROE,DPA,ARC,M11,SOM,MBS,DDG,NPH,CMD,M12,DDH,ISD,AVR,PC2,M13,DDJ,RTR,M14,DDL,THS,C13,DDM,M15,KTK,C14,DD3_EVG,DD3_GVL,FRF,DDO,DTK,TPR,ORI,DDP,BFZ,C15,SOI",,normal,205465,,,Basic Land,Forest,Land
Forest,,,G,Mark Tedin,169,Basic Land — Forest,,"LEA,LEB,2ED,CED,CEI,3ED,4ED,ICE,RQS,pARL,MIR,ITP,5ED,POR,TMP,pJGP,PO2,UGL,pALP,USG,ATH,6ED,PTK,S99,pGRU,MMQ,BRB,pELP,S00,BTD,INV,7ED,ODY,DKM,ONS,8ED,MRD,CHK,UNH,9ED,RAV,CST,TSP,10E,MED,LRW,EVG,SHM,ALA,M10,HOP,ME3,ZEN,DDD,H09,DDE,ROE,DPA,ARC,M11,SOM,MBS,DDG,NPH,CMD,M12,DDH,ISD,AVR,PC2,M13,DDJ,RTR,M14,DDL,THS,C13,DDM,M15,KTK,C14,DD3_EVG,DD3_GVL,FRF,DDO,DTK,TPR,ORI,DDP,BFZ,C15,SOI",,normal,205279,,,Basic Land,Forest,Land
