name,manaCost,cmc,colorIdentity,artist,number,type,text,printings,flavor,layout,multiverseid,power,toughness,rarity,subtypes,types
Abbey Griffin,{3}{W},4,W,Jaime Jones,1,Creature — Griffin,"Flying, vigilance",ISD,"""The darkness crawls with vampires and ghouls, but we are not without allies.""\n—Mikaeus, the Lunarch",normal,235595,2,2,Common,Griffin,Creature
Angel of Flight Alabaster,{4}{W},5,W,Howard Lyon,2,Creature — Angel,"Flying\nAt the beginning of your upkeep, return target Spirit card from your graveyard to your hand.",ISD,She endures without Avacyn but secretly asks each soul she guides if it has seen her.,normal,230620,4,4,Rare,Angel,Creature
Angelic Overseer,{3}{W}{W},5,W,Jason Chan,3,Creature — Angel,"Flying\nAs long as you control a Human, Angelic Overseer has hexproof and indestructible.",ISD,From mortal hope immortal power springs.,normal,220370,5,3,Mythic Rare,Angel,Creature
Avacynian Priest,{1}{W},2,W,Greg Staples,4,Creature — Human Cleric,"{1}, {T}: Tap target non-Human creature.",ISD,Moorlanders speak in awe of the priests' talent for arriving just in time to drive off the wicked things that prowl the ravished parish.,normal,220380,1,2,Common,"Human,Cleric",Creature
Bonds of Faith,{1}{W},2,W,Steve Argyle,5,Enchantment — Aura,"Enchant creature\nEnchanted creature gets +2/+2 as long as it's a Human. Otherwise, it can't attack or block.","ISD,DDL,DDQ","""What cannot be destroyed will be bound.""\n—Oath of Avacyn",normal,221216,,,Common,Aura,Enchantment
Champion of the Parish,{W},1,W,Svetlin Velinov,6,Creature — Human Soldier,"Whenever another Human enters the battlefield under your control, put a +1/+1 counter on Champion of the Parish.","ISD,DDQ","""I stand for every cobbler, tanner, and fool in this town—and they stand for me.""",normal,262861,1,1,Rare,"Human,Soldier",Creature
Chapel Geist,{1}{W}{W},3,W,Peter Mohrbacher,7,Creature — Spirit,Flying,"ISD,DDQ","Death has bound it with chains of past regrets. Forever it searches for atonement, each kindness removing a single link.",normal,230622,2,3,Common,Spirit,Creature
Cloistered Youth,{1}{W},2,"B,W",Igor Kieryluk,8a,Creature — Human,"At the beginning of your upkeep, you may transform Cloistered Youth.",ISD,"""I heard her talking in her sleep—pleading, shrieking, snarling. It was not my daughter's voice. That is not my daughter.""\n—Ekatrin, elder of Hanweir",double-faced,221212,1,1,Uncommon,Human,Creature
Unholy Fiend,,2,"B,W",Igor Kieryluk,8b,Creature — Horror,"At the beginning of your end step, you lose 1 life.",ISD,"The fiend tormented them by recounting the girl's memories, as if some part of her remained inside that twisted shell.",double-faced,221222,3,3,Uncommon,Horror,Creature
Dearly Departed,{4}{W}{W},6,W,Daniel Ljunggren,9,Creature — Spirit,"Flying\nAs long as Dearly Departed is in your graveyard, each Human creature you control enters the battlefield with an additional +1/+1 counter on it.","ISD,DDQ","""Never forget our ancestors. They have not forgotten us.""\n—Mikaeus, the Lunarch",normal,222194,5,5,Rare,Spirit,Creature
Divine Reckoning,{2}{W}{W},4,W,Greg Staples,10,Sorcery,Each player chooses a creature he or she controls. Destroy the rest.\nFlashback {5}{W}{W} (You may cast this card from your graveyard for its flashback cost. Then exile it.),ISD,Survival of the purest.,normal,245196,,,Rare,,Sorcery
Doomed Traveler,{W},1,W,Lars Grant-West,11,Creature — Human Soldier,"When Doomed Traveler dies, put a 1/1 white Spirit creature token with flying onto the battlefield.","ISD,DDK,CNS,DDQ",He vowed he would never rest until he reached his destination. He doesn't know how right he was.,normal,237364,1,1,Common,"Human,Soldier",Creature
Elder Cathar,{2}{W},3,W,Chris Rahn,12,Creature — Human Soldier,"When Elder Cathar dies, put a +1/+1 counter on target creature you control. If that creature is a Human, put two +1/+1 counters on it instead.","ISD,DDQ","""My greatest hope is that you will surpass me in every way, consigning my name to some forgotten corner of history.""",normal,222910,2,2,Common,"Human,Soldier",Creature
Elite Inquisitor,{W}{W},2,W,Jana Schirmer & Johannes Voss,13,Creature — Human Soldier,"First strike, vigilance\nProtection from Vampires, from Werewolves, and from Zombies","pMGD,ISD","""No matter how many I kill, there are always more to hunt. It makes me smile just to think about it.""",normal,246949,2,2,Rare,"Human,Soldier",Creature
Feeling of Dread,{1}{W},2,"W,U",John Stanko,14,Instant,Tap up to two target creatures.\nFlashback {1}{U} (You may cast this card from your graveyard for its flashback cost. Then exile it.),ISD,"People only say ""I'm sure it was nothing"" when they're sure it was something.",normal,237360,,,Common,,Instant
Fiend Hunter,{1}{W}{W},3,W,Wayne Reynolds,15,Creature — Human Cleric,"When Fiend Hunter enters the battlefield, you may exile another target creature.\nWhen Fiend Hunter leaves the battlefield, return the exiled card to the battlefield under its owner's control.","ISD,DDK,C13,DDQ",,normal,222007,1,3,Uncommon,"Human,Cleric",Creature
Gallows Warden,{4}{W},5,W,Dan Scott,16,Creature — Spirit,Flying\nOther Spirit creatures you control get +0/+1.,ISD,The spirit cares nothing for the crimes or triumphs of the slain. It shelters all beneath its stormy cloak.,normal,233248,3,3,Uncommon,Spirit,Creature
Geist-Honored Monk,{3}{W}{W},5,W,Clint Cearley,17,Creature — Human Monk,"Vigilance\nGeist-Honored Monk's power and toughness are each equal to the number of creatures you control.\nWhen Geist-Honored Monk enters the battlefield, put two 1/1 white Spirit creature tokens with flying onto the battlefield.","ISD,C14",,normal,230787,*,*,Rare,"Human,Monk",Creature
Ghostly Possession,{2}{W},3,W,Howard Lyon,18,Enchantment — Aura,Enchant creature\nEnchanted creature has flying.\nPrevent all combat damage that would be dealt to and dealt by enchanted creature.,ISD,,normal,220052,,,Common,Aura,Enchantment
Intangible Virtue,{1}{W},2,W,Clint Cearley,19,Enchantment,Creature tokens you control get +1/+1 and have vigilance.,"ISD,MD1,CNS,EMA","In life, they were a motley crew: farmers, lords, cutpurses, priests. In death, they are united in singular, benevolent purpose.",normal,243217,,,Uncommon,,Enchantment
Mausoleum Guard,{3}{W},4,W,David Palumbo,20,Creature — Human Scout,"When Mausoleum Guard dies, put two 1/1 white Spirit creature tokens with flying onto the battlefield.","ISD,DDK","""Ghoulcallers trying to get in, geists trying to get out . . . . This duty is never dull.""",normal,237356,2,2,Uncommon,"Human,Scout",Creature
Mentor of the Meek,{2}{W},3,W,Jana Schirmer & Johannes Voss,21,Creature — Human Soldier,"Whenever another creature with power 2 or less enters the battlefield under your control, you may pay {1}. If you do, draw a card.","ISD,C14","""In these halls there is no pass or fail. Your true test comes with the first full moon.""",normal,244682,2,2,Rare,"Human,Soldier",Creature
Midnight Haunting,{2}{W},3,W,Matt Stewart,22,Instant,Put two 1/1 white Spirit creature tokens with flying onto the battlefield.,"ISD,C14",The path back to the world of the living is murky and bewildering. A geist may not even realize that it's terrifying its own loved ones.,normal,221214,,,Uncommon,,Instant
"Mikaeus, the Lunarch",{X}{W},1,W,Steven Belledin,23,Legendary Creature — Human Cleric,"Mikaeus, the Lunarch enters the battlefield with X +1/+1 counters on it.\n{T}: Put a +1/+1 counter on Mikaeus.\n{T}, Remove a +1/+1 counter from Mikaeus: Put a +1/+1 counter on each other creature you control.","V11,ISD",,normal,247234,0,0,Mythic Rare,"Human,Cleric",Creature
Moment of Heroism,{1}{W},2,W,Christopher Moeller,24,Instant,Target creature gets +2/+2 and gains lifelink until end of turn. (Damage dealt by the creature also causes its controller to gain that much life.),"ISD,DDL,CNS","""My faith is stronger than fang, claw, or mindless hunger.""",normal,226882,,,Common,,Instant
Nevermore,{1}{W}{W},3,W,Jason A. Engle,25,Enchantment,"As Nevermore enters the battlefield, name a nonland card.\nThe named card can't be cast.",ISD,"""By the law of Avacyn, the following thoughts, words, and deeds are henceforth disallowed.""",normal,226878,,,Rare,,Enchantment
Paraselene,{2}{W},3,W,Ryan Yee,26,Sorcery,Destroy all enchantments. You gain 1 life for each enchantment destroyed this way.,ISD,"""Moonlight has a way of showing all things as they truly are—for better or for worse.""\n—Zilla of Lambholt",normal,249975,,,Uncommon,,Sorcery
Purify the Grave,{W},1,W,Drew Baker,27,Instant,Exile target card from a graveyard.\nFlashback {W} (You may cast this card from your graveyard for its flashback cost. Then exile it.),ISD,"Some priests speak in whispers of the Helvault, a silver prison of unpurged evils.",normal,226884,,,Uncommon,,Instant
Rally the Peasants,{2}{W},3,"W,R",Jaime Jones,28,Instant,Creatures you control get +2/+0 until end of turn.\nFlashback {2}{R} (You may cast this card from your graveyard for its flashback cost. Then exile it.),"ISD,EMA","""If you must go out at night, bring a mob.""\n—Master of the Elgaud Cathars",normal,237361,,,Uncommon,,Instant
Rebuke,{2}{W},3,W,Igor Kieryluk,29,Instant,Destroy target attacking creature.,"ISD,DDQ","""No one chooses to be stitched together into a skaab. If it could speak, it would beg for its own destruction.""\n—Thalia, Knight-Cathar",normal,247423,,,Common,,Instant
Selfless Cathar,{W},1,W,Slawomir Maniak,30,Creature — Human Cleric,"{1}{W}, Sacrifice Selfless Cathar: Creatures you control get +1/+1 until end of turn.","ISD,M15","""If I fail to offer myself, we will surely be overrun. My fate would be the same.""",normal,221219,1,1,Common,"Human,Cleric",Creature
Silverchase Fox,{1}{W},2,W,Howard Lyon,31,Creature — Fox,"{1}{W}, Sacrifice Silverchase Fox: Exile target enchantment.","ISD,CNS","""Be careful in your hunt. The clever little creature can steal your wards and lead you right into the werewolf's den.""\n—Britta, midwife of Gatstaf",normal,234848,2,2,Common,Fox,Creature
Slayer of the Wicked,{3}{W},4,W,Anthony Palumbo,32,Creature — Human Soldier,"When Slayer of the Wicked enters the battlefield, you may destroy target Vampire, Werewolf, or Zombie.","ISD,DDQ",You don't want to see his trophy room.,normal,220062,3,2,Uncommon,"Human,Soldier",Creature
Smite the Monstrous,{3}{W},4,W,Jason Felix,33,Instant,Destroy target creature with power 4 or greater.,"ISD,DDL,KTK,FRF_UGIN,BFZ","Though the old holy wards and roadside shrines have begun to fail, faith in Avacyn still holds true power.",normal,220377,,,Common,,Instant
Spare from Evil,{1}{W},2,W,Jason Felix,34,Instant,Creatures you control gain protection from non-Human creatures until end of turn.,ISD,"""As long as we can utter a prayer or lift a weapon, we have the power to fight back.""\n—Thalia, Knight-Cathar",normal,230618,,,Common,,Instant
Spectral Rider,{W}{W},2,W,Igor Kieryluk,35,Creature — Spirit Knight,Intimidate (This creature can't be blocked except by artifact creatures and/or creatures that share a color with it.),ISD,"Never a word. Never a warning. Only the sound of hoofbeats along the crossways, and the screams of the avenged.",normal,220372,2,2,Uncommon,"Spirit,Knight",Creature
Stony Silence,{1}{W},2,W,Wayne England,36,Enchantment,Activated abilities of artifacts can't be activated.,ISD,"Let moss grow over gargoyles\n—Gavony saying meaning\n""forget painful memories""",normal,247425,,,Rare,,Enchantment
Thraben Purebloods,{4}{W},5,W,Martina Pilcerova,37,Creature — Hound,,ISD,"""I've learned to trust my dogs' instincts. When they're calm, I'm calm. And when they get nervous, I get my crossbow.""\n—Hinrik of House Cecani",normal,230625,3,5,Common,Hound,Creature
Thraben Sentry,{3}{W},4,W,David Rapoza,38a,Creature — Human Soldier,"Vigilance\nWhenever another creature you control dies, you may transform Thraben Sentry.",ISD,"""Looks like it's going to be a quiet night.""",double-faced,222016,2,2,Common,"Human,Soldier",Creature
Thraben Militia,,4,W,David Rapoza,38b,Creature — Human Soldier,Trample,ISD,"""The time for grief is over. The time for retribution has begun.""",double-faced,221190,5,4,Common,"Human,Soldier",Creature
Unruly Mob,{1}{W},2,W,Ryan Pancoast,39,Creature — Human,"Whenever another creature you control dies, put a +1/+1 counter on Unruly Mob.","ISD,SOI","""Who says werewolves are the only ones who can hunt as a pack?""\n—Kolman, elder of Gatstaf",normal,220389,1,1,Common,Human,Creature
Urgent Exorcism,{1}{W},2,W,Svetlin Velinov,40,Instant,Destroy target Spirit or enchantment.,ISD,"""To show geists pity is to prolong their agonies. Whether they know it or not, they seek the Blessed Sleep, and we are to give it to them.""\n—Mikaeus, the Lunarch",normal,227066,,,Common,,Instant
Village Bell-Ringer,{2}{W},3,W,David Palumbo,41,Creature — Human Scout,"Flash (You may cast this spell any time you could cast an instant.)\nWhen Village Bell-Ringer enters the battlefield, untap all creatures you control.","ISD,DDQ","""Priests, hunters, slayers—to arms! The enemy approaches!""",normal,222923,1,4,Common,"Human,Scout",Creature
Voiceless Spirit,{2}{W},3,W,Daarken,42,Creature — Spirit,"Flying, first strike",ISD,"""I'd rather take on a neckbiter or moonhowler any day. Oh well, looks like I'm going to end up parrying with empty air half the night.""\n—Saint Trogen, the Slayer",normal,243215,2,1,Common,Spirit,Creature
Armored Skaab,{2}{U},3,U,Volkan Baga,43,Creature — Zombie Warrior,"When Armored Skaab enters the battlefield, put the top four cards of your library into your graveyard.",ISD,Literally made for battle.,normal,244685,1,4,Common,"Zombie,Warrior",Creature
Back from the Brink,{4}{U}{U},6,U,Anthony Palumbo,44,Enchantment,Exile a creature card from your graveyard and pay its mana cost: Put a token onto the battlefield that's a copy of that card. Activate this ability only any time you could cast a sorcery.,ISD,"On Innistrad, death is just a career change.",normal,249663,,,Rare,,Enchantment
Battleground Geist,{4}{U},5,U,Clint Cearley,45,Creature — Spirit,Flying\nOther Spirit creatures you control get +1/+0.,ISD,"Not content to nudge vases and chill drawing rooms, some geists muster spectral armies to claw at the hearts of the living.",normal,237355,3,3,Uncommon,Spirit,Creature
Cackling Counterpart,{1}{U}{U},3,U,David Rapoza,46,Instant,Put a token onto the battlefield that's a copy of target creature you control.\nFlashback {5}{U}{U} (You may cast this card from your graveyard for its flashback cost. Then exile it.),"ISD,C14",,normal,245195,,,Rare,,Instant
Civilized Scholar,{2}{U},3,"R,U",Michael C. Hayes,47a,Creature — Human Advisor,"{T}: Draw a card, then discard a card. If a creature card is discarded this way, untap Civilized Scholar, then transform it.",ISD,"""Me, angry? Of course not. Thanks to my research, I'm above such petty emotions now.""",double-faced,221209,0,1,Uncommon,"Human,Advisor",Creature
Homicidal Brute,,3,"R,U",Michael C. Hayes,47b,Creature — Human Mutant,"At the beginning of your end step, if Homicidal Brute didn't attack this turn, tap Homicidal Brute, then transform it.",ISD,"For a moment his basest desires run free, unshackled by reason or conscience.",double-faced,221185,5,1,Uncommon,"Human,Mutant",Creature
Claustrophobia,{1}{U}{U},3,U,Ryan Pancoast,48,Enchantment — Aura,"Enchant creature\nWhen Claustrophobia enters the battlefield, tap enchanted creature.\nEnchanted creature doesn't untap during its controller's untap step.","ISD,M14,DDM,ORI",Six feet of earth muffled his cries.,normal,235601,,,Common,Aura,Enchantment
Curiosity,{U},1,U,Igor Kieryluk,49,Enchantment — Aura,"Enchant creature\nWhenever enchanted creature deals damage to an opponent, you may draw a card.","EXO,8ED,ISD,TPR","""Surely you know the joy of the hunt, my furry friend. My kind of hunt just takes a different form than yours.""",normal,230767,,,Uncommon,Aura,Enchantment
Curse of the Bloody Tome,{2}{U},3,U,Jaime Jones,50,Enchantment — Aura Curse,"Enchant player\nAt the beginning of enchanted player's upkeep, that player puts the top two cards of his or her library into his or her graveyard.","pWPN,ISD","After seeing his life's work drip away, the mage decided it was a good time to go crazy.",normal,230627,,,Common,"Aura,Curse",Enchantment
Delver of Secrets,{U},1,U,Nils Hamm,51a,Creature — Human Wizard,"At the beginning of your upkeep, look at the top card of your library. You may reveal that card. If an instant or sorcery card is revealed this way, transform Delver of Secrets.",ISD,,double-faced,226749,1,1,Common,"Human,Wizard",Creature
Insectile Aberration,,1,U,Nils Hamm,51b,Creature — Human Insect,Flying,ISD,"""Unfortunately, all my test animals have died or escaped, so I shall be the final subject. I feel no fear. This is a momentous night.""\n—Laboratory notes, final entry",double-faced,226755,3,2,Common,"Human,Insect",Creature
Deranged Assistant,{1}{U},2,U,Nils Hamm,52,Creature — Human Wizard,"{T}, Put the top card of your library into your graveyard: Add {C} to your mana pool.",ISD,"""Garl, adjust the slurry dispensers. Garl, fetch more corpses. Garl, quit crying and give me your brain tissue. If he doesn't stop being so rude, I'm quitting.""",normal,221171,1,1,Common,"Human,Wizard",Creature
Dissipate,{1}{U}{U},3,U,Tomasz Jedruszek,53,Instant,"Counter target spell. If that spell is countered this way, exile it instead of putting it into its owner's graveyard.","MIR,pFNM,ISD,DDJ,M15","""This abomination never belonged in our world. I'm merely setting it free.""\n—Dierk, geistmage",normal,241985,,,Uncommon,,Instant
Dream Twist,{U},1,U,Dan Scott,54,Instant,Target player puts the top three cards of his or her library into his or her graveyard.\nFlashback {1}{U} (You may cast this card from your graveyard for its flashback cost. Then exile it.),"ISD,EMA",,normal,243213,,,Common,,Instant
Forbidden Alchemy,{2}{U},3,"U,B",David Rapoza,55,Instant,Look at the top four cards of your library. Put one of them into your hand and the rest into your graveyard.\nFlashback {6}{B} (You may cast this card from your graveyard for its flashback cost. Then exile it.),"pFNM,ISD,DDQ",,normal,226758,,,Common,,Instant
Fortress Crab,{3}{U},4,U,Vincent Proce,56,Creature — Crab,,ISD,"Unbreakable and unappetizing, the crab grows uninterrupted, sometimes to the size of a cottage and beyond.",normal,234429,1,6,Common,Crab,Creature
Frightful Delusion,{2}{U},3,U,Anthony Palumbo,57,Instant,Counter target spell unless its controller pays {1}. That player discards a card.,ISD,"Whether he actually exists is in question, but the terror she feels is excruciatingly real.",normal,220031,,,Common,,Instant
Grasp of Phantoms,{3}{U},4,U,Izzy,58,Sorcery,Put target creature on top of its owner's library.\nFlashback {7}{U} (You may cast this card from your graveyard for its flashback cost. Then exile it.),ISD,,normal,243208,,,Uncommon,,Sorcery
Hysterical Blindness,{2}{U},3,U,Wayne England,59,Instant,Creatures your opponents control get -4/-0 until end of turn.,ISD,"""The panic is amusing, but the real fun comes when the spell passes and the villagers start looking for a scapegoat.""\n—Ludevic, necro-alchemist",normal,234433,,,Common,,Instant
Invisible Stalker,{1}{U},2,U,Bud Cook,60,Creature — Human Rogue,Hexproof (This creature can't be the target of spells or abilities your opponents control.)\nInvisible Stalker can't be blocked.,ISD,"""All that concerns me is the vampires' sense of smell and those freezing Nephalian nights.""",normal,220041,1,1,Uncommon,"Human,Rogue",Creature
Laboratory Maniac,{2}{U},3,U,Jason Felix,61,Creature — Human Wizard,"If you would draw a card while your library has no cards in it, you win the game instead.",ISD,"His mind whirled with grand plans, never thinking of what might happen if he were to succeed.",normal,230788,2,2,Rare,"Human,Wizard",Creature
Lantern Spirit,{2}{U},3,U,Johann Bodin,62,Creature — Spirit,Flying\n{U}: Return Lantern Spirit to its owner's hand.,ISD,"Bound to the square where she died, she calls out to those in danger—usually scaring them straight into the peril she warns of.",normal,241984,2,1,Uncommon,Spirit,Creature
Lost in the Mist,{3}{U}{U},5,U,David Palumbo,63,Instant,Counter target spell. Return target permanent to its owner's hand.,ISD,"The secrets she carried could have saved many lives, but they quietly drowned with her.",normal,241982,,,Common,,Instant
Ludevic's Test Subject,{1}{U},2,U,Nils Hamm,64a,Creature — Lizard,"Defender\n{1}{U}: Put a hatchling counter on Ludevic's Test Subject. Then if there are five or more hatchling counters on it, remove all of them and transform it.","pLPA,ISD",,double-faced,221179,0,3,Rare,Lizard,Creature
Ludevic's Abomination,,2,U,Nils Hamm,64b,Creature — Lizard Horror,Trample,"pLPA,ISD","After several frustrating experiments, the visionary Ludevic realized he needed to create a monster that fed on torch-wielding mobs.",double-faced,221173,13,13,Rare,"Lizard,Horror",Creature
Makeshift Mauler,{3}{U},4,U,James Ryman,65,Creature — Zombie Horror,"As an additional cost to cast Makeshift Mauler, exile a creature card from your graveyard.","ISD,DDQ","""It always amazes me what perfectly good things people throw away.""\n—Ludevic, necro-alchemist",normal,222916,4,5,Common,"Zombie,Horror",Creature
Memory's Journey,{1}{U},2,"U,G",Slawomir Maniak,66,Instant,Target player shuffles up to three target cards from his or her graveyard into his or her library.\nFlashback {G} (You may cast this card from your graveyard for its flashback cost. Then exile it.),ISD,,normal,254134,,,Uncommon,,Instant
Mindshrieker,{1}{U},2,U,Dave Kendall,67,Creature — Spirit Bird,"Flying\n{2}: Target player puts the top card of his or her library into his or her graveyard. Mindshrieker gets +X/+X until end of turn, where X is that card's converted mana cost.",ISD,,normal,229960,1,1,Rare,"Spirit,Bird",Creature
Mirror-Mad Phantasm,{3}{U}{U},5,U,Howard Lyon,68,Creature — Spirit,"Flying\n{1}{U}: Mirror-Mad Phantasm's owner shuffles it into his or her library. If that player does, he or she reveals cards from the top of that library until a card named Mirror-Mad Phantasm is revealed. The player puts that card onto the battlefield and all other cards revealed this way into his or her graveyard.",ISD,,normal,227297,5,1,Mythic Rare,Spirit,Creature
Moon Heron,{3}{U},4,U,Charles Urbach,69,Creature — Spirit Bird,Flying,ISD,The heron is the symbol of the archangel Avacyn. The fact that such spirits still fly gives the church hope that its founder may one day return.,normal,221187,3,2,Common,"Spirit,Bird",Creature
Murder of Crows,{3}{U}{U},5,U,Drew Baker,70,Creature — Bird,"Flying\nWhenever another creature dies, you may draw a card. If you do, discard a card.",ISD,"Even more than carrion, they crave the last words of the dying.",normal,230616,4,4,Uncommon,Bird,Creature
Rooftop Storm,{5}{U},6,U,John Stanko,71,Enchantment,You may pay {0} rather than pay the mana cost for Zombie creature spells you cast.,ISD,"""Let those idiot priests tremble! A new era in unlife begins here and now. Oglor, raise the lightning vane!""\n—Stitcher Geralf",normal,227287,,,Rare,,Enchantment
Runic Repetition,{2}{U},3,U,Svetlin Velinov,72,Sorcery,Return target exiled card with flashback you own to your hand.,ISD,"""What some call obsession, I call the quest for perfection.""",normal,227298,,,Uncommon,,Sorcery
Selhoff Occultist,{2}{U},3,U,Igor Kieryluk,73,Creature — Human Rogue,"Whenever Selhoff Occultist or another creature dies, target player puts the top card of his or her library into his or her graveyard.",ISD,"""The mist whispers to those who know it to be more than a mundane fog.""",normal,233254,2,3,Common,"Human,Rogue",Creature
Sensory Deprivation,{U},1,U,Steven Belledin,74,Enchantment — Aura,Enchant creature\nEnchanted creature gets -3/-0.,"ISD,M14","They call it ""stitcher's anesthesia,"" a spell to deaden the senses while the mad doctors begin their grisly work.",normal,222014,,,Common,Aura,Enchantment
Silent Departure,{U},1,U,John Avon,75,Sorcery,Return target creature to its owner's hand.\nFlashback {4}{U} (You may cast this card from your graveyard for its flashback cost. Then exile it.),"ISD,EMA",The same magic that lets geists pass through our realm can force them out of it.,normal,220047,,,Common,,Sorcery
Skaab Goliath,{5}{U},6,U,Volkan Baga,76,Creature — Zombie Giant,"As an additional cost to cast Skaab Goliath, exile two creature cards from your graveyard.\nTrample (This creature can deal excess combat damage to defending player or planeswalker while attacking.)","ISD,ORI","""Three heads, six arms, and some armor grafts are better than . . . the normal numbers of those things.""\n—Stitcher Geralf",normal,222913,6,9,Uncommon,"Zombie,Giant",Creature
Skaab Ruinator,{1}{U}{U},3,U,Chris Rahn,77,Creature — Zombie Horror,"As an additional cost to cast Skaab Ruinator, exile three creature cards from your graveyard.\nFlying\nYou may cast Skaab Ruinator from your graveyard.",ISD,,normal,230780,5,6,Mythic Rare,"Zombie,Horror",Creature
Snapcaster Mage,{1}{U},2,U,Volkan Baga,78,Creature — Human Wizard,"Flash\nWhen Snapcaster Mage enters the battlefield, target instant or sorcery card in your graveyard gains flashback until end of turn. The flashback cost is equal to its mana cost. (You may cast that card from your graveyard for its flashback cost. Then exile it.)",ISD,,normal,227676,2,1,Rare,"Human,Wizard",Creature
Spectral Flight,{1}{U},2,U,Johann Bodin,79,Enchantment — Aura,Enchant creature\nEnchanted creature gets +2/+2 and has flying.,ISD,"""The church looks down on binding spirits into armor, but now I can look down on them.""\n—Dierk, geistmage",normal,230775,,,Common,Aura,Enchantment
Stitched Drake,{1}{U}{U},3,U,Chris Rahn,80,Creature — Zombie Drake,"As an additional cost to cast Stitched Drake, exile a creature card from your graveyard.\nFlying","ISD,DDQ","""The best skaab are more powerful and more beautiful than the sum of their parts.""\n—Stitcher Geralf",normal,220652,3,4,Common,"Zombie,Drake",Creature
Stitcher's Apprentice,{1}{U},2,U,Johann Bodin,81,Creature — Homunculus,"{1}{U}, {T}: Put a 2/2 blue Homunculus creature token onto the battlefield, then sacrifice a creature.",ISD,"""Oglor create life, Oglor take it away. Oglor god! . . . until Master return.""",normal,220631,1,2,Common,Homunculus,Creature
Sturmgeist,{3}{U}{U},5,U,Terese Nielsen,82,Creature — Spirit,"Flying\nSturmgeist's power and toughness are each equal to the number of cards in your hand.\nWhenever Sturmgeist deals combat damage to a player, draw a card.",ISD,,normal,246950,*,*,Rare,Spirit,Creature
Think Twice,{1}{U},2,U,Anthony Francisco,83,Instant,Draw a card.\nFlashback {2}{U} (You may cast this card from your graveyard for its flashback cost. Then exile it.),"TSP,ISD","""Either I know just the spell I need, or I'm about to.""",normal,230626,,,Common,,Instant
Undead Alchemist,{3}{U},4,U,Michael C. Hayes,84,Creature — Zombie,"If a Zombie you control would deal combat damage to a player, instead that player puts that many cards from the top of his or her library into his or her graveyard.\nWhenever a creature card is put into an opponent's graveyard from his or her library, exile that card and put a 2/2 black Zombie creature token onto the battlefield.",ISD,,normal,244684,4,2,Rare,Zombie,Creature
Abattoir Ghoul,{3}{B},4,B,Volkan Baga,85,Creature — Zombie,"First strike\nWhenever a creature dealt damage by Abattoir Ghoul this turn dies, you gain life equal to that creature's toughness.","ISD,DDQ",Death took his humanity but not his skill with the knife.,normal,222911,3,2,Uncommon,Zombie,Creature
Altar's Reap,{1}{B},2,B,Donato Giancola,86,Instant,"As an additional cost to cast Altar's Reap, sacrifice a creature.\nDraw two cards.","ISD,M14,CNS,BFZ,C15","""The demons don't care if we mutter niceties and act out ceremonies. Just kill him.""\n—Bishop Volpaig, servant of Griselbrand",normal,226890,,,Common,,Instant
Army of the Damned,{5}{B}{B}{B},8,B,Ryan Pancoast,87,Sorcery,Put thirteen 2/2 black Zombie creature tokens onto the battlefield tapped.\nFlashback {7}{B}{B}{B} (You may cast this card from your graveyard for its flashback cost. Then exile it.),"ISD,C13",Sometimes death comes knocking. Sometimes it tears down the walls.,normal,229968,,,Mythic Rare,,Sorcery
Bitterheart Witch,{4}{B},5,B,Karl Kopinski,88,Creature — Human Shaman,"Deathtouch\nWhen Bitterheart Witch dies, you may search your library for a Curse card, put it onto the battlefield attached to target player, then shuffle your library.",ISD,,normal,222205,1,2,Uncommon,"Human,Shaman",Creature
Bloodgift Demon,{3}{B}{B},5,B,Peter Mohrbacher,89,Creature — Demon,"Flying\nAt the beginning of your upkeep, target player draws a card and loses 1 life.","ISD,C14",He relishes the devotion of his Skirsdag puppets and their belief that it will earn them immortality.,normal,226885,5,4,Rare,Demon,Creature
Bloodline Keeper,{2}{B}{B},4,B,Jason Chan,90a,Creature — Vampire,Flying\n{T}: Put a 2/2 black Vampire creature token with flying onto the battlefield.\n{B}: Transform Bloodline Keeper. Activate this ability only if you control five or more Vampires.,ISD,,double-faced,227061,3,3,Rare,Vampire,Creature
Lord of Lineage,,4,B,Jason Chan,90b,Creature — Vampire,Flying\nOther Vampire creatures you control get +2/+2.\n{T}: Put a 2/2 black Vampire creature token with flying onto the battlefield.,ISD,,double-faced,227072,5,5,Rare,Vampire,Creature
Brain Weevil,{3}{B},4,B,Anthony Jones,91,Creature — Insect,Intimidate (This creature can't be blocked except by artifact creatures and/or creatures that share a color with it.)\nSacrifice Brain Weevil: Target player discards two cards. Activate this ability only any time you could cast a sorcery.,"ISD,DDJ",,normal,235596,1,1,Common,Insect,Creature
Bump in the Night,{B},1,"B,R",Kev Walker,92,Sorcery,Target opponent loses 3 life.\nFlashback {5}{R} (You may cast this card from your graveyard for its flashback cost. Then exile it.),"ISD,DDK",It's not just the wind. It's not all in your head. And it's definitely something to worry about.,normal,222203,,,Common,,Sorcery
Corpse Lunge,{2}{B},3,B,Christopher Moeller,93,Instant,"As an additional cost to cast Corpse Lunge, exile a creature card from your graveyard.\nCorpse Lunge deals damage equal to the exiled card's power to target creature.",ISD,,normal,244680,,,Common,,Instant
Curse of Death's Hold,{3}{B}{B},5,B,Clint Cearley,94,Enchantment — Aura Curse,Enchant player\nCreatures enchanted player controls get -1/-1.,ISD,"""May you and all your kin waste and wither until your clan is no more!""",normal,227075,,,Rare,"Aura,Curse",Enchantment
Curse of Oblivion,{3}{B},4,B,Jana Schirmer & Johannes Voss,95,Enchantment — Aura Curse,"Enchant player\nAt the beginning of enchanted player's upkeep, that player exiles two cards from his or her graveyard.",ISD,The first step to peace is to learn how to forget.,normal,237020,,,Common,"Aura,Curse",Enchantment
Dead Weight,{B},1,B,Randy Gallegos,96,Enchantment — Aura,Enchant creature\nEnchanted creature gets -2/-2.,"ISD,SOI",The crueler vampires' idea of free-range farming.,normal,220393,,,Common,Aura,Enchantment
Diregraf Ghoul,{B},1,B,Dave Kendall,97,Creature — Zombie,Diregraf Ghoul enters the battlefield tapped.,"pMGD,ISD,DDQ","""At least this one still has arms and legs. Well, most of its legs.""\n—Enslow, ghoulcaller of Nephalia",normal,226747,2,2,Uncommon,Zombie,Creature
Disciple of Griselbrand,{1}{B},2,B,Clint Cearley,98,Creature — Human Cleric,"{1}, Sacrifice a creature: You gain life equal to the sacrificed creature's toughness.","ISD,C13","The demon Griselbrand dared to stand against Avacyn, earning him the loathing of thousands and the admiration of a few.",normal,244679,1,1,Uncommon,"Human,Cleric",Creature
Endless Ranks of the Dead,{2}{B}{B},4,B,Ryan Yee,99,Enchantment,"At the beginning of your upkeep, put X 2/2 black Zombie creature tokens onto the battlefield, where X is half the number of Zombies you control, rounded down.",ISD,"With Thraben's army recalled to its city walls, outlying villages were left to fend for themselves.",normal,234430,,,Rare,,Enchantment
Falkenrath Noble,{3}{B},4,B,Slawomir Maniak,100,Creature — Vampire,"Flying\nWhenever Falkenrath Noble or another creature dies, target player loses 1 life and you gain 1 life.","ISD,DDQ","""I often think on how excited they must feel to be chosen as my prey.""",normal,226751,2,2,Uncommon,Vampire,Creature
Ghoulcaller's Chant,{B},1,B,Randy Gallegos,101,Sorcery,Choose one —\n• Return target creature card from your graveyard to your hand.\n• Return two target Zombie cards from your graveyard to your hand.,ISD,"""The living are born small and weak. The dead rise ready to serve. The choice is obvious.""\n—Gisa, ghoulcaller of Gavony",normal,220021,,,Common,,Sorcery
Ghoulraiser,{1}{B}{B},3,B,Steve Prescott,102,Creature — Zombie,"When Ghoulraiser enters the battlefield, return a Zombie card at random from your graveyard to your hand.","ISD,DDQ","""Come. Bring your brothers. Tonight, you feast on living flesh.""\n—Jadar, ghoulcaller of Nephalia",normal,220019,2,2,Common,Zombie,Creature
Gruesome Deformity,{B},1,B,Matt Stewart,103,Enchantment — Aura,Enchant creature\nEnchanted creature has intimidate. (It can't be blocked except by artifact creatures and/or creatures that share a color with it.),ISD,She wanted to inspire terror wherever she went. The demons happily granted her wish.,normal,246945,,,Common,Aura,Enchantment
Heartless Summoning,{1}{B},2,B,Anthony Palumbo,104,Enchantment,Creature spells you cast cost {2} less to cast.\nCreatures you control get -1/-1.,ISD,"""They won't be winning any beauty pageants, but they'll do the trick.""\n—Enslow, ghoulcaller of Nephalia",normal,244678,,,Rare,,Enchantment
Liliana of the Veil,{1}{B}{B},3,B,Steve Argyle,105,Planeswalker — Liliana,+1: Each player discards a card.\n−2: Target player sacrifices a creature.\n−6: Separate all permanents target player controls into two piles. That player sacrifices all permanents in the pile of his or her choice.,ISD,,normal,235597,,,Mythic Rare,Liliana,Planeswalker
Manor Skeleton,{1}{B},2,B,Eric Deschamps,106,Creature — Skeleton,Haste\n{1}{B}: Regenerate Manor Skeleton.,ISD,Lungs dried to parchment wheeze blasphemies within a cage of bleached bone.,normal,249976,1,1,Common,Skeleton,Creature
Markov Patrician,{2}{B},3,B,Jana Schirmer & Johannes Voss,107,Creature — Vampire,Lifelink (Damage dealt by this creature also causes you to gain that much life.),ISD,"Vampires of the Markov bloodline pride themselves on their exquisite taste in fashion, art, and ""wine of the vein.""",normal,226754,3,1,Common,Vampire,Creature
Maw of the Mire,{4}{B},5,B,Vincent Proce,108,Sorcery,Destroy target land. You gain 4 life.,ISD,"As the chapel was dragged under, the bell in the tower rang until the murky depths forever silenced its toll.",normal,246952,,,Common,,Sorcery
Moan of the Unhallowed,{2}{B}{B},4,B,Nils Hamm,109,Sorcery,Put two 2/2 black Zombie creature tokens onto the battlefield.\nFlashback {5}{B}{B} (You may cast this card from your graveyard for its flashback cost. Then exile it.),"ISD,DDQ","For a ghoul, every village is a buffet and every disaster is a reunion.",normal,227286,,,Uncommon,,Sorcery
Morkrut Banshee,{3}{B}{B},5,B,Svetlin Velinov,110,Creature — Spirit,"Morbid — When Morkrut Banshee enters the battlefield, if a creature died this turn, target creature gets -4/-4 until end of turn.","ISD,CNS,C14","""Let go your grudges, or risk wandering the bogs forever in a murderous rage.""\n—Hildin, priest of Avacyn",normal,230777,4,4,Uncommon,Spirit,Creature
Night Terrors,{2}{B},3,B,Christopher Moeller,111,Sorcery,Target player reveals his or her hand. You choose a nonland card from it. Exile that card.,ISD,Innistrad is a place where dreams invade the mind and mere shadows exact a terrible toll.,normal,246947,,,Common,,Sorcery
Reaper from the Abyss,{3}{B}{B}{B},6,B,Matt Stewart,112,Creature — Demon,"Flying\nMorbid — At the beginning of each end step, if a creature died this turn, destroy target non-Demon creature.","ISD,C14","""Avacyn has deserted you. I welcome your devotion in her stead.""",normal,230768,6,6,Mythic Rare,Demon,Creature
Rotting Fensnake,{3}{B},4,B,Tomasz Jedruszek,113,Creature — Zombie Snake,,ISD,"Its venom sacs are long gone, but its crushing strength is somehow greater than ever.",normal,237011,5,1,Common,"Zombie,Snake",Creature
Screeching Bat,{2}{B},3,B,Slawomir Maniak,114a,Creature — Bat,"Flying\nAt the beginning of your upkeep, you may pay {2}{B}{B}. If you do, transform Screeching Bat.",ISD,The bat has such clarity of hearing that simple sounds become symphonies.,double-faced,221211,2,2,Uncommon,Bat,Creature
Stalking Vampire,,3,B,Slawomir Maniak,114b,Creature — Vampire,"At the beginning of your upkeep, you may pay {2}{B}{B}. If you do, transform Stalking Vampire.",ISD,Each form she takes is an exploration of the senses.,double-faced,221215,5,5,Uncommon,Vampire,Creature
Sever the Bloodline,{3}{B},4,B,Clint Cearley,115,Sorcery,Exile target creature and all other creatures with the same name as that creature.\nFlashback {5}{B}{B} (You may cast this card from your graveyard for its flashback cost. Then exile it.),"ISD,C15,DDQ",,normal,245194,,,Rare,,Sorcery
Skeletal Grimace,{1}{B},2,B,Eric Deschamps,116,Enchantment — Aura,"Enchant creature\nEnchanted creature gets +1/+1 and has ""{B}: Regenerate this creature.""",ISD,"""And then I realized we all have skeletons on the inside. Why wait until the bodies are dead to control them?""\n—Jadar, ghoulcaller of Nephalia",normal,220387,,,Common,Aura,Enchantment
Skirsdag High Priest,{1}{B},2,B,Jason A. Engle,117,Creature — Human Cleric,"Morbid — {T}, Tap two untapped creatures you control: Put a 5/5 black Demon creature token with flying onto the battlefield. Activate this ability only if a creature died this turn.","ISD,C14","""Thraben's pleas fall on deaf ears. Ours do not.""",normal,230794,1,2,Rare,"Human,Cleric",Creature
Stromkirk Patrol,{4}{B},5,B,Karl Kopinski,118,Creature — Vampire Soldier,"Whenever Stromkirk Patrol deals combat damage to a player, put a +1/+1 counter on it.",ISD,"""You'd best move along, human. Our palates are far less discerning than our master's.""",normal,226876,4,3,Common,"Vampire,Soldier",Creature
Tribute to Hunger,{2}{B},3,B,Dave Kendall,119,Instant,Target opponent sacrifices a creature. You gain life equal to that creature's toughness.,"ISD,DDQ","Marella was delighted. The ball had attracted so many suitors for her daughter, including that handsome stranger. She wondered where the two were now . . . .",normal,227064,,,Uncommon,,Instant
Typhoid Rats,{B},1,B,Kev Walker,120,Creature — Rat,Deathtouch (Any amount of damage this deals to a creature is enough to destroy it.),"ISD,CNS,M15,FRF",Kidnappers caught in Havengul are given two choices: languish in prison or become rat catchers. The smart ones go to prison.,normal,220634,1,1,Common,Rat,Creature
Unbreathing Horde,{2}{B},3,B,Dave Kendall,121,Creature — Zombie,"Unbreathing Horde enters the battlefield with a +1/+1 counter on it for each other Zombie you control and each Zombie card in your graveyard.\nIf Unbreathing Horde would be dealt damage, prevent that damage and remove a +1/+1 counter from it.","ISD,DDQ",,normal,230786,0,0,Rare,Zombie,Creature
Unburial Rites,{4}{B},5,"B,W",Ryan Pancoast,122,Sorcery,Return target creature card from your graveyard to the battlefield.\nFlashback {3}{W} (You may cast this card from your graveyard for its flashback cost. Then exile it.),ISD,All crave the Blessed Sleep. Few receive it.,normal,227087,,,Uncommon,,Sorcery
Vampire Interloper,{1}{B},2,B,James Ryman,123,Creature — Vampire Scout,Flying\nVampire Interloper can't block.,ISD,"He listens to every heartbeat, deciding which one of hundreds he will stop.",normal,226748,2,1,Common,"Vampire,Scout",Creature
Victim of Night,{B}{B},2,B,Winona Nelson,124,Instant,"Destroy target non-Vampire, non-Werewolf, non-Zombie creature.","ISD,DDQ","""Do not touch a drop. Not yet. I want to watch this so-called slayer's last crisis of faith.""\n—Olivia Voldaren",normal,220023,,,Common,,Instant
Village Cannibals,{2}{B},3,B,Bud Cook,125,Creature — Human,"Whenever another Human creature dies, put a +1/+1 counter on Village Cannibals.",ISD,Some have endured the horrors of Innistrad by becoming the worst monsters of all.,normal,222903,2,2,Uncommon,Human,Creature
Walking Corpse,{1}{B},2,B,Igor Kieryluk,126,Creature — Zombie,,"ISD,M13,M15,W16","""Is it hopeless? When wave upon wave of our dead return as mindless flesh-eaters to claw upon Thraben's walls? We're too busy cutting them down to indulge ourselves in such philosophical foppery.""\n—Mikaeus, the Lunarch",normal,243210,2,2,Common,Zombie,Creature
Ancient Grudge,{1}{R},2,"R,G",Ryan Yee,127,Instant,Destroy target artifact.\nFlashback {G} (You may cast this card from your graveyard for its flashback cost. Then exile it.),"pFNM,TSP,ISD","If there's anything a werewolf hates, it's a collar—especially Avacyn's Collar, the symbol of her church.",normal,235600,,,Common,,Instant
Ashmouth Hound,{1}{R},2,R,Daarken,128,Creature — Elemental Hound,"Whenever Ashmouth Hound blocks or becomes blocked by a creature, Ashmouth Hound deals 1 damage to that creature.","ISD,DDK","Its fiery paws make it easy to track, which is very useful when you want to go in exactly the opposite direction.",normal,233255,2,1,Common,"Elemental,Hound",Creature
Balefire Dragon,{5}{R}{R},7,R,Eric Deschamps,129,Creature — Dragon,"Flying\nWhenever Balefire Dragon deals combat damage to a player, it deals that much damage to each creature that player controls.",ISD,"If it comes for you, die boldly or die swiftly—for die you will.",normal,230774,6,6,Mythic Rare,Dragon,Creature
Blasphemous Act,{8}{R},9,R,Daarken,130,Sorcery,Blasphemous Act costs {1} less to cast for each creature on the battlefield.\nBlasphemous Act deals 13 damage to each creature.,"ISD,C14","""Holy places are no longer sanctuary from death, and death is no longer sanctuary from anything.""\n—Thalia, Knight-Cathar",normal,222206,,,Rare,,Sorcery
Bloodcrazed Neonate,{1}{R},2,R,Cynthia Sheppard,131,Creature — Vampire,"Bloodcrazed Neonate attacks each turn if able.\nWhenever Bloodcrazed Neonate deals combat damage to a player, put a +1/+1 counter on it.","pWPN,ISD","While elder vampires select their meals with care, the newly sired frenzy at the first whiff.",normal,220373,2,1,Common,Vampire,Creature
Brimstone Volley,{2}{R},3,R,Eytan Zana,132,Instant,Brimstone Volley deals 3 damage to target creature or player.\nMorbid — Brimstone Volley deals 5 damage to that creature or player instead if a creature died this turn.,"ISD,CNS",,normal,233253,,,Common,,Instant
Burning Vengeance,{2}{R},3,R,Raymond Swanland,133,Enchantment,"Whenever you cast a spell from your graveyard, Burning Vengeance deals 2 damage to target creature or player.","ISD,EMA",Mist is the geists' sorrow. Wind is their pain. Fire is their vengeance.,normal,243211,,,Uncommon,,Enchantment
Charmbreaker Devils,{5}{R},6,R,Dan Scott,134,Creature — Devil,"At the beginning of your upkeep, return an instant or sorcery card at random from your graveyard to your hand.\nWhenever you cast an instant or sorcery spell, Charmbreaker Devils gets +4/+0 until end of turn.","ISD,C13,C15",,normal,227668,4,4,Rare,Devil,Creature
Crossway Vampire,{1}{R}{R},3,R,Mark Evans,135,Creature — Vampire,"When Crossway Vampire enters the battlefield, target creature can't block this turn.",ISD,"""Do not flatter Fate. It did not guide you into my clutches tonight. That was all my doing.""",normal,230779,3,2,Common,Vampire,Creature
Curse of Stalked Prey,{1}{R},2,R,Christopher Moeller,136,Enchantment — Aura Curse,"Enchant player\nWhenever a creature deals combat damage to enchanted player, put a +1/+1 counter on that creature.",ISD,"""Innocent thorns can fill the air with your bloodscent. Don't stray from the path.""\n—Elmut, crossway watcher",normal,226889,,,Rare,"Aura,Curse",Enchantment
Curse of the Nightly Hunt,{2}{R},3,R,Daarken,137,Enchantment — Aura Curse,Enchant player\nCreatures enchanted player controls attack each turn if able.,"ISD,C15","When the moon rises and the bloodlust takes hold, nothing matters but the kill.",normal,226881,,,Uncommon,"Aura,Curse",Enchantment
Curse of the Pierced Heart,{1}{R},2,R,E. M. Gist,138,Enchantment — Aura Curse,"Enchant player\nAt the beginning of enchanted player's upkeep, Curse of the Pierced Heart deals 1 damage to that player.",ISD,"""May your veins weep, and may every vampire take notice.""\n—Stensian curse",normal,227071,,,Common,"Aura,Curse",Enchantment
Desperate Ravings,{1}{R},2,"R,U",John Stanko,139,Instant,"Draw two cards, then discard a card at random.\nFlashback {2}{U} (You may cast this card from your graveyard for its flashback cost. Then exile it.)","ISD,C15,EMA","Her mind was quite gone, yet she spoke nothing but truth.",normal,237359,,,Uncommon,,Instant
Devil's Play,{X}{R},1,R,Austin Hsu,140,Sorcery,Devil's Play deals X damage to target creature or player.\nFlashback {X}{R}{R}{R} (You may cast this card from your graveyard for its flashback cost. Then exile it.),"pMEI,ISD,DDK",A devil's hands are never idle.,normal,247419,,,Rare,,Sorcery
Falkenrath Marauders,{3}{R}{R},5,R,James Ryman,141,Creature — Vampire Warrior,"Flying, haste\nWhenever Falkenrath Marauders deals combat damage to a player, put two +1/+1 counters on it.",ISD,"No slinking in the dark for them, no luring whispers. They claim their prey in the speed and glory of the hunt.",normal,246954,2,2,Rare,"Vampire,Warrior",Creature
Feral Ridgewolf,{2}{R},3,R,Martina Pilcerova,142,Creature — Wolf,Trample\n{1}{R}: Feral Ridgewolf gets +2/+0 until end of turn.,ISD,"""The wolves no longer hunt just to feed. They kill for sport, or for some madness behind their eyes.""\n—Elmut, crossway watcher",normal,220022,1,2,Common,Wolf,Creature
Furor of the Bitten,{R},1,R,Randy Gallegos,143,Enchantment — Aura,Enchant creature\nEnchanted creature gets +2/+2 and attacks each turn if able.,ISD,Those who only believe themselves infected with lycanthropy can be as dangerous as those who really are.,normal,234431,,,Common,Aura,Enchantment
Geistflame,{R},1,R,Scott Chou,144,Instant,Geistflame deals 1 damage to target creature or player.\nFlashback {3}{R} (You may cast this card from your graveyard for its flashback cost. Then exile it.),"ISD,DDK",Innistrad pyromancers find their best raw materials in the fury of the dead.,normal,247427,,,Common,,Instant
Hanweir Watchkeep,{2}{R},3,R,Wayne Reynolds,145a,Creature — Human Warrior Werewolf,"Defender\nAt the beginning of each upkeep, if no spells were cast last turn, transform Hanweir Watchkeep.",ISD,"He scans for wolves, knowing there's one he can never anticipate.",double-faced,244683,1,5,Uncommon,"Human,Warrior,Werewolf",Creature
Bane of Hanweir,,3,R,Wayne Reynolds,145b,Creature — Werewolf,"Bane of Hanweir attacks each turn if able.\nAt the beginning of each upkeep, if a player cast two or more spells last turn, transform Bane of Hanweir.",ISD,Technically he never left his post. He looks after the wolf wherever it goes.,double-faced,244687,5,5,Uncommon,Werewolf,Creature
Harvest Pyre,{1}{R},2,R,Ryan Yee,146,Instant,"As an additional cost to cast Harvest Pyre, exile X cards from your graveyard.\nHarvest Pyre deals X damage to target creature.",ISD,Corpses destroyed by fire form the most destructive geists.,normal,220010,,,Common,,Instant
Heretic's Punishment,{4}{R},5,R,Vincent Proce,147,Enchantment,"{3}{R}: Choose target creature or player, then put the top three cards of your library into your graveyard.  Heretic's Punishment deals damage to that creature or player equal to the highest converted mana cost among those cards.",ISD,,normal,249974,,,Rare,,Enchantment
Infernal Plunge,{R},1,R,Daarken,148,Sorcery,"As an additional cost to cast Infernal Plunge, sacrifice a creature.\nAdd {R}{R}{R} to your mana pool.",ISD,"""Oh mighty Griselbrand, Scourge of the Heedless World, gladly I consume myself for thee!""",normal,235603,,,Common,,Sorcery
Instigator Gang,{3}{R},4,R,Greg Staples,149a,Creature — Human Werewolf,"Attacking creatures you control get +1/+0.\nAt the beginning of each upkeep, if no spells were cast last turn, transform Instigator Gang.",ISD,,double-faced,227415,2,3,Rare,"Human,Werewolf",Creature
Wildblood Pack,,4,R,Greg Staples,149b,Creature — Werewolf,"Trample\nAttacking creatures you control get +3/+0.\nAt the beginning of each upkeep, if a player cast two or more spells last turn, transform Wildblood Pack.",ISD,,double-faced,227419,5,5,Rare,Werewolf,Creature
Into the Maw of Hell,{4}{R}{R},6,R,Raymond Swanland,150,Sorcery,Destroy target land. Into the Maw of Hell deals 13 damage to target creature.,ISD,"Few entrances lead to where demons and devils lurk. Unfortunately, they occasionally open new ones.",normal,220035,,,Uncommon,,Sorcery
Kessig Wolf,{2}{R},3,R,Wayne England,151,Creature — Wolf,{1}{R}: Kessig Wolf gains first strike until end of turn.,ISD,"""Don't be afraid when you hear the wolves howl. Be afraid when you don't hear them at all.""\n—Saint Trogen, the Slayer",normal,220040,3,1,Common,Wolf,Creature
Kruin Outlaw,{1}{R}{R},3,R,David Rapoza,152a,Creature — Human Rogue Werewolf,"First strike\nAt the beginning of each upkeep, if no spells were cast last turn, transform Kruin Outlaw.",ISD,"""Hold tight. I've got a surprise for them.""",double-faced,227084,2,2,Rare,"Human,Rogue,Werewolf",Creature
Terror of Kruin Pass,,3,R,David Rapoza,152b,Creature — Werewolf,"Double strike\nWerewolves you control have menace. (They can't be blocked except by two or more creatures.)\nAt the beginning of each upkeep, if a player cast two or more spells last turn, transform Terror of Kruin Pass.",ISD,,double-faced,227090,3,3,Rare,Werewolf,Creature
Night Revelers,{4}{R},5,R,Steve Argyle,153,Creature — Vampire,Night Revelers has haste as long as an opponent controls a Human.,ISD,"Vampires think of themselves as the indisputable nobility of Innistrad, able to do as they please. There are few who can prove them wrong.",normal,226879,4,4,Common,Vampire,Creature
Nightbird's Clutches,{1}{R},2,R,Jason A. Engle,154,Sorcery,Up to two target creatures can't block this turn.\nFlashback {3}{R} (You may cast this card from your graveyard for its flashback cost. Then exile it.),ISD,"Shiny polished silver can ward off many creatures, but it attracts others.",normal,220386,,,Common,,Sorcery
Past in Flames,{3}{R},4,R,Anthony Jones,155,Sorcery,Each instant and sorcery card in your graveyard gains flashback until end of turn. The flashback cost is equal to its mana cost.\nFlashback {4}{R} (You may cast this card from your graveyard for its flashback cost. Then exile it.),ISD,,normal,245197,,,Mythic Rare,,Sorcery
Pitchburn Devils,{4}{R},5,R,Johann Bodin,156,Creature — Devil,"When Pitchburn Devils dies, it deals 3 damage to target creature or player.","ISD,M14,CNS","The ingenuity of goblins, the depravity of demons, and the smarts of sheep.",normal,222904,3,3,Common,Devil,Creature
Rage Thrower,{5}{R},6,R,Peter Mohrbacher,157,Creature — Human Shaman,"Whenever another creature dies, Rage Thrower deals 2 damage to target player.",ISD,"""Some lament these haunted times, but I'm a geistflame-tank-half-full kind of person.""",normal,222921,4,2,Uncommon,"Human,Shaman",Creature
Rakish Heir,{2}{R},3,R,Winona Nelson,158,Creature — Vampire,"Whenever a Vampire you control deals combat damage to a player, put a +1/+1 counter on it.",ISD,"""If you're not having fun, what's the point of living forever?""",normal,234441,2,2,Uncommon,Vampire,Creature
Reckless Waif,{R},1,R,Michael C. Hayes,159a,Creature — Human Rogue Werewolf,"At the beginning of each upkeep, if no spells were cast last turn, transform Reckless Waif.",ISD,"""Yes, I'm alone. No, I'm not worried.""",double-faced,222111,1,1,Uncommon,"Human,Rogue,Werewolf",Creature
Merciless Predator,,1,R,Michael C. Hayes,159b,Creature — Werewolf,"At the beginning of each upkeep, if a player cast two or more spells last turn, transform Merciless Predator.",ISD,Before she just wanted to snatch your purse; now she'll take the whole arm.,double-faced,222115,3,2,Uncommon,Werewolf,Creature
Riot Devils,{2}{R},3,R,Svetlin Velinov,160,Creature — Devil,,ISD,"Devils are demons' unearthly desires made flesh. Let loose on the world, they satisfy their mad craving for destruction in a whirlwind of chaos.",normal,220648,2,3,Common,Devil,Creature
Rolling Temblor,{2}{R},3,R,Cliff Childs,161,Sorcery,Rolling Temblor deals 2 damage to each creature without flying.\nFlashback {4}{R}{R} (You may cast this card from your graveyard for its flashback cost. Then exile it.),ISD,"When demons open a path to your front door, it's time to move.",normal,249660,,,Uncommon,,Sorcery
Scourge of Geier Reach,{3}{R}{R},5,R,Jung Park,162,Creature — Elemental,Scourge of Geier Reach gets +1/+1 for each creature your opponents control.,ISD,Stensian villagers mourned the loss of human life. Thraben vampire slayers mourned the loss of living wood.,normal,227077,3,3,Uncommon,Elemental,Creature
Skirsdag Cultist,{2}{R}{R},4,R,Slawomir Maniak,163,Creature — Human Shaman,"{R}, {T}, Sacrifice a creature: Skirsdag Cultist deals 2 damage to target creature or player.","ISD,DDK","""Within blood is life. Within life is fire. Within fire is the path to our masters' glory!""",normal,220638,2,2,Uncommon,"Human,Shaman",Creature
Stromkirk Noble,{R},1,R,James Ryman,164,Creature — Vampire,"Stromkirk Noble can't be blocked by Humans.\nWhenever Stromkirk Noble deals combat damage to a player, put a +1/+1 counter on it.",ISD,"""A responsible king walks among his subjects.""",normal,230783,1,1,Rare,Vampire,Creature
Tormented Pariah,{3}{R},4,R,Bud Cook,165a,Creature — Human Warrior Werewolf,"At the beginning of each upkeep, if no spells were cast last turn, transform Tormented Pariah.",ISD,"""Hey lads, the moon's rising. All the better to watch him beg for mercy.""",double-faced,222186,3,2,Common,"Human,Warrior,Werewolf",Creature
Rampaging Werewolf,,4,R,Bud Cook,165b,Creature — Werewolf,"At the beginning of each upkeep, if a player cast two or more spells last turn, transform Rampaging Werewolf.",ISD,"""Just look at him, groveling on all fours! What a pathetic—uh-oh.""",double-faced,222117,6,4,Common,Werewolf,Creature
Traitorous Blood,{1}{R}{R},3,R,Raymond Swanland,166,Sorcery,Gain control of target creature until end of turn. Untap it. It gains trample and haste until end of turn.,ISD,"""I can make you dance to my tune like a puppet, your very blood eager to obey.""\n—Olivia Voldaren",normal,234438,,,Common,,Sorcery
Vampiric Fury,{1}{R},2,R,Matt Stewart,167,Instant,Vampire creatures you control get +2/+0 and gain first strike until end of turn.,ISD,Many peasants secretly admire vampires' glamour and elegance—until they witness a moment of pure bloodlust.,normal,247424,,,Common,,Instant
Village Ironsmith,{1}{R},2,R,Christopher Moeller,168a,Creature — Human Werewolf,"First strike\nAt the beginning of each upkeep, if no spells were cast last turn, transform Village Ironsmith.",ISD,"Each night, he abandons the trappings of civilization.",double-faced,222112,1,1,Common,"Human,Werewolf",Creature
Ironfang,,2,R,Christopher Moeller,168b,Creature — Werewolf,"First strike\nAt the beginning of each upkeep, if a player cast two or more spells last turn, transform Ironfang.",ISD,"Each morning, he repairs the front door.",double-faced,222107,3,1,Common,Werewolf,Creature
Ambush Viper,{1}{G},2,G,Alan Pollack,169,Creature — Snake,Flash (You may cast this spell any time you could cast an instant.)\nDeathtouch (Any amount of damage this deals to a creature is enough to destroy it.),ISD,"""Living creatures seldom impress me. But I like this one.""\n—Uta Falkenrath",normal,220644,2,1,Common,Snake,Creature
Avacyn's Pilgrim,{G},1,"G,W",Jana Schirmer & Johannes Voss,170,Creature — Human Monk,{T}: Add {W} to your mana pool.,"pFNM,ISD","""Avacyn's protection is everywhere. From the holy church to the sacred glade, all that we see is under her blessed watch.""",normal,243212,1,1,Common,"Human,Monk",Creature
Boneyard Wurm,{1}{G},2,G,Jaime Jones,171,Creature — Wurm,Boneyard Wurm's power and toughness are each equal to the number of creature cards in your graveyard.,"pWPN,ISD,DDJ",The only thing it likes more than discovering a pit of bones is adding to it.,normal,220050,*,*,Uncommon,Wurm,Creature
Bramblecrush,{2}{G}{G},4,G,Drew Baker,172,Sorcery,Destroy target noncreature permanent.,"ISD,M14","""Civilization is fertilizer.""\n—Garruk Wildspeaker",normal,227095,,,Uncommon,,Sorcery
Caravan Vigil,{G},1,G,Drew Baker,173,Sorcery,"Search your library for a basic land card, reveal it, put it into your hand, then shuffle your library.\nMorbid — You may put that card onto the battlefield instead of putting it into your hand if a creature died this turn.",ISD,,normal,234444,,,Common,,Sorcery
Creeping Renaissance,{3}{G}{G},5,G,Tomasz Jedruszek,174,Sorcery,Choose a permanent type. Return all cards of the chosen type from your graveyard to your hand.\nFlashback {5}{G}{G} (You may cast this card from your graveyard for its flashback cost. Then exile it.),ISD,,normal,245198,,,Rare,,Sorcery
Darkthicket Wolf,{1}{G},2,G,Wayne England,175,Creature — Wolf,{2}{G}: Darkthicket Wolf gets +2/+2 until end of turn. Activate this ability only once each turn.,ISD,"Werewolf slayers don't know for certain how werewolves are created. So they kill all the wolves, just to be safe.",normal,241986,2,2,Common,Wolf,Creature
Daybreak Ranger,{2}{G},3,"G,R",Steve Prescott,176a,Creature — Human Archer Werewolf,"{T}: Daybreak Ranger deals 2 damage to target creature with flying.\nAt the beginning of each upkeep, if no spells were cast last turn, transform Daybreak Ranger.",ISD,,double-faced,222118,2,2,Rare,"Human,Archer,Werewolf",Creature
Nightfall Predator,,3,"G,R",Steve Prescott,176b,Creature — Werewolf,"{R}, {T}: Nightfall Predator fights target creature. (Each deals damage equal to its power to the other.)\nAt the beginning of each upkeep, if a player cast two or more spells last turn, transform Nightfall Predator.",ISD,,double-faced,222114,4,4,Rare,Werewolf,Creature
Elder of Laurels,{2}{G},3,G,Terese Nielsen,177,Creature — Human Advisor,"{3}{G}: Target creature gets +X/+X until end of turn, where X is the number of creatures you control.",ISD,Hopes and prayers can carry the same force as swords and torches.,normal,247418,2,3,Rare,"Human,Advisor",Creature
Essence of the Wild,{3}{G}{G}{G},6,G,Terese Nielsen,178,Creature — Avatar,Creatures you control enter the battlefield as a copy of Essence of the Wild.,ISD,Wander too far into the wild and it may take you for its own.,normal,254133,6,6,Mythic Rare,Avatar,Creature
Festerhide Boar,{3}{G},4,G,Nils Hamm,179,Creature — Boar,Trample\nMorbid — Festerhide Boar enters the battlefield with two +1/+1 counters on it if a creature died this turn.,"ISD,DDM","""Bury your dead deep. The boars are hungriest while the corpse is still warm.""\n—Paulin, trapper of Somberwald",normal,233250,3,3,Common,Boar,Creature
Full Moon's Rise,{1}{G},2,G,Terese Nielsen,180,Enchantment,Werewolf creatures you control get +1/+0 and have trample.\nSacrifice Full Moon's Rise: Regenerate all Werewolf creatures you control.,ISD,Some lycanthropes wish they could abandon their weak human shapes and revel in the power of the wolf.,normal,241981,,,Uncommon,,Enchantment
Garruk Relentless,{3}{G},4,"B,G",Eric Deschamps,181a,Planeswalker — Garruk,"When Garruk Relentless has two or fewer loyalty counters on him, transform him.\n0: Garruk Relentless deals 3 damage to target creature. That creature deals damage equal to its power to him.\n0: Put a 2/2 green Wolf creature token onto the battlefield.",ISD,,double-faced,245250,,,Mythic Rare,Garruk,Planeswalker
"Garruk, the Veil-Cursed",,4,"B,G",Eric Deschamps,181b,Planeswalker — Garruk,"+1: Put a 1/1 black Wolf creature token with deathtouch onto the battlefield.\n−1: Sacrifice a creature. If you do, search your library for a creature card, reveal it, put it into your hand, then shuffle your library.\n−3: Creatures you control gain trample and get +X/+X until end of turn, where X is the number of creature cards in your graveyard.",ISD,,double-faced,245251,,,Mythic Rare,Garruk,Planeswalker
Gatstaf Shepherd,{1}{G},2,G,Mark Evans,182a,Creature — Human Werewolf,"At the beginning of each upkeep, if no spells were cast last turn, transform Gatstaf Shepherd.",ISD,"""What is worse than a wolf in sheep's clothing?""\n—Wolfhunter's riddle",double-faced,227409,2,2,Uncommon,"Human,Werewolf",Creature
Gatstaf Howler,,2,G,Mark Evans,182b,Creature — Werewolf,"Intimidate (This creature can't be blocked except by artifact creatures and/or creatures that share a color with it.)\nAt the beginning of each upkeep, if a player cast two or more spells last turn, transform Gatstaf Howler.",ISD,,double-faced,227290,3,3,Uncommon,Werewolf,Creature
Gnaw to the Bone,{2}{G},3,G,Scott Chou,183,Instant,You gain 2 life for each creature card in your graveyard.\nFlashback {2}{G} (You may cast this card from your graveyard for its flashback cost. Then exile it.),ISD,,normal,247420,,,Common,,Instant
Grave Bramble,{1}{G}{G},3,G,Anthony Jones,184,Creature — Plant,"Defender, protection from Zombies",ISD,Nature abhors a zombie.,normal,229964,3,4,Common,Plant,Creature
Grizzled Outcasts,{4}{G},5,G,Randy Gallegos,185a,Creature — Human Werewolf,"At the beginning of each upkeep, if no spells were cast last turn, transform Grizzled Outcasts.",ISD,"Seen as unsavory, the hunters were never allowed in town—until one night they vanished.",double-faced,222124,4,4,Common,"Human,Werewolf",Creature
Krallenhorde Wantons,,5,G,Randy Gallegos,185b,Creature — Werewolf,"At the beginning of each upkeep, if a player cast two or more spells last turn, transform Krallenhorde Wantons.",ISD,"The boot prints became paw prints, and they led right back into town.",double-faced,222123,7,7,Common,Werewolf,Creature
Gutter Grime,{4}{G},5,G,Erica Yang,186,Enchantment,"Whenever a nontoken creature you control dies, put a slime counter on Gutter Grime, then put a green Ooze creature token onto the battlefield with ""This creature's power and toughness are each equal to the number of slime counters on Gutter Grime.""",ISD,,normal,234849,,,Rare,,Enchantment
Hamlet Captain,{1}{G},2,G,Wayne Reynolds,187,Creature — Human Warrior,"Whenever Hamlet Captain attacks or blocks, other Human creatures you control get +1/+1 until end of turn.",ISD,"""I would fear this fight, bloodsucker, were I alone.""",normal,234446,2,2,Uncommon,"Human,Warrior",Creature
Hollowhenge Scavenger,{3}{G}{G},5,G,Slawomir Maniak,188,Creature — Elemental,"Morbid — When Hollowhenge Scavenger enters the battlefield, if a creature died this turn, you gain 5 life.",ISD,"After werewolves slaughtered the citizenry of Hollowhenge, other creatures moved in.",normal,226883,4,5,Uncommon,Elemental,Creature
Kessig Cagebreakers,{4}{G},5,G,Wayne England,189,Creature — Human Rogue,"Whenever Kessig Cagebreakers attacks, put a 2/2 green Wolf creature token onto the battlefield tapped and attacking for each creature card in your graveyard.","ISD,C15","""They put bars on these noble beasts and then wonder why werewolves target our towns.""",normal,249868,3,4,Rare,"Human,Rogue",Creature
Kindercatch,{3}{G}{G}{G},6,G,Terese Nielsen,190,Creature — Spirit,,ISD,"In the forest villages of Kessig, parents feed their children wormwood and other bitter herbs, hoping to make them less palatable to things that roam the night.",normal,227088,6,6,Common,Spirit,Creature
Lumberknot,{2}{G}{G},4,G,Jason A. Engle,191,Creature — Treefolk,"Hexproof (This creature can't be the target of spells or abilities your opponents control.)\nWhenever a creature dies, put a +1/+1 counter on Lumberknot.","ISD,PC2","Animated by geists fused in its oak, it hungers for more life to add to its core.",normal,230624,1,1,Uncommon,Treefolk,Creature
Make a Wish,{3}{G},4,G,Howard Lyon,192,Sorcery,Return two cards at random from your graveyard to your hand.,ISD,"In Gavony wishing is taken as a sign of weakness, yet the wells usually brim with silver.",normal,222193,,,Uncommon,,Sorcery
Mayor of Avabruck,{1}{G},2,G,Svetlin Velinov,193a,Creature — Human Advisor Werewolf,"Other Human creatures you control get +1/+1.\nAt the beginning of each upkeep, if no spells were cast last turn, transform Mayor of Avabruck.","pPRE,ISD",He can deny his true nature for only so long.,double-faced,222189,1,1,Rare,"Human,Advisor,Werewolf",Creature
Howlpack Alpha,,2,G,Svetlin Velinov,193b,Creature — Werewolf,"Each other creature you control that's a Werewolf or a Wolf gets +1/+1.\nAt the beginning of your end step, put a 2/2 green Wolf creature token onto the battlefield.\nAt the beginning of each upkeep, if a player cast two or more spells last turn, transform Howlpack Alpha.","pPRE,ISD",,double-faced,222183,3,3,Rare,Werewolf,Creature
Moldgraf Monstrosity,{4}{G}{G}{G},7,G,Tomasz Jedruszek,194,Creature — Insect,"Trample\nWhen Moldgraf Monstrosity dies, exile it, then return two creature cards at random from your graveyard to the battlefield.",ISD,The border between life and death is as thin as a layer of topsoil.,normal,249664,8,8,Rare,Insect,Creature
Moonmist,{1}{G},2,G,Ryan Yee,195,Instant,Transform all Humans. Prevent all combat damage that would be dealt this turn by creatures other than Werewolves and Wolves. (Only double-faced cards can be transformed.),ISD,,normal,222933,,,Common,,Instant
Mulch,{1}{G},2,G,Christopher Moeller,196,Sorcery,Reveal the top four cards of your library. Put all land cards revealed this way into your hand and the rest into your graveyard.,"STH,ISD,TPR,C15",The land knows no difference between the graves of commoners and nobles.,normal,237012,,,Common,,Sorcery
Naturalize,{1}{G},2,G,Scott Chou,197,Instant,Destroy target artifact or enchantment.,"ONS,8ED,9ED,10E,ALA,M10,ROE,DPA,M11,M12,ISD,M13,GTC,M14,M15,KTK,DTK","""Stone and thought fade into ruin. Only the wind in the leaves will endure.""\n—Tomb inscription",normal,237015,,,Common,,Instant
Orchard Spirit,{2}{G},3,G,Howard Lyon,198,Creature — Spirit,Orchard Spirit can't be blocked except by creatures with flying or reach.,"ISD,ORI","""Pick not the rotten fruit, but neither touch the best. Leave those as an offering for our unseen guests.""\n—Radwick, farmer of Gatstaf",normal,234855,2,2,Common,Spirit,Creature
Parallel Lives,{3}{G},4,G,Steve Prescott,199,Enchantment,"If an effect would put one or more tokens onto the battlefield under your control, it puts twice that many of those tokens onto the battlefield instead.",ISD,"""There will come a time when the only prey left will be each other.""\n—Ulrich of Krallenhorde Pack",normal,249662,,,Rare,,Enchantment
Prey Upon,{G},1,G,Dave Kendall,200,Sorcery,Target creature you control fights target creature you don't control. (Each deals damage equal to its power to the other.),"ISD,M13,DDL","""You don't find many old werewolf hunters.""\n—Paulin, trapper of Somberwald",normal,220383,,,Common,,Sorcery
Ranger's Guile,{G},1,G,Steve Prescott,201,Instant,Target creature you control gets +1/+1 and gains hexproof until end of turn. (It can't be the target of spells or abilities your opponents control.),"ISD,M14,M15","In the remote corners of Kessig, protection is found in secret powers unknown to the Church of Avacyn.",normal,249973,,,Common,,Instant
Somberwald Spider,{4}{G},5,G,Volkan Baga,202,Creature — Spider,Reach (This creature can block creatures with flying.)\nMorbid — Somberwald Spider enters the battlefield with two +1/+1 counters on it if a creature died this turn.,ISD,Stensian vampires encourage spiders near their manors so they can rob the webs.,normal,237013,2,4,Common,Spider,Creature
Spider Spawning,{4}{G},5,"G,B",Daniel Ljunggren,203,Sorcery,Put a 1/2 green Spider creature token with reach onto the battlefield for each creature card in your graveyard.\nFlashback {6}{B} (You may cast this card from your graveyard for its flashback cost. Then exile it.),"ISD,C15",,normal,222175,,,Uncommon,,Sorcery
Spidery Grasp,{2}{G},3,G,James Ryman,204,Instant,Untap target creature. It gets +2/+4 and gains reach until end of turn. (It can block creatures with flying.),ISD,"""Nobody's seen the Lady of Videns for years. Poor dear, no companions at all in that old castle.""\n—Yonda of Gavony",normal,244686,,,Common,,Instant
Splinterfright,{2}{G},3,G,Eric Deschamps,205,Creature — Elemental,"Trample\nSplinterfright's power and toughness are each equal to the number of creature cards in your graveyard.\nAt the beginning of your upkeep, put the top two cards of your library into your graveyard.",ISD,,normal,227301,*,*,Rare,Elemental,Creature
Travel Preparations,{1}{G},2,"G,W",Vincent Proce,206,Sorcery,Put a +1/+1 counter on each of up to two target creatures.\nFlashback {1}{W} (You may cast this card from your graveyard for its flashback cost. Then exile it.),ISD,Visiting a shrine at the start of a journey makes the traveler more likely to finish it.,normal,220026,,,Common,,Sorcery
Tree of Redemption,{3}{G},4,G,Vincent Proce,207,Creature — Plant,Defender\n{T}: Exchange your life total with Tree of Redemption's toughness.,ISD,The executioner's tree in Thraben Cathedral holds the power to absolve more than the souls of the hanged.,normal,247421,0,13,Mythic Rare,Plant,Creature
Ulvenwald Mystics,{2}{G}{G},4,G,Dan Scott,208a,Creature — Human Shaman Werewolf,"At the beginning of each upkeep, if no spells were cast last turn, transform Ulvenwald Mystics.",ISD,"""With this ritual, we cast aside our fragile humanity . . .""",double-faced,222105,3,3,Uncommon,"Human,Shaman,Werewolf",Creature
Ulvenwald Primordials,,4,G,Dan Scott,208b,Creature — Werewolf,"{G}: Regenerate Ulvenwald Primordials.\nAt the beginning of each upkeep, if a player cast two or more spells last turn, transform Ulvenwald Primordials.",ISD,""". . . and embrace the ancient ferocity of the undying Wild.""",double-faced,222108,5,5,Uncommon,Werewolf,Creature
Villagers of Estwald,{2}{G},3,G,Kev Walker,209a,Creature — Human Werewolf,"At the beginning of each upkeep, if no spells were cast last turn, transform Villagers of Estwald.",ISD,You can spot a werewolf-infested town by its lack of butcher shops.,double-faced,222915,2,3,Common,"Human,Werewolf",Creature
Howlpack of Estwald,,3,G,Kev Walker,209b,Creature — Werewolf,"At the beginning of each upkeep, if a player cast two or more spells last turn, transform Howlpack of Estwald.",ISD,Estwald's citizens don't dislike outsiders—they taste just fine.,double-faced,222906,4,6,Common,Werewolf,Creature
Woodland Sleuth,{3}{G},4,G,Tomasz Jedruszek,210,Creature — Human Scout,"Morbid — When Woodland Sleuth enters the battlefield, if a creature died this turn, return a creature card at random from your graveyard to your hand.",ISD,"""Whatever did this is near. Death reversion has not yet occurred. Be alert!""",normal,220654,2,3,Common,"Human,Scout",Creature
Wreath of Geists,{G},1,G,Jason A. Engle,211,Enchantment — Aura,"Enchant creature\nEnchanted creature gets +X/+X, where X is the number of creature cards in your graveyard.",ISD,"Before you travel the woods of Kessig, first get permission from those who died trying.",normal,237017,,,Uncommon,Aura,Enchantment
Evil Twin,{2}{U}{B},4,"U,B",Greg Staples,212,Creature — Shapeshifter,"You may have Evil Twin enter the battlefield as a copy of any creature on the battlefield except it gains ""{U}{B}, {T}: Destroy target creature with the same name as this creature.""",ISD,You can always tell the evil one by the dagger he's sticking in you.,normal,229965,0,0,Rare,Shapeshifter,Creature
Geist of Saint Traft,{1}{W}{U},3,"W,U",Igor Kieryluk,213,Legendary Creature — Spirit Cleric,"Hexproof (This creature can't be the target of spells or abilities your opponents control.)\nWhenever Geist of Saint Traft attacks, put a 4/4 white Angel creature token with flying onto the battlefield tapped and attacking. Exile that token at end of combat.","ISD,pWCQ,DDQ",,normal,247236,2,2,Mythic Rare,"Spirit,Cleric",Creature
"Grimgrin, Corpse-Born",{3}{U}{B},5,"U,B",Peter Mohrbacher,214,Legendary Creature — Zombie Warrior,"Grimgrin, Corpse-Born enters the battlefield tapped and doesn't untap during your untap step.\nSacrifice another creature: Untap Grimgrin and put a +1/+1 counter on it.\nWhenever Grimgrin attacks, destroy target creature defending player controls, then put a +1/+1 counter on Grimgrin.",ISD,,normal,247237,5,5,Mythic Rare,"Zombie,Warrior",Creature
Olivia Voldaren,{2}{B}{R},4,"B,R",Eric Deschamps,215,Legendary Creature — Vampire,Flying\n{1}{R}: Olivia Voldaren deals 1 damage to another target creature. That creature becomes a Vampire in addition to its other types. Put a +1/+1 counter on Olivia Voldaren.\n{3}{B}{B}: Gain control of target Vampire for as long as you control Olivia Voldaren.,ISD,,normal,247235,3,3,Mythic Rare,Vampire,Creature
Blazing Torch,{1},1,,Scott Chou,216,Artifact — Equipment,"Equipped creature can't be blocked by Vampires or Zombies.\nEquipped creature has ""{T}, Sacrifice Blazing Torch: Blazing Torch deals 2 damage to target creature or player.""\nEquip {1} ({1}: Attach to target creature you control. Equip only as a sorcery.)","ZEN,ISD",,normal,221284,,,Common,Equipment,Artifact
Butcher's Cleaver,{3},3,,Jason Felix,217,Artifact — Equipment,"Equipped creature gets +3/+0.\nAs long as equipped creature is a Human, it has lifelink.\nEquip {3}","ISD,DDQ","Outside the safety of Thraben, there is little distinction between tool and weapon.",normal,220049,,,Uncommon,Equipment,Artifact
Cellar Door,{2},2,,Rob Alexander,218,Artifact,"{3}, {T}: Target player puts the bottom card of his or her library into his or her graveyard. If it's a creature card, you put a 2/2 black Zombie creature token onto the battlefield.",ISD,"As if anyone needed another reason to avoid dark, dank cellars.",normal,220390,,,Uncommon,,Artifact
Cobbled Wings,{2},2,,Matt Stewart,219,Artifact — Equipment,Equipped creature has flying.\nEquip {1} ({1}: Attach to target creature you control. Equip only as a sorcery.),"ISD,DDQ","For the necro-alchemist, any puzzle can be solved with intelligence and harvested body parts.",normal,220649,,,Common,Equipment,Artifact
Creepy Doll,{5},5,,Matt Stewart,220,Artifact Creature — Construct,"Indestructible\nWhenever Creepy Doll deals combat damage to a creature, flip a coin. If you win the flip, destroy that creature.",ISD,"A child's porcelain doll went missing one night, as did a pair of kitchen shears and the town magistrate.",normal,220378,1,1,Rare,Construct,"Artifact,Creature"
Demonmail Hauberk,{4},4,,Jason Felix,221,Artifact — Equipment,Equipped creature gets +4/+2.\nEquip—Sacrifice a creature.,ISD,It comes off as easily as your own skin.,normal,227291,,,Uncommon,Equipment,Artifact
Galvanic Juggernaut,{4},4,,Lucas Graciano,222,Artifact Creature — Juggernaut,"Galvanic Juggernaut attacks each turn if able.\nGalvanic Juggernaut doesn't untap during your untap step.\nWhenever another creature dies, untap Galvanic Juggernaut.","ISD,CNS",,normal,230772,5,5,Uncommon,Juggernaut,"Artifact,Creature"
Geistcatcher's Rig,{6},6,,Vincent Proce,223,Artifact Creature — Construct,"When Geistcatcher's Rig enters the battlefield, you may have it deal 4 damage to target creature with flying.",ISD,"The rigs were outlawed except in Nephalia, where malign spirits are as plentiful as crazed inventors.",normal,234445,4,5,Uncommon,Construct,"Artifact,Creature"
Ghoulcaller's Bell,{1},1,,Lars Grant-West,224,Artifact,{T}: Each player puts the top card of his or her library into his or her graveyard.,ISD,The bell's chime heralds the rise of the unhallowed from the grave and the fall of their victims into the earth.,normal,237362,,,Common,,Artifact
Graveyard Shovel,{2},2,,Martina Pilcerova,225,Artifact,"{2}, {T}: Target player exiles a card from his or her graveyard. If it's a creature card, you gain 2 life.",ISD,"Thanks to Havengul's thriving illegal market for corpses, the shovel that interred a body during the day is usually the same one digging it out at night.",normal,221288,,,Uncommon,,Artifact
Grimoire of the Dead,{4},4,,Steven Belledin,226,Legendary Artifact,"{1}, {T}, Discard a card: Put a study counter on Grimoire of the Dead.\n{T}, Remove three study counters from Grimoire of the Dead and sacrifice it: Put all creature cards from all graveyards onto the battlefield under your control. They're black Zombies in addition to their other colors and types.",ISD,,normal,230792,,,Mythic Rare,,Artifact
Inquisitor's Flail,{2},2,,Rob Alexander,227,Artifact — Equipment,"If equipped creature would deal combat damage, it deals double that damage instead.\nIf another creature would deal combat damage to equipped creature, it deals double that damage to equipped creature instead.\nEquip {2}",ISD,,normal,222196,,,Uncommon,Equipment,Artifact
Manor Gargoyle,{5},5,,Matt Stewart,228,Artifact Creature — Gargoyle,"Defender\nManor Gargoyle has indestructible as long as it has defender.\n{1}: Until end of turn, Manor Gargoyle loses defender and gains flying.",ISD,Nothing could break it but the fall.,normal,227083,4,4,Rare,Gargoyle,"Artifact,Creature"
Mask of Avacyn,{2},2,,James Paick,229,Artifact — Equipment,Equipped creature gets +1/+2 and has hexproof. (It can't be the target of spells or abilities your opponents control.)\nEquip {3},ISD,It hides the face and protects the soul.,normal,221193,,,Uncommon,Equipment,Artifact
One-Eyed Scarecrow,{3},3,,Dave Kendall,230,Artifact Creature — Scarecrow,Defender\nCreatures with flying your opponents control get -1/-0.,ISD,Farmhands and priests mutter curses at the ragged thing; it unnerves more than just the crows.,normal,220045,2,3,Common,Scarecrow,"Artifact,Creature"
Runechanter's Pike,{2},2,,John Avon,231,Artifact — Equipment,"Equipped creature has first strike and gets +X/+0, where X is the number of instant and sorcery cards in your graveyard.\nEquip {2}",ISD,As sharp as its bearer's words of faith.,normal,244681,,,Rare,Equipment,Artifact
Sharpened Pitchfork,{2},2,,Winona Nelson,232,Artifact — Equipment,"Equipped creature has first strike.\nAs long as equipped creature is a Human, it gets +1/+1.\nEquip {1}","ISD,DDQ","Not everyone can have a sword of blessed silver. Not everyone needs one, either.",normal,220642,,,Uncommon,Equipment,Artifact
Silver-Inlaid Dagger,{1},1,,Austin Hsu,233,Artifact — Equipment,"Equipped creature gets +2/+0.\nAs long as equipped creature is a Human, it gets an additional +1/+0.\nEquip {2}",ISD,Magical etchings turned a whittler's tool into a wolfhunter's weapon.,normal,222190,,,Uncommon,Equipment,Artifact
Traveler's Amulet,{1},1,,Alan Pollack,234,Artifact,"{1}, Sacrifice Traveler's Amulet: Search your library for a basic land card, reveal it, and put it into your hand. Then shuffle your library.","ISD,THS","The rider set off into the eerie mist, swaddled in armor and laden with amulets.",normal,237357,,,Common,,Artifact
Trepanation Blade,{3},3,,Daniel Ljunggren,235,Artifact — Equipment,"Whenever equipped creature attacks, defending player reveals cards from the top of his or her library until he or she reveals a land card. The creature gets +1/+0 until end of turn for each card revealed this way. That player puts the revealed cards into his or her graveyard.\nEquip {2}",ISD,,normal,221186,,,Uncommon,Equipment,Artifact
Witchbane Orb,{4},4,,John Avon,236,Artifact,"When Witchbane Orb enters the battlefield, destroy all Curses attached to you.\nYou have hexproof. (You can't be the target of spells or abilities your opponents control, including Aura spells.)",ISD,,normal,233240,,,Rare,,Artifact
Wooden Stake,{2},2,,David Palumbo,237,Artifact — Equipment,"Equipped creature gets +1/+0.\nWhenever equipped creature blocks or becomes blocked by a Vampire, destroy that creature. It can't be regenerated.\nEquip {1} ({1}: Attach to target creature you control. Equip only as a sorcery.)",ISD,,normal,226880,,,Common,Equipment,Artifact
Clifftop Retreat,,,"R,W",John Avon,238,Land,Clifftop Retreat enters the battlefield tapped unless you control a Mountain or a Plains.\n{T}: Add {R} or {W} to your mana pool.,ISD,"Where cathars learn to fight not only demons and vampires, but ignorance as well.",normal,241980,,,Rare,,Land
Gavony Township,,,"G,W",Peter Mohrbacher,239,Land,"{T}: Add {C} to your mana pool.\n{2}{G}{W}, {T}: Put a +1/+1 counter on each creature you control.",ISD,"""The protective wards of the church have weakened, and no one can tell us why. It's time to look to our own defenses.""\n—Gregel, militia leader",normal,233242,,,Rare,,Land
Ghost Quarter,,,,Peter Mohrbacher,240,Land,"{T}: Add {C} to your mana pool.\n{T}, Sacrifice Ghost Quarter: Destroy target land. Its controller may search his or her library for a basic land card, put it onto the battlefield, then shuffle his or her library.","DIS,ISD,MD1,C14,C15","Deserted, but not uninhabited.",normal,220371,,,Uncommon,,Land
Hinterland Harbor,,,"G,U",Karl Kopinski,241,Land,Hinterland Harbor enters the battlefield tapped unless you control a Forest or an Island.\n{T}: Add {G} or {U} to your mana pool.,ISD,"In places where the sea meets the trees, it's easy to forget the darkness that rules most of Innistrad.",normal,241988,,,Rare,,Land
Isolated Chapel,,,"W,B",Cliff Childs,242,Land,Isolated Chapel enters the battlefield tapped unless you control a Plains or a Swamp.\n{T}: Add {W} or {B} to your mana pool.,"ISD,MD1",Not every church is a place of faith.,normal,241979,,,Rare,,Land
Kessig Wolf Run,,,"R,G",Eytan Zana,243,Land,"{T}: Add {C} to your mana pool.\n{X}{R}{G}, {T}: Target creature gets +X/+0 and gains trample until end of turn.","ISD,V13","When a werewolf changes for the first time, that first howl is said to echo through the wilds till moonset.",normal,233256,,,Rare,,Land
Moorland Haunt,,,"W,U",James Paick,244,Land,"{T}: Add {C} to your mana pool.\n{W}{U}, {T}, Exile a creature card from your graveyard: Put a 1/1 white Spirit creature token with flying onto the battlefield.",ISD,,normal,233239,,,Rare,,Land
Nephalia Drownyard,,,"U,B",Cliff Childs,245,Land,"{T}: Add {C} to your mana pool.\n{1}{U}{B}, {T}: Target player puts the top three cards of his or her library into his or her graveyard.",ISD,"""Some see a coastal disaster. I see a fully-stocked seagraf.""\n—Jadar, ghoulcaller of Nephalia",normal,230789,,,Rare,,Land
Shimmering Grotto,,,,Cliff Childs,246,Land,"{T}: Add {C} to your mana pool.\n{1}, {T}: Add one mana of any color to your mana pool.","LRW,ISD,PC2,M14","""This is the price of being last in the food chain. We must keep our places of beauty hidden away instead of displayed for all to see.""\n—Hildin, priest of Avacyn",normal,243216,,,Common,,Land
Stensia Bloodhall,,,"B,R",John Avon,247,Land,"{T}: Add {C} to your mana pool.\n{3}{B}{R}, {T}: Stensia Bloodhall deals 2 damage to target player.",ISD,The revelry ends when the supply of fresh ingenues runs dry.,normal,233244,,,Rare,,Land
Sulfur Falls,,,"U,R",Cliff Childs,248,Land,Sulfur Falls enters the battlefield tapped unless you control an Island or a Mountain.\n{T}: Add {U} or {R} to your mana pool.,ISD,Skirsdag cultists meet behind a waterfall's curtain and plot with demonic forces.,normal,241987,,,Rare,,Land
Woodland Cemetery,,,"B,G",Lars Grant-West,249,Land,Woodland Cemetery enters the battlefield tapped unless you control a Swamp or a Forest.\n{T}: Add {B} or {G} to your mana pool.,ISD,Farmers cut the trees and buried their dead. The dead rose up and killed the farmers. The trees grew back and strangled the dead.,normal,241983,,,Rare,,Land
Plains,,,W,Adam Paquette,250,Basic Land — Plains,,"LEA,LEB,2ED,CED,CEI,3ED,4ED,ICE,RQS,pARL,MIR,ITP,5ED,POR,pPRE,TMP,pJGP,PO2,UGL,pALP,USG,ATH,6ED,PTK,S99,pGRU,MMQ,BRB,pELP,S00,INV,7ED,ODY,ONS,8ED,MRD,CHK,UNH,9ED,RAV,CST,TSP,10E,MED,LRW,SHM,ALA,DDC,M10,HOP,ME3,ZEN,H09,DDE,ROE,ARC,M11,DDF,SOM,MBS,DDG,NPH,CMD,M12,DDH,ISD,DDI,AVR,PC2,M13,RTR,DDK,M14,DDL,THS,C13,MD1,M15,DDN,KTK,C14,DD3_DVD,FRF,DDO,DTK,TPR,ORI,DDP,BFZ,C15,DDQ,SOI",,normal,245230,,,Basic Land,Plains,Land
Plains,,,W,Jung Park,251,Basic Land — Plains,,"LEA,LEB,2ED,CED,CEI,3ED,4ED,ICE,RQS,pARL,MIR,ITP,5ED,POR,pPRE,TMP,pJGP,PO2,UGL,pALP,USG,ATH,6ED,PTK,S99,pGRU,MMQ,BRB,pELP,S00,INV,7ED,ODY,ONS,8ED,MRD,CHK,UNH,9ED,RAV,CST,TSP,10E,MED,LRW,SHM,ALA,DDC,M10,HOP,ME3,ZEN,H09,DDE,ROE,ARC,M11,DDF,SOM,MBS,DDG,NPH,CMD,M12,DDH,ISD,DDI,AVR,PC2,M13,RTR,DDK,M14,DDL,THS,C13,MD1,M15,DDN,KTK,C14,DD3_DVD,FRF,DDO,DTK,TPR,ORI,DDP,BFZ,C15,DDQ,SOI",,normal,245233,,,Basic Land,Plains,Land
Plains,,,W,Eytan Zana,252,Basic Land — Plains,,"LEA,LEB,2ED,CED,CEI,3ED,4ED,ICE,RQS,pARL,MIR,ITP,5ED,POR,pPRE,TMP,pJGP,PO2,UGL,pALP,USG,ATH,6ED,PTK,S99,pGRU,MMQ,BRB,pELP,S00,INV,7ED,ODY,ONS,8ED,MRD,CHK,UNH,9ED,RAV,CST,TSP,10E,MED,LRW,SHM,ALA,DDC,M10,HOP,ME3,ZEN,H09,DDE,ROE,ARC,M11,DDF,SOM,MBS,DDG,NPH,CMD,M12,DDH,ISD,DDI,AVR,PC2,M13,RTR,DDK,M14,DDL,THS,C13,MD1,M15,DDN,KTK,C14,DD3_DVD,FRF,DDO,DTK,TPR,ORI,DDP,BFZ,C15,DDQ,SOI",,normal,245231,,,Basic Land,Plains,Land
Island,,,U,James Paick,253,Basic Land — Island,,"LEA,LEB,2ED,CED,CEI,3ED,4ED,ICE,RQS,pARL,MIR,ITP,5ED,POR,TMP,pJGP,PO2,UGL,pALP,USG,6ED,PTK,S99,pGRU,MMQ,BRB,pELP,S00,BTD,INV,7ED,ODY,ONS,8ED,MRD,CHK,UNH,9ED,RAV,CST,TSP,10E,MED,LRW,SHM,ALA,DD2,M10,HOP,ME3,ZEN,H09,DDE,ROE,DPA,ARC,M11,DDF,SOM,MBS,NPH,CMD,M12,DDH,ISD,DDI,AVR,PC2,M13,DDJ,RTR,M14,THS,C13,DDM,M15,DDN,KTK,C14,DD3_JVC,FRF,DDO,DTK,TPR,ORI,BFZ,C15,DDQ,SOI",,normal,245235,,,Basic Land,Island,Land
Island,,,U,Adam Paquette,254,Basic Land — Island,,"LEA,LEB,2ED,CED,CEI,3ED,4ED,ICE,RQS,pARL,MIR,ITP,5ED,POR,TMP,pJGP,PO2,UGL,pALP,USG,6ED,PTK,S99,pGRU,MMQ,BRB,pELP,S00,BTD,INV,7ED,ODY,ONS,8ED,MRD,CHK,UNH,9ED,RAV,CST,TSP,10E,MED,LRW,SHM,ALA,DD2,M10,HOP,ME3,ZEN,H09,DDE,ROE,DPA,ARC,M11,DDF,SOM,MBS,NPH,CMD,M12,DDH,ISD,DDI,AVR,PC2,M13,DDJ,RTR,M14,THS,C13,DDM,M15,DDN,KTK,C14,DD3_JVC,FRF,DDO,DTK,TPR,ORI,BFZ,C15,DDQ,SOI",,normal,245237,,,Basic Land,Island,Land
Island,,,U,Jung Park,255,Basic Land — Island,,"LEA,LEB,2ED,CED,CEI,3ED,4ED,ICE,RQS,pARL,MIR,ITP,5ED,POR,TMP,pJGP,PO2,UGL,pALP,USG,6ED,PTK,S99,pGRU,MMQ,BRB,pELP,S00,BTD,INV,7ED,ODY,ONS,8ED,MRD,CHK,UNH,9ED,RAV,CST,TSP,10E,MED,LRW,SHM,ALA,DD2,M10,HOP,ME3,ZEN,H09,DDE,ROE,DPA,ARC,M11,DDF,SOM,MBS,NPH,CMD,M12,DDH,ISD,DDI,AVR,PC2,M13,DDJ,RTR,M14,THS,C13,DDM,M15,DDN,KTK,C14,DD3_JVC,FRF,DDO,DTK,TPR,ORI,BFZ,C15,DDQ,SOI",,normal,245236,,,Basic Land,Island,Land
Swamp,,,B,James Paick,256,Basic Land — Swamp,,"LEA,LEB,2ED,CED,CEI,3ED,4ED,ICE,RQS,pARL,MIR,ITP,5ED,POR,TMP,pJGP,PO2,UGL,pALP,USG,ATH,6ED,PTK,S99,pGRU,MMQ,BRB,pELP,S00,BTD,INV,7ED,ODY,DKM,ONS,8ED,MRD,CHK,UNH,9ED,RAV,CST,TSP,10E,MED,LRW,SHM,ALA,DDC,M10,HOP,ME3,ZEN,DDD,H09,DDE,ROE,DPA,ARC,M11,SOM,MBS,NPH,CMD,M12,DDH,ISD,PD3,AVR,PC2,M13,DDJ,RTR,DDK,M14,THS,C13,DDM,MD1,M15,DDN,KTK,C14,DD3_DVD,DD3_GVL,FRF,DTK,TPR,ORI,DDP,BFZ,C15,DDQ,SOI",,normal,245240,,,Basic Land,Swamp,Land
Swamp,,,B,Adam Paquette,257,Basic Land — Swamp,,"LEA,LEB,2ED,CED,CEI,3ED,4ED,ICE,RQS,pARL,MIR,ITP,5ED,POR,TMP,pJGP,PO2,UGL,pALP,USG,ATH,6ED,PTK,S99,pGRU,MMQ,BRB,pELP,S00,BTD,INV,7ED,ODY,DKM,ONS,8ED,MRD,CHK,UNH,9ED,RAV,CST,TSP,10E,MED,LRW,SHM,ALA,DDC,M10,HOP,ME3,ZEN,DDD,H09,DDE,ROE,DPA,ARC,M11,SOM,MBS,NPH,CMD,M12,DDH,ISD,PD3,AVR,PC2,M13,DDJ,RTR,DDK,M14,THS,C13,DDM,MD1,M15,DDN,KTK,C14,DD3_DVD,DD3_GVL,FRF,DTK,TPR,ORI,DDP,BFZ,C15,DDQ,SOI",,normal,245239,,,Basic Land,Swamp,Land
Swamp,,,B,Jung Park,258,Basic Land — Swamp,,"LEA,LEB,2ED,CED,CEI,3ED,4ED,ICE,RQS,pARL,MIR,ITP,5ED,POR,TMP,pJGP,PO2,UGL,pALP,USG,ATH,6ED,PTK,S99,pGRU,MMQ,BRB,pELP,S00,BTD,INV,7ED,ODY,DKM,ONS,8ED,MRD,CHK,UNH,9ED,RAV,CST,TSP,10E,MED,LRW,SHM,ALA,DDC,M10,HOP,ME3,ZEN,DDD,H09,DDE,ROE,DPA,ARC,M11,SOM,MBS,NPH,CMD,M12,DDH,ISD,PD3,AVR,PC2,M13,DDJ,RTR,DDK,M14,THS,C13,DDM,MD1,M15,DDN,KTK,C14,DD3_DVD,DD3_GVL,FRF,DTK,TPR,ORI,DDP,BFZ,C15,DDQ,SOI",,normal,245241,,,Basic Land,Swamp,Land
Mountain,,,R,James Paick,259,Basic Land — Mountain,,"LEA,LEB,2ED,ARN,CED,CEI,3ED,4ED,ICE,RQS,pARL,MIR,ITP,5ED,POR,TMP,pJGP,PO2,UGL,pALP,USG,ATH,6ED,PTK,S99,pGRU,MMQ,BRB,pELP,S00,BTD,INV,7ED,ODY,DKM,ONS,8ED,MRD,CHK,UNH,9ED,RAV,CST,TSP,10E,MED,LRW,EVG,SHM,ALA,DD2,M10,HOP,ME3,ZEN,H09,DDE,ROE,DPA,ARC,M11,SOM,PD2,MBS,DDG,NPH,CMD,M12,DDH,ISD,DDI,AVR,PC2,M13,DDJ,RTR,DDK,M14,DDL,THS,C13,M15,DDN,KTK,C14,DD3_EVG,DD3_JVC,FRF,DTK,TPR,ORI,DDP,BFZ,C15,SOI",,normal,245242,,,Basic Land,Mountain,Land
Mountain,,,R,Adam Paquette,260,Basic Land — Mountain,,"LEA,LEB,2ED,ARN,CED,CEI,3ED,4ED,ICE,RQS,pARL,MIR,ITP,5ED,POR,TMP,pJGP,PO2,UGL,pALP,USG,ATH,6ED,PTK,S99,pGRU,MMQ,BRB,pELP,S00,BTD,INV,7ED,ODY,DKM,ONS,8ED,MRD,CHK,UNH,9ED,RAV,CST,TSP,10E,MED,LRW,EVG,SHM,ALA,DD2,M10,HOP,ME3,ZEN,H09,DDE,ROE,DPA,ARC,M11,SOM,PD2,MBS,DDG,NPH,CMD,M12,DDH,ISD,DDI,AVR,PC2,M13,DDJ,RTR,DDK,M14,DDL,THS,C13,M15,DDN,KTK,C14,DD3_EVG,DD3_JVC,FRF,DTK,TPR,ORI,DDP,BFZ,C15,SOI",,normal,245245,,,Basic Land,Mountain,Land
Mountain,,,R,Eytan Zana,261,Basic Land — Mountain,,"LEA,LEB,2ED,ARN,CED,CEI,3ED,4ED,ICE,RQS,pARL,MIR,ITP,5ED,POR,TMP,pJGP,PO2,UGL,pALP,USG,ATH,6ED,PTK,S99,pGRU,MMQ,BRB,pELP,S00,BTD,INV,7ED,ODY,DKM,ONS,8ED,MRD,CHK,UNH,9ED,RAV,CST,TSP,10E,MED,LRW,EVG,SHM,ALA,DD2,M10,HOP,ME3,ZEN,H09,DDE,ROE,DPA,ARC,M11,SOM,PD2,MBS,DDG,NPH,CMD,M12,DDH,ISD,DDI,AVR,PC2,M13,DDJ,RTR,DDK,M14,DDL,THS,C13,M15,DDN,KTK,C14,DD3_EVG,DD3_JVC,FRF,DTK,TPR,ORI,DDP,BFZ,C15,SOI",,normal,245243,,,Basic Land,Mountain,Land
Forest,,,G,James Paick,262,Basic Land — Forest,,"LEA,LEB,2ED,CED,CEI,3ED,4ED,ICE,RQS,pARL,MIR,ITP,5ED,POR,TMP,pJGP,PO2,UGL,pALP,USG,ATH,6ED,PTK,S99,pGRU,MMQ,BRB,pELP,S00,BTD,INV,7ED,ODY,DKM,ONS,8ED,MRD,CHK,UNH,9ED,RAV,CST,TSP,10E,MED,LRW,EVG,SHM,ALA,M10,HOP,ME3,ZEN,DDD,H09,DDE,ROE,DPA,ARC,M11,SOM,MBS,DDG,NPH,CMD,M12,DDH,ISD,AVR,PC2,M13,DDJ,RTR,M14,DDL,THS,C13,DDM,M15,KTK,C14,DD3_EVG,DD3_GVL,FRF,DDO,DTK,TPR,ORI,DDP,BFZ,C15,SOI",,normal,245247,,,Basic Land,Forest,Land
Forest,,,G,Jung Park,263,Basic Land — Forest,,"LEA,LEB,2ED,CED,CEI,3ED,4ED,ICE,RQS,pARL,MIR,ITP,5ED,POR,TMP,pJGP,PO2,UGL,pALP,USG,ATH,6ED,PTK,S99,pGRU,MMQ,BRB,pELP,S00,BTD,INV,7ED,ODY,DKM,ONS,8ED,MRD,CHK,UNH,9ED,RAV,CST,TSP,10E,MED,LRW,EVG,SHM,ALA,M10,HOP,ME3,ZEN,DDD,H09,DDE,ROE,DPA,ARC,M11,SOM,MBS,DDG,NPH,CMD,M12,DDH,ISD,AVR,PC2,M13,DDJ,RTR,M14,DDL,THS,C13,DDM,M15,KTK,C14,DD3_EVG,DD3_GVL,FRF,DDO,DTK,TPR,ORI,DDP,BFZ,C15,SOI",,normal,245248,,,Basic Land,Forest,Land
Forest,,,G,Eytan Zana,264,Basic Land — Forest,,"LEA,LEB,2ED,CED,CEI,3ED,4ED,ICE,RQS,pARL,MIR,ITP,5ED,POR,TMP,pJGP,PO2,UGL,pALP,USG,ATH,6ED,PTK,S99,pGRU,MMQ,BRB,pELP,S00,BTD,INV,7ED,ODY,DKM,ONS,8ED,MRD,CHK,UNH,9ED,RAV,CST,TSP,10E,MED,LRW,EVG,SHM,ALA,M10,HOP,ME3,ZEN,DDD,H09,DDE,ROE,DPA,ARC,M11,SOM,MBS,DDG,NPH,CMD,M12,DDH,ISD,AVR,PC2,M13,DDJ,RTR,M14,DDL,THS,C13,DDM,M15,KTK,C14,DD3_EVG,DD3_GVL,FRF,DDO,DTK,TPR,ORI,DDP,BFZ,C15,SOI",,normal,245246,,,Basic Land,Forest,Land
