name,manaCost,cmc,colorIdentity,artist,number,type,text,printings,flavor,layout,multiverseid,power,toughness,rarity,subtypes,types
Alabaster Potion,{X}{W}{W},2,W,Harold McNeill,,Instant,Choose one —\n• Target player gains X life.\n• Prevent the next X damage that would be dealt to target creature or player this turn.,"LEG,4ED,RQS,ITP,5ED,ME3","""Healing is a matter of time, but it is sometimes also a matter of opportunity.""\n—D'Avenant proverb",normal,,,,Special,,Instant
Battering Ram,{2},2,,Jeff A. Menges,,Artifact Creature — Construct,"At the beginning of combat on your turn, Battering Ram gains banding until end of combat. (Any creatures with banding, and up to one without, can attack in a band. Bands are blocked as a group. If any creatures with banding you control are being blocked by a creature, you divide that creature's combat damage, not its controller, among any of the creatures it's blocking.)\nWhenever Battering Ram becomes blocked by a Wall, destroy that Wall at end of combat.","ATQ,4ED,RQS,ITP,5ED","By the time Mishra was defeated, no mage was foolish enough to rely heavily on walls.",normal,,1,1,Special,Construct,"Artifact,Creature"
Bog Imp,{1}{B},2,B,Ron Spencer,,Creature — Imp,Flying (This creature can't be blocked except by creatures with flying or reach.),"DRK,4ED,RQS,ITP,5ED,POR,6ED,S99,S00,7ED,8ED,9ED","On guard for larger dangers, we underestimated the power and speed of the Imp's muck-crusted claws.",normal,,1,1,Special,Imp,Creature
Bog Wraith,{3}{B},4,B,Jeff A. Menges,,Creature — Wraith,Swampwalk (This creature can't be blocked as long as defending player controls a Swamp.),"LEA,LEB,2ED,CED,CEI,3ED,4ED,RQS,ITP,5ED,POR,6ED,S99,7ED,8ED,9ED,10E,M10",'Twas in the bogs of Cannelbrae\nMy mate did meet an early grave\n'Twas nothing left for us to save\nIn the peat-filled bogs of Cannelbrae.,normal,,3,3,Special,Wraith,Creature
Circle of Protection: Black,{1}{W},2,W,Jesper Myrfors,,Enchantment,"{1}: The next time a black source of your choice would deal damage to you this turn, prevent that damage.","LEB,2ED,CED,CEI,3ED,4ED,ICE,RQS,ITP,5ED,TMP,6ED,7ED,8ED,9ED",,normal,,,,Special,,Enchantment
Circle of Protection: Red,{1}{W},2,W,Mark Tedin,,Enchantment,"{1}: The next time a red source of your choice would deal damage to you this turn, prevent that damage.","LEA,LEB,2ED,CED,CEI,3ED,4ED,ICE,RQS,ITP,5ED,TMP,6ED,pFNM,7ED,8ED,9ED",,normal,,,,Special,,Enchantment
Clockwork Beast,{6},6,,Drew Tucker,,Artifact Creature — Beast,"Clockwork Beast enters the battlefield with seven +1/+0 counters on it.\nAt end of combat, if Clockwork Beast attacked or blocked this combat, remove a +1/+0 counter from it.\n{X}, {T}: Put up to X +1/+0 counters on Clockwork Beast. This ability can't cause the total number of +1/+0 counters on Clockwork Beast to be greater than seven. Activate this ability only during your upkeep.","LEA,LEB,2ED,CED,CEI,3ED,4ED,RQS,ITP,5ED,BTD,MED",,normal,,0,4,Special,Beast,"Artifact,Creature"
Cursed Land,{2}{B}{B},4,B,Jesper Myrfors,,Enchantment — Aura,"Enchant land\nAt the beginning of the upkeep of enchanted land's controller, Cursed Land deals 1 damage to that player.","LEA,LEB,2ED,CED,CEI,3ED,4ED,RQS,ITP,5ED",,normal,,,,Special,Aura,Enchantment
Dark Ritual,{B},1,B,Sandra Everingham,,Instant,Add {B}{B}{B} to your mana pool.,"LEA,LEB,2ED,CED,CEI,3ED,4ED,ICE,RQS,MIR,ITP,5ED,TMP,pJGP,USG,MMQ,BRB,BTD,DKM,CST,DDC,HOP,DDE,ME4,V13,VMA,DD3_DVD,TPR",,normal,,,,Special,,Instant
Detonate,{X}{R},1,R,Randy Asplund-Faith,,Sorcery,Destroy target artifact with converted mana cost X. It can't be regenerated. Detonate deals X damage to that artifact's controller.,"ATQ,4ED,RQS,ITP,5ED,MRD,ME4",,normal,,,,Special,,Sorcery
Disintegrate,{X}{R},1,R,Anson Maddocks,,Sorcery,"Disintegrate deals X damage to target creature or player. That creature can't be regenerated this turn. If the creature would die this turn, exile it instead.","LEA,LEB,2ED,CED,CEI,3ED,4ED,RQS,ITP,5ED,TSB",,normal,,,,Special,,Sorcery
Durkwood Boars,{4}{G},5,G,Mike Kimble,,Creature — Boar,,"LEG,4ED,RQS,ITP,5ED,S99,S00","""And the unclean spirits went out, and entered the swine: and the herd ran violently . . . .""\n—Mark 5:13",normal,,4,4,Special,Boar,Creature
Elven Riders,{3}{G}{G},5,G,Melissa A. Benson,,Creature — Elf,Elven Riders can't be blocked except by Walls and/or creatures with flying.,"LEG,4ED,RQS,ITP,5ED,6ED,ONS,10E,DPA","""Sometimes it is better to be swift of foot than strong of swordarm.""\n—Elven proverb",normal,,3,3,Special,Elf,Creature
Elvish Archers,{1}{G},2,G,Anson Maddocks,,Creature — Elf Archer,First strike,"LEA,LEB,2ED,CED,CEI,3ED,4ED,RQS,ITP,5ED,6ED,7ED","I tell you, there was so many arrows flying about you couldn't hardly see the sun. So I says to young Angus, ""Well, at least now we're fighting in the shade!""",normal,,2,1,Special,"Elf,Archer",Creature
Energy Flux,{2}{U},3,U,Kaja Foglio,,Enchantment,"All artifacts have ""At the beginning of your upkeep, sacrifice this artifact unless you pay {2}.""","ATQ,3ED,4ED,RQS,ITP,5ED,MMQ,ME4",,normal,,,,Special,,Enchantment
Feedback,{2}{U},3,U,Quinton Hoover,,Enchantment — Aura,"Enchant enchantment\nAt the beginning of the upkeep of enchanted enchantment's controller, Feedback deals 1 damage to that player.","LEA,LEB,2ED,CED,CEI,3ED,4ED,RQS,ITP,5ED",,normal,,,,Special,Aura,Enchantment
Fireball,{X}{R},1,R,Mark Tedin,,Sorcery,"Fireball deals X damage divided evenly, rounded down, among any number of target creatures and/or players.\nFireball costs {1} more to cast for each target beyond the first.","LEA,LEB,2ED,CED,CEI,3ED,pMEI,4ED,RQS,pARL,ITP,5ED,ATH,BTD,pMPR,DST,DD2,M10,ARC,M11,PD2,ME4,M12,C13,DD3_JVC",,normal,,,,Special,,Sorcery
Forest,,,G,Christopher Rush,,Basic Land — Forest,,"LEA,LEB,2ED,CED,CEI,3ED,4ED,ICE,RQS,pARL,MIR,ITP,5ED,POR,TMP,pJGP,PO2,UGL,pALP,USG,ATH,6ED,PTK,S99,pGRU,MMQ,BRB,pELP,S00,BTD,INV,7ED,ODY,DKM,ONS,8ED,MRD,CHK,UNH,9ED,RAV,CST,TSP,10E,MED,LRW,EVG,SHM,ALA,M10,HOP,ME3,ZEN,DDD,H09,DDE,ROE,DPA,ARC,M11,SOM,MBS,DDG,NPH,CMD,M12,DDH,ISD,AVR,PC2,M13,DDJ,RTR,M14,DDL,THS,C13,DDM,M15,KTK,C14,DD3_EVG,DD3_GVL,FRF,DDO,DTK,TPR,ORI,DDP,BFZ,C15,SOI",,normal,,,,Basic Land,Forest,Land
Glasses of Urza,{1},1,,Douglas Shuler,,Artifact,{T}: Look at target player's hand.,"LEA,LEB,2ED,CED,CEI,3ED,4ED,RQS,ITP,5ED,6ED,ME4",,normal,,,,Special,,Artifact
Grizzly Bears,{1}{G},2,G,Jeff A. Menges,,Creature — Bear,,"LEA,LEB,2ED,CED,CEI,3ED,4ED,RQS,ITP,5ED,POR,6ED,S99,7ED,8ED,9ED,10E","Don't try to outrun one of Dominia's Grizzlies; it'll catch you, knock you down, and eat you. Of course, you could run up a tree. In that case you'll get a nice view before it knocks the tree down and eats you.",normal,,2,2,Special,Bear,Creature
Healing Salve,{W},1,W,Dan Frazier,,Instant,Choose one —\n• Target player gains 3 life.\n• Prevent the next 3 damage that would be dealt to target creature or player this turn.,"LEA,LEB,2ED,CED,CEI,3ED,4ED,RQS,MIR,ITP,5ED,USG,6ED,BRB,7ED,8ED,DDC,ME4,DD3_DVD",,normal,,,,Special,,Instant
Hill Giant,{3}{R},4,R,Dan Frazier,,Creature — Giant,,"LEA,LEB,2ED,CED,CEI,3ED,4ED,RQS,ITP,5ED,POR,7ED,8ED,9ED,10E,DPA","Fortunately, Hill Giants have large blind spots in which a human can easily hide. Unfortunately, these blind spots are beneath the bottoms of their feet.",normal,,3,3,Special,Giant,Creature
Ironclaw Orcs,{1}{R},2,R,Anson Maddocks,,Creature — Orc,Ironclaw Orcs can't block creatures with power 2 or greater.,"LEA,LEB,2ED,CED,CEI,4ED,RQS,ITP,5ED,ME2","Generations of genetic weeding have given rise to the deviously cowardly Ironclaw clan. To say that Orcs in general are vicious, depraved, and ignoble does not do justice to the Ironclaw.",normal,,2,2,Special,Orc,Creature
Island,,,U,Mark Poole,,Basic Land — Island,,"LEA,LEB,2ED,CED,CEI,3ED,4ED,ICE,RQS,pARL,MIR,ITP,5ED,POR,TMP,pJGP,PO2,UGL,pALP,USG,6ED,PTK,S99,pGRU,MMQ,BRB,pELP,S00,BTD,INV,7ED,ODY,ONS,8ED,MRD,CHK,UNH,9ED,RAV,CST,TSP,10E,MED,LRW,SHM,ALA,DD2,M10,HOP,ME3,ZEN,H09,DDE,ROE,DPA,ARC,M11,DDF,SOM,MBS,NPH,CMD,M12,DDH,ISD,DDI,AVR,PC2,M13,DDJ,RTR,M14,THS,C13,DDM,M15,DDN,KTK,C14,DD3_JVC,FRF,DDO,DTK,TPR,ORI,BFZ,C15,DDQ,SOI",,normal,,,,Basic Land,Island,Land
Jayemdae Tome,{4},4,,Mark Tedin,,Artifact,"{4}, {T}: Draw a card.","LEA,LEB,2ED,CED,CEI,3ED,4ED,RQS,ITP,5ED,6ED,7ED,8ED,10E,M13,ORI",,normal,,,,Special,,Artifact
Lost Soul,{1}{B}{B},3,B,Randy Asplund-Faith,,Creature — Spirit Minion,Swampwalk (This creature can't be blocked as long as defending player controls a Swamp.),"LEG,4ED,RQS,ITP,5ED,6ED","Her hand gently beckons,\nshe whispers your name—\nBut those who go with her\nare never the same.",normal,,2,1,Special,"Spirit,Minion",Creature
Merfolk of the Pearl Trident,{U},1,U,Jeff A. Menges,,Creature — Merfolk,,"LEA,LEB,2ED,CED,CEI,3ED,4ED,RQS,ITP,5ED,POR,6ED,S99,S00,7ED,M13","Most human scholars believe that Merfolk are the survivors of sunken Atlantis, humans adapted to the water. Merfolk, however, believe that humans sprang forth from Merfolk who adapted themselves in order to explore their last frontier.",normal,,1,1,Special,Merfolk,Creature
Mesa Pegasus,{1}{W},2,W,Melissa A. Benson,,Creature — Pegasus,"Flying; banding (Any creatures with banding, and up to one without, can attack in a band. Bands are blocked as a group. If any creatures with banding you control are blocking or being blocked by a creature, you divide that creature's combat damage, not its controller, among any of the creatures it's being blocked by or is blocking.)","LEA,LEB,2ED,CED,CEI,3ED,4ED,RQS,ITP,5ED,MED","Before a woman marries in the village of Sursi, she must visit the land of the Mesa Pegasus. Legend has it that if the woman is pure of heart and her love is true, a Mesa Pegasus will appear, blessing her family with long life and good fortune.",normal,,1,1,Special,Pegasus,Creature
Mons's Goblin Raiders,{R},1,R,Jeff A. Menges,,Creature — Goblin,,"LEA,LEB,2ED,CED,CEI,3ED,4ED,RQS,ITP,5ED,S99,S00","The intricate dynamics of Rundvelt Goblin affairs are often confused with anarchy. The chaos, however, is the chaos of a thundercloud, and direction will sporadically and violently appear. Pashalik Mons and his Raiders are the thunderhead that leads in the storm.",normal,,1,1,Special,Goblin,Creature
Mountain,,,R,Douglas Shuler,,Basic Land — Mountain,,"LEA,LEB,2ED,ARN,CED,CEI,3ED,4ED,ICE,RQS,pARL,MIR,ITP,5ED,POR,TMP,pJGP,PO2,UGL,pALP,USG,ATH,6ED,PTK,S99,pGRU,MMQ,BRB,pELP,S00,BTD,INV,7ED,ODY,DKM,ONS,8ED,MRD,CHK,UNH,9ED,RAV,CST,TSP,10E,MED,LRW,EVG,SHM,ALA,DD2,M10,HOP,ME3,ZEN,H09,DDE,ROE,DPA,ARC,M11,SOM,PD2,MBS,DDG,NPH,CMD,M12,DDH,ISD,DDI,AVR,PC2,M13,DDJ,RTR,DDK,M14,DDL,THS,C13,M15,DDN,KTK,C14,DD3_EVG,DD3_JVC,FRF,DTK,TPR,ORI,DDP,BFZ,C15,SOI",,normal,,,,Basic Land,Mountain,Land
Murk Dwellers,{3}{B},4,B,Drew Tucker,,Creature — Zombie,"Whenever Murk Dwellers attacks and isn't blocked, it gets +2/+0 until end of combat.","DRK,4ED,RQS,ITP,5ED","When Raganorn unsealed the catacombs, he found more than the dead and their treasures.",normal,,2,2,Special,Zombie,Creature
Orcish Artillery,{1}{R}{R},3,R,Anson Maddocks,,Creature — Orc Warrior,{T}: Orcish Artillery deals 2 damage to target creature or player and 3 damage to you.,"LEA,LEB,2ED,CED,CEI,3ED,4ED,RQS,ITP,5ED,6ED,7ED,8ED,9ED,10E","In a rare display of ingenuity, the Orcs invented an incredibly destructive weapon. Most Orcish artillerists are those who dared criticize its effectiveness.",normal,,1,3,Special,"Orc,Warrior",Creature
Orcish Oriflamme,{3}{R},4,R,Dan Frazier,,Enchantment,Attacking creatures you control get +1/+0.,"LEA,LEB,2ED,CED,CEI,3ED,4ED,RQS,ITP,5ED,6ED,S00,7ED,EMA",,normal,,,,Special,,Enchantment
Pearled Unicorn,{2}{W},3,W,Cornelius Brudi,,Creature — Unicorn,,"LEA,LEB,2ED,CED,CEI,3ED,4ED,RQS,ITP,5ED","""‘Do you know, I always thought Unicorns were fabulous monsters, too? I never saw one alive before!' ‘Well, now that we have seen each other,' said the Unicorn, ‘if you'll believe in me, I'll believe in you.'"" —Lewis Carroll",normal,,2,2,Special,Unicorn,Creature
Phantom Monster,{3}{U},4,U,Jesper Myrfors,,Creature — Illusion,Flying,"LEA,LEB,2ED,CED,CEI,3ED,4ED,ITP,5ED,MED,EMA","""While, like a ghastly rapid river,\nThrough the pale door,\nA hideous throng rush out forever,\nAnd laugh—but smile no more.""\n—Edgar Allan Poe, ""The Haunted Palace""",normal,,3,3,Special,Illusion,Creature
Plains,,,W,Jesper Myrfors,,Basic Land — Plains,,"LEA,LEB,2ED,CED,CEI,3ED,4ED,ICE,RQS,pARL,MIR,ITP,5ED,POR,pPRE,TMP,pJGP,PO2,UGL,pALP,USG,ATH,6ED,PTK,S99,pGRU,MMQ,BRB,pELP,S00,INV,7ED,ODY,ONS,8ED,MRD,CHK,UNH,9ED,RAV,CST,TSP,10E,MED,LRW,SHM,ALA,DDC,M10,HOP,ME3,ZEN,H09,DDE,ROE,ARC,M11,DDF,SOM,MBS,DDG,NPH,CMD,M12,DDH,ISD,DDI,AVR,PC2,M13,RTR,DDK,M14,DDL,THS,C13,MD1,M15,DDN,KTK,C14,DD3_DVD,FRF,DDO,DTK,TPR,ORI,DDP,BFZ,C15,DDQ,SOI",,normal,,,,Basic Land,Plains,Land
Power Sink,{X}{U},1,U,Richard Thomas,,Instant,"Counter target spell unless its controller pays {X}. If he or she doesn't, that player taps all lands with mana abilities he or she controls and empties his or her mana pool.","LEA,LEB,2ED,CED,CEI,3ED,4ED,ICE,RQS,MIR,ITP,5ED,TMP,USG,6ED,BTD,VMA",,normal,,,,Special,,Instant
Pyrotechnics,{4}{R},5,R,Anson Maddocks,,Sorcery,Pyrotechnics deals 4 damage divided as you choose among any number of target creatures and/or players.,"LEG,4ED,RQS,ITP,5ED,ATH,6ED,7ED,8ED,HOP,FRF","""Hi! ni! ya! Behold the man of flint, that's me!\nFour lightnings zigzag from me, strike and return."" —Navajo war chant",normal,,,,Special,,Sorcery
Raise Dead,{B},1,B,Jeff A. Menges,,Sorcery,Return target creature card from your graveyard to your hand.,"LEA,LEB,2ED,CED,CEI,3ED,4ED,RQS,ITP,5ED,POR,PO2,6ED,S99,7ED,8ED,9ED",,normal,,,,Special,,Sorcery
Reverse Damage,{1}{W}{W},3,W,Dameon Willich,,Instant,"The next time a source of your choice would deal damage to you this turn, prevent that damage. You gain life equal to the damage prevented this way.","LEA,LEB,2ED,CED,CEI,3ED,4ED,ITP,5ED,6ED,7ED,9ED",,normal,,,,Special,,Instant
Rod of Ruin,{4},4,,Christopher Rush,,Artifact,"{3}, {T}: Rod of Ruin deals 1 damage to target creature or player.","LEA,LEB,2ED,CED,CEI,3ED,4ED,RQS,ITP,5ED,6ED,S00,7ED,8ED,9ED,10E,M10,M14",,normal,,,,Special,,Artifact
Scathe Zombies,{2}{B},3,B,Jesper Myrfors,,Creature — Zombie,,"LEA,LEB,2ED,CED,CEI,3ED,4ED,ITP,5ED,6ED,S99,S00,7ED,8ED,9ED,10E","""They groaned, they stirred, they all uprose, Nor spake, nor moved their eyes; It had been strange, even in a dream, To have seen those dead men rise."" —Samuel Coleridge, ""The Rime of the Ancient Mariner""",normal,,2,2,Special,Zombie,Creature
Scryb Sprites,{G},1,G,Amy Weber,,Creature — Faerie,Flying,"LEA,LEB,2ED,CED,CEI,3ED,4ED,RQS,ITP,5ED,BRB,MED,ME3",The only sound was the gentle clicking of the Faeries' wings. Then those intruders who were still standing turned and fled. One thing was certain: they didn't think the Scryb were very funny anymore.,normal,,1,1,Special,Faerie,Creature
Sorceress Queen,{1}{B}{B},3,B,Kaja Foglio,,Creature — Human Wizard,{T}: Target creature other than Sorceress Queen has base power and toughness 0/2 until end of turn.,"ARN,3ED,4ED,RQS,ITP,5ED",,normal,,1,1,Special,"Human,Wizard",Creature
Swamp,,,B,Dan Frazier,,Basic Land — Swamp,,"LEA,LEB,2ED,CED,CEI,3ED,4ED,ICE,RQS,pARL,MIR,ITP,5ED,POR,TMP,pJGP,PO2,UGL,pALP,USG,ATH,6ED,PTK,S99,pGRU,MMQ,BRB,pELP,S00,BTD,INV,7ED,ODY,DKM,ONS,8ED,MRD,CHK,UNH,9ED,RAV,CST,TSP,10E,MED,LRW,SHM,ALA,DDC,M10,HOP,ME3,ZEN,DDD,H09,DDE,ROE,DPA,ARC,M11,SOM,MBS,NPH,CMD,M12,DDH,ISD,PD3,AVR,PC2,M13,DDJ,RTR,DDK,M14,THS,C13,DDM,MD1,M15,DDN,KTK,C14,DD3_DVD,DD3_GVL,FRF,DTK,TPR,ORI,DDP,BFZ,C15,DDQ,SOI",,normal,,,,Basic Land,Swamp,Land
Terror,{1}{B},2,B,Ron Spencer,,Instant,"Destroy target nonartifact, nonblack creature. It can't be regenerated.","LEA,LEB,2ED,CED,CEI,3ED,4ED,RQS,ITP,5ED,ATH,6ED,BRB,pFNM,S00,BTD,pMPR,MRD,10E,DPA,ME4",,normal,,,,Special,,Instant
Twiddle,{U},1,U,Rob Alexander,,Instant,"You may tap or untap target artifact, creature, or land.","LEA,LEB,2ED,CED,CEI,4ED,RQS,ITP,5ED,7ED,8ED",,normal,,,,Special,,Instant
Unsummon,{U},1,U,Douglas Shuler,,Instant,Return target creature to its owner's hand.,"LEA,LEB,2ED,CED,CEI,3ED,4ED,RQS,ITP,5ED,6ED,7ED,8ED,10E,CON,M10,DPA,M11,M12,M13",,normal,,,,Special,,Instant
Untamed Wilds,{2}{G},3,G,NéNé Thomas,,Sorcery,Search your library for a basic land card and put that card onto the battlefield. Then shuffle your library.,"LEG,4ED,RQS,ITP,5ED,POR,PO2,6ED,S99,7ED",,normal,,,,Special,,Sorcery
Vampire Bats,{B},1,B,Anson Maddocks,,Creature — Bat,Flying (This creature can't be blocked except by creatures with flying or reach.)\n{B}: Vampire Bats gets +1/+0 until end of turn. Activate this ability no more than twice each turn.,"LEG,4ED,RQS,ITP,5ED,10E,DDD,DD3_GVL","""For something is amiss or out of place\nWhen mice with wings can wear a human face.""\n—Theodore Roethke, ""The Bat""",normal,,0,1,Special,Bat,Creature
Wall of Bone,{2}{B},3,B,Anson Maddocks,,Creature — Skeleton Wall,"Defender (This creature can't attack.)\n{B}: Regenerate Wall of Bone. (The next time this creature would be destroyed this turn, it isn't. Instead tap it, remove all damage from it, and remove it from combat.)","LEA,LEB,2ED,CED,CEI,3ED,4ED,RQS,ITP,5ED,7ED,M10,DDD,DD3_GVL","The Wall of Bone is said to be an aspect of the Great Wall in Hel, where the bones of all sinners wait for Ragnarok, when Hela will call them forth for the final battle.",normal,,1,4,Special,"Skeleton,Wall",Creature
War Mammoth,{3}{G},4,G,Jeff A. Menges,,Creature — Elephant,Trample,"LEA,LEB,2ED,CED,CEI,3ED,4ED,RQS,ITP,5ED,ME4",I didn't think Mammoths could ever hold a candle to a well-trained battle horse. Then one day I turned my back on a drunken soldier. His blow never landed; Mi'cha flung the brute over ten meters.,normal,,3,3,Special,Elephant,Creature
Warp Artifact,{B}{B},2,B,Amy Weber,,Enchantment — Aura,"Enchant artifact\nAt the beginning of the upkeep of enchanted artifact's controller, Warp Artifact deals 1 damage to that player.","LEA,LEB,2ED,CED,CEI,3ED,4ED,RQS,ITP,5ED,ME4",,normal,,,,Special,Aura,Enchantment
Weakness,{B},1,B,Douglas Shuler,,Enchantment — Aura,Enchant creature\nEnchanted creature gets -2/-1.,"LEA,LEB,2ED,CED,CEI,3ED,4ED,RQS,ITP,5ED,BRB,M10,ME4",,normal,,,,Special,Aura,Enchantment
Whirling Dervish,{G}{G},2,G,Susan Van Camp,,Creature — Human Monk,"Protection from black\nAt the beginning of each end step, if Whirling Dervish dealt damage to an opponent this turn, put a +1/+1 counter on it.","LEG,4ED,RQS,ITP,5ED,pSUS,TSB",,normal,,1,1,Special,"Human,Monk",Creature
Winter Blast,{X}{G},1,G,Kaja Foglio,,Sorcery,Tap X target creatures. Winter Blast deals 2 damage to each of those creatures with flying.,"LEG,4ED,RQS,ITP,5ED,MED","""Blow, winds, and crack your cheeks! rage! blow!"" —William Shakespeare, King Lear",normal,,,,Special,,Sorcery
Zephyr Falcon,{1}{U},2,U,Heather Hudson,,Creature — Bird,"Flying, vigilance","LEG,4ED,RQS,ITP,5ED","Although greatly prized among falconers, the Zephyr Falcon is capricious and not easily tamed.",normal,,1,1,Special,Bird,Creature
