name,manaCost,cmc,colorIdentity,artist,number,type,text,printings,flavor,layout,multiverseid,power,toughness,rarity,subtypes,types
Aegis of the Gods,{1}{W},2,W,Yefim Kligerman,1,Enchantment Creature — Human Soldier,You have hexproof. (You can't be the target of spells or abilities your opponents control.),JOU,Athreos cares little for the other gods' conflict with mortals. He is concerned only with safe passage for the dead.,normal,380364,2,1,Rare,"Human,Soldier","Enchantment,Creature"
Ajani's Presence,{W},1,W,Raymond Swanland,2,Instant,"Strive — Ajani's Presence costs {2}{W} more to cast for each target beyond the first.\nAny number of target creatures each get +1/+1 and gain indestructible until end of turn. (Damage and effects that say ""destroy"" don't destroy them.)",JOU,,normal,380368,,,Common,,Instant
Akroan Mastiff,{3}{W},4,W,Zoltan Boros,3,Creature — Hound,"{W}, {T}: Tap target creature.",JOU,"Even when many of the soldiers who guarded Akros were called away, its safety was never in doubt.",normal,380370,2,2,Common,Hound,Creature
Armament of Nyx,{2}{W},3,W,Slawomir Maniak,4,Enchantment — Aura,"Enchant creature\nEnchanted creature has double strike as long as it's an enchantment. Otherwise, prevent all damage that would be dealt by enchanted creature. (A creature with double strike deals both first-strike and regular combat damage.)",JOU,,normal,380371,,,Common,Aura,Enchantment
Banishing Light,{2}{W},3,W,Willian Murai,5,Enchantment,"When Banishing Light enters the battlefield, exile target nonland permanent an opponent controls until Banishing Light leaves the battlefield. (That permanent returns under its owner's control.)","pFNM,JOU,C15",,normal,380375,,,Uncommon,,Enchantment
Dawnbringer Charioteers,{2}{W}{W},4,W,Ryan Alexander Lee,6,Creature — Human Soldier,"Flying, lifelink\nHeroic — Whenever you cast a spell that targets Dawnbringer Charioteers, put a +1/+1 counter on Dawnbringer Charioteers.","pPRE,JOU","""Nyx may belong to the gods, but the skies of Theros are ours.""",normal,380394,2,4,Rare,"Human,Soldier",Creature
Deicide,{1}{W},2,W,Jason Chan,7,Instant,"Exile target enchantment. If the exiled card is a God card, search its controller's graveyard, hand, and library for any number of cards with the same name as that card and exile them, then that player shuffles his or her library.",JOU,"""It is done.""\n—Elspeth",normal,380395,,,Rare,,Instant
Dictate of Heliod,{3}{W}{W},5,W,Terese Nielsen,8,Enchantment,Flash\nCreatures you control get +2/+2.,"JOU,DDO,C15","""In our war Heliod gave mortals some favor, yet other times he withheld aid. Are we still no more than game pieces to him?""\n—Polyxene the Doubter",normal,380400,,,Rare,,Enchantment
Eagle of the Watch,{2}{W},3,W,Scott Murphy,9,Creature — Bird,"Flying, vigilance","JOU,ORI","""Even from miles away, I could see our eagles circling. That's when I gave the command to pick up the pace. I knew we were needed at home.""\n—Kanlos, Akroan captain",normal,380407,2,1,Common,Bird,Creature
Eidolon of Rhetoric,{2}{W},3,W,Ryan Yee,10,Enchantment Creature — Spirit,Each player can't cast more than one spell each turn.,JOU,It is the soul of a philosopher who died of starvation contemplating the universe.,normal,380409,1,4,Uncommon,Spirit,"Enchantment,Creature"
Font of Vigor,{1}{W},2,W,Noah Bradley,11,Enchantment,"{2}{W}, Sacrifice Font of Vigor: You gain 7 life.",JOU,"Drink deep, and be restored.",normal,380421,,,Common,,Enchantment
Godsend,{1}{W}{W},3,W,Daniel Ljunggren,12,Legendary Artifact — Equipment,"Equipped creature gets +3/+3.\nWhenever equipped creature blocks or becomes blocked by one or more creatures, you may exile one of those creatures.\nOpponents can't cast cards with the same name as cards exiled with Godsend.\nEquip {3}",JOU,,normal,380426,,,Mythic Rare,Equipment,Artifact
Harvestguard Alseids,{2}{W},3,W,Igor Kieryluk,13,Enchantment Creature — Nymph,"Constellation — Whenever Harvestguard Alseids or another enchantment enters the battlefield under your control, prevent all damage that would be dealt to target creature this turn.",JOU,Not all shields are forged of iron or bronze.,normal,380433,2,3,Common,Nymph,"Enchantment,Creature"
Lagonna-Band Trailblazer,{W},1,W,James Zapata,14,Creature — Centaur Scout,"Heroic — Whenever you cast a spell that targets Lagonna-Band Trailblazer, put a +1/+1 counter on Lagonna-Band Trailblazer.",JOU,"Go forth with honor, return with glory.",normal,380448,0,4,Common,"Centaur,Scout",Creature
Launch the Fleet,{W},1,W,Karl Kopinski,15,Sorcery,"Strive — Launch the Fleet costs {1} more to cast for each target beyond the first.\nUntil end of turn, any number of target creatures each gain ""Whenever this creature attacks, put a 1/1 white Soldier creature token onto the battlefield tapped and attacking.""",JOU,,normal,380449,,,Rare,,Sorcery
Leonin Iconoclast,{3}{W},4,W,Steve Prescott,16,Creature — Cat Monk,"Heroic — Whenever you cast a spell that targets Leonin Iconoclast, destroy target enchantment creature an opponent controls.",JOU,"""The stars belong in the night sky. This is our world, and we are our own masters.""",normal,380450,3,2,Uncommon,"Cat,Monk",Creature
Mortal Obstinacy,{W},1,W,Slawomir Maniak,17,Enchantment — Aura,"Enchant creature you control\nEnchanted creature gets +1/+1.\nWhenever enchanted creature deals combat damage to a player, you may sacrifice Mortal Obstinacy. If you do, destroy target enchantment.",JOU,,normal,380457,,,Common,Aura,Enchantment
Nyx-Fleece Ram,{1}{W},2,W,Terese Nielsen,18,Enchantment Creature — Sheep,"At the beginning of your upkeep, you gain 1 life.",JOU,"The gods are fascinated by innocence, perhaps because it's a quality they themselves lack.",normal,380463,0,5,Uncommon,Sheep,"Enchantment,Creature"
Oppressive Rays,{W},1,W,Mark Zug,19,Enchantment — Aura,Enchant creature\nEnchanted creature can't attack or block unless its controller pays {3}.\nActivated abilities of enchanted creature cost {3} more to activate.,"JOU,M15",,normal,380465,,,Common,Aura,Enchantment
Oreskos Swiftclaw,{1}{W},2,W,James Ryman,20,Creature — Cat Warrior,,"JOU,M15","After the Battle of Pharagax Bridge, the Champion spent many months among the leonin of Oreskos. She found that they were quick to take offense, not because they were thin-skinned, but because they were always eager for a fight.\n—The Theriad",normal,380466,3,1,Common,"Cat,Warrior",Creature
Phalanx Formation,{2}{W},3,W,Dan Scott,21,Instant,Strive — Phalanx Formation costs {1}{W} more to cast for each target beyond the first.\nAny number of target creatures each gain double strike until end of turn. (They deal both first-strike and regular combat damage.),JOU,,normal,380468,,,Uncommon,,Instant
Quarry Colossus,{5}{W}{W},7,W,Todd Lockwood,22,Creature — Giant,"When Quarry Colossus enters the battlefield, put target creature into its owner's library just beneath the top X cards of that library, where X is the number of Plains you control.",JOU,,normal,380477,5,6,Uncommon,Giant,Creature
Reprisal,{1}{W},2,W,Raymond Swanland,23,Instant,Destroy target creature with power 4 or greater. It can't be regenerated.,"ALL,6ED,7ED,ME2,DDG,JOU","""A tiny flame is enough to dispel the night.""\n—Elspeth",normal,380480,,,Uncommon,,Instant
Sightless Brawler,{1}{W},2,W,Johann Bodin,24,Enchantment Creature — Human Warrior,"Bestow {4}{W} (If you cast this card for its bestow cost, it's an Aura spell with enchant creature. It becomes a creature again if it's not attached to a creature.)\nSightless Brawler can't attack alone.\nEnchanted creature gets +3/+2 and can't attack alone.",JOU,,normal,380496,3,2,Uncommon,"Human,Warrior","Enchantment,Creature"
Skybind,{3}{W}{W},5,W,Igor Kieryluk,25,Enchantment,"Constellation — Whenever Skybind or another enchantment enters the battlefield under your control, exile target nonenchantment permanent. Return that card to the battlefield under its owner's control at the beginning of the next end step.",JOU,,normal,380500,,,Rare,,Enchantment
Skyspear Cavalry,{3}{W}{W},5,W,Wayne Reynolds,26,Creature — Human Soldier,Flying\nDouble strike (This creature deals both first-strike and regular combat damage.),JOU,Pray her spear reaches you first. Her griffin is less kind.,normal,380501,2,2,Uncommon,"Human,Soldier",Creature
Stonewise Fortifier,{1}{W},2,W,Ryan Alexander Lee,27,Creature — Human Wizard,{4}{W}: Prevent all damage that would be dealt to Stonewise Fortifier by target creature this turn.,JOU,Ephara taught some mortals to feel every vein in marble as though it flows with their own blood.,normal,380509,2,2,Common,"Human,Wizard",Creature
Supply-Line Cranes,{3}{W}{W},5,W,Daniel Ljunggren,28,Creature — Bird,"Flying\nWhen Supply-Line Cranes enters the battlefield, put a +1/+1 counter on target creature.",JOU,They are trained from hatching to deliver aid where it is needed most.,normal,380512,2,4,Common,Bird,Creature
Tethmos High Priest,{2}{W},3,W,Mark Zug,29,Creature — Cat Cleric,"Heroic — Whenever you cast a spell that targets Tethmos High Priest, return target creature card with converted mana cost 2 or less from your graveyard to the battlefield.",JOU,"""Death is tyranny. Like all tyranny, it must be opposed.""",normal,380516,2,3,Uncommon,"Cat,Cleric",Creature
Aerial Formation,{U},1,U,Zack Stella,30,Instant,Strive — Aerial Formation costs {2}{U} more to cast for each target beyond the first.\nAny number of target creatures each get +1/+1 and gain flying until end of turn.,JOU,,normal,380365,,,Common,,Instant
Battlefield Thaumaturge,{1}{U},2,U,Mike Sass,31,Creature — Human Wizard,"Each instant and sorcery spell you cast costs {1} less to cast for each creature it targets.\nHeroic — Whenever you cast a spell that targets Battlefield Thaumaturge, Battlefield Thaumaturge gains hexproof until end of turn.",JOU,,normal,380377,2,1,Rare,"Human,Wizard",Creature
Cloaked Siren,{3}{U},4,U,Mark Zug,32,Creature — Siren,Flash (You may cast this spell any time you could cast an instant.)\nFlying,JOU,"""That is not the voice of the wind singing on the stones.""\n—Callaphe the mariner",normal,380385,3,2,Common,Siren,Creature
Countermand,{2}{U}{U},4,U,Clint Cearley,33,Instant,Counter target spell. Its controller puts the top four cards of his or her library into his or her graveyard.,JOU,The physical pain was nothing compared to the agony in his mind.,normal,380388,,,Common,,Instant
Crystalline Nautilus,{2}{U},3,U,Brad Rigney,34,Enchantment Creature — Nautilus,"Bestow {3}{U}{U} (If you cast this card for its bestow cost, it's an Aura spell with enchant creature. It becomes a creature again if it's not attached to a creature.)\nWhen Crystalline Nautilus becomes the target of a spell or ability, sacrifice it.\nEnchanted creature gets +4/+4 and has ""When this creature becomes the target of a spell or ability, sacrifice it.""",JOU,,normal,380390,4,4,Uncommon,Nautilus,"Enchantment,Creature"
Dakra Mystic,{U},1,U,Wesley Burt,35,Creature — Merfolk Wizard,"{U}, {T}: Each player reveals the top card of his or her library. You may put the revealed cards into their owners' graveyards. If you don't, each player draws a card.",JOU,Choices are rarely as simple as they seem.,normal,380392,1,1,Uncommon,"Merfolk,Wizard",Creature
Daring Thief,{2}{U},3,U,Johann Bodin,36,Creature — Human Rogue,"Inspired — Whenever Daring Thief becomes untapped, you may exchange control of target nonland permanent you control and target permanent an opponent controls that shares a card type with it.",JOU,Honesty is the first casualty of war.,normal,380393,2,3,Rare,"Human,Rogue",Creature
Dictate of Kruphix,{1}{U}{U},3,U,Daarken,37,Enchantment,"Flash\nAt the beginning of each player's draw step, that player draws an additional card.","pMGD,JOU","""Knowledge is cruel. It will break your heart and test your allegiances. Are you certain you want this curse?""",normal,380402,,,Rare,,Enchantment
Font of Fortunes,{1}{U},2,U,Jonas De Ro,38,Enchantment,"{1}{U}, Sacrifice Font of Fortunes: Draw two cards.",JOU,"Drink deep, and your thoughts will flow freely.",normal,380418,,,Common,,Enchantment
Godhunter Octopus,{5}{U},6,U,Tyler Jacobson,39,Creature — Octopus,Godhunter Octopus can't attack unless defending player controls an enchantment or an enchanted permanent.,JOU,"""I will match Thassa drop for drop and show a god what true power is.""\n—Kiora",normal,380425,5,5,Common,Octopus,Creature
Hour of Need,{2}{U},3,U,Jesper Ejsing,40,Instant,"Strive — Hour of Need costs {1}{U} more to cast for each target beyond the first.\nExile any number of target creatures. For each creature exiled this way, its controller puts a 4/4 blue Sphinx creature token with flying onto the battlefield.",JOU,,normal,380435,,,Uncommon,,Instant
Hubris,{1}{U},2,U,Seb McKinnon,41,Instant,Return target creature and all Auras attached to it to their owners' hands.,JOU,"""You wish to learn of Nyx? Very well.""\n—Phenax, god of deception",normal,380436,,,Common,,Instant
Hypnotic Siren,{U},1,U,James Ryman,42,Enchantment Creature — Siren,"Bestow {5}{U}{U} (If you cast this card for its bestow cost, it's an Aura spell with enchant creature. It becomes a creature again if it's not attached to a creature.)\nFlying\nYou control enchanted creature.\nEnchanted creature gets +1/+1 and has flying.",JOU,,normal,380439,1,1,Rare,Siren,"Enchantment,Creature"
Interpret the Signs,{5}{U},6,U,Cynthia Sheppard,43,Sorcery,"Scry 3, then reveal the top card of your library. Draw cards equal to that card's converted mana cost. (To scry 3, look at the top three cards of your library, then put any number of them on the bottom of your library and the rest on top in any order.)",JOU,,normal,380440,,,Uncommon,,Sorcery
Kiora's Dismissal,{U},1,U,Mathias Kollros,44,Instant,Strive — Kiora's Dismissal costs {U} more to cast for each target beyond the first.\nReturn any number of target enchantments to their owners' hands.,JOU,,normal,380444,,,Uncommon,,Instant
Pin to the Earth,{1}{U},2,U,Johann Bodin,45,Enchantment — Aura,Enchant creature\nEnchanted creature gets -6/-0.,JOU,"""Mortal strength, like mortal hope, is so easily crushed.""\n—Thassa, god of the sea",normal,380473,,,Common,Aura,Enchantment
Polymorphous Rush,{2}{U},3,U,Ryan Barger,46,Instant,Strive — Polymorphous Rush costs {1}{U} more to cast for each target beyond the first.\nChoose a creature on the battlefield. Any number of target creatures you control each become a copy of that creature until end of turn.,JOU,,normal,380474,,,Rare,,Instant
Pull from the Deep,{2}{U}{U},4,U,Ryan Yee,47,Sorcery,Return up to one target instant card and up to one target sorcery card from your graveyard to your hand. Exile Pull from the Deep.,JOU,"Ideas, not stones, form the true foundation of Meletis.",normal,380476,,,Uncommon,,Sorcery
Riptide Chimera,{2}{U},3,U,Ryan Barger,48,Enchantment Creature — Chimera,"Flying\nAt the beginning of your upkeep, return an enchantment you control to its owner's hand.",JOU,"""I want one.""\n—Kiora",normal,380485,3,4,Uncommon,Chimera,"Enchantment,Creature"
Rise of Eagles,{4}{U}{U},6,U,Noah Bradley,49,Sorcery,Put two 2/2 blue Bird enchantment creature tokens with flying onto the battlefield. Scry 1. (Look at the top card of your library. You may put that card on the bottom of your library.),JOU,An offering to the sea brings an insight from the stars.,normal,380486,,,Common,,Sorcery
Sage of Hours,{1}{U},2,U,Matt Stewart,50,Creature — Human Wizard,"Heroic — Whenever you cast a spell that targets Sage of Hours, put a +1/+1 counter on it.\nRemove all +1/+1 counters from Sage of Hours: For each five counters removed this way, take an extra turn after this one.",JOU,,normal,380491,1,1,Mythic Rare,"Human,Wizard",Creature
Scourge of Fleets,{5}{U}{U},7,U,Steven Belledin,51,Creature — Kraken,"When Scourge of Fleets enters the battlefield, return each creature your opponents control with toughness X or less to its owner's hand, where X is the number of Islands you control.","pPRE,JOU,DDO",,normal,380494,6,6,Rare,Kraken,Creature
Sigiled Starfish,{1}{U},2,U,Nils Hamm,52,Creature — Starfish,{T}: Scry 1. (Look at the top card of your library. You may put that card on the bottom of your library.),"JOU,ORI",Kruphix hid the most dire prophecies about humankind where humans would never find them and tritons wouldn't care to read them.,normal,380498,0,3,Common,Starfish,Creature
Thassa's Devourer,{4}{U},5,U,David Palumbo,53,Enchantment Creature — Elemental,"Constellation — Whenever Thassa's Devourer or another enchantment enters the battlefield under your control, target player puts the top two cards of his or her library into his or her graveyard.",JOU,"When mortals claim there are places Thassa cannot reach, the sea god laughs.",normal,380517,2,6,Common,Elemental,"Enchantment,Creature"
Thassa's Ire,{U},1,U,Chris Rahn,54,Enchantment,{3}{U}: You may tap or untap target creature.,JOU,"The sailor had never seen a god before. Now she had gazed upon Thassa. Shortly she would see Athreos, and then she would meet Erebos.",normal,380518,,,Uncommon,,Enchantment
Triton Cavalry,{3}{U},4,U,Kev Walker,55,Creature — Merfolk Soldier,"Heroic — Whenever you cast a spell that targets Triton Cavalry, you may return target enchantment to its owner's hand.",JOU,"The tritons broke the surface, and the Nyxborn broke ranks.",normal,380521,2,4,Uncommon,"Merfolk,Soldier",Creature
Triton Shorestalker,{U},1,U,Svetlin Velinov,56,Creature — Merfolk Rogue,Triton Shorestalker can't be blocked.,JOU,"""Who will miss you, drywalker? A wife? A child? Perhaps they will blame the sea for your fate, and teach future generations to stay far away from it.""",normal,380522,1,1,Common,"Merfolk,Rogue",Creature
War-Wing Siren,{2}{U},3,U,Magali Villeneuve,57,Creature — Siren Soldier,"Flying\nHeroic — Whenever you cast a spell that targets War-Wing Siren, put a +1/+1 counter on War-Wing Siren.",JOU,Once she sang sailors to their doom. Now she leads them to glory.,normal,380525,1,3,Common,"Siren,Soldier",Creature
Whitewater Naiads,{3}{U}{U},5,U,William Wu,58,Enchantment Creature — Nymph,"Constellation — Whenever Whitewater Naiads or another enchantment enters the battlefield under your control, target creature can't be blocked this turn.",JOU,Stand against the crash of the river's rapids and you will know the power of the naiads.,normal,380526,4,4,Uncommon,Nymph,"Enchantment,Creature"
Agent of Erebos,{3}{B},4,B,Cyril Van Der Haegen,59,Enchantment Creature — Zombie,"Constellation — Whenever Agent of Erebos or another enchantment enters the battlefield under your control, exile all cards from target player's graveyard.",JOU,Erebos's minions hunt the Returned and warn those who consider the same folly.,normal,380366,2,2,Uncommon,Zombie,"Enchantment,Creature"
Aspect of Gorgon,{2}{B},3,B,Willian Murai,60,Enchantment — Aura,Enchant creature\nEnchanted creature gets +1/+3 and has deathtouch. (Any amount of damage it deals to a creature is enough to destroy it.),JOU,"""My adopted children are loved no less.""\n—Pharika, god of affliction",normal,380373,,,Common,Aura,Enchantment
Bloodcrazed Hoplite,{1}{B},2,B,Jeff Simpson,61,Creature — Human Soldier,"Heroic — Whenever you cast a spell that targets Bloodcrazed Hoplite, put a +1/+1 counter on it.\nWhenever a +1/+1 counter is placed on Bloodcrazed Hoplite, remove a +1/+1 counter from target creature an opponent controls.",JOU,,normal,380381,2,1,Common,"Human,Soldier",Creature
Brain Maggot,{1}{B},2,B,Min Yum,62,Enchantment Creature — Insect,"When Brain Maggot enters the battlefield, target opponent reveals his or her hand and you choose a nonland card from it. Exile that card until Brain Maggot leaves the battlefield.","pFNM,JOU",,normal,380382,1,1,Uncommon,Insect,"Enchantment,Creature"
Cast into Darkness,{1}{B},2,B,Clint Cearley,63,Enchantment — Aura,Enchant creature\nEnchanted creature gets -2/-0 and can't block.,JOU,"In desperation the soldier prayed to Phenax, begging for the power to cheat the gorgon's gaze.",normal,380383,,,Common,Aura,Enchantment
Cruel Feeding,{B},1,B,Jason A. Engle,64,Instant,Strive — Cruel Feeding costs {2}{B} more to cast for each target beyond the first.\nAny number of target creatures each get +1/+0 and gain lifelink until end of turn. (Damage dealt by a creature with lifelink also causes its controller to gain that much life.),JOU,,normal,380389,,,Common,,Instant
Dictate of Erebos,{3}{B}{B},5,B,Michael C. Hayes,65,Enchantment,"Flash\nWhenever a creature you control dies, each opponent sacrifices a creature.",JOU,"""I take no pleasure in your suffering, but it is necessary. Once you accept your fate you'll find eternity more tolerable.""",normal,380399,,,Rare,,Enchantment
Doomwake Giant,{4}{B},5,B,Kev Walker,66,Enchantment Creature — Giant,"Constellation — Whenever Doomwake Giant or another enchantment enters the battlefield under your control, creatures your opponents control get -1/-1 until end of turn.","pPRE,JOU,C15",Crippling fear precedes it. A foul stench accompanies it. Death follows in its wake.,normal,380405,4,6,Rare,Giant,"Enchantment,Creature"
Dreadbringer Lampads,{4}{B},5,B,Willian Murai,67,Enchantment Creature — Nymph,"Constellation — Whenever Dreadbringer Lampads or another enchantment enters the battlefield under your control, target creature gains intimidate until end of turn. (It can't be blocked except by artifact creatures and/or creatures that share a color with it.)","JOU,C15",,normal,380406,4,2,Common,Nymph,"Enchantment,Creature"
Extinguish All Hope,{4}{B}{B},6,B,Chase Stone,68,Sorcery,Destroy all nonenchantment creatures.,JOU,"Phenax offers the hope of life, while Pharika grants the solace of death. Between them stands Erebos, who promises nothing but eternity.",normal,380411,,,Rare,,Sorcery
Feast of Dreams,{1}{B},2,B,Clint Cearley,69,Instant,Destroy target enchanted creature or enchantment creature.,JOU,"""We gave the gods the power to war against us. It is time we took that power back.""",normal,380412,,,Common,,Instant
Felhide Petrifier,{2}{B},3,B,James Ryman,70,Creature — Minotaur Warrior,Deathtouch\nOther Minotaur creatures you control have deathtouch.,JOU,It's common practice among minotaurs to collect the heads of their victims as trophies. Sometimes the trophies prove more than ornamental.,normal,380413,2,3,Uncommon,"Minotaur,Warrior",Creature
Font of Return,{1}{B},2,B,Daarken,71,Enchantment,"{3}{B}, Sacrifice Font of Return: Return up to three target creature cards from your graveyard to your hand.",JOU,"Drink deep, and death will recoil from you.",normal,380420,,,Common,,Enchantment
Gnarled Scarhide,{B},1,B,Greg Staples,72,Enchantment Creature — Minotaur,"Bestow {3}{B} (If you cast this card for its bestow cost, it's an Aura spell with enchant creature. It becomes a creature again if it's not attached to a creature.)\nGnarled Scarhide can't block.\nEnchanted creature gets +2/+1 and can't block.",JOU,,normal,380424,2,1,Uncommon,Minotaur,"Enchantment,Creature"
Grim Guardian,{2}{B},3,B,Ryan Barger,73,Enchantment Creature — Zombie,"Constellation — Whenever Grim Guardian or another enchantment enters the battlefield under your control, each opponent loses 1 life.",JOU,"Occasionally the living wander to the Rivers, but the wardens of Athreos ensure that only the dead pass.",normal,380430,1,4,Common,Zombie,"Enchantment,Creature"
"King Macar, the Gold-Cursed",{2}{B}{B},4,B,Greg Staples,74,Legendary Creature — Human,"Inspired — Whenever King Macar, the Gold-Cursed becomes untapped, you may exile target creature. If you do, put a colorless artifact token named Gold onto the battlefield. It has ""Sacrifice this artifact: Add one mana of any color to your mana pool.""",JOU,,normal,380443,2,3,Rare,Human,Creature
Master of the Feast,{1}{B}{B},3,B,Chris Rahn,75,Enchantment Creature — Demon,"Flying\nAt the beginning of your upkeep, each opponent draws a card.",JOU,"Any pleasure, when taken to excess, becomes torment. It's a formula that demons have perfected.",normal,380455,5,5,Rare,Demon,"Enchantment,Creature"
Nightmarish End,{2}{B},3,B,Willian Murai,76,Instant,"Target creature gets -X/-X until end of turn, where X is the number of cards in your hand.",JOU,"""To think some believe it peaceful to die in one's sleep.""\n—Ashiok, Nightmare Weaver",normal,380460,,,Uncommon,,Instant
Nyx Infusion,{2}{B},3,B,Jason A. Engle,77,Enchantment — Aura,"Enchant creature\nEnchanted creature gets +2/+2 as long as it's an enchantment. Otherwise, it gets -2/-2.",JOU,"A balm or a poison depending on how it is administered, and to whom.",normal,380461,,,Common,Aura,Enchantment
Pharika's Chosen,{B},1,B,Jonas De Ro,78,Creature — Snake,Deathtouch (Any amount of damage this deals to a creature is enough to destroy it.),JOU,"The serpents' dens built into statues of Pharika serve not only to consecrate her temples, but as a hidden line of defense.",normal,380470,1,1,Common,Snake,Creature
Returned Reveler,{1}{B},2,B,Allen Williams,79,Creature — Zombie Satyr,"When Returned Reveler dies, each player puts the top three cards of his or her library into his or her graveyard.",JOU,"The flesh is dead and the life forgotten, but old habits persist.",normal,380481,1,3,Common,"Zombie,Satyr",Creature
Ritual of the Returned,{3}{B},4,B,Zack Stella,80,Instant,Exile target creature card from your graveyard. Put a black Zombie creature token onto the battlefield. Its power is equal to that card's power and its toughness is equal to that card's toughness.,JOU,A mask forged to avenge a death forgotten.,normal,380487,,,Uncommon,,Instant
Rotted Hulk,{3}{B},4,B,Raymond Swanland,81,Creature — Elemental,,JOU,"The hulk rose from the sea and loomed over the Champion. Pinned beneath the twisting, rotted planks of wood was the body of Kaliaros, the helmsman of her former crew, and beside him the captain, Photine.\n—The Theriad",normal,380489,2,5,Common,Elemental,Creature
Silence the Believers,{2}{B}{B},4,B,Slawomir Maniak,82,Instant,Strive — Silence the Believers costs {2}{B} more to cast for each target beyond the first.\nExile any number of target creatures and all Auras attached to them.,JOU,,normal,380499,,,Rare,,Instant
Spiteful Blow,{4}{B}{B},6,B,Jason Chan,83,Sorcery,Destroy target creature and target land.,JOU,"""Only a fool takes Phenax at his word. What do you expect from a god born of lies and betrayal?""\n—Verenes, priest of Iroas",normal,380506,,,Uncommon,,Sorcery
Squelching Leeches,{2}{B}{B},4,B,Svetlin Velinov,84,Creature — Leech,Squelching Leeches's power and toughness are each equal to the number of Swamps you control.,"pMGD,JOU","Leeches are sacred to followers of Pharika for drawing poison from a wound, but feared by everyone else for drawing blood from the flesh.",normal,380507,*,*,Uncommon,Leech,Creature
Thoughtrender Lamia,{4}{B}{B},6,B,Magali Villeneuve,85,Enchantment Creature — Lamia,"Constellation — Whenever Thoughtrender Lamia or another enchantment enters the battlefield under your control, each opponent discards a card.",JOU,"Some predators can sense fear in their prey, but the lamia is drawn to madness.",normal,380519,5,3,Uncommon,Lamia,"Enchantment,Creature"
Tormented Thoughts,{2}{B},3,B,Allen Williams,86,Sorcery,"As an additional cost to cast Tormented Thoughts, sacrifice a creature.\nTarget player discards a number of cards equal to the sacrificed creature's power.","JOU,ORI","""Not all nightmares can be escaped by waking.""\n—Ashiok, Nightmare Weaver",normal,380520,,,Uncommon,,Sorcery
Worst Fears,{7}{B},8,B,Eric Deschamps,87,Sorcery,You control target player during that player's next turn. Exile Worst Fears. (You see all cards that player could see and make all decisions for the player.),JOU,Elspeth feared that her trespass into Nyx would not go unanswered.,normal,380528,,,Mythic Rare,,Sorcery
Akroan Line Breaker,{2}{R},3,R,Marco Nelor,88,Creature — Human Warrior,"Heroic — Whenever you cast a spell that targets Akroan Line Breaker, Akroan Line Breaker gets +2/+0 and gains intimidate until end of turn. (It can't be blocked except by artifact creatures and/or creatures that share a color with it.)",JOU,"The enemies' shields are the first to shatter, and their battle line is never far behind.",normal,380369,2,1,Uncommon,"Human,Warrior",Creature
Bearer of the Heavens,{7}{R},8,R,Ryan Alexander Lee,89,Creature — Giant,"When Bearer of the Heavens dies, destroy all permanents at the beginning of the next end step.",JOU,"To hold the heavens from the earth is no curse, but a titanic responsibility.",normal,380378,10,10,Rare,Giant,Creature
Bladetusk Boar,{3}{R},4,R,Sam Burley,90,Creature — Boar,Intimidate (This creature can't be blocked except by artifact creatures and/or creatures that share a color with it.),"ZEN,M13,JOU",Deathbellow Canyon is home to minotaurs and many other creatures that share a love for the taste of human flesh.,normal,380379,3,2,Common,Boar,Creature
Blinding Flare,{R},1,R,Evan Shipard,91,Sorcery,Strive — Blinding Flare costs {R} more to cast for each target beyond the first.\nAny number of target creatures can't block this turn.,JOU,,normal,380380,,,Uncommon,,Sorcery
Cyclops of Eternal Fury,{4}{R}{R},6,R,Matt Stewart,92,Enchantment Creature — Cyclops,Creatures you control have haste.,JOU,"""The anger that festers inside this one is contagious.""\n—Anthousa of Setessa",normal,380391,5,3,Uncommon,Cyclops,"Enchantment,Creature"
Dictate of the Twin Gods,{3}{R}{R},5,R,Jaime Jones,93,Enchantment,"Flash\nIf a source would deal damage to a permanent or player, it deals double that damage to that permanent or player instead.","pLPA,JOU",Iroas and Mogis are as different in appearance as they are in personality.,normal,380403,,,Rare,,Enchantment
Eidolon of the Great Revel,{R}{R},2,R,Cyril Van Der Haegen,94,Enchantment Creature — Spirit,"Whenever a player casts a spell with converted mana cost 3 or less, Eidolon of the Great Revel deals 2 damage to that player.",JOU,Xenagos reveled while Theros burned.,normal,380410,2,2,Rare,Spirit,"Enchantment,Creature"
Flamespeaker's Will,{R},1,R,Daniel Ljunggren,95,Enchantment — Aura,"Enchant creature you control\nEnchanted creature gets +1/+1.\nWhenever enchanted creature deals combat damage to a player, you may sacrifice Flamespeaker's Will. If you do, destroy target artifact.",JOU,,normal,380414,,,Common,Aura,Enchantment
Flurry of Horns,{4}{R},5,R,Phill Simmer,96,Sorcery,Put two 2/3 red Minotaur creature tokens with haste onto the battlefield.,JOU,"A minotaur does not distinguish between human, satyr, and triton. They are all meat.",normal,380416,,,Common,,Sorcery
Font of Ire,{1}{R},2,R,Zack Stella,97,Enchantment,"{3}{R}, Sacrifice Font of Ire: Font of Ire deals 5 damage to target player.",JOU,"Drink deep, and find your vengeance fulfilled.",normal,380419,,,Common,,Enchantment
Forgeborn Oreads,{2}{R}{R},4,R,Ryan Yee,98,Enchantment Creature — Nymph,"Constellation — Whenever Forgeborn Oreads or another enchantment enters the battlefield under your control, Forgeborn Oreads deals 1 damage to target creature or player.",JOU,Purphoros shaped the oreads out of stray coals from his forge.,normal,380422,4,2,Uncommon,Nymph,"Enchantment,Creature"
Gluttonous Cyclops,{5}{R},6,R,Steve Prescott,99,Creature — Cyclops,"{5}{R}{R}: Monstrosity 3. (If this creature isn't monstrous, put three +1/+1 counters on it and it becomes monstrous.)",JOU,"The cyclops had learned to never eat a shepherd. Instead he gently flung the ""pit"" aside to grow a new flock.",normal,380423,5,4,Common,Cyclops,Creature
Harness by Force,{1}{R}{R},3,R,Yefim Kligerman,100,Sorcery,Strive — Harness by Force costs {2}{R} more to cast for each target beyond the first.\nGain control of any number of target creatures until end of turn. Untap those creatures. They gain haste until end of turn.,JOU,,normal,380432,,,Rare,,Sorcery
Knowledge and Power,{4}{R},5,R,Jung Park,101,Enchantment,"Whenever you scry, you may pay {2}. If you do, Knowledge and Power deals 2 damage to target creature or player.",JOU,"""Information is a powerful weapon.""\n—Cymede, queen of Akros",normal,380445,,,Uncommon,,Enchantment
Lightning Diadem,{5}{R},6,R,Ryan Alexander Lee,102,Enchantment — Aura,"Enchant creature\nWhen Lightning Diadem enters the battlefield, it deals 2 damage to target creature or player.\nEnchanted creature gets +2/+2.",JOU,"""I fight for Keranos and for mortals. I see no contradiction.""",normal,380451,,,Common,Aura,Enchantment
Magma Spray,{R},1,R,Richard Wright,103,Instant,"Magma Spray deals 2 damage to target creature. If that creature would die this turn, exile it instead.","pFNM,ALA,DDJ,JOU","The ancient dragon Thraxes sleeps in Purphoros's sacred peak. When he stirs in dreams, so does the mountain.",normal,380452,,,Common,,Instant
Mogis's Warhound,{1}{R},2,R,John Severin Brassell,104,Enchantment Creature — Hound,"Bestow {2}{R} (If you cast this card for its bestow cost, it's an Aura spell with enchant creature. It becomes a creature again if it's not attached to a creature.)\nMogis's Warhound attacks each turn if able.\nEnchanted creature gets +2/+2 and attacks each turn if able.",JOU,,normal,380456,2,2,Uncommon,Hound,"Enchantment,Creature"
Pensive Minotaur,{2}{R},3,R,Svetlin Velinov,105,Creature — Minotaur Warrior,,JOU,"The Champion and her companions marched through the night, but the battle was over before they arrived. In the middle of the carnage sat a solitary minotaur, lost in what seemed to the Champion to be thought.\n—The Theriad",normal,380467,2,3,Common,"Minotaur,Warrior",Creature
Prophetic Flamespeaker,{1}{R}{R},3,R,Cynthia Sheppard,106,Creature — Human Shaman,"Double strike, trample\nWhenever Prophetic Flamespeaker deals combat damage to a player, exile the top card of your library. You may play it this turn.",JOU,Fire to destroy. Fire to create.,normal,380475,1,3,Mythic Rare,"Human,Shaman",Creature
Riddle of Lightning,{3}{R}{R},5,R,Daarken,107,Instant,"Choose target creature or player. Scry 3, then reveal the top card of your library. Riddle of Lightning deals damage equal to that card's converted mana cost to that creature or player. (To scry 3, look at the top three cards of your library, then put any number of them on the bottom of your library and the rest on top in any order.)","FUT,JOU",,normal,380484,,,Uncommon,,Instant
Rollick of Abandon,{3}{R}{R},5,R,Mathias Kollros,108,Sorcery,All creatures get +2/-2 until end of turn.,JOU,"""Embrace every moment, for it could be your last.""\n—Xenagos, god of revels",normal,380488,,,Uncommon,,Sorcery
Rouse the Mob,{R},1,R,John Stanko,109,Instant,Strive — Rouse the Mob costs {2}{R} more to cast for each target beyond the first.\nAny number of target creatures each get +2/+0 and gain trample until end of turn.,JOU,,normal,380490,,,Common,,Instant
Satyr Hoplite,{R},1,R,Mark Zug,110,Creature — Satyr Soldier,"Heroic — Whenever you cast a spell that targets Satyr Hoplite, put a +1/+1 counter on Satyr Hoplite.",JOU,"""Xenagos has become what he once despised: a tyrant and an oppressor.""",normal,380493,1,1,Common,"Satyr,Soldier",Creature
Sigiled Skink,{1}{R},2,R,Yeong-Hao Han,111,Creature — Lizard,"Whenever Sigiled Skink attacks, scry 1. (Look at the top card of your library. You may put that card on the bottom of your library.)",JOU,"The runes seem to come alive as it moves, rippling like slow flames across its scales.",normal,380497,2,1,Common,Lizard,Creature
Spawn of Thraxes,{5}{R}{R},7,R,Svetlin Velinov,112,Creature — Dragon,"Flying\nWhen Spawn of Thraxes enters the battlefield, it deals damage to target creature or player equal to the number of Mountains you control.","pPRE,JOU",Sparks from Purphoros's forge fill the belly of every dragon.,normal,380503,5,5,Rare,Dragon,Creature
Spite of Mogis,{R},1,R,Vincent Proce,113,Sorcery,Spite of Mogis deals damage to target creature equal to the number of instant and sorcery cards in your graveyard. Scry 1. (Look at the top card of your library. You may put that card on the bottom of your library.),JOU,,normal,380505,,,Uncommon,,Sorcery
Starfall,{4}{R},5,R,Chris Rahn,114,Instant,"Starfall deals 3 damage to target creature. If that creature is an enchantment, Starfall deals 3 damage to that creature's controller.",JOU,"""The most brilliant stars are not born of Nyx.""\n—Rhexenor, Akroan flamespeaker",normal,380508,,,Common,,Instant
Twinflame,{1}{R},2,R,Chase Stone,115,Sorcery,"Strive — Twinflame costs {2}{R} more to cast for each target beyond the first.\nChoose any number of target creatures you control. For each of them, put a token that's a copy of that creature onto the battlefield. Those tokens have haste. Exile them at the beginning of the next end step.",JOU,,normal,380523,,,Rare,,Sorcery
Wildfire Cerberus,{4}{R},5,R,Slawomir Maniak,116,Creature — Hound,"{5}{R}{R}: Monstrosity 1. (If this creature isn't monstrous, put a +1/+1 counter on it and it becomes monstrous.)\nWhen Wildfire Cerberus becomes monstrous, it deals 2 damage to each opponent and each creature your opponents control.",JOU,,normal,380527,4,3,Uncommon,Hound,Creature
Bassara Tower Archer,{G}{G},2,G,Slawomir Maniak,117,Creature — Human Archer,"Hexproof, reach",JOU,Setessan warriors of Bassara Tower are known for their guerrilla tactics and skill with the bow. Interlopers into the Nessian Wood do not get far.,normal,380376,2,1,Uncommon,"Human,Archer",Creature
Colossal Heroics,{2}{G},3,G,Seb McKinnon,118,Instant,Strive — Colossal Heroics costs {1}{G} more to cast for each target beyond the first.\nAny number of target creatures each get +2/+2 until end of turn. Untap those creatures.,JOU,,normal,380386,,,Uncommon,,Instant
Consign to Dust,{2}{G},3,G,Andreas Rocha,119,Instant,Strive — Consign to Dust costs {2}{G} more to cast for each target beyond the first.\nDestroy any number of target artifacts and/or enchantments.,JOU,,normal,380387,,,Uncommon,,Instant
Desecration Plague,{3}{G},4,G,Ralph Horsley,120,Sorcery,Destroy target enchantment or land.,JOU,"""The gods think of us as insects. Perhaps there is wisdom in that.""\n—Perisophia the philosopher",normal,380396,,,Common,,Sorcery
Dictate of Karametra,{3}{G}{G},5,G,Noah Bradley,121,Enchantment,"Flash\nWhenever a player taps a land for mana, that player adds one mana to his or her mana pool of any type that land produced.",JOU,"""I refuse to let the folly of mortals endanger the home I made for them.""",normal,380401,,,Rare,,Enchantment
Eidolon of Blossoms,{2}{G}{G},4,G,Min Yum,122,Enchantment Creature — Spirit,"Constellation — Whenever Eidolon of Blossoms or another enchantment enters the battlefield under your control, draw a card.","pMEI,JOU",The emotional echoes of dryad gatherings attract lost souls.,normal,380408,2,2,Rare,Spirit,"Enchantment,Creature"
Font of Fertility,{G},1,G,Jack Wang,123,Enchantment,"{1}{G}, Sacrifice Font of Fertility: Search your library for a basic land card, put it onto the battlefield tapped, then shuffle your library.","JOU,CPK","Drink deep, and know the path to the heart of the wilds.",normal,380417,,,Common,,Enchantment
Golden Hind,{1}{G},2,G,Cyril Van Der Haegen,124,Creature — Elk,{T}: Add {G} to your mana pool.,JOU,"""It is not yours to hunt, mortal. Be content with its beauty alone.""\n—Nylea, god of the hunt",normal,380427,2,1,Common,Elk,Creature
Goldenhide Ox,{5}{G},6,G,Jack Wang,125,Enchantment Creature — Ox,"Constellation — Whenever Goldenhide Ox or another enchantment enters the battlefield under your control, target creature must be blocked this turn if able.",JOU,The temptation to take the ox's golden hide is as irresistible as it is fatal.,normal,380428,5,4,Uncommon,Ox,"Enchantment,Creature"
Heroes' Bane,{3}{G}{G},5,G,Raymond Swanland,126,Creature — Hydra,"Heroes' Bane enters the battlefield with four +1/+1 counters on it.\n{2}{G}{G}: Put X +1/+1 counters on Heroes' Bane, where X is its power.","pPRE,JOU",Travelers' tales claim that hydras bite off their own heads to make themselves deadlier.,normal,380434,0,0,Rare,Hydra,Creature
Humbler of Mortals,{4}{G}{G},6,G,Jason Felix,127,Enchantment Creature — Elemental,"Constellation — Whenever Humbler of Mortals or another enchantment enters the battlefield under your control, creatures you control gain trample until end of turn.",JOU,"The anger of the gods multiplied in Nyx, and the land awoke in dark echoes of their rage.",normal,380437,5,5,Common,Elemental,"Enchantment,Creature"
Hydra Broodmaster,{4}{G}{G},6,G,Steve Prescott,128,Creature — Hydra,"{X}{X}{G}: Monstrosity X. (If this creature isn't monstrous, put X +1/+1 counters on it and it becomes monstrous.)\nWhen Hydra Broodmaster becomes monstrous, put X X/X green Hydra creature tokens onto the battlefield.","JOU,CPK",,normal,380438,7,7,Rare,Hydra,Creature
Kruphix's Insight,{2}{G},3,G,Igor Kieryluk,129,Sorcery,Reveal the top six cards of your library. Put up to three enchantment cards from among them into your hand and the rest of the revealed cards into your graveyard.,JOU,The horizon is tantalizing in both its uncertainty and its potential.,normal,380447,,,Common,,Sorcery
Market Festival,{3}{G},4,G,Ryan Barger,130,Enchantment — Aura,"Enchant land\nWhenever enchanted land is tapped for mana, its controller adds two mana in any combination of colors to his or her mana pool (in addition to the mana the land produces).",JOU,Commerce is always the basis for peace.,normal,380454,,,Common,Aura,Enchantment
Nature's Panoply,{G},1,G,John Avon,131,Instant,Strive — Nature's Panoply costs {2}{G} more to cast for each target beyond the first.\nChoose any number of target creatures. Put a +1/+1 counter on each of them.,JOU,Nature protects its own.,normal,380458,,,Common,,Instant
Nessian Game Warden,{3}{G}{G},5,G,Vincent Proce,132,Creature — Beast,"When Nessian Game Warden enters the battlefield, look at the top X cards of your library, where X is the number of Forests you control. You may reveal a creature card from among them and put it into your hand. Put the rest on the bottom of your library in any order.",JOU,,normal,380459,4,5,Uncommon,Beast,Creature
Oakheart Dryads,{2}{G},3,G,Johann Bodin,133,Enchantment Creature — Nymph Dryad,"Constellation — Whenever Oakheart Dryads or another enchantment enters the battlefield under your control, target creature gets +1/+1 until end of turn.",JOU,"""I do not know if the forest was different after they passed. But I know I was.""\n—Ianthe, Setessan hunter",normal,380464,2,3,Common,"Nymph,Dryad","Enchantment,Creature"
Pheres-Band Thunderhoof,{4}{G},5,G,Christopher Moeller,134,Creature — Centaur Warrior,"Heroic — Whenever you cast a spell that targets Pheres-Band Thunderhoof, put two +1/+1 counters on Pheres-Band Thunderhoof.",JOU,"""Flesh and bone or star and shadow. It makes no difference to my club.""",normal,380471,3,4,Common,"Centaur,Warrior",Creature
Pheres-Band Warchief,{3}{G},4,G,James Ryman,135,Creature — Centaur Warrior,"Vigilance, trample\nOther Centaur creatures you control get +1/+1 and have vigilance and trample.",JOU,The renowned warchiefs of Pheres Band fight with the might of minotaurs and the sagacity of sphinxes.,normal,380472,3,3,Rare,"Centaur,Warrior",Creature
Ravenous Leucrocota,{3}{G},4,G,Christopher Burdett,136,Creature — Beast,"Vigilance\n{6}{G}: Monstrosity 3. (If this creature isn't monstrous, put three +1/+1 counters on it and it becomes monstrous.)",JOU,Hunger makes a leucrocota dangerous. A full belly makes it angry and dangerous.,normal,380478,2,4,Common,Beast,Creature
Renowned Weaver,{G},1,G,Yohann Schepacz,137,Creature — Human Shaman,"{1}{G}, Sacrifice Renowned Weaver: Put a 1/3 green Spider enchantment creature token with reach onto the battlefield. (It can block creatures with flying.)",JOU,"""You think your weaving as beautiful as mine? Let me show you the true meaning of the craft.""",normal,380479,1,1,Common,"Human,Shaman",Creature
Reviving Melody,{2}{G},3,G,Cynthia Sheppard,138,Sorcery,Choose one or both —\n• Return target creature card from your graveyard to your hand.\n• Return target enchantment card from your graveyard to your hand.,JOU,"""Listen to my song, and you need never forge a golden mask to return to me.""",normal,380483,,,Uncommon,,Sorcery
Satyr Grovedancer,{1}{G},2,G,Jason A. Engle,139,Creature — Satyr Shaman,"When Satyr Grovedancer enters the battlefield, put a +1/+1 counter on target creature.",JOU,"""Some of my kin dance for themselves, without greater purpose. Nylea gives me purpose, and with it strength.""",normal,380492,1,1,Common,"Satyr,Shaman",Creature
Setessan Tactics,{1}{G},2,G,Mark Winters,140,Instant,"Strive — Setessan Tactics costs {G} more to cast for each target beyond the first.\nUntil end of turn, any number of target creatures each get +1/+1 and gain ""{T}: This creature fights another target creature.""",JOU,,normal,380495,,,Rare,,Instant
Solidarity of Heroes,{1}{G},2,G,Eric Deschamps,141,Instant,Strive — Solidarity of Heroes costs {1}{G} more to cast for each target beyond the first.\nChoose any number of target creatures. Double the number of +1/+1 counters on each of them.,JOU,,normal,380502,,,Uncommon,,Instant
Spirespine,{2}{G},3,G,Sam Burley,142,Enchantment Creature — Beast,"Bestow {4}{G} (If you cast this card for its bestow cost, it's an Aura spell with enchant creature. It becomes a creature again if it's not attached to a creature.)\nSpirespine blocks each turn if able.\nEnchanted creature gets +4/+1 and blocks each turn if able.",JOU,,normal,380504,4,1,Uncommon,Beast,"Enchantment,Creature"
Strength from the Fallen,{1}{G},2,G,Min Yum,143,Enchantment,"Constellation — Whenever Strength from the Fallen or another enchantment enters the battlefield under your control, target creature gets +X/+X until end of turn, where X is the number of creature cards in your graveyard.",JOU,,normal,380511,,,Uncommon,,Enchantment
Swarmborn Giant,{2}{G}{G},4,G,Jaime Jones,144,Creature — Giant,"When you're dealt combat damage, sacrifice Swarmborn Giant.\n{4}{G}{G}: Monstrosity 2. (If this creature isn't monstrous, put two +1/+1 counters on it and it becomes monstrous.)\nAs long as Swarmborn Giant is monstrous, it has reach.",JOU,,normal,380513,6,6,Uncommon,Giant,Creature
"Ajani, Mentor of Heroes",{3}{G}{W},5,"W,G",Aaron Miller,145,Planeswalker — Ajani,"+1: Distribute three +1/+1 counters among one, two, or three target creatures you control.\n+1: Look at the top four cards of your library. You may reveal an Aura, creature, or planeswalker card from among them and put it into your hand. Put the rest on the bottom of your library in any order.\n−8: You gain 100 life.",JOU,,normal,380367,,,Mythic Rare,Ajani,Planeswalker
"Athreos, God of Passage",{1}{W}{B},3,"W,B",Ryan Barger,146,Legendary Enchantment Creature — God,"Indestructible\nAs long as your devotion to white and black is less than seven, Athreos isn't a creature.\nWhenever another creature you own dies, return it to your hand unless target opponent pays 3 life.",JOU,,normal,380374,5,4,Mythic Rare,God,"Enchantment,Creature"
Desperate Stand,{R}{W},2,"W,R",Raymond Swanland,147,Sorcery,Strive — Desperate Stand costs {R}{W} more to cast for each target beyond the first.\nAny number of target creatures each get +2/+0 and gain first strike and vigilance until end of turn.,JOU,"At the Akroan gates, hoplites revived the tactics of Kytheon Iora's infamous irregulars.",normal,380398,,,Uncommon,,Sorcery
Disciple of Deceit,{U}{B},2,"U,B",Daarken,148,Creature — Human Rogue,"Inspired — Whenever Disciple of Deceit becomes untapped, you may discard a nonland card. If you do, search your library for a card with the same converted mana cost as that card, reveal it, put it into your hand, then shuffle your library.",JOU,,normal,380404,1,3,Uncommon,"Human,Rogue",Creature
Fleetfeather Cockatrice,{3}{G}{U},5,"U,G",Matt Stewart,149,Creature — Cockatrice,"Flash (You may cast this spell any time you could cast an instant.)\nFlying, deathtouch\n{5}{G}{U}: Monstrosity 3. (If this creature isn't monstrous, put three +1/+1 counters on it and it becomes monstrous.)",JOU,,normal,380415,3,3,Uncommon,Cockatrice,Creature
"Iroas, God of Victory",{2}{R}{W},4,"W,R",Slawomir Maniak,150,Legendary Enchantment Creature — God,"Indestructible\nAs long as your devotion to red and white is less than seven, Iroas isn't a creature.\nCreatures you control have menace. (They can't be blocked except by two or more creatures.)\nPrevent all damage that would be dealt to attacking creatures you control.",JOU,,normal,380441,7,4,Mythic Rare,God,"Enchantment,Creature"
"Keranos, God of Storms",{3}{U}{R},5,"U,R",Daarken,151,Legendary Enchantment Creature — God,"Indestructible\nAs long as your devotion to blue and red is less than seven, Keranos isn't a creature.\nReveal the first card you draw on each of your turns. Whenever you reveal a land card this way, draw a card. Whenever you reveal a nonland card this way, Keranos deals 3 damage to target creature or player.",JOU,,normal,380442,6,5,Mythic Rare,God,"Enchantment,Creature"
"Kruphix, God of Horizons",{3}{G}{U},5,"U,G",Daarken,152,Legendary Enchantment Creature — God,"Indestructible\nAs long as your devotion to green and blue is less than seven, Kruphix isn't a creature.\nYou have no maximum hand size.\nIf unused mana would empty from your mana pool, that mana becomes colorless instead.",JOU,,normal,380446,4,7,Mythic Rare,God,"Enchantment,Creature"
Nyx Weaver,{1}{B}{G},3,"B,G",Jack Wang,153,Enchantment Creature — Spider,"Reach\nAt the beginning of your upkeep, put the top two cards of your library into your graveyard.\n{1}{B}{G}, Exile Nyx Weaver: Return target card from your graveyard to your hand.",JOU,,normal,380462,2,3,Uncommon,Spider,"Enchantment,Creature"
"Pharika, God of Affliction",{1}{B}{G},3,"B,G",Peter Mohrbacher,154,Legendary Enchantment Creature — God,"Indestructible\nAs long as your devotion to black and green is less than seven, Pharika isn't a creature.\n{B}{G}: Exile target creature card from a graveyard. Its owner puts a 1/1 black and green Snake enchantment creature token with deathtouch onto the battlefield.",JOU,,normal,380469,5,5,Mythic Rare,God,"Enchantment,Creature"
Revel of the Fallen God,{3}{R}{R}{G}{G},7,"R,G",Adam Paquette,155,Sorcery,Put four 2/2 red and green Satyr creature tokens with haste onto the battlefield.,JOU,"""Xenagos has fallen, and the world grows dark without him. What can ever fill that darkness but our rage?""\n—Guruthes, disciple of Xenagos",normal,380482,,,Rare,,Sorcery
Stormchaser Chimera,{2}{U}{R},4,"U,R",Greg Staples,156,Creature — Chimera,"Flying\n{2}{U}{R}: Scry 1, then reveal the top card of your library. Stormchaser Chimera gets +X/+0 until end of turn, where X is that card's converted mana cost. (To scry 1, look at the top card of your library, then you may put that card on the bottom of your library.)",JOU,,normal,380510,2,3,Uncommon,Chimera,Creature
Underworld Coinsmith,{W}{B},2,"W,B",Mark Winters,157,Enchantment Creature — Human Cleric,"Constellation — Whenever Underworld Coinsmith or another enchantment enters the battlefield under your control, you gain 1 life.\n{W}{B}, Pay 1 life: Each opponent loses 1 life.","JOU,C15",Coins of the Underworld are shaped from clay funerary masks.,normal,380524,2,2,Uncommon,"Human,Cleric","Enchantment,Creature"
Armory of Iroas,{2},2,,Yeong-Hao Han,158,Artifact — Equipment,"Whenever equipped creature attacks, put a +1/+1 counter on it.\nEquip {2}",JOU,"From a distance the weapons look pristine, but in fact they are tarnished and dented, each as unique as the champion who carried it to battle.",normal,380372,,,Uncommon,Equipment,Artifact
Chariot of Victory,{3},3,,John Stanko,159,Artifact — Equipment,"Equipped creature has first strike, trample, and haste.\nEquip {1}",JOU,"The greatest heroes are the first to stand, the first to take up arms, and the first to meet the enemy.",normal,380384,,,Uncommon,Equipment,Artifact
Deserter's Quarters,{2},2,,Daniel Ljunggren,160,Artifact,"You may choose not to untap Deserter's Quarters during your untap step.\n{6}, {T}: Tap target creature. It doesn't untap during its controller's untap step for as long as Deserter's Quarters remains tapped.",JOU,"In Akros, the penalty for running from battle is one night's stay in the Deserter's Quarters.",normal,380397,,,Uncommon,,Artifact
Gold-Forged Sentinel,{6},6,,James Zapata,161,Artifact Creature — Chimera,Flying,"JOU,ORI",Blessed by the gods. Coveted by mortals. Beholden to neither.,normal,380429,4,4,Uncommon,Chimera,"Artifact,Creature"
Hall of Triumph,{3},3,,Ryan Yee,162,Legendary Artifact,"As Hall of Triumph enters the battlefield, choose a color.\nCreatures you control of the chosen color get +1/+1.","pMGD,JOU","Heroes act without thought of glory or reward. Accolades are a consequence, not a goal.",normal,380431,,,Rare,,Artifact
Mana Confluence,,,,Richard Wright,163,Land,"{T}, Pay 1 life: Add one mana of any color to your mana pool.","JOU,EXP","Five rivers encircle Theros, flowing with waters more ancient than the world itself.",normal,380453,,,Rare,,Land
Temple of Epiphany,,,"U,R",Noah Bradley,164,Land,"Temple of Epiphany enters the battlefield tapped.\nWhen Temple of Epiphany enters the battlefield, scry 1. (Look at the top card of your library. You may put that card on the bottom of your library.)\n{T}: Add {U} or {R} to your mana pool.",JOU,,normal,380514,,,Rare,,Land
Temple of Malady,,,"B,G",James Paick,165,Land,"Temple of Malady enters the battlefield tapped.\nWhen Temple of Malady enters the battlefield, scry 1. (Look at the top card of your library. You may put that card on the bottom of your library.)\n{T}: Add {B} or {G} to your mana pool.",JOU,,normal,380515,,,Rare,,Land
