name,manaCost,cmc,colorIdentity,artist,number,type,text,printings,flavor,layout,multiverseid,power,toughness,rarity,subtypes,types
Ancestor's Chosen,{5}{W}{W},7,W,Pete Venters,1,Creature — Human Cleric,"First strike (This creature deals combat damage before creatures without first strike.)\nWhen Ancestor's Chosen enters the battlefield, you gain 1 life for each card in your graveyard.","JUD,10E",Empowered by generations of strength.,normal,34243,4,4,Uncommon,"Human,Cleric",Creature
Aven Warcraft,{2}{W},3,W,Roger Raupp,2,Instant,"Creatures you control get +0/+2 until end of turn.\nThreshold — If seven or more cards are in your graveyard, choose a color. Creatures you control also gain protection from the chosen color until end of turn.",JUD,,normal,34865,,,Uncommon,,Instant
Battle Screech,{2}{W}{W},4,W,Randy Gallegos,3,Sorcery,Put two 1/1 white Bird creature tokens with flying onto the battlefield.\nFlashback—Tap three untapped white creatures you control. (You may cast this card from your graveyard for its flashback cost. Then exile it.),"JUD,VMA",,normal,35079,,,Uncommon,,Sorcery
Battlewise Aven,{3}{W},4,W,Wayne England,4,Creature — Bird Soldier,"Flying\nThreshold — As long as seven or more cards are in your graveyard, Battlewise Aven gets +1/+1 and has first strike.",JUD,"Experience is a good teacher, not a kind one.",normal,34464,2,2,Common,"Bird,Soldier",Creature
Benevolent Bodyguard,{W},1,W,Roger Raupp,5,Creature — Human Cleric,Sacrifice Benevolent Bodyguard: Target creature you control gains protection from the color of your choice until end of turn.,"JUD,VMA,EMA","""My destiny is to save others so their destinies may be achieved.""",normal,36118,1,1,Common,"Human,Cleric",Creature
Border Patrol,{4}{W},5,W,Roger Raupp,6,Creature — Human Nomad,Vigilance,JUD,"""We have been victims of treachery, of the Cabal, and of our own ambitions. No more.""\n—Commander Eesha",normal,34201,1,6,Common,"Human,Nomad",Creature
Cagemail,{1}{W},2,W,Scott M. Fischer,7,Enchantment — Aura,Enchant creature\nEnchanted creature gets +2/+2 and can't attack.,JUD,"""Power often costs too high a price.""\n—Commander Eesha",normal,36429,,,Common,Aura,Enchantment
Chastise,{3}{W},4,W,Carl Critchlow,8,Instant,Destroy target attacking creature. You gain life equal to its power.,"JUD,8ED,9ED","""Why do we pray to the Ancestor? Because She listens.""\n—Mystic elder",normal,34958,,,Uncommon,,Instant
Commander Eesha,{2}{W}{W},4,W,Rebecca Guay,9,Legendary Creature — Bird Soldier,"Flying, protection from creatures",JUD,"""War glides on the simplest updrafts while peace struggles against hurricane winds. It is the way of the world. It must change.""",normal,35893,2,4,Rare,"Bird,Soldier",Creature
Funeral Pyre,{W},1,W,Carl Critchlow,10,Instant,Exile target card from a graveyard. Its owner puts a 1/1 white Spirit creature token with flying onto the battlefield.,JUD,"""Raze the body. Raise the soul.""\n—Mystic elder",normal,34889,,,Common,,Instant
Glory,{3}{W}{W},5,W,Donato Giancola,11,Creature — Incarnation,Flying\n{2}{W}: Choose a color. Creatures you control gain protection from the chosen color until end of turn. Activate this ability only if Glory is in your graveyard.,"pPRE,JUD","""Glory was gone; Glory was everywhere.""\n—Scroll of Beginnings",normal,34822,3,3,Rare,Incarnation,Creature
Golden Wish,{3}{W}{W},5,W,Alan Pollack,12,Sorcery,"You may choose an artifact or enchantment card you own from outside the game, reveal that card, and put it into your hand. Exile Golden Wish.",JUD,"She wished for nobility, but not for a nation to honor it.",normal,34399,,,Rare,,Sorcery
Guided Strike,{1}{W},2,W,Dave Dorman,13,Instant,Target creature gets +1/+0 and gains first strike until end of turn.\nDraw a card.,"WTH,JUD","""May the Ancestor strengthen my hand and guide my blade.""\n—Nomad war prayer",normal,36431,,,Common,,Instant
Lead Astray,{1}{W},2,W,Adam Rex,14,Instant,Tap up to two target creatures.,JUD,"""Never underestimate our enemy's strength, brutality, . . . or stupidity.""\n—Commander Eesha",normal,34768,,,Common,,Instant
Nomad Mythmaker,{2}{W},3,W,Eric Peterson,15,Creature — Human Nomad Cleric,"{W}, {T}: Put target Aura card from a graveyard onto the battlefield under your control attached to a creature you control.","JUD,10E",Nomads weave tales thicker than tapestries.,normal,34241,2,2,Rare,"Human,Nomad,Cleric",Creature
Phantom Flock,{3}{W}{W},5,W,David Martin,16,Creature — Bird Soldier Spirit,"Flying\nPhantom Flock enters the battlefield with three +1/+1 counters on it.\nIf damage would be dealt to Phantom Flock, prevent that damage. Remove a +1/+1 counter from Phantom Flock.",JUD,,normal,34932,0,0,Uncommon,"Bird,Soldier,Spirit",Creature
Phantom Nomad,{1}{W},2,W,Jim Nelson,17,Creature — Spirit Nomad,"Phantom Nomad enters the battlefield with two +1/+1 counters on it.\nIf damage would be dealt to Phantom Nomad, prevent that damage. Remove a +1/+1 counter from Phantom Nomad.","JUD,VMA",,normal,34890,0,0,Common,"Spirit,Nomad",Creature
Prismatic Strands,{2}{W},3,W,Eric Peterson,18,Instant,Prevent all damage that sources of the color of your choice would deal this turn.\nFlashback—Tap an untapped white creature you control. (You may cast this card from your graveyard for its flashback cost. Then exile it.),JUD,,normal,34233,,,Common,,Instant
Pulsemage Advocate,{2}{W},3,W,Jeff Easley,19,Creature — Human Cleric,{T}: Return three target cards from an opponent's graveyard to his or her hand. Return target creature card from your graveyard to the battlefield.,JUD,"""Our unity revives our hopes.""",normal,35575,1,3,Rare,"Human,Cleric",Creature
Ray of Revelation,{1}{W},2,"W,G",Doug Chaffee,20,Instant,Destroy target enchantment.\nFlashback {G} (You may cast this card from your graveyard for its flashback cost. Then exile it.),"JUD,DKA",Webs of illusion unravel in the light of truth.,normal,34199,,,Common,,Instant
Selfless Exorcist,{3}{W}{W},5,W,Christopher Moeller,21,Creature — Human Cleric,{T}: Exile target creature card from a graveyard. That card deals damage equal to its power to Selfless Exorcist.,JUD,,normal,34891,3,4,Rare,"Human,Cleric",Creature
Shieldmage Advocate,{2}{W},3,W,Christopher Moeller,22,Creature — Human Cleric,{T}: Return target card from an opponent's graveyard to his or her hand. Prevent all damage that would be dealt to target creature or player this turn by a source of your choice.,JUD,"""Our unity conquers all fears.""",normal,35067,1,3,Common,"Human,Cleric",Creature
Silver Seraph,{5}{W}{W}{W},8,W,Matthew D. Wilson,23,Creature — Angel,Flying\nThreshold — Other creatures you control get +2/+2 as long as seven or more cards are in your graveyard.,JUD,A symbol of hope for hopeless times.,normal,36036,6,6,Rare,Angel,Creature
Solitary Confinement,{2}{W},3,W,Scott M. Fischer,24,Enchantment,"At the beginning of your upkeep, sacrifice Solitary Confinement unless you discard a card.\nSkip your draw step.\nYou have shroud. (You can't be the target of spells or abilities.)\nPrevent all damage that would be dealt to you.",JUD,,normal,34769,,,Rare,,Enchantment
Soulcatchers' Aerie,{1}{W},2,W,Rob Alexander,25,Enchantment,"Whenever a Bird is put into your graveyard from the battlefield, put a feather counter on Soulcatchers' Aerie.\nBird creatures get +1/+1 for each feather counter on Soulcatchers' Aerie.",JUD,,normal,35095,,,Uncommon,,Enchantment
Spirit Cairn,{2}{W},3,W,Gary Ruddell,26,Enchantment,"Whenever a player discards a card, you may pay {W}. If you do, put a 1/1 white Spirit creature token with flying onto the battlefield.","JUD,VMA",It marks the border between here and hereafter.,normal,34897,,,Uncommon,,Enchantment
Spurnmage Advocate,{W},1,W,Ron Spears,27,Creature — Human Nomad,{T}: Return two target cards from an opponent's graveyard to his or her hand. Destroy target attacking creature.,"JUD,CMD","""Our unity humbles our foes.""",normal,34242,1,1,Uncommon,"Human,Nomad",Creature
Suntail Hawk,{W},1,W,Heather Hudson,28,Creature — Bird,Flying,"JUD,8ED,9ED,10E,M14","""Our forebears once flew like this—carefree, needing nothing but a warm nest and a full belly. Our intellect may be more burden than blessing.""\n—Commander Eesha",normal,34207,1,1,Common,Bird,Creature
Test of Endurance,{2}{W}{W},4,W,Mike Ploog,29,Enchantment,"At the beginning of your upkeep, if you have 50 or more life, you win the game.",JUD,"""If we have learned nothing else, we have learned to survive.""\n—Mystic elder",normal,29924,,,Rare,,Enchantment
Trained Pronghorn,{1}{W},2,W,John Matson,30,Creature — Antelope,Discard a card: Prevent all damage that would be dealt to Trained Pronghorn this turn.,JUD,"""The desert asked the Ancestor for children, and the antelope were born.""\n—Nomad myth",normal,35068,1,1,Common,Antelope,Creature
Unquestioned Authority,{2}{W},3,W,Alex Horley-Orlandelli,31,Enchantment — Aura,"Enchant creature\nWhen Unquestioned Authority enters the battlefield, draw a card.\nEnchanted creature has protection from creatures.","JUD,CNS","""Only the Ancestor should be revered.""\n—Mystic heretic",normal,24541,,,Uncommon,Aura,Enchantment
Valor,{3}{W},4,W,Kev Walker,32,Creature — Incarnation,"First strike\nAs long as Valor is in your graveyard and you control a Plains, creatures you control have first strike.","JUD,TSB","""The cracks widened, the shell crumbled, and Valor spread throughout the land.""\n—Scroll of Beginnings",normal,33719,2,2,Uncommon,Incarnation,Creature
Vigilant Sentry,{1}{W}{W},3,W,Eric Peterson,33,Creature — Human Nomad,"Threshold — As long as seven or more cards are in your graveyard, Vigilant Sentry gets +1/+1 and has ""{T}: Target attacking or blocking creature gets +3/+3 until end of turn.""",JUD,,normal,36035,2,2,Common,"Human,Nomad",Creature
Aven Fogbringer,{3}{U},4,U,"Edward P. Beard, Jr.",34,Creature — Bird Wizard,"Flying\nWhen Aven Fogbringer enters the battlefield, return target land to its owner's hand.",JUD,"""I cover the land with blankets and it sleeps.""",normal,21275,2,1,Common,"Bird,Wizard",Creature
Cephalid Constable,{1}{U}{U},3,U,Alan Pollack,35,Creature — Cephalid Wizard,"Whenever Cephalid Constable deals combat damage to a player, return up to that many target permanents that player controls to their owners' hands.","JUD,10E",Cephalids don't police people. They police loyalties.,normal,26728,1,1,Rare,"Cephalid,Wizard",Creature
Cephalid Inkshrouder,{2}{U},3,U,Tony Szczudlo,36,Creature — Cephalid,Discard a card: Cephalid Inkshrouder gains shroud until end of turn and can't be blocked this turn. (A creature with shroud can't be the target of spells or abilities.),JUD,Cephalids shrink from the harsh glare of scrutiny.,normal,34784,2,1,Uncommon,Cephalid,Creature
Cunning Wish,{2}{U},3,U,Jim Nelson,37,Instant,"You may choose an instant card you own from outside the game, reveal that card, and put it into your hand. Exile Cunning Wish.","pJGP,JUD","He wished for knowledge, but not for the will to apply it.",normal,34400,,,Rare,,Instant
Defy Gravity,{U},1,U,Ben Thompson,38,Instant,Target creature gains flying until end of turn.\nFlashback {U} (You may cast this card from your graveyard for its flashback cost. Then exile it.),JUD,"Magical or not, it's still a cloud.",normal,35076,,,Common,,Instant
Envelop,{U},1,U,Don Hazeltine,39,Instant,Counter target sorcery spell.,JUD,"""What you made will be unmade. What you learned will be unlearned. And when you're done, you will be undone.""\n—Ambassador Laquatus",normal,36414,,,Common,,Instant
Flash of Insight,{X}{1}{U},2,U,Ben Thompson,40,Instant,"Look at the top X cards of your library. Put one of them into your hand and the rest on the bottom of your library in any order.\nFlashback—{1}{U}, Exile X blue cards from your graveyard. (You may cast this card from your graveyard for its flashback cost, then exile it. You can't exile Flash of Insight to pay for its own flashback cost.)",JUD,,normal,29831,,,Uncommon,,Instant
Grip of Amnesia,{1}{U},2,U,Bradley Williams,41,Instant,Counter target spell unless its controller exiles all cards from his or her graveyard.\nDraw a card.,JUD,"""Would you abandon your past to save your future?""\n—Ambassador Laquatus",normal,34808,,,Common,,Instant
Hapless Researcher,{U},1,U,Ron Spears,42,Creature — Human Wizard,"Sacrifice Hapless Researcher: Draw a card, then discard a card.",JUD,Scholars possess such lofty knowledge that it shouldn't be surprising when they fall.,normal,36115,1,1,Common,"Human,Wizard",Creature
Keep Watch,{2}{U},3,U,Fred Rahmqvist,43,Instant,Draw a card for each attacking creature.,"JUD,HOP","""I see their moral dilemmas. I see their raw courage. I see their self-sacrifice. I see our victory.""",normal,35168,,,Common,,Instant
Laquatus's Disdain,{1}{U},2,U,Pete Venters,44,Instant,Counter target spell cast from a graveyard.\nDraw a card.,JUD,"""The first time was amusing, but now you're getting tiresome.""",normal,27145,,,Uncommon,,Instant
Lost in Thought,{1}{U},2,U,Ben Thompson,45,Enchantment — Aura,"Enchant creature\nEnchanted creature can't attack or block, and its activated abilities can't be activated. Its controller may exile three cards from his or her graveyard for that player to ignore this effect until end of turn.",JUD,,normal,34775,,,Common,Aura,Enchantment
Mental Note,{U},1,U,Bradley Williams,46,Instant,Put the top two cards of your library into your graveyard.\nDraw a card.,JUD,Some minds are more open than others.,normal,36114,,,Common,,Instant
Mirror Wall,{3}{U},4,"U,W",Mark Brill,47,Creature — Wall,Defender (This creature can't attack.)\n{W}: Mirror Wall can attack this turn as though it didn't have defender.,JUD,"""Breaking it would be about four hundred years bad luck.""\n—Nomad sentry",normal,36413,3,4,Common,Wall,Creature
Mist of Stagnation,{3}{U}{U},5,U,Mike Ploog,48,Enchantment,"Permanents don't untap during their controllers' untap steps.\nAt the beginning of each player's upkeep, that player chooses a permanent for each card in his or her graveyard, then untaps those permanents.",JUD,,normal,34777,,,Rare,,Enchantment
Quiet Speculation,{1}{U},2,U,John Avon,49,Sorcery,Search target player's library for up to three cards with flashback and put them into that player's graveyard. Then the player shuffles his or her library.,"JUD,EMA","""The best foresight is hindsight.""\n—Empress Llawan",normal,20431,,,Uncommon,,Sorcery
Scalpelexis,{4}{U},5,U,Mark Tedin,50,Creature — Beast,"Flying (This creature can't be blocked except by creatures with flying or reach.)\nWhenever Scalpelexis deals combat damage to a player, that player exiles the top four cards of his or her library. If two or more of those cards have the same name, repeat this process.","JUD,10E",,normal,29928,1,5,Rare,Beast,Creature
Spelljack,{3}{U}{U}{U},6,U,Pete Venters,51,Instant,"Counter target spell. If that spell is countered this way, exile it instead of putting it into its owner's graveyard. You may play it without paying its mana cost for as long as it remains exiled. (If it has X in its mana cost, X is 0.)",JUD,,normal,35169,,,Rare,,Instant
Telekinetic Bonds,{2}{U}{U}{U},5,U,Jim Nelson,52,Enchantment,"Whenever a player discards a card, you may pay {1}{U}. If you do, you may tap or untap target permanent.",JUD,"""Nature's been fired. The oceans are under new management.""\n—Ambassador Laquatus",normal,5589,,,Rare,,Enchantment
Web of Inertia,{2}{U},3,U,Don Hazeltine,53,Enchantment,"At the beginning of combat on each opponent's turn, that player may exile a card from his or her graveyard. If the player doesn't, creatures he or she controls can't attack you this turn.",JUD,Cephalids specialize in lose-lose situations.,normal,34823,,,Uncommon,,Enchantment
Wonder,{3}{U},4,U,Rebecca Guay,54,Creature — Incarnation,"Flying\nAs long as Wonder is in your graveyard and you control an Island, creatures you control have flying.","pFNM,JUD,CMD,C13,EMA","""The awestruck birds gazed at Wonder. Slowly, timidly, they rose into the air.""\n—Scroll of Beginnings",normal,33720,2,2,Uncommon,Incarnation,Creature
Wormfang Behemoth,{3}{U}{U},5,U,Heather Hudson,55,Creature — Nightmare Fish Beast,"When Wormfang Behemoth enters the battlefield, exile all cards from your hand.\nWhen Wormfang Behemoth leaves the battlefield, return the exiled cards to their owner's hand.",JUD,,normal,34811,5,5,Rare,"Nightmare,Fish,Beast",Creature
Wormfang Crab,{3}{U},4,U,Glen Angus,56,Creature — Nightmare Crab,"Wormfang Crab can't be blocked.\nWhen Wormfang Crab enters the battlefield, an opponent chooses a permanent you control other than Wormfang Crab and exiles it.\nWhen Wormfang Crab leaves the battlefield, return the exiled card to the battlefield under its owner's control.",JUD,,normal,34927,3,6,Uncommon,"Nightmare,Crab",Creature
Wormfang Drake,{2}{U},3,U,Thomas M. Baxa,57,Creature — Nightmare Drake,"Flying\nWhen Wormfang Drake enters the battlefield, sacrifice it unless you exile a creature you control other than Wormfang Drake.\nWhen Wormfang Drake leaves the battlefield, return the exiled card to the battlefield under its owner's control.",JUD,,normal,25974,3,4,Common,"Nightmare,Drake",Creature
Wormfang Manta,{5}{U}{U},7,U,Heather Hudson,58,Creature — Nightmare Fish Beast,"Flying\nWhen Wormfang Manta enters the battlefield, you skip your next turn.\nWhen Wormfang Manta leaves the battlefield, you take an extra turn after this one.",JUD,,normal,34939,6,1,Rare,"Nightmare,Fish,Beast",Creature
Wormfang Newt,{1}{U},2,U,Doug Chaffee,59,Creature — Nightmare Salamander Beast,"When Wormfang Newt enters the battlefield, exile a land you control.\nWhen Wormfang Newt leaves the battlefield, return the exiled card to the battlefield under its owner's control.",JUD,Spawned by mages emulating the insane.,normal,34809,2,2,Common,"Nightmare,Salamander,Beast",Creature
Wormfang Turtle,{2}{U},3,U,John Avon,60,Creature — Nightmare Turtle Beast,"When Wormfang Turtle enters the battlefield, exile a land you control.\nWhen Wormfang Turtle leaves the battlefield, return the exiled card to the battlefield under its owner's control.",JUD,Chainer's admirers keep his dreams alive.,normal,34954,2,4,Uncommon,"Nightmare,Turtle,Beast",Creature
Balthor the Defiled,{2}{B}{B},4,B,Carl Critchlow,61,Legendary Creature — Zombie Dwarf,"Minion creatures get +1/+1.\n{B}{B}{B}, Exile Balthor the Defiled: Each player returns all black and all red creature cards from his or her graveyard to the battlefield.",JUD,He remembers enough of his life to weep for what he has lost.,normal,20842,2,2,Rare,"Zombie,Dwarf",Creature
Cabal Therapy,{B},1,B,Ron Spencer,62,Sorcery,Name a nonland card. Target player reveals his or her hand and discards all cards with that name.\nFlashback—Sacrifice a creature. (You may cast this card from your graveyard for its flashback cost. Then exile it.),"pFNM,JUD,PD3,EMA",,normal,34789,,,Uncommon,,Sorcery
Cabal Trainee,{B},1,B,Pete Venters,63,Creature — Human Minion,Sacrifice Cabal Trainee: Target creature gets -2/-0 until end of turn.,JUD,"""Ah, a faceshredder. Very rare. Nearly unstoppable. Good luck""\n—Cabal instructor",normal,36117,1,1,Common,"Human,Minion",Creature
Death Wish,{1}{B}{B},3,B,Jeff Easley,64,Sorcery,"You may choose a card you own from outside the game and put it into your hand. You lose half your life, rounded up. Exile Death Wish.",JUD,"He wished for power, but not for the longevity to abuse it.",normal,34402,,,Rare,,Sorcery
Earsplitting Rats,{3}{B},4,B,Heather Hudson,65,Creature — Rat,"When Earsplitting Rats enters the battlefield, each player discards a card.\nDiscard a card: Regenerate Earsplitting Rats.",JUD,Rats come in one amount: too many.,normal,35080,2,1,Common,Rat,Creature
Filth,{3}{B},4,B,Thomas M. Baxa,66,Creature — Incarnation,"Swampwalk (This creature can't be blocked as long as defending player controls a Swamp.)\nAs long as Filth is in your graveyard and you control a Swamp, creatures you control have swampwalk.",JUD,"""As the portal closed, Filth oozed through. The stench of evil followed it in.""\n—Scroll of Beginnings",normal,33722,2,2,Uncommon,Incarnation,Creature
Grave Consequences,{1}{B},2,B,Tim Hildebrandt,67,Instant,Each player may exile any number of cards from his or her graveyard. Then each player loses 1 life for each card in his or her graveyard.\nDraw a card.,JUD,"""You call that a nightmare?""\n—Braids, dementia summoner",normal,35161,,,Uncommon,,Instant
Guiltfeeder,{3}{B}{B},5,B,Mark Tedin,68,Creature — Horror,"Fear (This creature can't be blocked except by artifact creatures and/or black creatures.)\nWhenever Guiltfeeder attacks and isn't blocked, defending player loses 1 life for each card in his or her graveyard.",JUD,,normal,29890,0,4,Rare,Horror,Creature
Masked Gorgon,{4}{B},5,B,Matthew D. Wilson,69,Creature — Gorgon,Green creatures and white creatures have protection from Gorgons.\nThreshold — Masked Gorgon has protection from green and from white as long as seven or more cards are in your graveyard.,JUD,,normal,34480,5,5,Rare,Gorgon,Creature
Morality Shift,{5}{B}{B},7,B,Jerry Tiritilli,70,Sorcery,Exchange your graveyard and library. Then shuffle your library.,JUD,"The mind sings, though at times it sings a dirge.",normal,35171,,,Rare,,Sorcery
Rats' Feast,{X}{B},1,B,Bob Petillo,71,Sorcery,Exile X target cards from a single graveyard.,JUD,"""That does it—I quit""\n—Cabal grave robber",normal,36412,,,Common,,Sorcery
Stitch Together,{B}{B},2,B,Arnie Swekel,72,Sorcery,Return target creature card from your graveyard to your hand.\nThreshold — Return that card from your graveyard to the battlefield instead if seven or more cards are in your graveyard.,"JUD,CMD",,normal,32209,,,Uncommon,,Sorcery
Sutured Ghoul,{4}{B}{B}{B},7,B,Carl Critchlow,73,Creature — Zombie,"Trample\nAs Sutured Ghoul enters the battlefield, exile any number of creature cards from your graveyard.\nSutured Ghoul's power is equal to the total power of the exiled cards and its toughness is equal to their total toughness.","JUD,M12",,normal,29944,*,*,Rare,Zombie,Creature
Toxic Stench,{1}{B},2,B,Bradley Williams,74,Instant,"Target nonblack creature gets -1/-1 until end of turn.\nThreshold — If seven or more cards are in your graveyard, instead destroy that creature. It can't be regenerated.",JUD,,normal,36416,,,Common,,Instant
Treacherous Vampire,{4}{B},5,B,Kev Walker,75,Creature — Vampire,"Flying\nWhenever Treacherous Vampire attacks or blocks, sacrifice it unless you exile a card from your graveyard.\nThreshold — As long as seven or more cards are in your graveyard, Treacherous Vampire gets +2/+2 and has ""When Treacherous Vampire dies, you lose 6 life.""",JUD,,normal,34788,4,4,Uncommon,Vampire,Creature
Treacherous Werewolf,{2}{B},3,B,Mark Tedin,76,Creature — Werewolf Minion,"Threshold — As long as seven or more cards are in your graveyard, Treacherous Werewolf gets +2/+2 and has ""When Treacherous Werewolf dies, you lose 4 life.""",JUD,,normal,36037,2,2,Common,"Werewolf,Minion",Creature
Anger,{3}{R},4,R,John Avon,77,Creature — Incarnation,"Haste\nAs long as Anger is in your graveyard and you control a Mountain, creatures you control have haste.","JUD,CMD,DDI","""For its time as a mortal, Anger chose a shell of boiling rock.""\n—Scroll of Beginnings",normal,33717,2,2,Uncommon,Incarnation,Creature
Arcane Teachings,{2}{R},3,R,Mark Brill,78,Enchantment — Aura,"Enchant creature (Target a creature as you cast this. This card enters the battlefield attached to that creature.)\nEnchanted creature gets +2/+2 and has ""{T}: This creature deals 1 damage to target creature or player.""","JUD,10E","Dwarves may teach at the speed of stone, but their results are solid.",normal,36430,,,Common,Aura,Enchantment
Barbarian Bully,{2}{R},3,R,Mike Ploog,79,Creature — Human Barbarian,Discard a card at random: Barbarian Bully gets +2/+2 until end of turn unless a player has Barbarian Bully deal 4 damage to him or her. Activate this ability only once each turn.,JUD,"""Out of my way!""",normal,34818,2,2,Common,"Human,Barbarian",Creature
Book Burning,{1}{R},2,R,Dave Dorman,80,Sorcery,"Any player may have Book Burning deal 6 damage to him or her. If no one does, target player puts the top six cards of his or her library into his or her graveyard.",JUD,The wizard's spellbook was full of burning questions.,normal,35891,,,Common,,Sorcery
Breaking Point,{1}{R}{R},3,R,Matthew D. Wilson,81,Sorcery,"Any player may have Breaking Point deal 6 damage to him or her. If no one does, destroy all creatures. Creatures destroyed this way can't be regenerated.","JUD,DDK","""Enough!""",normal,29856,,,Rare,,Sorcery
Browbeat,{2}{R},3,R,Mark Tedin,82,Sorcery,"Any player may have Browbeat deal 5 damage to him or her. If no one does, target player draws three cards.","pFNM,JUD,TSB,HOP,PD2,DDK","""Even the threat of power has power.""\n—Jeska, warrior adept",normal,36038,,,Uncommon,,Sorcery
Burning Wish,{1}{R},2,R,Scott M. Fischer,83,Sorcery,"You may choose a sorcery card you own from outside the game, reveal that card, and put it into your hand. Exile Burning Wish.","pJGP,JUD,VMA","She wished for a weapon, but not for the skill to wield it.",normal,34403,,,Rare,,Sorcery
Dwarven Bloodboiler,{R}{R}{R},3,R,Arnie Swekel,84,Creature — Dwarf,Tap an untapped Dwarf you control: Target creature gets +2/+0 until end of turn.,JUD,His battle cry unleashes an avalanche of dwarves.,normal,35074,2,2,Rare,Dwarf,Creature
Dwarven Driller,{3}{R},4,R,"Edward P. Beard, Jr.",85,Creature — Dwarf,{T}: Destroy target land unless its controller has Dwarven Driller deal 2 damage to him or her.,JUD,"""Drill the planet, it's no trouble:\nMining granite, making rubble.""\n—Dwarven drilling song",normal,34950,2,2,Uncommon,Dwarf,Creature
Dwarven Scorcher,{R},1,R,Thomas M. Baxa,86,Creature — Dwarf,Sacrifice Dwarven Scorcher: Dwarven Scorcher deals 1 damage to target creature unless that creature's controller has Dwarven Scorcher deal 2 damage to him or her.,JUD,Barbarians invented the blaze of glory. Dwarves perfected it.,normal,36116,1,1,Common,Dwarf,Creature
Ember Shot,{6}{R},7,R,Alan Pollack,87,Instant,Ember Shot deals 3 damage to target creature or player.\nDraw a card.,JUD,"Dwarves bring poor coal to market, use good coal in their homes, and throw their best coal away.",normal,29862,,,Common,,Instant
Firecat Blitz,{X}{R}{R},2,R,David Martin,88,Sorcery,"Put X 1/1 red Elemental Cat creature tokens with haste onto the battlefield. Exile them at the beginning of the next end step.\nFlashback—{R}{R}, Sacrifice X Mountains. (You may cast this card from your graveyard for its flashback cost. Then exile it.)",JUD,,normal,34929,,,Uncommon,,Sorcery
Flaring Pain,{1}{R},2,R,Glen Angus,89,Instant,Damage can't be prevented this turn.\nFlashback {R} (You may cast this card from your graveyard for its flashback cost. Then exile it.),JUD,"""I don't rub salt in wounds. I use sulfur.""\n—Matoc, lavamancer",normal,34214,,,Common,,Instant
Fledgling Dragon,{2}{R}{R},4,R,Greg Staples,90,Creature — Dragon,"Flying\nThreshold — As long as seven or more cards are in your graveyard, Fledgling Dragon gets +3/+3 and has ""{R}: Fledgling Dragon gets +1/+0 until end of turn.""",JUD,,normal,34930,2,2,Rare,Dragon,Creature
Goretusk Firebeast,{5}{R},6,R,Keith Garletts,91,Creature — Elemental Boar Beast,"When Goretusk Firebeast enters the battlefield, it deals 4 damage to target player.",JUD,"As a youth, Kamahl took one for a pet. His hair has yet to grow back.",normal,34917,2,2,Common,"Elemental,Boar,Beast",Creature
Infectious Rage,{1}{R},2,R,Christopher Moeller,92,Enchantment — Aura,"Enchant creature\nEnchanted creature gets +2/-1.\nWhen enchanted creature dies, choose a creature at random Infectious Rage can enchant. Return Infectious Rage to the battlefield attached to that creature.",JUD,,normal,35087,,,Uncommon,Aura,Enchantment
"Jeska, Warrior Adept",{2}{R}{R},4,R,rk post,93,Legendary Creature — Human Barbarian Warrior,"First strike, haste\n{T}: Jeska, Warrior Adept deals 1 damage to target creature or player.",JUD,"""My brother and I both come from Balthor's forge. Kamahl has a temper of fire. I have a temper of steel.""",normal,36451,3,1,Rare,"Human,Barbarian,Warrior",Creature
Lava Dart,{R},1,R,Darrell Riche,94,Instant,Lava Dart deals 1 damage to target creature or player.\nFlashback—Sacrifice a Mountain. (You may cast this card from your graveyard for its flashback cost. Then exile it.),JUD,,normal,29766,,,Common,,Instant
Liberated Dwarf,{R},1,R,Greg Hildebrandt,95,Creature — Dwarf,"{R}, Sacrifice Liberated Dwarf: Target green creature gets +1/+0 and gains first strike until end of turn.",JUD,"Freed from their chains, these dwarves are bound only by honor.",normal,35083,1,1,Common,Dwarf,Creature
Lightning Surge,{3}{R}{R},5,R,Ron Spears,96,Sorcery,"Lightning Surge deals 4 damage to target creature or player.\nThreshold — If seven or more cards are in your graveyard, instead Lightning Surge deals 6 damage to that creature or player and the damage can't be prevented.\nFlashback {5}{R}{R} (You may cast this card from your graveyard for its flashback cost. Then exile it.)",JUD,,normal,34208,,,Rare,,Sorcery
Planar Chaos,{2}{R},3,R,Ron Spencer,97,Enchantment,"At the beginning of your upkeep, flip a coin. If you lose the flip, sacrifice Planar Chaos.\nWhenever a player casts a spell, that player flips a coin. If he or she loses the flip, counter that spell.",JUD,,normal,35088,,,Uncommon,,Enchantment
Shaman's Trance,{2}{R},3,R,Greg Hildebrandt,98,Instant,"Until end of turn, other players can't play cards from their graveyards, and you may play cards from other players' graveyards as though they were in your graveyard.",JUD,,normal,34795,,,Rare,,Instant
Soulgorger Orgg,{3}{R}{R},5,R,John Matson,99,Creature — Nightmare Orgg,"Trample\nWhen Soulgorger Orgg enters the battlefield, you lose all but 1 life.\nWhen Soulgorger Orgg leaves the battlefield, you gain life equal to the life you lost when it entered the battlefield.",JUD,,normal,34942,6,6,Uncommon,"Nightmare,Orgg",Creature
Spellgorger Barbarian,{3}{R},4,R,Mark Romanoski,100,Creature — Human Nightmare Barbarian,"When Spellgorger Barbarian enters the battlefield, discard a card at random.\nWhen Spellgorger Barbarian leaves the battlefield, draw a card.",JUD,The epidemic insanity had a lasting effect on certain barbarians—but no one noticed.,normal,25805,3,1,Common,"Human,Nightmare,Barbarian",Creature
Swelter,{3}{R},4,R,Ben Thompson,101,Sorcery,Swelter deals 2 damage to each of two target creatures.,JUD,"No circle has a beginning, but many have foreseeable ends.",normal,36119,,,Uncommon,,Sorcery
Swirling Sandstorm,{3}{R},4,R,Tony Szczudlo,102,Sorcery,Threshold — Swirling Sandstorm deals 5 damage to each creature without flying if seven or more cards are in your graveyard.,JUD,"As dust swept out, vultures swept in.",normal,29762,,,Common,,Sorcery
Worldgorger Dragon,{3}{R}{R}{R},6,R,Wayne England,103,Creature — Nightmare Dragon,"Flying, trample\nWhen Worldgorger Dragon enters the battlefield, exile all other permanents you control.\nWhen Worldgorger Dragon leaves the battlefield, return the exiled cards to the battlefield under their owners' control.","JUD,VMA,EMA",,normal,35056,7,7,Rare,"Nightmare,Dragon",Creature
Anurid Barkripper,{1}{G}{G},3,G,Randy Gallegos,104,Creature — Frog Beast,Threshold — Anurid Barkripper gets +2/+2 as long as seven or more cards are in your graveyard.,JUD,"When it croaks, so do you.",normal,36039,2,2,Common,"Frog,Beast",Creature
Anurid Swarmsnapper,{2}{G},3,G,John Matson,105,Creature — Frog Beast,Reach (This creature can block creatures with flying.)\n{1}{G}: Anurid Swarmsnapper can block an additional creature this turn.,JUD,Anurids have the problem of airborne invaders licked.,normal,36453,1,4,Uncommon,"Frog,Beast",Creature
Battlefield Scrounger,{3}{G}{G},5,G,Daren Bader,106,Creature — Centaur,"Threshold — Put three cards from your graveyard on the bottom of your library: Battlefield Scrounger gets +3/+3 until end of turn. Activate this ability only once each turn, and only if seven or more cards are in your graveyard.",JUD,,normal,36040,3,3,Common,Centaur,Creature
Brawn,{3}{G},4,G,Matt Cavotta,107,Creature — Incarnation,"Trample\nAs long as Brawn is in your graveyard and you control a Forest, creatures you control have trample.","JUD,CMD,EMA","""‘I have arrived,' bellowed Brawn, and the plane shuddered.""\n—Scroll of Beginnings",normal,33721,3,3,Uncommon,Incarnation,Creature
Canopy Claws,{G},1,G,Matthew Mitchell,108,Instant,Target creature loses flying until end of turn.\nFlashback {G} (You may cast this card from your graveyard for its flashback cost. Then exile it.),JUD,,normal,36410,,,Common,,Instant
Centaur Rootcaster,{3}{G},4,G,Eric Peterson,109,Creature — Centaur Druid,"Whenever Centaur Rootcaster deals combat damage to a player, you may search your library for a basic land card and put that card onto the battlefield tapped. If you do, shuffle your library.",JUD,,normal,37120,2,2,Common,"Centaur,Druid",Creature
Crush of Wurms,{6}{G}{G}{G},9,G,Christopher Moeller,110,Sorcery,Put three 6/6 green Wurm creature tokens onto the battlefield.\nFlashback {9}{G}{G}{G} (You may cast this card from your graveyard for its flashback cost. Then exile it.),JUD,,normal,35170,,,Rare,,Sorcery
Elephant Guide,{2}{G},3,G,Jim Nelson,111,Enchantment — Aura,"Enchant creature\nEnchanted creature gets +3/+3.\nWhen enchanted creature dies, put a 3/3 green Elephant creature token onto the battlefield.","JUD,DDD,CNS,VMA,DD3_GVL,EMA",Nature's strength outlives the strong.,normal,12692,,,Uncommon,Aura,Enchantment
Epic Struggle,{2}{G}{G},4,G,Greg & Tim Hildebrandt,112,Enchantment,"At the beginning of your upkeep, if you control twenty or more creatures, you win the game.",JUD,"""If our foes will not listen to words, perhaps hooves and claws will make them take notice.""\n—Seton, centaur druid",normal,33697,,,Rare,,Enchantment
Erhnam Djinn,{3}{G},4,G,Greg Staples,113,Creature — Djinn,"At the beginning of your upkeep, target non-Wall creature an opponent controls gains forestwalk until your next upkeep. (It can't be blocked as long as defending player controls a Forest.)","ARN,CHR,ATH,BTD,JUD,VMA",He provides a safe path to nowhere.,normal,35553,4,5,Rare,Djinn,Creature
Exoskeletal Armor,{1}{G},2,G,Wayne England,114,Enchantment — Aura,"Enchant creature\nEnchanted creature gets +X/+X, where X is the number of creature cards in all graveyards.",JUD,"""We use only what we need—but in times of strife, our need becomes great.""\n—Centaur warrior",normal,29885,,,Uncommon,Aura,Enchantment
Folk Medicine,{2}{G},3,"G,W",Matt Cavotta,115,Instant,You gain 1 life for each creature you control.\nFlashback {1}{W} (You may cast this card from your graveyard for its flashback cost. Then exile it.),JUD,Sometimes the healers need healing.,normal,35071,,,Common,,Instant
Forcemage Advocate,{1}{G},2,G,Darrell Riche,116,Creature — Centaur Shaman,{T}: Return target card from an opponent's graveyard to his or her hand. Put a +1/+1 counter on target creature.,JUD,"""Our unity renews our strength.""",normal,34244,2,1,Uncommon,"Centaur,Shaman",Creature
Genesis,{4}{G},5,G,Mark Zug,117,Creature — Incarnation,"At the beginning of your upkeep, if Genesis is in your graveyard, you may pay {2}{G}. If you do, return target creature card from your graveyard to your hand.","pJGP,JUD,VMA","""First through the Riftstone was Genesis—and the world was lifeless no more.""\n—Scroll of Beginnings",normal,34833,4,4,Rare,Incarnation,Creature
Giant Warthog,{5}{G},6,G,Kev Walker,118,Creature — Boar Beast,Trample,JUD,"""When the Ancestor saw the cruelty her human children were capable of, Her fury shook the world. From this outburst sprang the warthogs.""\n—Nomad myth",normal,36112,5,5,Common,"Boar,Beast",Creature
Grizzly Fate,{3}{G}{G},5,G,Dave Dorman,119,Sorcery,Put two 2/2 green Bear creature tokens onto the battlefield.\nThreshold — Put four 2/2 green Bear creature tokens onto the battlefield instead if seven or more cards are in your graveyard.\nFlashback {5}{G}{G} (You may cast this card from your graveyard for its flashback cost. Then exile it.),"JUD,VMA",,normal,34209,,,Uncommon,,Sorcery
Harvester Druid,{1}{G},2,G,David Martin,120,Creature — Human Druid,{T}: Add to your mana pool one mana of any color that a land you control could produce.,JUD,"""In the end, the same soil lies atop the field, within the mountain, and under the sea.""",normal,36411,1,1,Common,"Human,Druid",Creature
Ironshell Beetle,{1}{G},2,G,Heather Hudson,121,Creature — Insect,"When Ironshell Beetle enters the battlefield, put a +1/+1 counter on target creature.",JUD,"""Why waste time creating weapons? Nature provides us with all we need.""\n—Centaur warrior",normal,34758,1,1,Common,Insect,Creature
Krosan Reclamation,{1}{G},2,G,Gary Ruddell,122,Instant,Target player shuffles up to two target cards from his or her graveyard into his or her library.\nFlashback {1}{G} (You may cast this card from your graveyard for its flashback cost. Then exile it.),JUD,,normal,36113,,,Uncommon,,Instant
Krosan Wayfarer,{G},1,G,"Edward P. Beard, Jr.",123,Creature — Human Druid,Sacrifice Krosan Wayfarer: You may put a land card from your hand onto the battlefield.,JUD,"""The Krosan Forest lives, and druids are its seeds.""\n—Seton, centaur druid",normal,35069,1,1,Common,"Human,Druid",Creature
Living Wish,{1}{G},2,G,Eric Peterson,124,Sorcery,"You may choose a creature or land card you own from outside the game, reveal that card, and put it into your hand. Exile Living Wish.","pJGP,JUD","He wished for growth, but not for a way to control it.",normal,34405,,,Rare,,Sorcery
Nantuko Tracer,{1}{G},2,G,Greg Staples,125,Creature — Insect Druid,"When Nantuko Tracer enters the battlefield, you may put target card from a graveyard on the bottom of its owner's library.",JUD,Your past is a map to where you will go.\n—Nantuko teaching,normal,36526,2,1,Common,"Insect,Druid",Creature
Nullmage Advocate,{2}{G},3,G,Darrell Riche,126,Creature — Insect Druid,{T}: Return two target cards from an opponent's graveyard to his or her hand. Destroy target artifact or enchantment.,"JUD,PC2","""Our unity unmasks your deceit.""",normal,34245,2,3,Common,"Insect,Druid",Creature
Phantom Centaur,{2}{G}{G},4,G,Carl Critchlow,127,Creature — Centaur Spirit,"Protection from black\nPhantom Centaur enters the battlefield with three +1/+1 counters on it.\nIf damage would be dealt to Phantom Centaur, prevent that damage. Remove a +1/+1 counter from Phantom Centaur.",JUD,,normal,35073,2,0,Uncommon,"Centaur,Spirit",Creature
Phantom Nantuko,{2}{G},3,G,Wayne England,128,Creature — Insect Spirit,"Trample\nPhantom Nantuko enters the battlefield with two +1/+1 counters on it.\nIf damage would be dealt to Phantom Nantuko, prevent that damage. Remove a +1/+1 counter from Phantom Nantuko.\n{T}: Put a +1/+1 counter on Phantom Nantuko.","JUD,C13",,normal,34948,0,0,Rare,"Insect,Spirit",Creature
Phantom Tiger,{2}{G},3,G,Brian Snõddy,129,Creature — Cat Spirit,"Phantom Tiger enters the battlefield with two +1/+1 counters on it.\nIf damage would be dealt to Phantom Tiger, prevent that damage. Remove a +1/+1 counter from Phantom Tiger.",JUD,,normal,34934,1,0,Common,"Cat,Spirit",Creature
Seedtime,{1}{G},2,G,Rebecca Guay,130,Instant,Cast Seedtime only during your turn.\nTake an extra turn after this one if an opponent cast a blue spell this turn.,JUD,The hippo grows wings to fight the condor.\n—Nantuko teaching,normal,34205,,,Rare,,Instant
Serene Sunset,{X}{G},1,G,David Martin,131,Instant,Prevent all combat damage X target creatures would deal this turn.,JUD,"The armies paused, silent, as the warriors reflected on the sunsets of their youth.",normal,36454,,,Uncommon,,Instant
Sudden Strength,{3}{G},4,G,Alan Pollack,132,Instant,Target creature gets +3/+3 until end of turn.\nDraw a card.,"JUD,VMA",The Mirari's magic transformed the Krosan Forest—and its inhabitants.,normal,35114,,,Common,,Instant
Sylvan Safekeeper,{G},1,G,Pete Venters,133,Creature — Human Wizard,Sacrifice a land: Target creature you control gains shroud until end of turn. (It can't be the target of spells or abilities.),"JUD,C14","""How could someone so small cause so much trouble?""\n—Nomad sentry",normal,35062,1,1,Rare,"Human,Wizard",Creature
"Thriss, Nantuko Primus",{5}{G}{G},7,G,John Avon,134,Legendary Creature — Insect Druid,"{G}, {T}: Target creature gets +5/+5 until end of turn.",JUD,"""When you live for others, you live for yourself.""",normal,36525,5,5,Rare,"Insect,Druid",Creature
Tunneler Wurm,{6}{G}{G},8,G,Jeff Easley,135,Creature — Wurm,Discard a card: Regenerate Tunneler Wurm.,JUD,"If an anurid's lucky, it'll find a warm tunnel for bedtime. If a wurm's lucky, it'll find a warm anurid for breakfast.",normal,26370,6,6,Uncommon,Wurm,Creature
Venomous Vines,{2}{G}{G},4,G,Ron Spencer,136,Sorcery,Destroy target enchanted permanent.,JUD,"""True strength comes from within. The false promise of unnatural power only incurs Krosa's wrath.""\n—Seton, centaur druid",normal,36409,,,Common,,Sorcery
Anurid Brushhopper,{1}{G}{W},3,"W,G",Arnie Swekel,137,Creature — Frog Beast,Discard two cards: Exile Anurid Brushhopper. Return it to the battlefield under its owner's control at the beginning of the next end step.,JUD,It's so tough it can frighten itself into hiding.,normal,35059,3,4,Rare,"Frog,Beast",Creature
Hunting Grounds,{G}{W},2,"W,G",Mark Brill,138,Enchantment,"Threshold — As long as seven or more cards are in your graveyard, Hunting Grounds has ""Whenever an opponent casts a spell, you may put a creature card from your hand onto the battlefield.""",JUD,"In the heavy hush of Krosa, drawing on mana is like ringing a dinner bell.",normal,35167,,,Rare,,Enchantment
Mirari's Wake,{3}{G}{W},5,"W,G",David Martin,139,Enchantment,"Creatures you control get +1/+1.\nWhenever you tap a land for mana, add one mana to your mana pool of any type that land produced.","JUD,pPRO,CM1,CNS",The land drank power from the Mirari as though it had thirsted forever.,normal,35057,,,Rare,,Enchantment
Phantom Nishoba,{5}{G}{W},7,"W,G",Arnie Swekel,140,Creature — Cat Beast Spirit,"Trample\nPhantom Nishoba enters the battlefield with seven +1/+1 counters on it.\nWhenever Phantom Nishoba deals damage, you gain that much life.\nIf damage would be dealt to Phantom Nishoba, prevent that damage. Remove a +1/+1 counter from Phantom Nishoba.",JUD,,normal,37113,0,0,Rare,"Cat,Beast,Spirit",Creature
Krosan Verge,,,,Tony Szczudlo,141,Land,"Krosan Verge enters the battlefield tapped.\n{T}: Add {C} to your mana pool.\n{2}, {T}, Sacrifice Krosan Verge: Search your library for a Forest card and a Plains card and put them onto the battlefield tapped. Then shuffle your library.","JUD,ARC,PC2",,normal,30657,,,Uncommon,,Land
Nantuko Monastery,,,"G,W",Rob Alexander,142,Land,{T}: Add {C} to your mana pool.\nThreshold — {G}{W}: Nantuko Monastery becomes a 4/4 green and white Insect Monk creature with first strike until end of turn. It's still a land. Activate this ability only if seven or more cards are in your graveyard.,"JUD,ARC",,normal,34401,,,Uncommon,,Land
Riftstone Portal,,,"G,W",Don Hazeltine,143,Land,"{T}: Add {C} to your mana pool.\nAs long as Riftstone Portal is in your graveyard, lands you control have ""{T}: Add {G} or {W} to your mana pool.""",JUD,,normal,34398,,,Uncommon,,Land
