name,manaCost,cmc,colorIdentity,artist,number,type,text,printings,flavor,layout,multiverseid,power,toughness,rarity,subtypes,types
Abzan Battle Priest,{3}{W},4,W,Chris Rahn,1,Creature — Human Cleric,"Outlast {W} ({W}, {T}: Put a +1/+1 counter on this creature. Outlast only as a sorcery.)\nEach creature you control with a +1/+1 counter on it has lifelink.",KTK,"""Wherever I walk, the ancestors walk too.""",normal,386466,3,2,Uncommon,"Human,Cleric",Creature
Abzan Falconer,{2}{W},3,W,Steven Belledin,2,Creature — Human Soldier,"Outlast {W} ({W}, {T}: Put a +1/+1 counter on this creature. Outlast only as a sorcery.)\nEach creature you control with a +1/+1 counter on it has flying.",KTK,The fastest way across the dunes is above.,normal,386468,2,3,Uncommon,"Human,Soldier",Creature
Ainok Bond-Kin,{1}{W},2,W,Chris Rahn,3,Creature — Hound Soldier,"Outlast {1}{W} ({1}{W}, {T}: Put a +1/+1 counter on this creature. Outlast only as a sorcery.)\nEach creature you control with a +1/+1 counter on it has first strike.",KTK,"""Hold the line, for family and the fallen!""",normal,386471,2,1,Common,"Hound,Soldier",Creature
Alabaster Kirin,{3}{W},4,W,Igor Kieryluk,4,Creature — Kirin,"Flying, vigilance",KTK,"The appearance of a kirin signifies the passing or arrival of an important figure. As word of sightings spread, all the khans took it to mean themselves. Only the shaman Chianul thought of Sarkhan Vol.",normal,386473,2,3,Common,Kirin,Creature
Brave the Sands,{1}{W},2,W,Dave Kendall,5,Enchantment,Creatures you control have vigilance.\nEach creature you control can block an additional creature each combat.,KTK,"Enduring the most desolate and dangerous conditions, Abzan sentries unfailingly guard the stronghold gates.",normal,386497,,,Uncommon,,Enchantment
Dazzling Ramparts,{4}{W},5,W,Jung Park,6,Creature — Wall,"Defender\n{1}{W}, {T}: Tap target creature.",KTK,"When Anafenza holds court under the First Tree, the gates of Mer-Ek are sealed. No safer place exists in all of Tarkir.",normal,386511,0,7,Uncommon,Wall,Creature
Defiant Strike,{W},1,W,Anastasia Ovchinnikova,7,Instant,Target creature gets +1/+0 until end of turn.\nDraw a card.,KTK,"""Stand where the whole battle can see you. Strike so they'll never forget.""\n—Anafenza, khan of the Abzan",normal,386515,,,Common,,Instant
End Hostilities,{3}{W}{W},5,W,Jason Rainville,8,Sorcery,Destroy all creatures and all permanents attached to creatures.,KTK,Her palm flared like the eye of a waking dragon. Then all was calm.,normal,386532,,,Rare,,Sorcery
Erase,{W},1,W,Zack Stella,9,Instant,Exile target enchantment.,"ULG,M13,KTK","""Truth is hard enough to see, let alone understand. We must remove all distractions to find clarity.""\n—Zogye, wandering sage",normal,386533,,,Common,,Instant
Feat of Resistance,{1}{W},2,W,David Gaillet,10,Instant,Put a +1/+1 counter on target creature you control. It gains protection from the color of your choice until end of turn.,KTK,"Dragons are extinct on Tarkir, but Abzan magic still emulates their endurance.",normal,386534,,,Common,,Instant
Firehoof Cavalry,{W},1,"W,R",YW Tang,11,Creature — Human Berserker,{3}{R}: Firehoof Cavalry gets +2/+0 and gains trample until end of turn.,KTK,"""What warrior worth the name fears to leave a trail? If my enemies seek me, let them follow the ashes in my wake.""",normal,386536,1,1,Common,"Human,Berserker",Creature
Herald of Anafenza,{W},1,W,Aaron Miller,12,Creature — Human Soldier,"Outlast {2}{W} ({2}{W}, {T}: Put a +1/+1 counter on this creature. Outlast only as a sorcery.)\nWhenever you activate Herald of Anafenza's outlast ability, put a 1/1 white Warrior creature token onto the battlefield.","pPRE,KTK",,normal,386553,1,2,Rare,"Human,Soldier",Creature
High Sentinels of Arashin,{3}{W},4,W,James Ryman,13,Creature — Bird Soldier,Flying\nHigh Sentinels of Arashin gets +1/+1 for each other creature you control with a +1/+1 counter on it.\n{3}{W}: Put a +1/+1 counter on target creature.,"pPRE,KTK",,normal,386554,3,4,Rare,"Bird,Soldier",Creature
Jeskai Student,{1}{W},2,W,David Gaillet,14,Creature — Human Monk,"Prowess (Whenever you cast a noncreature spell, this creature gets +1/+1 until end of turn.)",KTK,"Discipline is the first pillar of the Jeskai Way. Each member of the clan trains in a weapon, perfecting its use over a lifetime.",normal,386575,1,3,Common,"Human,Monk",Creature
Kill Shot,{2}{W},3,W,Michael C. Hayes,15,Instant,Destroy target attacking creature.,KTK,"Mardu archers are trained in Dakla, the way of the bow. They never miss their target, no matter how small, how fast, or how far away.",normal,386582,,,Common,,Instant
Mardu Hateblade,{W},1,"W,B",Ryan Alexander Lee,16,Creature — Human Warrior,{B}: Mardu Hateblade gains deathtouch until end of turn. (Any amount of damage it deals to a creature is enough to destroy it.),KTK,"""There may be little honor in my tactics, but there is no honor in losing.""",normal,386594,1,1,Common,"Human,Warrior",Creature
Mardu Hordechief,{2}{W},3,W,Torstein Nordstrand,17,Creature — Human Warrior,"Raid — When Mardu Hordechief enters the battlefield, if you attacked with a creature this turn, put a 1/1 white Warrior creature token onto the battlefield.",KTK,The horde grows with each assault.,normal,386596,2,3,Common,"Human,Warrior",Creature
Master of Pearls,{1}{W},2,W,David Gaillet,18,Creature — Human Monk,"Morph {3}{W}{W} (You may cast this card face down as a 2/2 creature for {3}. Turn it face up any time for its morph cost.)\nWhen Master of Pearls is turned face up, creatures you control get +2/+2 until end of turn.","pPRE,KTK",,normal,386600,2,2,Rare,"Human,Monk",Creature
Rush of Battle,{3}{W},4,W,Dan Scott,19,Sorcery,Creatures you control get +2/+1 until end of turn. Warrior creatures you control gain lifelink until end of turn. (Damage dealt by those Warriors also causes their controller to gain that much life.),KTK,The Mardu charge reflects the dragon's speed—and its hunger.,normal,386642,,,Common,,Sorcery
Sage-Eye Harrier,{4}{W},5,W,Chase Stone,20,Creature — Bird Warrior,Flying\nMorph {3}{W} (You may cast this card face down as a 2/2 creature for {3}. Turn it face up any time for its morph cost.),KTK,"These winged warriors meditate in flight, tracing mandalas in the clouds.",normal,386645,1,5,Common,"Bird,Warrior",Creature
Salt Road Patrol,{3}{W},4,W,Scott Murphy,21,Creature — Human Scout,"Outlast {1}{W} ({1}{W}, {T}: Put a +1/+1 counter on this creature. Outlast only as a sorcery.)",KTK,"""Soldiers win battles, but supplies win wars.""\n—Kadri, Abzan caravan master",normal,386648,2,5,Common,"Human,Scout",Creature
Seeker of the Way,{1}{W},2,W,Craig J Spearing,22,Creature — Human Warrior,"Prowess (Whenever you cast a noncreature spell, this creature gets +1/+1 until end of turn.)\nWhenever you cast a noncreature spell, Seeker of the Way gains lifelink until end of turn.",KTK,"""I don't know where my destiny lies, but I know it isn't here.""",normal,386660,2,2,Uncommon,"Human,Warrior",Creature
Siegecraft,{3}{W},4,W,Viktor Titov,23,Enchantment — Aura,Enchant creature\nEnchanted creature gets +2/+4.,KTK,"""They thought their fortress impregnable . . . until we marched up with ours, and blocked out the sun.""\n—Golran, dragonscale captain",normal,386667,,,Common,Aura,Enchantment
Smite the Monstrous,{3}{W},4,W,Greg Staples,24,Instant,Destroy target creature with power 4 or greater.,"ISD,DDL,KTK,FRF_UGIN,BFZ","""The dragons thought they were too strong to be tamed, too large to fall. And where are they now?""\n—Khibat the Revered",normal,386669,,,Common,,Instant
Suspension Field,{1}{W},2,W,Seb McKinnon,25,Enchantment,"When Suspension Field enters the battlefield, you may exile target creature with toughness 3 or greater until Suspension Field leaves the battlefield. (That creature returns under its owner's control.)","pFNM,KTK",,normal,386682,,,Uncommon,,Enchantment
Take Up Arms,{4}{W},5,W,Craig J Spearing,26,Instant,Put three 1/1 white Warrior creature tokens onto the battlefield.,KTK,"""Many scales make the skin of a dragon.""\n—Abzan wisdom",normal,386691,,,Uncommon,,Instant
Timely Hordemate,{3}{W},4,W,Steve Prescott,27,Creature — Human Warrior,"Raid — When Timely Hordemate enters the battlefield, if you attacked with a creature this turn, return target creature card with converted mana cost 2 or less from your graveyard to the battlefield.",KTK,,normal,386699,3,2,Uncommon,"Human,Warrior",Creature
Venerable Lammasu,{6}{W},7,W,YW Tang,28,Creature — Lammasu,Flying,KTK,"Lammasu are the enigmatic travelers of Tarkir, soaring high above all lands in all seasons. None know their true purpose, but they often arrive on the eve of great conflicts or turning points in history.",normal,386713,5,4,Uncommon,Lammasu,Creature
War Behemoth,{5}{W},6,W,Zoltan Boros,29,Creature — Beast,Morph {4}{W} (You may cast this card face down as a 2/2 creature for {3}. Turn it face up any time for its morph cost.),KTK,"""The Houses always hope for peace, but we always pack for war.""\n—Gvar Barzeel, krumar commander",normal,386715,3,6,Common,Beast,Creature
Watcher of the Roost,{2}{W},3,W,Jack Wang,30,Creature — Bird Soldier,"Flying\nMorph—Reveal a white card in your hand. (You may cast this card face down as a 2/2 creature for {3}. Turn it face up any time for its morph cost.)\nWhen Watcher of the Roost is turned face up, you gain 2 life.","KTK,FRF_UGIN",,normal,386718,2,1,Uncommon,"Bird,Soldier",Creature
Wingmate Roc,{3}{W}{W},5,W,Mark Zug,31,Creature — Bird,"Flying\nRaid — When Wingmate Roc enters the battlefield, if you attacked with a creature this turn, put a 3/4 white Bird creature token with flying onto the battlefield.\nWhenever Wingmate Roc attacks, you gain 1 life for each attacking creature.",KTK,,normal,386726,3,4,Mythic Rare,Bird,Creature
Blinding Spray,{4}{U},5,U,Wayne Reynolds,32,Instant,Creatures your opponents control get -4/-0 until end of turn.\nDraw a card.,KTK,"""The stronger our enemies seem, the more vulnerable they are.""\n—Sultai secret",normal,386490,,,Uncommon,,Instant
Cancel,{1}{U}{U},3,U,Slawomir Maniak,33,Instant,Counter target spell.,"pMPR,TSP,10E,ALA,M10,ZEN,DPA,M11,M12,PC2,RTR,M14,M15,KTK","""Even the greatest inferno begins as a spark. And anyone can snuff out a spark.""\n—Chanyi, mistfire sage",normal,386502,,,Common,,Instant
Clever Impersonator,{2}{U}{U},4,U,Slawomir Maniak,34,Creature — Shapeshifter,You may have Clever Impersonator enter the battlefield as a copy of any nonland permanent on the battlefield.,KTK,"""Our own selves are the greatest obstacles to enlightenment.""\n—Narset, khan of the Jeskai",normal,386506,0,0,Mythic Rare,Shapeshifter,Creature
Crippling Chill,{2}{U},3,U,Torstein Nordstrand,35,Instant,Tap target creature. It doesn't untap during its controller's next untap step.\nDraw a card.,"AVR,KTK","In the silence of the ice, even dreams become still.",normal,386510,,,Common,,Instant
Dig Through Time,{6}{U}{U},8,U,Ryan Yee,36,Instant,Delve (Each card you exile from your graveyard while casting this spell pays for {1}.)\nLook at the top seven cards of your library. Put two of them into your hand and the rest on the bottom of your library in any order.,"pPRE,KTK",,normal,386518,,,Rare,,Instant
Disdainful Stroke,{1}{U},2,U,Svetlin Velinov,37,Instant,Counter target spell with converted mana cost 4 or greater.,"pFNM,KTK","""You are beneath contempt. Your lineage will be forgotten.""",normal,386519,,,Common,,Instant
Dragon's Eye Savants,{1}{U},2,U,Jason Rainville,38,Creature — Human Wizard,"Morph—Reveal a blue card in your hand. (You may cast this card face down as a 2/2 creature for {3}. Turn it face up any time for its morph cost.)\nWhen Dragon's Eye Savants is turned face up, look at target opponent's hand.",KTK,,normal,386524,0,6,Uncommon,"Human,Wizard",Creature
Embodiment of Spring,{U},1,"U,G",Wayne Reynolds,39,Creature — Elemental,"{1}{G}, {T}, Sacrifice Embodiment of Spring: Search your library for a basic land card, put it onto the battlefield tapped, then shuffle your library.",KTK,Arel dreamed of winter's end. The next morning she followed a strange trail and found a seedling in the snow.,normal,386530,0,3,Common,Elemental,Creature
Force Away,{1}{U},2,U,Mark Winters,40,Instant,"Return target creature to its owner's hand.\nFerocious — If you control a creature with power 4 or greater, you may draw a card. If you do, discard a card.",KTK,"Where an enemy once rode, not even a whisper remains.",normal,386539,,,Common,,Instant
Glacial Stalker,{5}{U},6,U,Daarken,41,Creature — Elemental,Morph {4}{U} (You may cast this card face down as a 2/2 creature for {3}. Turn it face up any time for its morph cost.),KTK,"""Have you spent a winter high in the mountains, where the ice walks and speaks to the wind? It is not a place for those who have not learned respect.""\n—Ulnok, Temur shaman",normal,386546,4,5,Common,Elemental,Creature
Icy Blast,{X}{U},1,U,Eric Deschamps,42,Instant,"Tap X target creatures.\nFerocious — If you control a creature with power 4 or greater, those creatures don't untap during their controllers' next untap steps.","pPRE,KTK","""Do not think the sand or the sun will hold back the breath of winter.""",normal,386563,,,Rare,,Instant
Jeskai Elder,{1}{U},2,U,Craig J Spearing,43,Creature — Human Monk,"Prowess (Whenever you cast a noncreature spell, this creature gets +1/+1 until end of turn.)\nWhenever Jeskai Elder deals combat damage to a player, you may draw a card. If you do, discard a card.","DDN,KTK",,normal,386574,1,2,Uncommon,"Human,Monk",Creature
Jeskai Windscout,{2}{U},3,U,Johann Bodin,44,Creature — Bird Scout,"Flying\nProwess (Whenever you cast a noncreature spell, this creature gets +1/+1 until end of turn.)",KTK,They range from Sage-Eye Stronghold to the farthest reaches of Tarkir.,normal,386576,2,1,Common,"Bird,Scout",Creature
Kheru Spellsnatcher,{3}{U},4,U,Clint Cearley,45,Creature — Naga Wizard,"Morph {4}{U}{U} (You may cast this card face down as a 2/2 creature for {3}. Turn it face up any time for its morph cost.)\nWhen Kheru Spellsnatcher is turned face up, counter target spell. If that spell is countered this way, exile it instead of putting it into its owner's graveyard. You may cast that card without paying its mana cost for as long as it remains exiled.",KTK,,normal,386581,3,3,Rare,"Naga,Wizard",Creature
Mistfire Weaver,{3}{U},4,U,Chris Rahn,46,Creature — Djinn Wizard,"Flying\nMorph {2}{U} (You may cast this card face down as a 2/2 creature for {3}. Turn it face up any time for its morph cost.)\nWhen Mistfire Weaver is turned face up, target creature you control gains hexproof until end of turn.",KTK,,normal,386605,3,1,Uncommon,"Djinn,Wizard",Creature
Monastery Flock,{2}{U},3,U,John Avon,47,Creature — Bird,"Defender, flying\nMorph {U} (You may cast this card face down as a 2/2 creature for {3}. Turn it face up any time for its morph cost.)",KTK,"""The arrow strikes one bird down, but the flock remains.""\n—Jeskai teaching",normal,386607,0,5,Common,Bird,Creature
Mystic of the Hidden Way,{4}{U},5,U,Ryan Alexander Lee,48,Creature — Human Monk,Mystic of the Hidden Way can't be blocked.\nMorph {2}{U} (You may cast this card face down as a 2/2 creature for {3}. Turn it face up any time for its morph cost.),"KTK,FRF_UGIN","""There are no obstacles, only different paths.""",normal,386615,3,2,Common,"Human,Monk",Creature
Pearl Lake Ancient,{5}{U}{U},7,U,Richard Wright,49,Creature — Leviathan,"Flash\nPearl Lake Ancient can't be countered.\nProwess (Whenever you cast a noncreature spell, this creature gets +1/+1 until end of turn.)\nReturn three lands you control to their owner's hand: Return Pearl Lake Ancient to its owner's hand.",KTK,,normal,386621,6,7,Mythic Rare,Leviathan,Creature
Quiet Contemplation,{2}{U},3,U,Magali Villeneuve,50,Enchantment,"Whenever you cast a noncreature spell, you may pay {1}. If you do, tap target creature an opponent controls and it doesn't untap during its controller's next untap step.",KTK,,normal,386629,,,Uncommon,,Enchantment
Riverwheel Aerialists,{5}{U},6,U,Jack Wang,51,Creature — Djinn Monk,"Flying\nProwess (Whenever you cast a noncreature spell, this creature gets +1/+1 until end of turn.)",KTK,Adepts of the Riverwheel Stronghold can run through rain and never get wet; masters use the raindrops as stepping stones.,normal,386638,4,5,Uncommon,"Djinn,Monk",Creature
Scaldkin,{3}{U},4,"U,R",Cliff Childs,52,Creature — Elemental,"Flying\n{2}{R}, Sacrifice Scaldkin: Scaldkin deals 2 damage to target creature or player.",KTK,The Temur believe that scaldkin are born when eruptions melt the frozen whispers of sleeping ancestors.,normal,386653,2,2,Common,Elemental,Creature
Scion of Glaciers,{2}{U}{U},4,U,Titus Lunter,53,Creature — Elemental,{U}: Scion of Glaciers gets +1/-1 until end of turn.,KTK,"""There is nothing so free as the spring river born of winter's ice.""\n—Nitula, the Hunt Caller",normal,386654,2,5,Uncommon,Elemental,Creature
Set Adrift,{5}{U},6,U,Karl Kopinski,54,Sorcery,Delve (Each card you exile from your graveyard while casting this spell pays for {1}.)\nPut target nonland permanent on top of its owner's library.,KTK,"The envoy spoke, and Sidisi replied.",normal,386661,,,Uncommon,,Sorcery
Singing Bell Strike,{1}{U},2,U,Chase Stone,55,Enchantment — Aura,"Enchant creature\nWhen Singing Bell Strike enters the battlefield, tap enchanted creature.\nEnchanted creature doesn't untap during its controller's untap step.\nEnchanted creature has ""{6}: Untap this creature.""",KTK,,normal,386668,,,Common,Aura,Enchantment
Stubborn Denial,{U},1,U,James Ryman,56,Instant,"Counter target noncreature spell unless its controller pays {1}.\nFerocious — If you control a creature with power 4 or greater, counter that spell instead.",KTK,The Temur have no patience for subtlety.,normal,386673,,,Uncommon,,Instant
Taigam's Scheming,{1}{U},2,U,Svetlin Velinov,57,Sorcery,Look at the top five cards of your library. Put any number of them into your graveyard and the rest back on top of your library in any order.,KTK,"""The Jeskai would have me bow in restraint. So I have found a people unafraid of true power.""",normal,386690,,,Common,,Sorcery
Thousand Winds,{4}{U}{U},6,U,Raymond Swanland,58,Creature — Elemental,"Flying\nMorph {5}{U}{U} (You may cast this card face down as a 2/2 creature for {3}. Turn it face up any time for its morph cost.)\nWhen Thousand Winds is turned face up, return all other tapped creatures to their owners' hands.","pPRE,DDN,KTK",,normal,386697,5,6,Rare,Elemental,Creature
Treasure Cruise,{7}{U},8,U,Cynthia Sheppard,59,Sorcery,Delve (Each card you exile from your graveyard while casting this spell pays for {1}.)\nDraw three cards.,KTK,Countless delights drift on the surface while dark schemes run below.,normal,386705,,,Common,,Sorcery
Waterwhirl,{4}{U}{U},6,U,Clint Cearley,60,Instant,Return up to two target creatures to their owners' hands.,KTK,"""Be as water: untamed and unheld, yet inexorably flowing toward a greater goal.""\n—Shensu, Riverwheel mystic",normal,386719,,,Uncommon,,Instant
Weave Fate,{3}{U},4,U,Zack Stella,61,Instant,Draw two cards.,"KTK,ORI","Temur shamans speak of three destinies: the now, the echo of the past, and the unwritten. They find flickering paths among tangled possibilities.",normal,386720,,,Common,,Instant
Wetland Sambar,{1}{U},2,U,James Zapata,62,Creature — Elk,,KTK,"As a test of calm and compassion, a Jeskai monk softly approaches a grazing sambar and offers it a lotus from his or her hand. If the creature eats, the student ascends to the next level of training.",normal,386721,2,1,Common,Elk,Creature
Whirlwind Adept,{4}{U},5,U,Steve Argyle,63,Creature — Djinn Monk,"Hexproof (This creature can't be the target of spells or abilities your opponents control.)\nProwess (Whenever you cast a noncreature spell, this creature gets +1/+1 until end of turn.)",KTK,,normal,386722,4,2,Common,"Djinn,Monk",Creature
Bellowing Saddlebrute,{3}{B},4,B,Torstein Nordstrand,64,Creature — Orc Warrior,"Raid — When Bellowing Saddlebrute enters the battlefield, you lose 4 life unless you attacked with a creature this turn.",KTK,,normal,386488,4,5,Uncommon,"Orc,Warrior",Creature
Bitter Revelation,{3}{B},4,B,Viktor Titov,65,Sorcery,Look at the top four cards of your library. Put two of them into your hand and the rest into your graveyard. You lose 2 life.,KTK,"""Here you lie then, Ugin. The corpses of worlds will join you in the tomb.""\n—Sorin Markov",normal,386489,,,Common,,Sorcery
Bloodsoaked Champion,{B},1,B,Aaron Miller,66,Creature — Human Warrior,Bloodsoaked Champion can't block.\nRaid — {1}{B}: Return Bloodsoaked Champion from your graveyard to the battlefield. Activate this ability only if you attacked with a creature this turn.,"pPRE,KTK","""Death is merely another foe the Mardu will overcome.""",normal,386494,2,1,Rare,"Human,Warrior",Creature
Dead Drop,{9}{B},10,B,Greg Staples,67,Sorcery,Delve (Each card you exile from your graveyard while casting this spell pays for {1}.)\nTarget player sacrifices two creatures.,KTK,"Got a diving lesson\n—Sultai expression meaning\n""was fed to the crocodiles""",normal,386512,,,Uncommon,,Sorcery
Debilitating Injury,{1}{B},2,B,Slawomir Maniak,68,Enchantment — Aura,Enchant creature\nEnchanted creature gets -2/-2.,"KTK,FRF_UGIN","""If weakness does not exist within the Temur then we shall force it upon them.""\n—Sidisi, khan of the Sultai",normal,386514,,,Common,Aura,Enchantment
Despise,{B},1,B,Todd Lockwood,69,Sorcery,Target opponent reveals his or her hand. You choose a creature or planeswalker card from it. That player discards that card.,"pFNM,NPH,KTK","""You have returned from fire, traitor. This time I will see you leave as ashes.""\n—Zurgo, to Sarkhan Vol",normal,386517,,,Uncommon,,Sorcery
Disowned Ancestor,{B},1,B,Zack Stella,70,Creature — Spirit Warrior,"Outlast {1}{B} ({1}{B}, {T}: Put a +1/+1 counter on this creature. Outlast only as a sorcery.)",KTK,"Long after death, the spirits of the Disowned continue to seek redemption among their Abzan kin.",normal,386521,0,4,Common,"Spirit,Warrior",Creature
Dutiful Return,{3}{B},4,B,Seb McKinnon,71,Sorcery,Return up to two target creature cards from your graveyard to your hand.,"KTK,BFZ","""We have a word for enemies too mutilated for military service: furniture.""\n—Taigam, Sidisi's Hand",normal,386528,,,Common,,Sorcery
Empty the Pits,{X}{X}{B}{B}{B}{B},4,B,Ryan Alexander Lee,72,Instant,Delve (Each card you exile from your graveyard while casting this spell pays for {1}.)\nPut X 2/2 black Zombie creature tokens onto the battlefield tapped.,KTK,The Sultai would rebuild the empire on the backs of the dead.,normal,386531,,,Mythic Rare,,Instant
Grim Haruspex,{2}{B},3,B,Seb McKinnon,73,Creature — Human Wizard,"Morph {B} (You may cast this card face down as a 2/2 creature for {3}. Turn it face up any time for its morph cost.)\nWhenever another nontoken creature you control dies, draw a card.","pPRE,KTK,FRF_UGIN","""We all want to know what's going on in someone else's head. I simply open it up and look.""",normal,386548,3,2,Rare,"Human,Wizard",Creature
Gurmag Swiftwing,{1}{B},2,B,Jeff Simpson,74,Creature — Bat,"Flying, first strike, haste",KTK,"""Anything a falcon can do, a bat can do in pitch darkness.""\n—Urdnan the Wanderer",normal,386549,1,2,Uncommon,Bat,Creature
Kheru Bloodsucker,{2}{B},3,B,Daniel Ljunggren,75,Creature — Vampire,"Whenever a creature you control with toughness 4 or greater dies, each opponent loses 2 life and you gain 2 life.\n{2}{B}, Sacrifice another creature: Put a +1/+1 counter on Kheru Bloodsucker.",KTK,"It stares through the empty, pain-twisted faces of those it has drained.",normal,386578,2,2,Uncommon,Vampire,Creature
Kheru Dreadmaw,{4}{B},5,"B,G",Ryan Yee,76,Creature — Zombie Crocodile,"Defender\n{1}{G}, Sacrifice another creature: You gain life equal to the sacrificed creature's toughness.",KTK,"Its hunting instincts have long since rotted away. Its hunger, however, remains.",normal,386579,4,4,Common,"Zombie,Crocodile",Creature
Krumar Bond-Kin,{3}{B}{B},5,B,Kev Walker,77,Creature — Orc Warrior,Morph {4}{B} (You may cast this card face down as a 2/2 creature for {3}. Turn it face up any time for its morph cost.),KTK,"""The Abzan replaced my savagery with a noble heritage. I would give my life for my House.""",normal,386585,5,3,Common,"Orc,Warrior",Creature
Mardu Skullhunter,{1}{B},2,B,Jason Rainville,78,Creature — Human Warrior,"Mardu Skullhunter enters the battlefield tapped.\nRaid — When Mardu Skullhunter enters the battlefield, if you attacked with a creature this turn, target opponent discards a card.",KTK,,normal,386598,2,1,Common,"Human,Warrior",Creature
Mer-Ek Nightblade,{3}{B},4,B,Lucas Graciano,79,Creature — Orc Assassin,"Outlast {B} ({B}, {T}: Put a +1/+1 counter on this creature. Outlast only as a sorcery.)\nEach creature you control with a +1/+1 counter on it has deathtouch.",KTK,,normal,386603,2,3,Uncommon,"Orc,Assassin",Creature
Molting Snakeskin,{B},1,B,YW Tang,80,Enchantment — Aura,"Enchant creature\nEnchanted creature gets +2/+0 and has ""{2}{B}: Regenerate this creature.""",KTK,Flesh wounds are meaningless to those who discard their flesh so readily.,normal,386606,,,Common,Aura,Enchantment
Murderous Cut,{4}{B},5,B,Yohann Schepacz,81,Instant,Delve (Each card you exile from your graveyard while casting this spell pays for {1}.)\nDestroy target creature.,KTK,The blades of a Sultai assassin stab like the fangs of a dragon.,normal,386613,,,Uncommon,,Instant
Necropolis Fiend,{7}{B}{B},9,B,Seb McKinnon,82,Creature — Demon,"Delve (Each card you exile from your graveyard while casting this spell pays for {1}.)\nFlying\n{X}, {T}, Exile X cards from your graveyard: Target creature gets -X/-X until end of turn.","pPRE,CPK,KTK",,normal,386618,4,5,Rare,Demon,Creature
Raiders' Spoils,{3}{B},4,B,Wayne Reynolds,83,Enchantment,"Creatures you control get +1/+0.\nWhenever a Warrior you control deals combat damage to a player, you may pay 1 life. If you do, draw a card.",KTK,"""To conquer is to eat.""\n—Edicts of Ilagra",normal,386630,,,Uncommon,,Enchantment
Rakshasa's Secret,{2}{B},3,B,Magali Villeneuve,84,Sorcery,Target opponent discards two cards. Put the top two cards of your library into your graveyard.,KTK,"The voice of a rakshasa is soft, its breath sweet. But every word is the murmur of madness.",normal,386633,,,Common,,Sorcery
Retribution of the Ancients,{B},1,B,Svetlin Velinov,85,Enchantment,"{B}, Remove X +1/+1 counters from among creatures you control: Target creature gets -X/-X until end of turn.",KTK,"Abzan ancestors died to protect their Houses, and they protect them still.",normal,386635,,,Rare,,Enchantment
Rite of the Serpent,{4}{B}{B},6,B,Seb McKinnon,86,Sorcery,"Destroy target creature. If that creature had a +1/+1 counter on it, put a 1/1 green Snake creature token onto the battlefield.",KTK,"""From your death, new life. From your loss, our profit.""\n—Kirada, Qarsi overseer",normal,386637,,,Common,,Sorcery
Rotting Mastodon,{4}{B},5,B,Nils Hamm,87,Creature — Zombie Elephant,,KTK,"Mastodons became extinct long ago, but foul forces of the Gurmag Swamp sometimes animate their decaying remains. The Sultai happily exploit such creatures but consider them inferior to their own necromantic creations.",normal,386640,2,8,Common,"Zombie,Elephant",Creature
Ruthless Ripper,{B},1,B,Clint Cearley,88,Creature — Human Assassin,"Deathtouch\nMorph—Reveal a black card in your hand. (You may cast this card face down as a 2/2 creature for {3}. Turn it face up any time for its morph cost.)\nWhen Ruthless Ripper is turned face up, target player loses 2 life.","KTK,FRF_UGIN",,normal,386643,1,1,Uncommon,"Human,Assassin",Creature
Shambling Attendants,{7}{B},8,B,Daarken,89,Creature — Zombie,Delve (Each card you exile from your graveyard while casting this spell pays for {1}.)\nDeathtouch (Any amount of damage this deals to a creature is enough to destroy it.),KTK,"""Let the world behold what becomes of those who defy us.""\n—Taigam, Sidisi's Hand",normal,386662,3,5,Common,Zombie,Creature
Sidisi's Pet,{3}{B},4,B,Evan Shipard,90,Creature — Zombie Ape,Lifelink (Damage dealt by this creature also causes you to gain that much life.)\nMorph {1}{B} (You may cast this card face down as a 2/2 creature for {3}. Turn it face up any time for its morph cost.),KTK,The Sultai distinguish between pet and slave by the material of the chain.,normal,386665,1,4,Common,"Zombie,Ape",Creature
Sultai Scavenger,{5}{B},6,B,Anthony Palumbo,91,Creature — Bird Warrior,Delve (Each card you exile from your graveyard while casting this spell pays for {1}.)\nFlying,KTK,"Since they guard armies of walking carrion, Sultai aven are never far from a meal.",normal,386678,3,3,Common,"Bird,Warrior",Creature
Swarm of Bloodflies,{4}{B},5,B,Marco Nelor,92,Creature — Insect,"Flying\nSwarm of Bloodflies enters the battlefield with two +1/+1 counters on it.\nWhenever another creature dies, put a +1/+1 counter on Swarm of Bloodflies.",KTK,"In the Gudul delta, bloodfly bites are indistinguishable from spear wounds.",normal,386687,0,0,Uncommon,Insect,Creature
Throttle,{4}{B},5,B,Wayne Reynolds,93,Instant,Target creature gets -4/-4 until end of turn.,"KTK,SOI","""The best servants are made from those who died without a scratch.""\n—Sidisi, khan of the Sultai",normal,386698,,,Common,,Instant
Unyielding Krumar,{3}{B},4,"B,W",Viktor Titov,94,Creature — Orc Warrior,{1}{W}: Unyielding Krumar gains first strike until end of turn.,KTK,"""The man whom I call father killed the orc who sired me, offering his world and his blade in return.""",normal,386710,3,3,Common,"Orc,Warrior",Creature
Act of Treason,{2}{R},3,R,Min Yum,95,Sorcery,Gain control of target creature until end of turn. Untap that creature. It gains haste until end of turn. (It can attack and {T} this turn.),"M10,DPA,M11,M12,GTC,M14,DDN,KTK,ORI","""The Sultai take our dead, so we shall take their living!""\n—Taklai, Mardu ragesinger",normal,386470,,,Common,,Sorcery
Ainok Tracker,{5}{R},6,R,Evan Shipard,96,Creature — Hound Scout,First strike\nMorph {4}{R} (You may cast this card face down as a 2/2 creature for {3}. Turn it face up any time for its morph cost.),"KTK,FRF_UGIN",Some ainok of the mountains are accepted among the Temur as trusted hunt-mates.,normal,386472,3,3,Common,"Hound,Scout",Creature
Arc Lightning,{2}{R},3,R,Seb McKinnon,97,Sorcery,"Arc Lightning deals 3 damage divided as you choose among one, two, or three target creatures and/or players.","pARL,USG,BRB,HOP,KTK,FRF_UGIN",Lightning burns its own path.,normal,386478,,,Uncommon,,Sorcery
Arrow Storm,{3}{R}{R},5,R,Steve Prescott,98,Sorcery,"Arrow Storm deals 4 damage to target creature or player.\nRaid — If you attacked with a creature this turn, instead Arrow Storm deals 5 damage to that creature or player and the damage can't be prevented.",KTK,"First the thunder, then the rain.",normal,386481,,,Common,,Sorcery
Ashcloud Phoenix,{2}{R}{R},4,R,Howard Lyon,99,Creature — Phoenix,"Flying\nWhen Ashcloud Phoenix dies, return it to the battlefield face down under your control.\nMorph {4}{R}{R} (You may cast this card face down as a 2/2 creature for {3}. Turn it face up any time for its morph cost.)\nWhen Ashcloud Phoenix is turned face up, it deals 2 damage to each player.",KTK,,normal,386482,4,1,Mythic Rare,Phoenix,Creature
Barrage of Boulders,{2}{R},3,R,Zoltan Boros,100,Sorcery,"Barrage of Boulders deals 1 damage to each creature you don't control.\nFerocious — If you control a creature with power 4 or greater, creatures can't block this turn.",KTK,Crude tactics can be effective nonetheless.,normal,386485,,,Common,,Sorcery
Bloodfire Expert,{2}{R},3,R,Raymond Swanland,101,Creature — Efreet Monk,"Prowess (Whenever you cast a noncreature spell, this creature gets +1/+1 until end of turn.)",KTK,Some efreet abandon their homes in the volcanic Fire Rim to embrace the Jeskai Way and discipline their innate flames.,normal,386492,3,1,Common,"Efreet,Monk",Creature
Bloodfire Mentor,{2}{R},3,"R,U",Chase Stone,102,Creature — Efreet Shaman,"{2}{U}, {T}: Draw a card, then discard a card.",KTK,"The adept underwent months of preparation to withstand pain, until he was finally ready to receive the efreet master's teachings.",normal,386493,0,5,Common,"Efreet,Shaman",Creature
Bring Low,{3}{R},4,R,Slawomir Maniak,103,Instant,"Bring Low deals 3 damage to target creature. If that creature has a +1/+1 counter on it, Bring Low deals 5 damage to it instead.",KTK,"""People are often humbled by the elements. But the elements, too, can be humbled.""\n—Surrak, khan of the Temur",normal,386499,,,Common,,Instant
Burn Away,{4}{R},5,R,Vincent Proce,104,Instant,"Burn Away deals 6 damage to target creature. When that creature dies this turn, exile all cards from its controller's graveyard.",KTK,"""Your corruption will burn, serpent, until there is nothing left to defile.""\n—Asmala, bloodfire mystic",normal,386500,,,Uncommon,,Instant
Canyon Lurkers,{4}{R},5,R,Cynthia Sheppard,105,Creature — Human Rogue,Morph {3}{R} (You may cast this card face down as a 2/2 creature for {3}. Turn it face up any time for its morph cost.),KTK,"The broken Qal Sisma foothills make poor terrain for cavalry, but a perfect setting for ambushes.",normal,386503,5,2,Common,"Human,Rogue",Creature
Crater's Claws,{X}{R},1,R,Noah Bradley,106,Sorcery,Crater's Claws deals X damage to target creature or player.\nFerocious — Crater's Claws deals X plus 2 damage to that creature or player instead if you control a creature with power 4 or greater.,"pPRE,KTK",,normal,386509,,,Rare,,Sorcery
Dragon Grip,{2}{R},3,R,Jason Rainville,107,Enchantment — Aura,"Ferocious — If you control a creature with power 4 or greater, you may cast Dragon Grip as though it had flash. (You may cast it any time you could cast an instant.)\nEnchant creature\nEnchanted creature gets +2/+0 and has first strike.",KTK,,normal,386522,,,Uncommon,Aura,Enchantment
Dragon-Style Twins,{3}{R}{R},5,R,Wesley Burt,108,Creature — Human Monk,"Double strike\nProwess (Whenever you cast a noncreature spell, this creature gets +1/+1 until end of turn.)","pPRE,KTK","""We are the flicker of the flame and its heat, the two sides of a single blade.""",normal,386526,3,3,Rare,"Human,Monk",Creature
Goblinslide,{2}{R},3,R,Kev Walker,109,Enchantment,"Whenever you cast a noncreature spell, you may pay {1}. If you do, put a 1/1 red Goblin creature token with haste onto the battlefield.",KTK,"Goblins, like snowflakes, are only dangerous in numbers.",normal,386547,,,Uncommon,,Enchantment
Horde Ambusher,{1}{R},2,R,Tyler Jacobson,110,Creature — Human Berserker,"Whenever Horde Ambusher blocks, it deals 1 damage to you.\nMorph—Reveal a red card in your hand. (You may cast this card face down as a 2/2 creature for {3}. Turn it face up any time for its morph cost.)\nWhen Horde Ambusher is turned face up, target creature can't block this turn.",KTK,,normal,386559,2,2,Uncommon,"Human,Berserker",Creature
Hordeling Outburst,{1}{R}{R},3,R,Zoltan Boros,111,Sorcery,Put three 1/1 red Goblin creature tokens onto the battlefield.,"pFNM,KTK","""Leave no scraps, lest you attract pests.""\n—Mardu threat",normal,386560,,,Uncommon,,Sorcery
Howl of the Horde,{2}{R},3,R,Slawomir Maniak,112,Sorcery,"When you cast your next instant or sorcery spell this turn, copy that spell. You may choose new targets for the copy.\nRaid — If you attacked with a creature this turn, when you cast your next instant or sorcery spell this turn, copy that spell an additional time. You may choose new targets for the copy.",KTK,,normal,386561,,,Rare,,Sorcery
Jeering Instigator,{1}{R},2,R,Willian Murai,113,Creature — Goblin Rogue,"Morph {2}{R} (You may cast this card face down as a 2/2 creature for {3}. Turn it face up any time for its morph cost.)\nWhen Jeering Instigator is turned face up, if it's your turn, gain control of another target creature until end of turn. Untap that creature. It gains haste until end of turn.","pPRE,KTK,FRF_UGIN",,normal,386570,2,1,Rare,"Goblin,Rogue",Creature
Leaping Master,{1}{R},2,"R,W",Anastasia Ovchinnikova,114,Creature — Human Monk,{2}{W}: Leaping Master gains flying until end of turn.,KTK,"""Strength batters down barriers. Discipline ignores them.""",normal,386586,2,1,Common,"Human,Monk",Creature
Mardu Blazebringer,{2}{R},3,R,Peter Mohrbacher,115,Creature — Ogre Warrior,"When Mardu Blazebringer attacks or blocks, sacrifice it at end of combat.",KTK,"""Make sure he's pointed in the right direction before you light him. And don't let the goblins anywhere near the torch.""\n—Kerai Suddenblade, Mardu hordechief",normal,386592,4,4,Uncommon,"Ogre,Warrior",Creature
Mardu Heart-Piercer,{3}{R},4,R,Karl Kopinski,116,Creature — Human Archer,"Raid — When Mardu Heart-Piercer enters the battlefield, if you attacked with a creature this turn, Mardu Heart-Piercer deals 2 damage to target creature or player.","DDN,KTK","""Those who have never ridden before the wind do not know the true joy of war.""",normal,386595,2,3,Uncommon,"Human,Archer",Creature
Mardu Warshrieker,{3}{R},4,"R,W,B",Yefim Kligerman,117,Creature — Orc Shaman,"Raid — When Mardu Warshrieker enters the battlefield, if you attacked with a creature this turn, add {R}{W}{B} to your mana pool.",KTK,"""No body can contain so much fury. It reminds me of another battle, long past.""\n—Sarkhan Vol",normal,386599,3,3,Common,"Orc,Shaman",Creature
Monastery Swiftspear,{R},1,R,Steve Argyle,118,Creature — Human Monk,"Haste\nProwess (Whenever you cast a noncreature spell, this creature gets +1/+1 until end of turn.)",KTK,The calligraphy of combat is written with strokes of sudden blood.,normal,386608,1,2,Uncommon,"Human,Monk",Creature
"Sarkhan, the Dragonspeaker",{3}{R}{R},5,R,Daarken,119,Planeswalker — Sarkhan,"+1: Until end of turn, Sarkhan, the Dragonspeaker becomes a legendary 4/4 red Dragon creature with flying, indestructible, and haste. (He doesn't lose loyalty while he's not a planeswalker.)\n−3: Sarkhan, the Dragonspeaker deals 4 damage to target creature.\n−6: You get an emblem with ""At the beginning of your draw step, draw two additional cards"" and ""At the beginning of your end step, discard your hand.""",KTK,,normal,386650,,,Mythic Rare,Sarkhan,Planeswalker
Shatter,{1}{R},2,R,Zoltan Boros,120,Instant,Destroy target artifact.,"LEA,LEB,2ED,CED,CEI,3ED,4ED,ICE,5ED,TMP,6ED,7ED,DKM,8ED,MRD,9ED,M10,SOM,KTK,TPR",The ogre's mind snapped. The bow was next. The archer followed quickly after.,normal,386663,,,Common,,Instant
Summit Prowler,{2}{R}{R},4,R,Filip Burburan,121,Creature — Yeti,,"KTK,DTK","""Do you hunt the yetis of the high peaks, stripling? They are as fierce as the bear that fears no foe and as sly as the mink that creeps unseen. You will be as much prey as they.""\n—Nitula, the Hunt Caller",normal,386680,4,3,Common,Yeti,Creature
Swift Kick,{3}{R},4,R,Mathias Kollros,122,Instant,Target creature you control gets +1/+0 until end of turn. It fights target creature you don't control.,KTK,"Shintan sensed the malice in his opponent, but he did not strike until the orc's muscles tensed in preparation to throw the first punch.",normal,386688,,,Common,,Instant
Tormenting Voice,{1}{R},2,R,Volkan Baga,123,Sorcery,"As an additional cost to cast Tormenting Voice, discard a card.\nDraw two cards.","KTK,DTK,SOI","""Unwelcome thoughts crowd my mind. Are they my own madness, or the whispers of another?""\n—Sarkhan Vol",normal,386701,,,Common,,Sorcery
Trumpet Blast,{2}{R},3,R,Steve Prescott,124,Instant,Attacking creatures get +2/+0 until end of turn.,"UDS,M10,M13,CNS,KTK","""Do you hear that, Sarkhan? The glory of the horde! I made a legend from what you abandoned.""\n—Zurgo, khan of the Mardu",normal,386706,,,Common,,Instant
Valley Dasher,{1}{R},2,R,Matt Stewart,125,Creature — Human Berserker,Haste\nValley Dasher attacks each turn if able.,KTK,Mardu riders' greatest fear is that a battle might end before their weapons draw blood.,normal,386712,2,2,Common,"Human,Berserker",Creature
War-Name Aspirant,{1}{R},2,R,David Gaillet,126,Creature — Human Warrior,Raid — War-Name Aspirant enters the battlefield with a +1/+1 counter on it if you attacked with a creature this turn.\nWar-Name Aspirant can't be blocked by creatures with power 1 or less.,KTK,No battle means more to a Mardu warrior than the one that earns her war name.,normal,386717,2,1,Uncommon,"Human,Warrior",Creature
Alpine Grizzly,{2}{G},3,G,John Severin Brassell,127,Creature — Bear,,KTK,"The Temur welcome bears into the clan, fighting alongside them in battle. The relationship dates back to when they labored side by side under Sultai rule.",normal,386474,4,2,Common,Bear,Creature
Archers' Parapet,{1}{G},2,"G,B",Wayne Reynolds,128,Creature — Wall,"Defender\n{1}{B}, {T}: Each opponent loses 1 life.",KTK,"Every shaft is graven with a name from a kin tree, calling upon the spirits of the ancestors to make it fly true.",normal,386479,0,5,Common,Wall,Creature
Awaken the Bear,{2}{G},3,G,Svetlin Velinov,129,Instant,Target creature gets +3/+3 and gains trample until end of turn.,KTK,"When Temur warriors enter the battle trance known as ""awakening the bear,"" they lose all sense of enemy or friend, seeing only threats to the wilderness.",normal,386484,,,Common,,Instant
Become Immense,{5}{G},6,G,Jaime Jones,130,Instant,Delve (Each card you exile from your graveyard while casting this spell pays for {1}.)\nTarget creature gets +6/+6 until end of turn.,KTK,,normal,386487,,,Uncommon,,Instant
Dragonscale Boon,{3}{G},4,G,Mark Winters,131,Instant,Put two +1/+1 counters on target creature and untap it.,"KTK,FRF_UGIN","""When we were lost and weary, the ainok showed us how to survive. They have earned the right to call themselves Abzan, and to wear the Scale.""\n—Anafenza, khan of the Abzan",normal,386525,,,Common,,Instant
Feed the Clan,{1}{G},2,G,Winona Nelson,132,Instant,You gain 5 life.\nFerocious — You gain 10 life instead if you control a creature with power 4 or greater.,KTK,"The Temur believe three things only are needed in life: a hot fire, a full belly, and a strong companion.",normal,386535,,,Common,,Instant
Hardened Scales,{G},1,G,Mark Winters,133,Enchantment,"If one or more +1/+1 counters would be placed on a creature you control, that many plus one +1/+1 counters are placed on it instead.","pPRE,KTK","""Naga shed their scales. We wear ours with pride.""\n—Golran, dragonscale captain",normal,386550,,,Rare,,Enchantment
Heir of the Wilds,{1}{G},2,G,Winona Nelson,134,Creature — Human Warrior,"Deathtouch\nFerocious — Whenever Heir of the Wilds attacks, if you control a creature with power 4 or greater, Heir of the Wilds gets +1/+1 until end of turn.","pMGD,KTK","In the high caves of the Qal Sisma mountains, young hunters quest to hear the echoes of their fierce ancestors.",normal,386552,2,2,Uncommon,"Human,Warrior",Creature
Highland Game,{1}{G},2,G,John Severin Brassell,135,Creature — Elk,"When Highland Game dies, you gain 2 life.",KTK,"""Bring down a stag and fix its horns upon her head. This one hears the whispers.""\n—Chianul, at the weaving of Arel",normal,386555,2,1,Common,Elk,Creature
Hooded Hydra,{X}{G}{G},2,G,Chase Stone,136,Creature — Snake Hydra,"Hooded Hydra enters the battlefield with X +1/+1 counters on it.\nWhen Hooded Hydra dies, put a 1/1 green Snake creature token onto the battlefield for each +1/+1 counter on it.\nMorph {3}{G}{G}\nAs Hooded Hydra is turned face up, put five +1/+1 counters on it.",KTK,,normal,386557,0,0,Mythic Rare,"Snake,Hydra",Creature
Hooting Mandrills,{5}{G},6,G,Mike Bierek,137,Creature — Ape,Delve (Each card you exile from your graveyard while casting this spell pays for {1}.)\nTrample,KTK,Interlopers in Sultai territory usually end up as crocodile chow or baboon bait.,normal,386558,4,4,Common,Ape,Creature
Incremental Growth,{3}{G}{G},5,G,Clint Cearley,138,Sorcery,"Put a +1/+1 counter on target creature, two +1/+1 counters on another target creature, and three +1/+1 counters on a third target creature.","LRW,MMA,KTK,W16",The bonds of family cross the boundaries of race.,normal,386564,,,Uncommon,,Sorcery
Kin-Tree Warden,{G},1,G,Volkan Baga,139,Creature — Human Warrior,{2}: Regenerate Kin-Tree Warden.\nMorph {G} (You may cast this card face down as a 2/2 creature for {3}. Turn it face up any time for its morph cost.),KTK,"""The amber of the tree and the blood of my veins are the same.""",normal,386584,1,1,Common,"Human,Warrior",Creature
Longshot Squad,{3}{G},4,G,Wesley Burt,140,Creature — Hound Archer,"Outlast {1}{G} ({1}{G}, {T}: Put a +1/+1 counter on this creature. Outlast only as a sorcery.)\nEach creature you control with a +1/+1 counter on it has reach. (A creature with reach can block creatures with flying.)",KTK,,normal,386588,3,3,Common,"Hound,Archer",Creature
Meandering Towershell,{3}{G}{G},5,G,YW Tang,141,Creature — Turtle,"Islandwalk (This creature can't be blocked as long as defending player controls an Island.)\nWhenever Meandering Towershell attacks, exile it. Return it to the battlefield under your control tapped and attacking at the beginning of the declare attackers step on your next turn.",KTK,,normal,386602,5,9,Rare,Turtle,Creature
Naturalize,{1}{G},2,G,James Paick,142,Instant,Destroy target artifact or enchantment.,"ONS,8ED,9ED,10E,ALA,M10,ROE,DPA,M11,M12,ISD,M13,GTC,M14,M15,KTK,DTK",The remains of ancient sky tyrants now feed the war-torn land.,normal,386617,,,Common,,Instant
Pine Walker,{3}{G}{G},5,G,Dave Kendall,143,Creature — Elemental,"Morph {4}{G} (You may cast this card face down as a 2/2 creature for {3}. Turn it face up any time for its morph cost.)\nWhenever Pine Walker or another creature you control is turned face up, untap that creature.",KTK,,normal,386622,5,5,Uncommon,Elemental,Creature
Rattleclaw Mystic,{1}{G},2,"G,U,R",Tyler Jacobson,144,Creature — Human Shaman,"{T}: Add {G}, {U}, or {R} to your mana pool.\nMorph {2} (You may cast this card face down as a 2/2 creature for {3}. Turn it face up any time for its morph cost.)\nWhen Rattleclaw Mystic is turned face up, add {G}{U}{R} to your mana pool.","pMEI,pPRE,KTK",,normal,386634,2,1,Rare,"Human,Shaman",Creature
Roar of Challenge,{2}{G},3,G,Viktor Titov,145,Sorcery,All creatures able to block target creature this turn do so.\nFerocious — That creature gains indestructible until end of turn if you control a creature with power 4 or greater.,KTK,,normal,386639,,,Uncommon,,Sorcery
Sagu Archer,{4}{G},5,G,Steven Belledin,146,Creature — Naga Archer,Reach (This creature can block creatures with flying.)\nMorph {4}{G} (You may cast this card face down as a 2/2 creature for {3}. Turn it face up any time for its morph cost.),KTK,His arrows whistle like a serpent's hiss.,normal,386646,2,5,Common,"Naga,Archer",Creature
Savage Punch,{1}{G},2,G,Wesley Burt,147,Sorcery,Target creature you control fights target creature you don't control.\nFerocious — The creature you control gets +2/+2 until end of turn before it fights if you control a creature with power 4 or greater.,KTK,,normal,386652,,,Common,,Sorcery
Scout the Borders,{2}{G},3,G,James Paick,148,Sorcery,Reveal the top five cards of your library. You may put a creature or land card from among them into your hand. Put the rest into your graveyard.,KTK,"""I am in my element: the element of surprise.""\n—Mogai, Sultai scout",normal,386656,,,Common,,Sorcery
See the Unwritten,{4}{G}{G},6,G,Ryan Barger,149,Sorcery,"Reveal the top eight cards of your library. You may put a creature card from among them onto the battlefield. Put the rest into your graveyard.\nFerocious — If you control a creature with power 4 or greater, you may put two creature cards onto the battlefield instead of one.",KTK,,normal,386658,,,Mythic Rare,,Sorcery
Seek the Horizon,{3}{G},4,G,Min Yum,150,Sorcery,"Search your library for up to three basic land cards, reveal them, and put them into your hand. Then shuffle your library.","SOK,RTR,KTK","The Temur call the flickering lights the Path of Whispers, believing that they lead the way to ancestral knowledge.",normal,386659,,,Uncommon,,Sorcery
Smoke Teller,{1}{G},2,"G,U",Min Yum,151,Creature — Human Shaman,{1}{U}: Look at target face-down creature.,KTK,"""See your enemies from a thousand sides. Then you will find a thousand ways to kill them.""",normal,386670,2,2,Common,"Human,Shaman",Creature
Sultai Flayer,{3}{G},4,G,Izzy,152,Creature — Naga Shaman,"Whenever a creature you control with toughness 4 or greater dies, you gain 4 life.",KTK,"""You can have the body, necromancer. I just want the skin.""",normal,386677,3,4,Uncommon,"Naga,Shaman",Creature
Temur Charger,{1}{G},2,G,Mark Zug,153,Creature — Horse,"Morph—Reveal a green card in your hand. (You may cast this card face down as a 2/2 creature for {3}. Turn it face up any time for its morph cost.)\nWhen Temur Charger is turned face up, target creature gains trample until end of turn.",KTK,,normal,386694,3,1,Uncommon,Horse,Creature
Trail of Mystery,{1}{G},2,G,Raymond Swanland,154,Enchantment,"Whenever a face-down creature enters the battlefield under your control, you may search your library for a basic land card, reveal it, put it into your hand, then shuffle your library.\nWhenever a permanent you control is turned face up, if it's a creature, it gets +2/+2 until end of turn.","pPRE,KTK",,normal,386702,,,Rare,,Enchantment
Tusked Colossodon,{4}{G}{G},6,G,Yeong-Hao Han,155,Creature — Beast,,KTK,"A band of Temur hunters, fleeing the Mardu, dug a hideout beneath such a creature as it slept. The horde found them and attacked. For three days the Temur held them at bay, and all the while the great beast slumbered.",normal,386707,6,5,Common,Beast,Creature
Tuskguard Captain,{2}{G},3,G,Aaron Miller,156,Creature — Human Warrior,"Outlast {G} ({G}, {T}: Put a +1/+1 counter on this creature. Outlast only as a sorcery.)\nEach creature you control with a +1/+1 counter on it has trample.",KTK,One quiet word sets off the stampede.,normal,386708,2,3,Uncommon,"Human,Warrior",Creature
Windstorm,{X}{G},1,G,Jonas De Ro,157,Instant,Windstorm deals X damage to each creature with flying.,"M10,DDD,M14,KTK,DD3_GVL","""When the last dragon fell, its spirit escaped as a roar into the wind.""\n—Temur tale",normal,386724,,,Uncommon,,Instant
Woolly Loxodon,{5}{G}{G},7,G,Karla Ortiz,158,Creature — Elephant Warrior,Morph {5}{G} (You may cast this card face down as a 2/2 creature for {3}. Turn it face up any time for its morph cost.),KTK,"Even among the hardiest warriors of the Temur, loxodons are respected for their adaptation to the mountain snows.",normal,386730,6,7,Common,"Elephant,Warrior",Creature
Abomination of Gudul,{3}{B}{G}{U},6,"U,B,G",Erica Yang,159,Creature — Horror,"Flying\nWhenever Abomination of Gudul deals combat damage to a player, you may draw a card. If you do, discard a card.\nMorph {2}{B}{G}{U} (You may cast this card face down as a 2/2 creature for {3}. Turn it face up any time for its morph cost.)",KTK,,normal,386463,3,4,Common,Horror,Creature
Abzan Ascendancy,{W}{B}{G},3,"W,B,G",Mark Winters,160,Enchantment,"When Abzan Ascendancy enters the battlefield, put a +1/+1 counter on each creature you control.\nWhenever a nontoken creature you control dies, put a 1/1 white Spirit creature token with flying onto the battlefield.","pPRE,KTK",,normal,386464,,,Rare,,Enchantment
Abzan Charm,{W}{B}{G},3,"W,B,G",Mathias Kollros,161,Instant,Choose one —\n• Exile target creature with power 3 or greater.\n• You draw two cards and you lose 2 life.\n• Distribute two +1/+1 counters among one or two target creatures.,KTK,,normal,386467,,,Uncommon,,Instant
Abzan Guide,{3}{W}{B}{G},6,"W,B,G",Steve Prescott,162,Creature — Human Warrior,Lifelink (Damage dealt by this creature also causes you to gain that much life.)\nMorph {2}{W}{B}{G} (You may cast this card face down as a 2/2 creature for {3}. Turn it face up any time for its morph cost.),KTK,"""These roads are desolate and changeable. Follow me, or die in the wastes.""",normal,386469,4,4,Common,"Human,Warrior",Creature
"Anafenza, the Foremost",{W}{B}{G},3,"W,B,G",James Ryman,163,Legendary Creature — Human Soldier,"Whenever Anafenza, the Foremost attacks, put a +1/+1 counter on another target tapped creature you control.\nIf a nontoken creature an opponent owns would die or a creature card not on the battlefield would be put into an opponent's graveyard, exile that card instead.","pPRE,KTK","Rarely at rest on the Amber Throne, Anafenza always leads the Abzan Houses to battle.",normal,386476,4,4,Mythic Rare,"Human,Soldier",Creature
Ankle Shanker,{2}{R}{W}{B},5,"W,B,R",Zoltan Boros,164,Creature — Goblin Berserker,"Haste\nWhenever Ankle Shanker attacks, creatures you control gain first strike and deathtouch until end of turn.","pMEI,pPRE,KTK",The stature of the fighter matters less than the depth of the cut.,normal,386477,2,2,Rare,"Goblin,Berserker",Creature
Armament Corps,{2}{W}{B}{G},5,"W,B,G",Steven Belledin,165,Creature — Human Soldier,"When Armament Corps enters the battlefield, distribute two +1/+1 counters among one or two target creatures you control.",KTK,The Abzan avoid extended supply lines by incorporating weapons stores into their battle formations.,normal,386480,4,4,Uncommon,"Human,Soldier",Creature
Avalanche Tusker,{2}{G}{U}{R},5,"U,R,G",Matt Stewart,166,Creature — Elephant Warrior,"Whenever Avalanche Tusker attacks, target creature defending player controls blocks it this combat if able.","pMEI,pPRE,KTK","""Hold the high ground, then bring it to your enemy.""\n—Surrak, khan of the Temur",normal,386483,6,4,Rare,"Elephant,Warrior",Creature
Bear's Companion,{2}{G}{U}{R},5,"U,R,G",Winona Nelson,167,Creature — Human Warrior,"When Bear's Companion enters the battlefield, put a 4/4 green Bear creature token onto the battlefield.",KTK,"""The Sultai came hunting for a bear hide. Now I have a belt of naga skin, and my friend has a full belly.""",normal,386486,2,2,Uncommon,"Human,Warrior",Creature
Butcher of the Horde,{1}{R}{W}{B},4,"W,B,R",Karl Kopinski,168,Creature — Demon,"Flying\nSacrifice another creature: Butcher of the Horde gains your choice of vigilance, lifelink, or haste until end of turn.","pPRE,KTK",,normal,386501,5,4,Rare,Demon,Creature
Chief of the Edge,{W}{B},2,"W,B",David Palumbo,169,Creature — Human Warrior,Other Warrior creatures you control get +1/+0.,KTK,"""We are the swift, the strong, the blade's sharp shriek! Fear nothing, and strike!""",normal,386504,3,2,Uncommon,"Human,Warrior",Creature
Chief of the Scale,{W}{B},2,"W,B",David Palumbo,170,Creature — Human Warrior,Other Warrior creatures you control get +0/+1.,KTK,"""We are the shield unbroken. If we fall today, we will die well, and our trees will bear our names in honor.""",normal,386505,2,3,Uncommon,"Human,Warrior",Creature
Crackling Doom,{R}{W}{B},3,"W,B,R",Yohann Schepacz,171,Instant,Crackling Doom deals 2 damage to each opponent. Each opponent sacrifices a creature with the greatest power among creatures he or she controls.,"pPRE,KTK",Do not fear the lightning. Fear the one it obeys.,normal,386507,,,Rare,,Instant
Death Frenzy,{3}{B}{G},5,"B,G",Steve Prescott,172,Sorcery,"All creatures get -2/-2 until end of turn. Whenever a creature dies this turn, you gain 1 life.",KTK,The crocodiles' putrid jaws swallow everything but the screams.,normal,386513,,,Uncommon,,Sorcery
Deflecting Palm,{R}{W},2,"W,R",Eric Deschamps,173,Instant,"The next time a source of your choice would deal damage to you this turn, prevent that damage. If damage is prevented this way, Deflecting Palm deals that much damage to that source's controller.","pPRE,KTK",,normal,386516,,,Rare,,Instant
Duneblast,{4}{W}{B}{G},7,"W,B,G",Ryan Alexander Lee,174,Sorcery,Choose up to one creature. Destroy the rest.,"pPRE,KTK","The Abzan turn to this spell only as a last resort, for its inevitable result is what they most dread: to be alone.",normal,386527,,,Rare,,Sorcery
Efreet Weaponmaster,{3}{U}{R}{W},6,"W,U,R",Ryan Alexander Lee,175,Creature — Efreet Monk,"First strike\nWhen Efreet Weaponmaster enters the battlefield or is turned face up, another target creature you control gets +3/+0 until end of turn.\nMorph {2}{U}{R}{W} (You may cast this card face down as a 2/2 creature for {3}. Turn it face up any time for its morph cost.)",KTK,,normal,386529,4,3,Common,"Efreet,Monk",Creature
Flying Crane Technique,{3}{U}{R}{W},6,"W,U,R",Jack Wang,176,Instant,Untap all creatures you control. They gain flying and double strike until end of turn.,"pPRE,KTK","There are many Jeskai styles: Riverwalk imitates flowing water, Dragonfist the ancient hellkites, and Flying Crane the wild aven of the high peaks.",normal,386538,,,Rare,,Instant
Highspire Mantis,{2}{R}{W},4,"W,R",Igor Kieryluk,177,Creature — Insect,"Flying, trample",KTK,"Its wings produce a high-pitched, barely audible whirring sound in flight. Only Jeskai masters are quiet enough to hear one coming.",normal,386556,3,3,Uncommon,Insect,Creature
Icefeather Aven,{G}{U},2,"U,G",Slawomir Maniak,178,Creature — Bird Shaman,"Flying\nMorph {1}{G}{U} (You may cast this card face down as a 2/2 creature for {3}. Turn it face up any time for its morph cost.)\nWhen Icefeather Aven is turned face up, you may return another target creature to its owner's hand.",KTK,,normal,386562,2,2,Uncommon,"Bird,Shaman",Creature
Ivorytusk Fortress,{2}{W}{B}{G},5,"W,B,G",Jasper Sandner,179,Creature — Elephant,Untap each creature you control with a +1/+1 counter on it during each other player's untap step.,"pMEI,pPRE,KTK",Abzan soldiers march to war confident that their Houses march with them.,normal,386569,5,7,Rare,Elephant,Creature
Jeskai Ascendancy,{U}{R}{W},3,"W,U,R",Dan Scott,180,Enchantment,"Whenever you cast a noncreature spell, creatures you control get +1/+1 until end of turn. Untap those creatures.\nWhenever you cast a noncreature spell, you may draw a card. If you do, discard a card.","pPRE,KTK",,normal,386571,,,Rare,,Enchantment
Jeskai Charm,{U}{R}{W},3,"W,U,R",Mathias Kollros,181,Instant,Choose one —\n• Put target creature on top of its owner's library.\n• Jeskai Charm deals 4 damage to target opponent.\n• Creatures you control get +1/+1 and gain lifelink until end of turn.,KTK,,normal,386573,,,Uncommon,,Instant
Kheru Lich Lord,{3}{B}{G}{U},6,"U,B,G",Karl Kopinski,182,Creature — Zombie Wizard,"At the beginning of your upkeep, you may pay {2}{B}. If you do, return a creature card at random from your graveyard to the battlefield. It gains flying, trample, and haste. Exile that card at the beginning of your next end step. If it would leave the battlefield, exile it instead of putting it anywhere else.","pPRE,KTK",,normal,386580,4,4,Rare,"Zombie,Wizard",Creature
Kin-Tree Invocation,{B}{G},2,"B,G",Ryan Alexander Lee,183,Sorcery,"Put an X/X black and green Spirit Warrior creature token onto the battlefield, where X is the greatest toughness among creatures you control.",KTK,"The passing years add new rings to the tree's trunk, bolstering the spirits that dwell within.",normal,386583,,,Uncommon,,Sorcery
Mantis Rider,{U}{R}{W},3,"W,U,R",Johann Bodin,184,Creature — Human Monk,"Flying, vigilance, haste",KTK,Mantis riders know their mounts owe them no allegiance. Even a mantis ridden for years would consume a rider who loses focus for only a moment.,normal,386589,3,3,Rare,"Human,Monk",Creature
Mardu Ascendancy,{R}{W}{B},3,"W,B,R",Jason Chan,185,Enchantment,"Whenever a nontoken creature you control attacks, put a 1/1 red Goblin creature token onto the battlefield tapped and attacking.\nSacrifice Mardu Ascendancy: Creatures you control get +0/+3 until end of turn.","pPRE,KTK",,normal,386590,,,Rare,,Enchantment
Mardu Charm,{R}{W}{B},3,"W,B,R",Mathias Kollros,186,Instant,"Choose one —\n• Mardu Charm deals 4 damage to target creature.\n• Put two 1/1 white Warrior creature tokens onto the battlefield. They gain first strike until end of turn.\n• Target opponent reveals his or her hand. You choose a noncreature, nonland card from it. That player discards that card.",KTK,,normal,386593,,,Uncommon,,Instant
Mardu Roughrider,{2}{R}{W}{B},5,"W,B,R",Kev Walker,187,Creature — Orc Warrior,"Whenever Mardu Roughrider attacks, target creature can't block this turn.",KTK,"The most ferocious saddlebrutes lead the assault, ramming through massed pikes and stout barricades as if they were paper and silk.",normal,386597,5,4,Uncommon,"Orc,Warrior",Creature
Master the Way,{3}{U}{R},5,"U,R",Howard Lyon,188,Sorcery,Draw a card. Master the Way deals damage to target creature or player equal to the number of cards in your hand.,KTK,"""The Way has no beginning and no end. It is simply the path.""\n—Narset, khan of the Jeskai",normal,386601,,,Uncommon,,Sorcery
Mindswipe,{X}{U}{R},2,"U,R",Ryan Alexander Lee,189,Instant,Counter target spell unless its controller pays {X}. Mindswipe deals X damage to that spell's controller.,KTK,"""The past and the unwritten are frozen. To understand their meaning requires heat.""\n—Arel the Whisperer",normal,386604,,,Rare,,Instant
"Narset, Enlightened Master",{3}{U}{R}{W},6,"W,U,R",Magali Villeneuve,190,Legendary Creature — Human Monk,"First strike, hexproof\nWhenever Narset, Enlightened Master attacks, exile the top four cards of your library. Until end of turn, you may cast noncreature cards exiled with Narset this turn without paying their mana costs.","pPRE,KTK",,normal,386616,3,2,Mythic Rare,"Human,Monk",Creature
Ponyback Brigade,{3}{R}{W}{B},6,"W,B,R",Mark Zug,191,Creature — Goblin Warrior,"When Ponyback Brigade enters the battlefield or is turned face up, put three 1/1 red Goblin creature tokens onto the battlefield.\nMorph {2}{R}{W}{B} (You may cast this card face down as a 2/2 creature for {3}. Turn it face up any time for its morph cost.)",KTK,,normal,386628,2,2,Common,"Goblin,Warrior",Creature
Rakshasa Deathdealer,{B}{G},2,"B,G",John Severin Brassell,192,Creature — Cat Demon,{B}{G}: Rakshasa Deathdealer gets +2/+2 until end of turn.\n{B}{G}: Regenerate Rakshasa Deathdealer.,KTK,"""Death fills me and makes me strong. You, it will reduce to nothing.""",normal,386631,2,2,Rare,"Cat,Demon",Creature
Rakshasa Vizier,{2}{B}{G}{U},5,"U,B,G",Nils Hamm,193,Creature — Cat Demon,"Whenever one or more cards are put into exile from your graveyard, put that many +1/+1 counters on Rakshasa Vizier.","pMEI,pPRE,KTK",Rakshasa offer deals that sound advantageous to those who forget who they are dealing with.,normal,386632,4,4,Rare,"Cat,Demon",Creature
Ride Down,{R}{W},2,"W,R",Daarken,194,Instant,Destroy target blocking creature. Creatures that were blocked by that creature this combat gain trample until end of turn.,KTK,"""I will wash you from my hooves!""\n—Mardu taunt",normal,386636,,,Uncommon,,Instant
Sage of the Inward Eye,{2}{U}{R}{W},5,"W,U,R",Chase Stone,195,Creature — Djinn Wizard,"Flying\nWhenever you cast a noncreature spell, creatures you control gain lifelink until end of turn.","pMEI,pPRE,KTK","""No one petal claims beauty for the lotus.""",normal,386644,3,4,Rare,"Djinn,Wizard",Creature
Sagu Mauler,{4}{G}{U},6,"U,G",Raymond Swanland,196,Creature — Beast,"Trample, hexproof\nMorph {3}{G}{U} (You may cast this card face down as a 2/2 creature for {3}. Turn it face up any time for its morph cost.)",KTK,The Sagu Jungle's thick undergrowth conceals even the largest predators—if they wish to remain hidden.,normal,386647,6,6,Rare,Beast,Creature
Savage Knuckleblade,{G}{U}{R},3,"U,R,G",Chris Rahn,197,Creature — Ogre Warrior,{2}{G}: Savage Knuckleblade gets +2/+2 until end of turn. Activate this ability only once each turn.\n{2}{U}: Return Savage Knuckleblade to its owner's hand.\n{R}: Savage Knuckleblade gains haste until end of turn.,KTK,,normal,386651,4,4,Rare,"Ogre,Warrior",Creature
Secret Plans,{G}{U},2,"U,G",Daarken,198,Enchantment,"Face-down creatures you control get +0/+1.\nWhenever a permanent you control is turned face up, draw a card.",KTK,"Rakshasa trade in secrets, amassing wealth from their careful revelation.",normal,386657,,,Uncommon,,Enchantment
"Sidisi, Brood Tyrant",{1}{B}{G}{U},4,"U,B,G",Karl Kopinski,199,Legendary Creature — Naga Shaman,"Whenever Sidisi, Brood Tyrant enters the battlefield or attacks, put the top three cards of your library into your graveyard.\nWhenever one or more creature cards are put into your graveyard from your library, put a 2/2 black Zombie creature token onto the battlefield.","pPRE,KTK",,normal,386664,3,3,Mythic Rare,"Naga,Shaman",Creature
Siege Rhino,{1}{W}{B}{G},4,"W,B,G",Volkan Baga,200,Creature — Rhino,"Trample\nWhen Siege Rhino enters the battlefield, each opponent loses 3 life and you gain 3 life.","pPRE,KTK",The mere approach of an Abzan war beast is enough to send enemies fleeing in panic.,normal,386666,4,5,Rare,Rhino,Creature
Snowhorn Rider,{3}{G}{U}{R},6,"U,R,G",Tomasz Jedruszek,201,Creature — Human Warrior,Trample\nMorph {2}{G}{U}{R} (You may cast this card face down as a 2/2 creature for {3}. Turn it face up any time for its morph cost.),KTK,"Sure-footed, strong-willed, and ill-tempered—and so is the ram.",normal,386671,5,5,Common,"Human,Warrior",Creature
"Sorin, Solemn Visitor",{2}{W}{B},4,"W,B",Cynthia Sheppard,202,Planeswalker — Sorin,"+1: Until your next turn, creatures you control get +1/+0 and gain lifelink.\n−2: Put a 2/2 black Vampire creature token with flying onto the battlefield.\n−6: You get an emblem with ""At the beginning of each opponent's upkeep, that player sacrifices a creature.""",KTK,,normal,386672,,,Mythic Rare,Sorin,Planeswalker
Sultai Ascendancy,{B}{G}{U},3,"U,B,G",Karl Kopinski,203,Enchantment,"At the beginning of your upkeep, look at the top two cards of your library. Put any number of them into your graveyard and the rest back on top of your library in any order.","pPRE,CPK,KTK",,normal,386674,,,Rare,,Enchantment
Sultai Charm,{B}{G}{U},3,"U,B,G",Mathias Kollros,204,Instant,"Choose one —\n• Destroy target monocolored creature.\n• Destroy target artifact or enchantment.\n• Draw two cards, then discard a card.","pMEI,KTK","""Strike,"" the fumes hiss. ""Raise an empire with your ambition.""",normal,386676,,,Uncommon,,Instant
Sultai Soothsayer,{2}{B}{G}{U},5,"U,B,G",Cynthia Sheppard,205,Creature — Naga Shaman,"When Sultai Soothsayer enters the battlefield, look at the top four cards of your library. Put one of them into your hand and the rest into your graveyard.",KTK,The naga of the Sultai Brood made deals with dark forces to keep their power.,normal,386679,2,5,Uncommon,"Naga,Shaman",Creature
Surrak Dragonclaw,{2}{G}{U}{R},5,"U,R,G",Jaime Jones,206,Legendary Creature — Human Warrior,Flash\nSurrak Dragonclaw can't be countered.\nCreature spells you control can't be countered.\nOther creatures you control have trample.,"pPRE,KTK",Both his rank and his scars were earned in single combat against a cave bear.,normal,386681,6,6,Mythic Rare,"Human,Warrior",Creature
Temur Ascendancy,{G}{U}{R},3,"U,R,G",Jaime Jones,207,Enchantment,"Creatures you control have haste.\nWhenever a creature with power 4 or greater enters the battlefield under your control, you may draw a card.","pPRE,KTK",,normal,386692,,,Rare,,Enchantment
Temur Charm,{G}{U}{R},3,"U,R,G",Mathias Kollros,208,Instant,Choose one —\n• Target creature you control gets +1/+1 until end of turn. It fights target creature you don't control.\n• Counter target spell unless its controller pays {3}.\n• Creatures with power 3 or less can't block this turn.,KTK,,normal,386695,,,Uncommon,,Instant
Trap Essence,{G}{U}{R},3,"U,R,G",Raymond Swanland,209,Instant,Counter target creature spell. Put two +1/+1 counters on up to one target creature.,"pPRE,KTK","""Meat sustains the body. The spirit requires different sustenance.""\n—Arel the Whisperer",normal,386704,,,Rare,,Instant
Utter End,{2}{W}{B},4,"W,B",Mark Winters,210,Instant,Exile target nonland permanent.,"pPRE,pMGD,KTK","""I came seeking a challenge. All I found was you.""\n—Zurgo, khan of the Mardu",normal,386711,,,Rare,,Instant
Villainous Wealth,{X}{B}{G}{U},3,"U,B,G",Erica Yang,211,Sorcery,Target opponent exiles the top X cards of his or her library. You may cast any number of nonland cards with converted mana cost X or less from among them without paying their mana costs.,"pPRE,KTK",Gold buys death. Death earns gold.,normal,386714,,,Rare,,Sorcery
Warden of the Eye,{2}{U}{R}{W},5,"W,U,R",Howard Lyon,212,Creature — Djinn Wizard,"When Warden of the Eye enters the battlefield, return target noncreature, nonland card from your graveyard to your hand.",KTK,"The wardens guard the sacred documents of Tarkir's history, though they are forbidden to read the words.",normal,386716,3,3,Uncommon,"Djinn,Wizard",Creature
Winterflame,{1}{U}{R},3,"U,R",Richard Wright,213,Instant,Choose one or both —\n• Tap target creature.\n• Winterflame deals 2 damage to target creature.,KTK,"""The mountains scream with the dragons' throats.""\n—Chianul, Who Whispers Twice",normal,386727,,,Uncommon,,Instant
Zurgo Helmsmasher,{2}{R}{W}{B},5,"W,B,R",Aleksi Briclot,214,Legendary Creature — Orc Warrior,"Haste\nZurgo Helmsmasher attacks each combat if able.\nZurgo Helmsmasher has indestructible as long as it's your turn.\nWhenever a creature dealt damage by Zurgo Helmsmasher this turn dies, put a +1/+1 counter on Zurgo Helmsmasher.","pPRE,DDN,KTK",,normal,386731,7,2,Mythic Rare,"Orc,Warrior",Creature
Abzan Banner,{3},3,"W,B,G",Daniel Ljunggren,215,Artifact,"{T}: Add {W}, {B}, or {G} to your mana pool.\n{W}{B}{G}, {T}, Sacrifice Abzan Banner: Draw a card.",KTK,"Stone to endure, roots to remember.",normal,386465,,,Common,,Artifact
Altar of the Brood,{1},1,,Erica Yang,216,Artifact,"Whenever another permanent enters the battlefield under your control, each opponent puts the top card of his or her library into his or her graveyard.","KTK,FRF_UGIN","Supplicants offer flesh and silver, flowers and blood. The altar takes what it will, eyes gleaming with unspoken promises.",normal,386475,,,Rare,,Artifact
Briber's Purse,{X},,,Steve Argyle,217,Artifact,"Briber's Purse enters the battlefield with X gem counters on it.\n{1}, {T}, Remove a gem counter from Briber's Purse: Target creature can't attack or block this turn.","KTK,FRF_UGIN","Victory is certain. The price, negotiable.",normal,386498,,,Uncommon,,Artifact
Cranial Archive,{2},2,,Volkan Baga,218,Artifact,"{2}, Exile Cranial Archive: Target player shuffles his or her graveyard into his or her library. Draw a card.",KTK,The greatest idea the zombie ever had in its head wasn't even its own.,normal,386508,,,Uncommon,,Artifact
Dragon Throne of Tarkir,{4},4,,Daarken,219,Legendary Artifact — Equipment,"Equipped creature has defender and ""{2}, {T}: Other creatures you control gain trample and get +X/+X until end of turn, where X is this creature's power.""\nEquip {3}","pLPA,KTK",What once soared high above Tarkir is now reduced to a seat.,normal,386523,,,Rare,Equipment,Artifact
Ghostfire Blade,{1},1,,Cyril Van Der Haegen,220,Artifact — Equipment,Equipped creature gets +2/+2.\nEquip {3}\nGhostfire Blade's equip ability costs {2} less to activate if it targets a colorless creature.,"KTK,FRF_UGIN","If you fear the dragon's fire, you are unworthy to wield it.",normal,386545,,,Rare,Equipment,Artifact
Heart-Piercer Bow,{2},2,,Franz Vohwinkel,221,Artifact — Equipment,"Whenever equipped creature attacks, Heart-Piercer Bow deals 1 damage to target creature defending player controls.\nEquip {1}",KTK,"Designed by an ancient artificer, the finest Mardu bows are carved from dragon bone and strung with the wind itself.",normal,386551,,,Uncommon,Equipment,Artifact
Jeskai Banner,{3},3,"U,R,W",Daniel Ljunggren,222,Artifact,"{T}: Add {U}, {R}, or {W} to your mana pool.\n{U}{R}{W}, {T}, Sacrifice Jeskai Banner: Draw a card.",KTK,"Discipline to persevere, insight to discover.",normal,386572,,,Common,,Artifact
Lens of Clarity,{1},1,,Raymond Swanland,223,Artifact,You may look at the top card of your library and at face-down creatures you don't control. (You may do this at any time.),KTK,"""Water shifts and confuses, but as ice it holds the stillness of truth.""\n—Arel the Whisperer",normal,386587,,,Common,,Artifact
Mardu Banner,{3},3,"R,W,B",Daniel Ljunggren,224,Artifact,"{T}: Add {R}, {W}, or {B} to your mana pool.\n{R}{W}{B}, {T}, Sacrifice Mardu Banner: Draw a card.",KTK,"Speed to strike, fury to smash.",normal,386591,,,Common,,Artifact
Sultai Banner,{3},3,"B,G,U",Daniel Ljunggren,225,Artifact,"{T}: Add {B}, {G}, or {U} to your mana pool.\n{B}{G}{U}, {T}, Sacrifice Sultai Banner: Draw a card.",KTK,"Power to dominate, cruelty to rule.",normal,386675,,,Common,,Artifact
Temur Banner,{3},3,"G,U,R",Daniel Ljunggren,226,Artifact,"{T}: Add {G}, {U}, or {R} to your mana pool.\n{G}{U}{R}, {T}, Sacrifice Temur Banner: Draw a card.",KTK,"Savagery to survive, courage to triumph.",normal,386693,,,Common,,Artifact
Ugin's Nexus,{5},5,,Sam Burley,227,Legendary Artifact,"If a player would begin an extra turn, that player skips that turn instead.\nIf Ugin's Nexus would be put into a graveyard from the battlefield, instead exile it and take an extra turn after this one.",KTK,All at once Sarkhan's mind fell silent.,normal,386709,,,Mythic Rare,,Artifact
Witness of the Ages,{6},6,,Izzy,228,Artifact Creature — Golem,Morph {5} (You may cast this card face down as a 2/2 creature for {3}. Turn it face up any time for its morph cost.),KTK,"It strode through the clash of dragons, the fall of Ugin, and the rise of the khans.",normal,386728,4,4,Uncommon,Golem,"Artifact,Creature"
Bloodfell Caves,,,"B,R",Adam Paquette,229,Land,"Bloodfell Caves enters the battlefield tapped.\nWhen Bloodfell Caves enters the battlefield, you gain 1 life.\n{T}: Add {B} or {R} to your mana pool.","KTK,FRF,EMA",,normal,386491,,,Common,,Land
Bloodstained Mire,,,,Daarken,230,Land,"{T}, Pay 1 life, Sacrifice Bloodstained Mire: Search your library for a Swamp or Mountain card and put it onto the battlefield. Then shuffle your library.","pJGP,ONS,KTK,EXP","Where dragons once triumphed, their bones now molder.",normal,386495,,,Rare,,Land
Blossoming Sands,,,"G,W",Sam Burley,231,Land,"Blossoming Sands enters the battlefield tapped.\nWhen Blossoming Sands enters the battlefield, you gain 1 life.\n{T}: Add {G} or {W} to your mana pool.","KTK,FRF,EMA",,normal,386496,,,Common,,Land
Dismal Backwater,,,"U,B",Sam Burley,232,Land,"Dismal Backwater enters the battlefield tapped.\nWhen Dismal Backwater enters the battlefield, you gain 1 life.\n{T}: Add {U} or {B} to your mana pool.","KTK,FRF,DDQ,EMA",,normal,386520,,,Common,,Land
Flooded Strand,,,,Andreas Rocha,233,Land,"{T}, Pay 1 life, Sacrifice Flooded Strand: Search your library for a Plains or Island card and put it onto the battlefield. Then shuffle your library.","pJGP,ONS,KTK,EXP","Where dragons once slept, their bones now rest.",normal,386537,,,Rare,,Land
Frontier Bivouac,,,"G,U,R",Titus Lunter,234,Land,"Frontier Bivouac enters the battlefield tapped.\n{T}: Add {G}, {U}, or {R} to your mana pool.",KTK,"""The most powerful dreams visit those who shelter in a dragon's skull.""\n—Chianul, Who Whispers Twice",normal,386544,,,Uncommon,,Land
Jungle Hollow,,,"B,G",Eytan Zana,235,Land,"Jungle Hollow enters the battlefield tapped.\nWhen Jungle Hollow enters the battlefield, you gain 1 life.\n{T}: Add {B} or {G} to your mana pool.","KTK,FRF,C15,EMA",,normal,386577,,,Common,,Land
Mystic Monastery,,,"U,R,W",Florian de Gesincourt,236,Land,"Mystic Monastery enters the battlefield tapped.\n{T}: Add {U}, {R}, or {W} to your mana pool.","DDN,KTK","When asked how many paths reach enlightenment, the monk kicked a heap of sand. ""Count,"" he smiled, ""and then find more grains.""",normal,386614,,,Uncommon,,Land
Nomad Outpost,,,"R,W,B",Noah Bradley,237,Land,"Nomad Outpost enters the battlefield tapped.\n{T}: Add {R}, {W}, or {B} to your mana pool.","DDN,KTK","""Only the weak imprison themselves behind walls. We live free under the wind, and our freedom makes us strong.""\n—Zurgo, khan of the Mardu",normal,386619,,,Uncommon,,Land
Opulent Palace,,,"B,G,U",Adam Paquette,238,Land,"Opulent Palace enters the battlefield tapped.\n{T}: Add {B}, {G}, or {U} to your mana pool.",KTK,The dense jungle surrenders to a lush and lavish expanse. At its center uncoil the spires of Qarsi Palace.,normal,386620,,,Uncommon,,Land
Polluted Delta,,,,Vincent Proce,239,Land,"{T}, Pay 1 life, Sacrifice Polluted Delta: Search your library for an Island or Swamp card and put it onto the battlefield. Then shuffle your library.","pJGP,ONS,KTK,EXP","Where dragons once prevailed, their bones now sink.",normal,386627,,,Rare,,Land
Rugged Highlands,,,"R,G",Eytan Zana,240,Land,"Rugged Highlands enters the battlefield tapped.\nWhen Rugged Highlands enters the battlefield, you gain 1 life.\n{T}: Add {R} or {G} to your mana pool.","KTK,FRF,EMA",,normal,386641,,,Common,,Land
Sandsteppe Citadel,,,"W,B,G",Sam Burley,241,Land,"Sandsteppe Citadel enters the battlefield tapped.\n{T}: Add {W}, {B}, or {G} to your mana pool.",KTK,"That which endures, survives.",normal,386649,,,Uncommon,,Land
Scoured Barrens,,,"W,B",Eytan Zana,242,Land,"Scoured Barrens enters the battlefield tapped.\nWhen Scoured Barrens enters the battlefield, you gain 1 life.\n{T}: Add {W} or {B} to your mana pool.","KTK,FRF,C15,EMA",,normal,386655,,,Common,,Land
Swiftwater Cliffs,,,"U,R",Eytan Zana,243,Land,"Swiftwater Cliffs enters the battlefield tapped.\nWhen Swiftwater Cliffs enters the battlefield, you gain 1 life.\n{T}: Add {U} or {R} to your mana pool.","KTK,FRF,C15,EMA",,normal,386689,,,Common,,Land
Thornwood Falls,,,"G,U",Eytan Zana,244,Land,"Thornwood Falls enters the battlefield tapped.\nWhen Thornwood Falls enters the battlefield, you gain 1 life.\n{T}: Add {G} or {U} to your mana pool.","KTK,FRF,C15,EMA",,normal,386696,,,Common,,Land
Tomb of the Spirit Dragon,,,,Sam Burley,245,Land,"{T}: Add {C} to your mana pool.\n{2}, {T}: You gain 1 life for each colorless creature you control.",KTK,"""The voice calls me here, yet I see only bones. Is this more dragon trickery?""\n—Sarkhan Vol",normal,386700,,,Uncommon,,Land
Tranquil Cove,,,"W,U",John Avon,246,Land,"Tranquil Cove enters the battlefield tapped.\nWhen Tranquil Cove enters the battlefield, you gain 1 life.\n{T}: Add {W} or {U} to your mana pool.","KTK,FRF,DDQ,EMA",,normal,386703,,,Common,,Land
Wind-Scarred Crag,,,"R,W",Eytan Zana,247,Land,"Wind-Scarred Crag enters the battlefield tapped.\nWhen Wind-Scarred Crag enters the battlefield, you gain 1 life.\n{T}: Add {R} or {W} to your mana pool.","KTK,FRF,C15,EMA",,normal,386723,,,Common,,Land
Windswept Heath,,,,Yeong-Hao Han,248,Land,"{T}, Pay 1 life, Sacrifice Windswept Heath: Search your library for a Forest or Plains card and put it onto the battlefield. Then shuffle your library.","pJGP,ONS,KTK,EXP","Where dragons once roared, their bones now keen.",normal,386725,,,Rare,,Land
Wooded Foothills,,,,Jonas De Ro,249,Land,"{T}, Pay 1 life, Sacrifice Wooded Foothills: Search your library for a Mountain or Forest card and put it onto the battlefield. Then shuffle your library.","pJGP,ONS,KTK,EXP","Where dragons' breath once burned, their bones now freeze.",normal,386729,,,Rare,,Land
Plains,,,W,Noah Bradley,250,Basic Land — Plains,,"LEA,LEB,2ED,CED,CEI,3ED,4ED,ICE,RQS,pARL,MIR,ITP,5ED,POR,pPRE,TMP,pJGP,PO2,UGL,pALP,USG,ATH,6ED,PTK,S99,pGRU,MMQ,BRB,pELP,S00,INV,7ED,ODY,ONS,8ED,MRD,CHK,UNH,9ED,RAV,CST,TSP,10E,MED,LRW,SHM,ALA,DDC,M10,HOP,ME3,ZEN,H09,DDE,ROE,ARC,M11,DDF,SOM,MBS,DDG,NPH,CMD,M12,DDH,ISD,DDI,AVR,PC2,M13,RTR,DDK,M14,DDL,THS,C13,MD1,M15,DDN,KTK,C14,DD3_DVD,FRF,DDO,DTK,TPR,ORI,DDP,BFZ,C15,DDQ,SOI",,normal,386624,,,Basic Land,Plains,Land
Plains,,,W,Sam Burley,251,Basic Land — Plains,,"LEA,LEB,2ED,CED,CEI,3ED,4ED,ICE,RQS,pARL,MIR,ITP,5ED,POR,pPRE,TMP,pJGP,PO2,UGL,pALP,USG,ATH,6ED,PTK,S99,pGRU,MMQ,BRB,pELP,S00,INV,7ED,ODY,ONS,8ED,MRD,CHK,UNH,9ED,RAV,CST,TSP,10E,MED,LRW,SHM,ALA,DDC,M10,HOP,ME3,ZEN,H09,DDE,ROE,ARC,M11,DDF,SOM,MBS,DDG,NPH,CMD,M12,DDH,ISD,DDI,AVR,PC2,M13,RTR,DDK,M14,DDL,THS,C13,MD1,M15,DDN,KTK,C14,DD3_DVD,FRF,DDO,DTK,TPR,ORI,DDP,BFZ,C15,DDQ,SOI",,normal,386625,,,Basic Land,Plains,Land
Plains,,,W,Sam Burley,252,Basic Land — Plains,,"LEA,LEB,2ED,CED,CEI,3ED,4ED,ICE,RQS,pARL,MIR,ITP,5ED,POR,pPRE,TMP,pJGP,PO2,UGL,pALP,USG,ATH,6ED,PTK,S99,pGRU,MMQ,BRB,pELP,S00,INV,7ED,ODY,ONS,8ED,MRD,CHK,UNH,9ED,RAV,CST,TSP,10E,MED,LRW,SHM,ALA,DDC,M10,HOP,ME3,ZEN,H09,DDE,ROE,ARC,M11,DDF,SOM,MBS,DDG,NPH,CMD,M12,DDH,ISD,DDI,AVR,PC2,M13,RTR,DDK,M14,DDL,THS,C13,MD1,M15,DDN,KTK,C14,DD3_DVD,FRF,DDO,DTK,TPR,ORI,DDP,BFZ,C15,DDQ,SOI",,normal,386623,,,Basic Land,Plains,Land
Plains,,,W,Florian de Gesincourt,253,Basic Land — Plains,,"LEA,LEB,2ED,CED,CEI,3ED,4ED,ICE,RQS,pARL,MIR,ITP,5ED,POR,pPRE,TMP,pJGP,PO2,UGL,pALP,USG,ATH,6ED,PTK,S99,pGRU,MMQ,BRB,pELP,S00,INV,7ED,ODY,ONS,8ED,MRD,CHK,UNH,9ED,RAV,CST,TSP,10E,MED,LRW,SHM,ALA,DDC,M10,HOP,ME3,ZEN,H09,DDE,ROE,ARC,M11,DDF,SOM,MBS,DDG,NPH,CMD,M12,DDH,ISD,DDI,AVR,PC2,M13,RTR,DDK,M14,DDL,THS,C13,MD1,M15,DDN,KTK,C14,DD3_DVD,FRF,DDO,DTK,TPR,ORI,DDP,BFZ,C15,DDQ,SOI",,normal,386626,,,Basic Land,Plains,Land
Island,,,U,Florian de Gesincourt,254,Basic Land — Island,,"LEA,LEB,2ED,CED,CEI,3ED,4ED,ICE,RQS,pARL,MIR,ITP,5ED,POR,TMP,pJGP,PO2,UGL,pALP,USG,6ED,PTK,S99,pGRU,MMQ,BRB,pELP,S00,BTD,INV,7ED,ODY,ONS,8ED,MRD,CHK,UNH,9ED,RAV,CST,TSP,10E,MED,LRW,SHM,ALA,DD2,M10,HOP,ME3,ZEN,H09,DDE,ROE,DPA,ARC,M11,DDF,SOM,MBS,NPH,CMD,M12,DDH,ISD,DDI,AVR,PC2,M13,DDJ,RTR,M14,THS,C13,DDM,M15,DDN,KTK,C14,DD3_JVC,FRF,DDO,DTK,TPR,ORI,BFZ,C15,DDQ,SOI",,normal,386565,,,Basic Land,Island,Land
Island,,,U,Florian de Gesincourt,255,Basic Land — Island,,"LEA,LEB,2ED,CED,CEI,3ED,4ED,ICE,RQS,pARL,MIR,ITP,5ED,POR,TMP,pJGP,PO2,UGL,pALP,USG,6ED,PTK,S99,pGRU,MMQ,BRB,pELP,S00,BTD,INV,7ED,ODY,ONS,8ED,MRD,CHK,UNH,9ED,RAV,CST,TSP,10E,MED,LRW,SHM,ALA,DD2,M10,HOP,ME3,ZEN,H09,DDE,ROE,DPA,ARC,M11,DDF,SOM,MBS,NPH,CMD,M12,DDH,ISD,DDI,AVR,PC2,M13,DDJ,RTR,M14,THS,C13,DDM,M15,DDN,KTK,C14,DD3_JVC,FRF,DDO,DTK,TPR,ORI,BFZ,C15,DDQ,SOI",,normal,386566,,,Basic Land,Island,Land
Island,,,U,Titus Lunter,256,Basic Land — Island,,"LEA,LEB,2ED,CED,CEI,3ED,4ED,ICE,RQS,pARL,MIR,ITP,5ED,POR,TMP,pJGP,PO2,UGL,pALP,USG,6ED,PTK,S99,pGRU,MMQ,BRB,pELP,S00,BTD,INV,7ED,ODY,ONS,8ED,MRD,CHK,UNH,9ED,RAV,CST,TSP,10E,MED,LRW,SHM,ALA,DD2,M10,HOP,ME3,ZEN,H09,DDE,ROE,DPA,ARC,M11,DDF,SOM,MBS,NPH,CMD,M12,DDH,ISD,DDI,AVR,PC2,M13,DDJ,RTR,M14,THS,C13,DDM,M15,DDN,KTK,C14,DD3_JVC,FRF,DDO,DTK,TPR,ORI,BFZ,C15,DDQ,SOI",,normal,386567,,,Basic Land,Island,Land
Island,,,U,Adam Paquette,257,Basic Land — Island,,"LEA,LEB,2ED,CED,CEI,3ED,4ED,ICE,RQS,pARL,MIR,ITP,5ED,POR,TMP,pJGP,PO2,UGL,pALP,USG,6ED,PTK,S99,pGRU,MMQ,BRB,pELP,S00,BTD,INV,7ED,ODY,ONS,8ED,MRD,CHK,UNH,9ED,RAV,CST,TSP,10E,MED,LRW,SHM,ALA,DD2,M10,HOP,ME3,ZEN,H09,DDE,ROE,DPA,ARC,M11,DDF,SOM,MBS,NPH,CMD,M12,DDH,ISD,DDI,AVR,PC2,M13,DDJ,RTR,M14,THS,C13,DDM,M15,DDN,KTK,C14,DD3_JVC,FRF,DDO,DTK,TPR,ORI,BFZ,C15,DDQ,SOI",,normal,386568,,,Basic Land,Island,Land
Swamp,,,B,Noah Bradley,258,Basic Land — Swamp,,"LEA,LEB,2ED,CED,CEI,3ED,4ED,ICE,RQS,pARL,MIR,ITP,5ED,POR,TMP,pJGP,PO2,UGL,pALP,USG,ATH,6ED,PTK,S99,pGRU,MMQ,BRB,pELP,S00,BTD,INV,7ED,ODY,DKM,ONS,8ED,MRD,CHK,UNH,9ED,RAV,CST,TSP,10E,MED,LRW,SHM,ALA,DDC,M10,HOP,ME3,ZEN,DDD,H09,DDE,ROE,DPA,ARC,M11,SOM,MBS,NPH,CMD,M12,DDH,ISD,PD3,AVR,PC2,M13,DDJ,RTR,DDK,M14,THS,C13,DDM,MD1,M15,DDN,KTK,C14,DD3_DVD,DD3_GVL,FRF,DTK,TPR,ORI,DDP,BFZ,C15,DDQ,SOI",,normal,386685,,,Basic Land,Swamp,Land
Swamp,,,B,Sam Burley,259,Basic Land — Swamp,,"LEA,LEB,2ED,CED,CEI,3ED,4ED,ICE,RQS,pARL,MIR,ITP,5ED,POR,TMP,pJGP,PO2,UGL,pALP,USG,ATH,6ED,PTK,S99,pGRU,MMQ,BRB,pELP,S00,BTD,INV,7ED,ODY,DKM,ONS,8ED,MRD,CHK,UNH,9ED,RAV,CST,TSP,10E,MED,LRW,SHM,ALA,DDC,M10,HOP,ME3,ZEN,DDD,H09,DDE,ROE,DPA,ARC,M11,SOM,MBS,NPH,CMD,M12,DDH,ISD,PD3,AVR,PC2,M13,DDJ,RTR,DDK,M14,THS,C13,DDM,MD1,M15,DDN,KTK,C14,DD3_DVD,DD3_GVL,FRF,DTK,TPR,ORI,DDP,BFZ,C15,DDQ,SOI",,normal,386686,,,Basic Land,Swamp,Land
Swamp,,,B,Adam Paquette,260,Basic Land — Swamp,,"LEA,LEB,2ED,CED,CEI,3ED,4ED,ICE,RQS,pARL,MIR,ITP,5ED,POR,TMP,pJGP,PO2,UGL,pALP,USG,ATH,6ED,PTK,S99,pGRU,MMQ,BRB,pELP,S00,BTD,INV,7ED,ODY,DKM,ONS,8ED,MRD,CHK,UNH,9ED,RAV,CST,TSP,10E,MED,LRW,SHM,ALA,DDC,M10,HOP,ME3,ZEN,DDD,H09,DDE,ROE,DPA,ARC,M11,SOM,MBS,NPH,CMD,M12,DDH,ISD,PD3,AVR,PC2,M13,DDJ,RTR,DDK,M14,THS,C13,DDM,MD1,M15,DDN,KTK,C14,DD3_DVD,DD3_GVL,FRF,DTK,TPR,ORI,DDP,BFZ,C15,DDQ,SOI",,normal,386683,,,Basic Land,Swamp,Land
Swamp,,,B,Adam Paquette,261,Basic Land — Swamp,,"LEA,LEB,2ED,CED,CEI,3ED,4ED,ICE,RQS,pARL,MIR,ITP,5ED,POR,TMP,pJGP,PO2,UGL,pALP,USG,ATH,6ED,PTK,S99,pGRU,MMQ,BRB,pELP,S00,BTD,INV,7ED,ODY,DKM,ONS,8ED,MRD,CHK,UNH,9ED,RAV,CST,TSP,10E,MED,LRW,SHM,ALA,DDC,M10,HOP,ME3,ZEN,DDD,H09,DDE,ROE,DPA,ARC,M11,SOM,MBS,NPH,CMD,M12,DDH,ISD,PD3,AVR,PC2,M13,DDJ,RTR,DDK,M14,THS,C13,DDM,MD1,M15,DDN,KTK,C14,DD3_DVD,DD3_GVL,FRF,DTK,TPR,ORI,DDP,BFZ,C15,DDQ,SOI",,normal,386684,,,Basic Land,Swamp,Land
Mountain,,,R,Noah Bradley,262,Basic Land — Mountain,,"LEA,LEB,2ED,ARN,CED,CEI,3ED,4ED,ICE,RQS,pARL,MIR,ITP,5ED,POR,TMP,pJGP,PO2,UGL,pALP,USG,ATH,6ED,PTK,S99,pGRU,MMQ,BRB,pELP,S00,BTD,INV,7ED,ODY,DKM,ONS,8ED,MRD,CHK,UNH,9ED,RAV,CST,TSP,10E,MED,LRW,EVG,SHM,ALA,DD2,M10,HOP,ME3,ZEN,H09,DDE,ROE,DPA,ARC,M11,SOM,PD2,MBS,DDG,NPH,CMD,M12,DDH,ISD,DDI,AVR,PC2,M13,DDJ,RTR,DDK,M14,DDL,THS,C13,M15,DDN,KTK,C14,DD3_EVG,DD3_JVC,FRF,DTK,TPR,ORI,DDP,BFZ,C15,SOI",,normal,386612,,,Basic Land,Mountain,Land
Mountain,,,R,Noah Bradley,263,Basic Land — Mountain,,"LEA,LEB,2ED,ARN,CED,CEI,3ED,4ED,ICE,RQS,pARL,MIR,ITP,5ED,POR,TMP,pJGP,PO2,UGL,pALP,USG,ATH,6ED,PTK,S99,pGRU,MMQ,BRB,pELP,S00,BTD,INV,7ED,ODY,DKM,ONS,8ED,MRD,CHK,UNH,9ED,RAV,CST,TSP,10E,MED,LRW,EVG,SHM,ALA,DD2,M10,HOP,ME3,ZEN,H09,DDE,ROE,DPA,ARC,M11,SOM,PD2,MBS,DDG,NPH,CMD,M12,DDH,ISD,DDI,AVR,PC2,M13,DDJ,RTR,DDK,M14,DDL,THS,C13,M15,DDN,KTK,C14,DD3_EVG,DD3_JVC,FRF,DTK,TPR,ORI,DDP,BFZ,C15,SOI",,normal,386611,,,Basic Land,Mountain,Land
Mountain,,,R,Florian de Gesincourt,264,Basic Land — Mountain,,"LEA,LEB,2ED,ARN,CED,CEI,3ED,4ED,ICE,RQS,pARL,MIR,ITP,5ED,POR,TMP,pJGP,PO2,UGL,pALP,USG,ATH,6ED,PTK,S99,pGRU,MMQ,BRB,pELP,S00,BTD,INV,7ED,ODY,DKM,ONS,8ED,MRD,CHK,UNH,9ED,RAV,CST,TSP,10E,MED,LRW,EVG,SHM,ALA,DD2,M10,HOP,ME3,ZEN,H09,DDE,ROE,DPA,ARC,M11,SOM,PD2,MBS,DDG,NPH,CMD,M12,DDH,ISD,DDI,AVR,PC2,M13,DDJ,RTR,DDK,M14,DDL,THS,C13,M15,DDN,KTK,C14,DD3_EVG,DD3_JVC,FRF,DTK,TPR,ORI,DDP,BFZ,C15,SOI",,normal,386609,,,Basic Land,Mountain,Land
Mountain,,,R,Titus Lunter,265,Basic Land — Mountain,,"LEA,LEB,2ED,ARN,CED,CEI,3ED,4ED,ICE,RQS,pARL,MIR,ITP,5ED,POR,TMP,pJGP,PO2,UGL,pALP,USG,ATH,6ED,PTK,S99,pGRU,MMQ,BRB,pELP,S00,BTD,INV,7ED,ODY,DKM,ONS,8ED,MRD,CHK,UNH,9ED,RAV,CST,TSP,10E,MED,LRW,EVG,SHM,ALA,DD2,M10,HOP,ME3,ZEN,H09,DDE,ROE,DPA,ARC,M11,SOM,PD2,MBS,DDG,NPH,CMD,M12,DDH,ISD,DDI,AVR,PC2,M13,DDJ,RTR,DDK,M14,DDL,THS,C13,M15,DDN,KTK,C14,DD3_EVG,DD3_JVC,FRF,DTK,TPR,ORI,DDP,BFZ,C15,SOI",,normal,386610,,,Basic Land,Mountain,Land
Forest,,,G,Sam Burley,266,Basic Land — Forest,,"LEA,LEB,2ED,CED,CEI,3ED,4ED,ICE,RQS,pARL,MIR,ITP,5ED,POR,TMP,pJGP,PO2,UGL,pALP,USG,ATH,6ED,PTK,S99,pGRU,MMQ,BRB,pELP,S00,BTD,INV,7ED,ODY,DKM,ONS,8ED,MRD,CHK,UNH,9ED,RAV,CST,TSP,10E,MED,LRW,EVG,SHM,ALA,M10,HOP,ME3,ZEN,DDD,H09,DDE,ROE,DPA,ARC,M11,SOM,MBS,DDG,NPH,CMD,M12,DDH,ISD,AVR,PC2,M13,DDJ,RTR,M14,DDL,THS,C13,DDM,M15,KTK,C14,DD3_EVG,DD3_GVL,FRF,DDO,DTK,TPR,ORI,DDP,BFZ,C15,SOI",,normal,386542,,,Basic Land,Forest,Land
Forest,,,G,Titus Lunter,267,Basic Land — Forest,,"LEA,LEB,2ED,CED,CEI,3ED,4ED,ICE,RQS,pARL,MIR,ITP,5ED,POR,TMP,pJGP,PO2,UGL,pALP,USG,ATH,6ED,PTK,S99,pGRU,MMQ,BRB,pELP,S00,BTD,INV,7ED,ODY,DKM,ONS,8ED,MRD,CHK,UNH,9ED,RAV,CST,TSP,10E,MED,LRW,EVG,SHM,ALA,M10,HOP,ME3,ZEN,DDD,H09,DDE,ROE,DPA,ARC,M11,SOM,MBS,DDG,NPH,CMD,M12,DDH,ISD,AVR,PC2,M13,DDJ,RTR,M14,DDL,THS,C13,DDM,M15,KTK,C14,DD3_EVG,DD3_GVL,FRF,DDO,DTK,TPR,ORI,DDP,BFZ,C15,SOI",,normal,386540,,,Basic Land,Forest,Land
Forest,,,G,Titus Lunter,268,Basic Land — Forest,,"LEA,LEB,2ED,CED,CEI,3ED,4ED,ICE,RQS,pARL,MIR,ITP,5ED,POR,TMP,pJGP,PO2,UGL,pALP,USG,ATH,6ED,PTK,S99,pGRU,MMQ,BRB,pELP,S00,BTD,INV,7ED,ODY,DKM,ONS,8ED,MRD,CHK,UNH,9ED,RAV,CST,TSP,10E,MED,LRW,EVG,SHM,ALA,M10,HOP,ME3,ZEN,DDD,H09,DDE,ROE,DPA,ARC,M11,SOM,MBS,DDG,NPH,CMD,M12,DDH,ISD,AVR,PC2,M13,DDJ,RTR,M14,DDL,THS,C13,DDM,M15,KTK,C14,DD3_EVG,DD3_GVL,FRF,DDO,DTK,TPR,ORI,DDP,BFZ,C15,SOI",,normal,386541,,,Basic Land,Forest,Land
Forest,,,G,Adam Paquette,269,Basic Land — Forest,,"LEA,LEB,2ED,CED,CEI,3ED,4ED,ICE,RQS,pARL,MIR,ITP,5ED,POR,TMP,pJGP,PO2,UGL,pALP,USG,ATH,6ED,PTK,S99,pGRU,MMQ,BRB,pELP,S00,BTD,INV,7ED,ODY,DKM,ONS,8ED,MRD,CHK,UNH,9ED,RAV,CST,TSP,10E,MED,LRW,EVG,SHM,ALA,M10,HOP,ME3,ZEN,DDD,H09,DDE,ROE,DPA,ARC,M11,SOM,MBS,DDG,NPH,CMD,M12,DDH,ISD,AVR,PC2,M13,DDJ,RTR,M14,DDL,THS,C13,DDM,M15,KTK,C14,DD3_EVG,DD3_GVL,FRF,DDO,DTK,TPR,ORI,DDP,BFZ,C15,SOI",,normal,386543,,,Basic Land,Forest,Land
