name,manaCost,cmc,colorIdentity,artist,number,type,text,printings,flavor,layout,multiverseid,power,toughness,rarity,subtypes,types
Abomination,{3}{B}{B},5,B,Mark Tedin,,Creature — Horror,"Whenever Abomination blocks or becomes blocked by a green or white creature, destroy that creature at end of combat.","LEG,4ED",,normal,1427,2,6,Uncommon,Horror,Creature
Acid Rain,{3}{U},4,U,NéNé Thomas,,Sorcery,Destroy all Forests.,"LEG,ME4",,normal,1470,,,Rare,,Sorcery
Active Volcano,{R},1,R,Justin Hampton,,Instant,Choose one —\n• Destroy target blue permanent.\n• Return target Island to its owner's hand.,"LEG,CHR,ME3",,normal,1556,,,Common,,Instant
Adun Oakenshield,{B}{R}{G},3,"B,R,G",Jeff A. Menges,,Legendary Creature — Human Knight,"{B}{R}{G}, {T}: Return target creature card from your graveyard to your hand.","LEG,MED",""". . . And at his passing, the bodies of the world's great warriors shall rise from their graves and follow him to battle."" —The Anvilonian Grimoire",normal,1642,1,2,Rare,"Human,Knight",Creature
Adventurers' Guildhouse,,,,Tom Wänerstrand,,Land,"Green legendary creatures you control have ""bands with other legendary creatures."" (Any legendary creatures can attack in a band as long as at least one has ""bands with other legendary creatures."" Bands are blocked as a group. If at least two legendary creatures you control, one of which has ""bands with other legendary creatures,"" are blocking or being blocked by the same creature, you divide that creature's combat damage, not its controller, among any of the creatures it's being blocked by or is blocking.)",LEG,,normal,1698,,,Uncommon,,Land
Ærathi Berserker,{2}{R}{R}{R},5,R,Melissa A. Benson,,Creature — Human Berserker,"Rampage 3 (Whenever this creature becomes blocked, it gets +3/+3 until end of turn for each creature blocking it beyond the first.)",LEG,Ærathi children who show promise are left to survive for a year in the wilderness. Those who return are shown the way of the Berserker.,normal,1557,2,4,Uncommon,"Human,Berserker",Creature
Aisling Leprechaun,{G},1,G,Quinton Hoover,,Creature — Faerie,"Whenever Aisling Leprechaun blocks or becomes blocked by a creature, that creature becomes green. (This effect lasts indefinitely.)",LEG,,normal,1513,1,1,Common,Faerie,Creature
Akron Legionnaire,{6}{W}{W},8,W,Mark Poole,,Creature — Giant Soldier,"Except for creatures named Akron Legionnaire and artifact creatures, creatures you control can't attack.","LEG,CHR,5ED,ME3",,normal,1599,8,4,Rare,"Giant,Soldier",Creature
Al-abara's Carpet,{5},5,,Kaja Foglio,,Artifact,"{5}, {T}: Prevent all damage that would be dealt to you this turn by attacking creatures without flying.","LEG,ME4","Al-abara simply laughed and lifted one finger, and the carpet carried her high out of our reach.",normal,1398,,,Rare,,Artifact
Alabaster Potion,{X}{W}{W},2,W,Harold McNeill,,Instant,Choose one —\n• Target player gains X life.\n• Prevent the next X damage that would be dealt to target creature or player this turn.,"LEG,4ED,RQS,ITP,5ED,ME3","""Healing is a matter of time, but it is sometimes also a matter of opportunity."" —D'Avenant proverb",normal,1600,,,Common,,Instant
Alchor's Tomb,{4},4,,Jesper Myrfors,,Artifact,"{2}, {T}: Target permanent you control becomes the color of your choice. (This effect lasts indefinitely.)","LEG,ME4",,normal,1399,,,Rare,,Artifact
All Hallow's Eve,{2}{B}{B},4,B,Christopher Rush,,Sorcery,"Exile All Hallow's Eve with two scream counters on it.\nAt the beginning of your upkeep, if All Hallow's Eve is exiled with a scream counter on it, remove a scream counter from it. If there are no more scream counters on it, put it into your graveyard and each player returns all creature cards from his or her graveyard to the battlefield.","LEG,ME3",,normal,1428,,,Rare,,Sorcery
Amrou Kithkin,{W}{W},2,W,Quinton Hoover,,Creature — Kithkin,Amrou Kithkin can't be blocked by creatures with power 3 or greater.,"LEG,4ED,ME3","Quick and agile, Amrou Kithkin can usually escape from even the most fearsome opponents.",normal,1601,1,1,Common,Kithkin,Creature
Angelic Voices,{2}{W}{W},4,W,Julie Baroh,,Enchantment,"Creatures you control get +1/+1 as long as you control no nonartifact, nonwhite creatures.","LEG,CHR,ME4",,normal,1602,,,Rare,,Enchantment
Angus Mackenzie,{G}{W}{U},3,"W,U,G",Bryon Wackwitz,,Legendary Creature — Human Cleric,"{G}{W}{U}, {T}: Prevent all combat damage that would be dealt this turn. Activate this ability only before the combat damage step.","LEG,ME3","""Battles no longer served a purpose in Karakas."" —Angus Mackenzie, Diary",normal,1643,2,2,Rare,"Human,Cleric",Creature
Anti-Magic Aura,{2}{U},3,U,Douglas Shuler,,Enchantment — Aura,Enchant creature\nEnchanted creature can't be the target of spells and can't be enchanted by other Auras.,"LEG,5ED",,normal,1471,,,Common,Aura,Enchantment
Arboria,{2}{G}{G},4,G,Daniel Gelon,,World Enchantment,Creatures can't attack a player unless that player cast a spell or put a nontoken permanent onto the battlefield during his or her last turn.,"LEG,ME3",,normal,1514,,,Uncommon,,Enchantment
Arcades Sabboth,{2}{G}{G}{W}{W}{U}{U},8,"W,U,G","Edward P. Beard, Jr.",,Legendary Creature — Elder Dragon,"Flying\nAt the beginning of your upkeep, sacrifice Arcades Sabboth unless you pay {G}{W}{U}.\nEach untapped creature you control gets +0/+2 as long as it's not attacking.\n{W}: Arcades Sabboth gets +0/+1 until end of turn.","LEG,CHR,ME3",,normal,1644,7,7,Rare,"Elder,Dragon",Creature
Arena of the Ancients,{3},3,,Tom Wänerstrand,,Artifact,"Legendary creatures don't untap during their controllers' untap steps.\nWhen Arena of the Ancients enters the battlefield, tap all legendary creatures.","LEG,CHR,ME3",,normal,1400,,,Rare,,Artifact
Avoid Fate,{G},1,G,Phil Foglio,,Instant,Counter target instant or Aura spell that targets a permanent you control.,"LEG,TSB",,normal,1515,,,Common,,Instant
Axelrod Gunnarson,{4}{B}{B}{R}{R},8,"B,R",Scott Kirschner,,Legendary Creature — Giant,"Trample\nWhenever a creature dealt damage by Axelrod Gunnarson this turn dies, you gain 1 life and Axelrod deals 1 damage to target player.","LEG,CHR,ME3",,normal,1645,5,5,Rare,Giant,Creature
Ayesha Tanaka,{W}{W}{U}{U},4,"W,U",Bryon Wackwitz,,Legendary Creature — Human Artificer,"Banding (Any creatures with banding, and up to one without, can attack in a band. Bands are blocked as a group. If any creatures with banding you control are blocking or being blocked by a creature, you divide that creature's combat damage, not its controller, among any of the creatures it's being blocked by or is blocking.)\n{T}: Counter target activated ability from an artifact source unless that ability's controller pays {W}. (Mana abilities can't be targeted.)","LEG,CHR",,normal,1646,2,2,Rare,"Human,Artificer",Creature
Azure Drake,{3}{U},4,U,Dan Frazier,,Creature — Drake,Flying,"LEG,CHR,5ED,BRB,9ED,M11",The Azure Drake would be more powerful were it not so easily distracted.,normal,1472,2,4,Uncommon,Drake,Creature
Backdraft,{1}{R},2,R,Brian Snõddy,,Instant,"Choose a player who cast one or more sorcery spells this turn. Backdraft deals damage to that player equal to half the damage dealt by one of those sorcery spells this turn, rounded down.",LEG,,normal,1558,,,Uncommon,,Instant
Backfire,{U},1,U,Brian Snõddy,,Enchantment — Aura,"Enchant creature\nWhenever enchanted creature deals damage to you, Backfire deals that much damage to that creature's controller.","LEG,4ED",,normal,1473,,,Uncommon,Aura,Enchantment
Barbary Apes,{1}{G},2,G,Bryon Wackwitz,,Creature — Ape,,LEG,"Unpredictable in the extreme, these carnivorous apes will prey even upon their own kind.",normal,1516,2,2,Common,Ape,Creature
Barktooth Warbeard,{4}{B}{R}{R},7,"B,R",Andi Rusu,,Legendary Creature — Human Warrior,,"LEG,ME3","He is devious and cunning, in both appearance and deed. Beware the Warbeard, for this brute bites as well as he barks!",normal,1647,6,5,Uncommon,"Human,Warrior",Creature
Bartel Runeaxe,{3}{B}{R}{G},6,"B,R,G",Andi Rusu,,Legendary Creature — Giant Warrior,Vigilance\nBartel Runeaxe can't be the target of Aura spells.,"LEG,ME3","Thundering down from Hammerheim, no foe could slow Bartel's charge.",normal,1648,6,5,Rare,"Giant,Warrior",Creature
Beasts of Bogardan,{4}{R},5,R,Daniel Gelon,,Creature — Beast,Protection from red\nBeasts of Bogardan gets +1/+1 as long as an opponent controls a nontoken white permanent.,"LEG,CHR",Bogardan is a land as volatile as the creatures who live there.,normal,1559,3,3,Uncommon,Beast,Creature
Black Mana Battery,{4},4,B,Anson Maddocks,,Artifact,"{2}, {T}: Put a charge counter on Black Mana Battery.\n{T}, Remove any number of charge counters from Black Mana Battery: Add {B} to your mana pool, then add an additional {B} to your mana pool for each charge counter removed this way.","LEG,4ED",,normal,1401,,,Uncommon,,Artifact
Blazing Effigy,{1}{R},2,R,Susan Van Camp,,Creature — Elemental,"When Blazing Effigy dies, it deals X damage to target creature, where X is 3 plus the amount of damage dealt to Blazing Effigy this turn by other sources named Blazing Effigy.",LEG,,normal,1560,0,3,Common,Elemental,Creature
Blight,{B}{B},2,B,Pete Venters,,Enchantment — Aura,"Enchant land\nWhen enchanted land becomes tapped, destroy it.","LEG,4ED,5ED,6ED,MED",,normal,1429,,,Uncommon,Aura,Enchantment
Blood Lust,{1}{R},2,R,Anson Maddocks,,Instant,"If target creature has toughness 5 or greater, it gets +4/-4 until end of turn. Otherwise, it gets +4/-X until end of turn, where X is its toughness minus 1.","LEG,4ED,5ED,ME3",,normal,1561,,,Uncommon,,Instant
Blue Mana Battery,{4},4,U,Amy Weber,,Artifact,"{2}, {T}: Put a charge counter on Blue Mana Battery.\n{T}, Remove any number of charge counters from Blue Mana Battery: Add {U} to your mana pool, then add an additional {U} to your mana pool for each charge counter removed this way.","LEG,4ED",,normal,1402,,,Uncommon,,Artifact
Boomerang,{U}{U},2,U,Brian Snõddy,,Instant,Return target permanent to its owner's hand.,"LEG,CHR,MIR,5ED,6ED,7ED,8ED,9ED,pGTW,10E,ME3,DPA","""O! call back yesterday, bid time return."" —William Shakespeare, King Richard the Second",normal,1474,,,Common,,Instant
Boris Devilboon,{3}{B}{R},5,"B,R",Jesper Myrfors,,Legendary Creature — Zombie Wizard,"{2}{B}{R}, {T}: Put a 1/1 black and red Demon creature token named Minor Demon onto the battlefield.","LEG,ME3",,normal,1649,2,2,Rare,"Zombie,Wizard",Creature
Brine Hag,{2}{U}{U},4,U,Quinton Hoover,,Creature — Hag,"When Brine Hag dies, change the base power and toughness of all creatures that dealt damage to it this turn to 0/2. (This effect lasts indefinitely.)",LEG,,normal,1475,2,2,Uncommon,Hag,Creature
Bronze Horse,{7},7,,Mark Poole,,Artifact Creature — Horse,"Trample\nAs long as you control another creature, prevent all damage that would be dealt to Bronze Horse by spells that target it.","LEG,CHR,ME4",,normal,1403,4,4,Rare,Horse,"Artifact,Creature"
Carrion Ants,{2}{B}{B},4,B,Richard Thomas,,Creature — Insect,{1}: Carrion Ants gets +1/+1 until end of turn.,"LEG,4ED,5ED,ME3","""‘War is no picnic,' my father liked to say. But the Ants seemed to disagree."" —General Chanek Valteroth",normal,1430,0,1,Rare,Insect,Creature
Cat Warriors,{1}{G}{G},3,G,Melissa A. Benson,,Creature — Cat Warrior,Forestwalk (This creature can't be blocked as long as defending player controls a Forest.),"LEG,CHR,5ED,6ED",These stealthy felines have survived so many battles that some believe they must possess many lives.,normal,1517,2,2,Common,"Cat,Warrior",Creature
Cathedral of Serra,,,,Mark Poole,,Land,"White legendary creatures you control have ""bands with other legendary creatures."" (Any legendary creatures can attack in a band as long as at least one has ""bands with other legendary creatures."" Bands are blocked as a group. If at least two legendary creatures you control, one of which has ""bands with other legendary creatures,"" are blocking or being blocked by the same creature, you divide that creature's combat damage, not its controller, among any of the creatures it's being blocked by or is blocking.)",LEG,,normal,1699,,,Uncommon,,Land
Caverns of Despair,{2}{R}{R},4,R,Harold McNeill,,World Enchantment,No more than two creatures can attack each combat.\nNo more than two creatures can block each combat.,LEG,,normal,1562,,,Rare,,Enchantment
Chain Lightning,{R},1,R,Sandra Everingham,,Sorcery,"Chain Lightning deals 3 damage to target creature or player. Then that player or that creature's controller may pay {R}{R}. If the player does, he or she may copy this spell and may choose a new target for that copy.","LEG,ME3,PD2,VMA,EMA",,normal,1563,,,Common,,Sorcery
Chains of Mephistopheles,{1}{B},2,B,Heather Hudson,,Enchantment,"If a player would draw a card except the first one he or she draws in his or her draw step each turn, that player discards a card instead. If the player discards a card this way, he or she draws a card. If the player doesn't discard a card this way, he or she puts the top card of his or her library into his or her graveyard.","LEG,MED",,normal,1431,,,Rare,,Enchantment
Chromium,{2}{W}{W}{U}{U}{B}{B},8,"W,U,B","Edward P. Beard, Jr.",,Legendary Creature — Elder Dragon,"Flying\nRampage 2 (Whenever this creature becomes blocked, it gets +2/+2 until end of turn for each creature blocking it beyond the first.)\nAt the beginning of your upkeep, sacrifice Chromium unless you pay {W}{U}{B}.","LEG,CHR,ME3",,normal,1650,7,7,Rare,"Elder,Dragon",Creature
Cleanse,{2}{W}{W},4,W,Phil Foglio,,Sorcery,Destroy all black creatures.,"LEG,ME3","The clouds broke and the sun's rays burst forth; each foul beast in its turn faltered, and was gone.",normal,1603,,,Rare,,Sorcery
Clergy of the Holy Nimbus,{W},1,W,Daniel Gelon,,Creature — Human Cleric,"If Clergy of the Holy Nimbus would be destroyed, regenerate it.\n{1}: Clergy of the Holy Nimbus can't be regenerated this turn. Only any opponent may activate this ability.",LEG,,normal,1604,1,1,Common,"Human,Cleric",Creature
Cocoon,{G},1,G,Mark Tedin,,Enchantment — Aura,"Enchant creature you control\nWhen Cocoon enters the battlefield, tap enchanted creature and put three pupa counters on Cocoon.\nEnchanted creature doesn't untap during your untap step if Cocoon has a pupa counter on it.\nAt the beginning of your upkeep, remove a pupa counter from Cocoon. If you can't, sacrifice it, put a +1/+1 counter on enchanted creature, and that creature gains flying.","LEG,CHR",,normal,1518,,,Uncommon,Aura,Enchantment
Concordant Crossroads,{G},1,G,Amy Weber,,World Enchantment,All creatures have haste.,"LEG,CHR,ME3",,normal,1519,,,Rare,,Enchantment
Cosmic Horror,{3}{B}{B}{B},6,B,Jesper Myrfors,,Creature — Horror,"First strike\nAt the beginning of your upkeep, destroy Cosmic Horror unless you pay {3}{B}{B}{B}. If Cosmic Horror is destroyed this way, it deals 7 damage to you.","LEG,4ED,ME3","""Then flashed the living lightning from her eyes,/ And screams of horror rend th' affrighted skies.""\n—Alexander Pope, The Rape of the Lock",normal,1432,7,7,Rare,Horror,Creature
Craw Giant,{3}{G}{G}{G}{G},7,G,Christopher Rush,,Creature — Giant,"Trample\nRampage 2 (Whenever this creature becomes blocked, it gets +2/+2 until end of turn for each creature blocking it beyond the first.)","LEG,CHR,5ED,TSB","Harthag gave a jolly laugh as he surveyed the army before him. ""Ho ho ho! Midgets! You think you can stand in my way?""",normal,1520,6,4,Uncommon,Giant,Creature
Crevasse,{2}{R},3,R,Rob Alexander,,Enchantment,Creatures with mountainwalk can be blocked as though they didn't have mountainwalk.,LEG,,normal,1564,,,Uncommon,,Enchantment
Crimson Kobolds,{0},,R,Anson Maddocks,,Creature — Kobold,,"LEG,ME3","""Kobolds are harmless.""\n—Bearand the Bold, epitaph",normal,1565,0,1,Common,Kobold,Creature
Crimson Manticore,{2}{R}{R},4,R,Daniel Gelon,,Creature — Manticore,"Flying\n{R}, {T}: Crimson Manticore deals 1 damage to target attacking or blocking creature.","LEG,4ED,5ED,ME3","Noted neither for their good looks nor their charm, Crimson Manticores can be fearsome allies. As dinner companions, however, they are best left alone.",normal,1566,2,2,Rare,Manticore,Creature
Crookshank Kobolds,{0},,R,Christopher Rush,,Creature — Kobold,,"LEG,MED","The Crookshank military boasts a standing army of nearly twenty-four million, give or take twenty-two million.",normal,1567,0,1,Common,Kobold,Creature
Cyclopean Mummy,{1}{B},2,B,"Edward P. Beard, Jr.",,Creature — Zombie,"When Cyclopean Mummy dies, exile it.","LEG,4ED,ME4",The ritual of plucking out an eye to gain future sight is but a curse that enables the living to see their own deaths.,normal,1433,2,1,Common,Zombie,Creature
D'Avenant Archer,{2}{W},3,W,Douglas Shuler,,Creature — Human Soldier Archer,{T}: D'Avenant Archer deals 1 damage to target attacking or blocking creature.,"LEG,CHR,5ED,6ED,ME3",,normal,1605,1,2,Common,"Human,Soldier,Archer",Creature
Dakkon Blackblade,{2}{W}{U}{U}{B},6,"W,U,B",Richard Kane Ferguson,,Legendary Creature — Human Warrior,Dakkon Blackblade's power and toughness are each equal to the number of lands you control.,"LEG,CHR,MED","""My power is as vast as the plains, my strength is that of mountains. Each wave that crashes upon the shore thunders like blood in my veins."" —Memoirs",normal,1651,*,*,Rare,"Human,Warrior",Creature
Darkness,{B},1,B,Harold McNeill,,Instant,Prevent all combat damage that would be dealt this turn.,"LEG,TSB","""If I must die, I will encounter darkness as a bride,/ And hug it in my arms."" —William Shakespeare, Measure for Measure",normal,1434,,,Common,,Instant
Deadfall,{2}{G},3,G,NéNé Thomas,,Enchantment,Creatures with forestwalk can be blocked as though they didn't have forestwalk.,LEG,,normal,1521,,,Uncommon,,Enchantment
Demonic Torment,{2}{B},3,B,Anson Maddocks,,Enchantment — Aura,Enchant creature\nEnchanted creature can't attack.\nPrevent all combat damage that would be dealt by enchanted creature.,"LEG,ME3",,normal,1435,,,Uncommon,Aura,Enchantment
Devouring Deep,{2}{U},3,U,Liz Danforth,,Creature — Fish,Islandwalk (This creature can't be blocked as long as defending player controls an Island.),LEG,"""Full fathom five thy father lies;/ Of his bones are coral made;/ Those are pearls that were his eyes;/ Nothing of him that doth fade,/ But doth suffer a sea-change/ Into something rich and strange."" —William Shakespeare, The Tempest",normal,1476,1,2,Common,Fish,Creature
Disharmony,{2}{R},3,R,Bryon Wackwitz,,Instant,Cast Disharmony only during combat before blockers are declared.\nUntap target attacking creature and remove it from combat. Gain control of that creature until end of turn.,"LEG,ME3",,normal,1568,,,Rare,,Instant
Divine Intervention,{6}{W}{W},8,W,Amy Weber,,Enchantment,"Divine Intervention enters the battlefield with two intervention counters on it.\nAt the beginning of your upkeep, remove an intervention counter from Divine Intervention.\nWhen you remove the last intervention counter from Divine Intervention, the game is a draw.","LEG,ME3",,normal,1606,,,Rare,,Enchantment
Divine Offering,{1}{W},2,W,Jeff A. Menges,,Instant,Destroy target artifact. You gain life equal to its converted mana cost.,"LEG,CHR,MIR,5ED,ME4,MBS",D'Haren stared at the twisted lump of metal that had been a prized artifact. The fight was getting ugly.,normal,1607,,,Common,,Instant
Divine Transformation,{2}{W}{W},4,W,NéNé Thomas,,Enchantment — Aura,Enchant creature\nEnchanted creature gets +3/+3.,"LEG,4ED,5ED,6ED,MED",Glory surged through her and radiance surrounded her. All things were possible with the blessing of the Divine.,normal,1608,,,Rare,Aura,Enchantment
Dream Coat,{U},1,U,Anthony Waters,,Enchantment — Aura,Enchant creature\n{0}: Enchanted creature becomes the color or colors of your choice. Activate this ability only once each turn.,LEG,"""Adopt the character of the twisting octopus, which takes on the appearance of the nearby rock. Now follow in this direction, now turn a different hue."" —Theognis, Elegies 1, 215",normal,1477,,,Uncommon,Aura,Enchantment
Durkwood Boars,{4}{G},5,G,Mike Kimble,,Creature — Boar,,"LEG,4ED,RQS,ITP,5ED,S99,S00","""And the unclean spirits went out, and entered the swine; and the herd ran violently . . ."" —Mark 5:13",normal,1522,4,4,Common,Boar,Creature
Dwarven Song,{R},1,R,Dan Frazier,,Instant,Any number of target creatures become red until end of turn.,LEG,,normal,1569,,,Uncommon,,Instant
Elder Land Wurm,{4}{W}{W}{W},7,W,Quinton Hoover,,Creature — Dragon Wurm,"Defender, trample\nWhen Elder Land Wurm blocks, it loses defender.","LEG,4ED,MED",Sometimes it's best to let sleeping dragons lie.,normal,1609,5,5,Rare,"Dragon,Wurm",Creature
Elder Spawn,{4}{U}{U}{U},7,U,Jesper Myrfors,,Creature — Spawn,"At the beginning of your upkeep, unless you sacrifice an Island, sacrifice Elder Spawn and it deals 6 damage to you.\nElder Spawn can't be blocked by red creatures.",LEG,,normal,1478,6,6,Rare,Spawn,Creature
Elven Riders,{3}{G}{G},5,G,Melissa A. Benson,,Creature — Elf,Elven Riders can't be blocked except by Walls and/or creatures with flying.,"LEG,4ED,RQS,ITP,5ED,6ED,ONS,10E,DPA","""Sometimes it is better to be swift of foot than strong of swordarm."" —Eleven Proverb",normal,1523,3,3,Rare,Elf,Creature
Emerald Dragonfly,{1}{G},2,G,Quinton Hoover,,Creature — Insect,Flying\n{G}{G}: Emerald Dragonfly gains first strike until end of turn.,"LEG,CHR","""Flittering, wheeling,/ darting in to strike, and then/ gone just as you blink.""\n—""Dragonfly Haiku,"" poet unkown",normal,1524,1,1,Common,Insect,Creature
Enchanted Being,{1}{W}{W},3,W,Douglas Shuler,,Creature — Human,Prevent all combat damage that would be dealt to Enchanted Being by enchanted creatures.,LEG,,normal,1610,2,2,Common,Human,Creature
Enchantment Alteration,{U},1,U,Brian Snõddy,,Instant,Attach target Aura attached to a creature or land to another permanent of that type.,"LEG,CHR,USG",,normal,1479,,,Common,,Instant
Energy Tap,{U},1,U,Daniel Gelon,,Sorcery,"Tap target untapped creature you control. If you do, add an amount of {C} to your mana pool equal to that creature's converted mana cost.","LEG,4ED",,normal,1480,,,Common,,Sorcery
Equinox,{W},1,W,Susan Van Camp,,Enchantment — Aura,"Enchant land\nEnchanted land has ""{T}: Counter target spell if it would destroy a land you control.""",LEG,,normal,1611,,,Common,Aura,Enchantment
Eternal Warrior,{R},1,R,Anson Maddocks,,Enchantment — Aura,Enchant creature\nEnchanted creature has vigilance.,"LEG,4ED,5ED",Warriors of the Tsunami-nito School spend years in training to master the way of effortless effort.,normal,1570,,,Uncommon,Aura,Enchantment
Eureka,{2}{G}{G},4,G,Kaja Foglio,,Sorcery,"Starting with you, each player may put a permanent card from his or her hand onto the battlefield. Repeat this process until no one puts a card onto the battlefield.","LEG,MED,VMA",,normal,1525,,,Rare,,Sorcery
Evil Eye of Orms-by-Gore,{4}{B},5,B,Jesper Myrfors,,Creature — Eye,Non-Eye creatures you control can't attack.\nEvil Eye of Orms-by-Gore can't be blocked except by Walls.,"LEG,5ED,6ED,TSB","""The highway of fear is the shortest route to defeat.""",normal,1436,3,6,Uncommon,Eye,Creature
Fallen Angel,{3}{B}{B},5,B,Anson Maddocks,,Creature — Angel,Flying\nSacrifice a creature: Fallen Angel gets +2/+1 until end of turn.,"LEG,CHR,5ED,6ED,BTD,7ED,8ED,DDC,CMD,DD3_DVD",,normal,1437,3,3,Uncommon,Angel,Creature
Falling Star,{2}{R},3,R,Douglas Shuler,,Sorcery,"Flip Falling Star onto the playing area from a height of at least one foot. Falling Star deals 3 damage to each creature it lands on. Tap all creatures dealt damage by Falling Star. If Falling Star doesn't turn completely over at least once during the flip, it has no effect.",LEG,,normal,1571,,,Rare,,Sorcery
Feint,{R},1,R,Brian Snõddy,,Instant,Tap all creatures blocking target attacking creature. Prevent all combat damage that would be dealt this turn by that creature and each creature blocking it.,LEG,,normal,1572,,,Common,,Instant
Field of Dreams,{U},1,U,Kaja Foglio,,World Enchantment,Players play with the top card of their libraries revealed.,LEG,"Some people say that the world is round, and if you travel far enough you'll come to the other side, where everything is upside down.",normal,1481,,,Rare,,Enchantment
Fire Sprites,{1}{G},2,"G,R",Julie Baroh,,Creature — Faerie,"Flying\n{G}, {T}: Add {R} to your mana pool.","LEG,ME3",,normal,1526,1,1,Common,Faerie,Creature
Firestorm Phoenix,{4}{R}{R},6,R,Jeff A. Menges,,Creature — Phoenix,"Flying\nIf Firestorm Phoenix would die, return Firestorm Phoenix to its owner's hand instead. Until that player's next turn, that player plays with that card revealed in his or her hand and can't play it.","LEG,ME3","""The bird of wonder dies, the maiden phoenix,/ Her ashes new-create another heir/ As great in admiration as herself."" —William Shakespeare, King Henry the Eighth.",normal,1573,3,2,Rare,Phoenix,Creature
Flash Counter,{1}{U},2,U,Harold McNeill,,Instant,Counter target instant spell.,"LEG,8ED","""She grinned at me—a wicked grin. ‘I hope you weren't relying too heavily on that, my dear.'"" —Medryn Silverwand, Diary",normal,1482,,,Common,,Instant
Flash Flood,{U},1,U,Tom Wänerstrand,,Instant,Choose one —\n• Destroy target red permanent.\n• Return target Mountain to its owner's hand.,"LEG,CHR,ME3",Many people say that no power can bring the mountains low. Many people are fools.,normal,1483,,,Common,,Instant
Floral Spuzzem,{3}{G},4,G,Rob Alexander,,Creature — Elemental,"Whenever Floral Spuzzem attacks and isn't blocked, you may destroy target artifact defending player controls. If you do, Floral Spuzzem assigns no combat damage this turn.",LEG,,normal,1527,2,2,Uncommon,Elemental,Creature
Force Spike,{U},1,U,Bryon Wackwitz,,Instant,Counter target spell unless its controller pays {1}.,"LEG,5ED,pFNM,7ED,ME3,DDJ",,normal,1484,,,Common,,Instant
Forethought Amulet,{5},5,,Melissa A. Benson,,Artifact,"At the beginning of your upkeep, sacrifice Forethought Amulet unless you pay {3}.\nIf an instant or sorcery source would deal 3 or more damage to you, it deals 2 damage to you instead.",LEG,,normal,1404,,,Rare,,Artifact
Fortified Area,{1}{W}{W},3,W,Randy Asplund-Faith,,Enchantment,"Wall creatures you control get +1/+0 and have banding. (Any creatures with banding, and up to one without, can attack in a band. Bands are blocked as a group. If any creatures with banding you control are blocking or being blocked by a creature, you divide that creature's combat damage, not its controller, among any of the creatures it's being blocked by or is blocking.)","LEG,4ED",,normal,1612,,,Uncommon,,Enchantment
Frost Giant,{3}{R}{R}{R},6,R,Daniel Gelon,,Creature — Giant,"Rampage 2 (Whenever this creature becomes blocked, it gets +2/+2 until end of turn for each creature blocking it beyond the first.)","LEG,ME3","The Frost Giants have been out in the cold a long, long time, but they have their rage to keep them warm.",normal,1574,4,4,Uncommon,Giant,Creature
Gabriel Angelfire,{3}{G}{G}{W}{W},7,"W,G",Daniel Gelon,,Legendary Creature — Angel,"At the beginning of your upkeep, choose flying, first strike, trample, or rampage 3. Gabriel Angelfire gains that ability until your next upkeep. (Whenever a creature with rampage 3 becomes blocked, it gets +3/+3 until end of turn for each creature blocking it beyond the first.)","LEG,CHR,ME3",,normal,1652,4,4,Rare,Angel,Creature
Gaseous Form,{2}{U},3,U,Phil Foglio,,Enchantment — Aura,Enchant creature\nPrevent all combat damage that would be dealt to and dealt by enchanted creature.,"LEG,4ED,5ED,TMP,6ED,BTD,TPR,EMA",""". . . [A]nd gives to airy nothing/ A local habitation and a name."" —William Shakespeare, A Midsummer-Night's Dream",normal,1485,,,Common,Aura,Enchantment
Gauntlets of Chaos,{5},5,,Dan Frazier,,Artifact,"{5}, Sacrifice Gauntlets of Chaos: Exchange control of target artifact, creature, or land you control and target permanent an opponent controls that shares one of those types with it. If those permanents are exchanged this way, destroy all Auras attached to them.","LEG,CHR,5ED,ME3",,normal,1405,,,Rare,,Artifact
Ghosts of the Damned,{1}{B}{B},3,B,"Edward P. Beard, Jr.",,Creature — Spirit,{T}: Target creature gets -1/-0 until end of turn.,"LEG,ME3",The voices of the dead ring in the heart long after they have faded from the ears.,normal,1438,0,2,Common,Spirit,Creature
Giant Slug,{1}{B},2,B,Anson Maddocks,,Creature — Slug,"{5}: At the beginning of your next upkeep, choose a basic land type. Giant Slug gains landwalk of the chosen type until the end of that turn. (It can't be blocked as long as defending player controls a land of that type.)","LEG,CHR",,normal,1439,1,1,Common,Slug,Creature
Giant Strength,{R}{R},2,R,Justin Hampton,,Enchantment — Aura,Enchant creature\nEnchanted creature gets +2/+2.,"LEG,4ED,5ED,TMP,6ED,VMA","""O! it is excellent/ To have a giant's strength, but it is tyrannous/ To use it like a giant."" —William Shakespeare, Measure for Measure",normal,1575,,,Common,Aura,Enchantment
Giant Turtle,{1}{G}{G},3,G,Jeff A. Menges,,Creature — Turtle,Giant Turtle can't attack if it attacked during your last turn.,LEG,"""The turtle lives 'twixt plated decks/ Which practically conceal its sex./ I think it clever of the turtle/ In such a fix to be so fertile."" —Ogden Nash, ""The Turtle""",normal,1528,2,4,Common,Turtle,Creature
Glyph of Delusion,{U},1,U,Susan Van Camp,,Instant,"Put X glyph counters on target creature that target Wall blocked this turn, where X is the power of that blocked creature. The creature gains ""This creature doesn't untap during your untap step if it has a glyph counter on it"" and ""At the beginning of your upkeep, remove a glyph counter from this creature.""",LEG,,normal,1486,,,Common,,Instant
Glyph of Destruction,{R},1,R,Susan Van Camp,,Instant,Target blocking Wall you control gets +10/+0 until end of combat. Prevent all damage that would be dealt to it this turn. Destroy it at the beginning of the next end step.,LEG,,normal,1576,,,Common,,Instant
Glyph of Doom,{B},1,B,Susan Van Camp,,Instant,"Choose target Wall creature. At this turn's next end of combat, destroy all creatures that were blocked by that creature this turn.",LEG,"""He knows he has a short span of life, that the day will come when he must pass through the wall of oblivion . . ."" —William Faulkner",normal,1440,,,Common,,Instant
Glyph of Life,{W},1,W,Susan Van Camp,,Instant,"Choose target Wall creature. Whenever that creature is dealt damage by an attacking creature this turn, you gain that much life.",LEG,"Any wall can be battered down, but at what cost?",normal,1613,,,Common,,Instant
Glyph of Reincarnation,{G},1,G,Susan Van Camp,,Instant,"Cast Glyph of Reincarnation only after combat.\nDestroy all creatures that were blocked by target Wall this turn. They can't be regenerated. For each creature that died this way, put a creature card from the graveyard of the player who controlled that creature the last time it became blocked by that Wall onto the battlefield under its owner's control.",LEG,,normal,1529,,,Common,,Instant
Gosta Dirk,{3}{W}{W}{U}{U},7,"W,U",Richard Thomas,,Legendary Creature — Human Warrior,First strike\nCreatures with islandwalk can be blocked as though they didn't have islandwalk.,LEG,,normal,1653,4,4,Rare,"Human,Warrior",Creature
Gravity Sphere,{2}{R},3,R,Brian Snõddy,,World Enchantment,All creatures lose flying.,LEG,"On the morning of the Battle of Gal-Shan, the Sorcerer's cry rang out: ""Let no bird fly, let no creature take wing, let all the battle join as one.""",normal,1577,,,Rare,,Enchantment
Great Defender,{W},1,W,Mark Poole,,Instant,"Target creature gets +0/+X until end of turn, where X is its converted mana cost.",LEG,,normal,1614,,,Uncommon,,Instant
Great Wall,{2}{W},3,W,Sandra Everingham,,Enchantment,Creatures with plainswalk can be blocked as though they didn't have plainswalk.,LEG,,normal,1615,,,Uncommon,,Enchantment
Greater Realm of Preservation,{1}{W},2,W,NéNé Thomas,,Enchantment,"{1}{W}: The next time a black or red source of your choice would deal damage to you this turn, prevent that damage.","LEG,5ED,MED",,normal,1616,,,Uncommon,,Enchantment
Greed,{3}{B},4,B,Phil Foglio,,Enchantment,"{B}, Pay 2 life: Draw a card.","LEG,4ED,6ED,7ED,C13","""There is no calamity greater than lavish desires./ There is no greater guilt than discontentment./ And there is no greater disaster than greed."" —Tao Tê Ching 46",normal,1441,,,Rare,,Enchantment
Green Mana Battery,{4},4,G,Christopher Rush,,Artifact,"{2}, {T}: Put a charge counter on Green Mana Battery.\n{T}, Remove any number of charge counters from Green Mana Battery: Add {G} to your mana pool, then add an additional {G} to your mana pool for each charge counter removed this way.","LEG,4ED",,normal,1406,,,Uncommon,,Artifact
Gwendlyn Di Corci,{U}{B}{B}{R},4,"U,B,R",Julie Baroh,,Legendary Creature — Human Rogue,{T}: Target player discards a card at random. Activate this ability only during your turn.,"LEG,ME3","Urborg became the final resting place of many swordsmen of renown, their steel outmatched by the wiles of Gwendlyn.",normal,1654,3,5,Rare,"Human,Rogue",Creature
Halfdane,{1}{W}{U}{B},4,"W,U,B",Melissa A. Benson,,Legendary Creature — Shapeshifter,"At the beginning of your upkeep, change Halfdane's base power and toughness to the power and toughness of target creature other than Halfdane until the end of your next upkeep.","LEG,ME3",Hail from Tolaria the ever changing 'Dane.,normal,1655,3,3,Rare,Shapeshifter,Creature
Hammerheim,,,R,Bryon Wackwitz,,Legendary Land,{T}: Add {R} to your mana pool.\n{T}: Target creature loses all landwalk abilities until end of turn.,"LEG,ME3","""‘Tis distance lends enchantment to the view,/ And robes the mountain in its azure hue."" —Thomas Campbell, ""Pleasures of Hope""",normal,1700,,,Uncommon,,Land
Hazezon Tamar,{4}{R}{G}{W},7,"W,R,G",Richard Kane Ferguson,,Legendary Creature — Human Warrior,"When Hazezon Tamar enters the battlefield, put X 1/1 Sand Warrior creature tokens that are red, green, and white onto the battlefield at the beginning of your next upkeep, where X is the number of lands you control at that time.\nWhen Hazezon leaves the battlefield, exile all Sand Warriors.","LEG,ME3",,normal,1656,2,4,Rare,"Human,Warrior",Creature
Headless Horseman,{2}{B},3,B,Quinton Hoover,,Creature — Zombie Knight,,LEG,""". . . The ghost rides forth to the scene of battle in nightly quest of his head . . . he sometimes passes along the Hollow, like a midnight blast . . ."" —Washington Irving, The Legend of Sleepy Hollow",normal,1442,2,2,Common,"Zombie,Knight",Creature
Heaven's Gate,{W},1,W,Douglas Shuler,,Instant,Any number of target creatures become white until end of turn.,LEG,,normal,1617,,,Uncommon,,Instant
Hell Swarm,{B},1,B,Christopher Rush,,Instant,All creatures get -1/-0 until end of turn.,LEG,The brightness of day turned in an instant to dusk as the swarm descended upon the battlefield.,normal,1443,,,Common,,Instant
Hell's Caretaker,{3}{B},4,B,Sandra Everingham,,Creature — Horror,"{T}, Sacrifice a creature: Return target creature card from your graveyard to the battlefield. Activate this ability only during your upkeep.","LEG,CHR,9ED","You might leave here, Chenndra, should another take your place . . . .",normal,1444,1,1,Rare,Horror,Creature
Hellfire,{2}{B}{B}{B},5,B,Pete Venters,,Sorcery,"Destroy all nonblack creatures. Hellfire deals X plus 3 damage to you, where X is the number of creatures that died this way.","LEG,ME3","""High on a throne of royal state . . . insatiate to pursue vain war with heav'n."" —John Milton, Paradise Lost",normal,1445,,,Rare,,Sorcery
Holy Day,{W},1,W,Justin Hampton,,Instant,Prevent all combat damage that would be dealt this turn.,"LEG,INV,8ED,9ED,10E","""The day of spirits; my soul's clam retreat/ Which none disturb!"" —Henry Vaughan, ""Silex Scintillans""",normal,1618,,,Common,,Instant
Horn of Deafening,{4},4,,Dan Frazier,,Artifact,"{2}, {T}: Prevent all combat damage that would be dealt by target creature this turn.","LEG,CHR,ME4","""A blast, an echo . . . then silence.""",normal,1407,,,Rare,,Artifact
Hornet Cobra,{1}{G}{G},3,G,Sandra Everingham,,Creature — Snake,First strike,LEG,"""Then inch by inch out of the grass rose up the head and spread hood of Nag, the big black cobra, and he was five feet long from tongue to tail."" —Rudyard Kipling, The Jungle Books",normal,1530,2,1,Common,Snake,Creature
Horror of Horrors,{3}{B}{B},5,B,Mark Tedin,,Enchantment,"Sacrifice a Swamp: Regenerate target black creature. (The next time that creature would be destroyed this turn, it isn't. Instead tap it, remove all damage from it, and remove it from combat.)","LEG,9ED","""And a horror of outer darkness after,/\nAnd dust returneth to dust again."" —Adam Lindsay Gordon, The Swimmer",normal,1446,,,Uncommon,,Enchantment
Hunding Gjornersen,{3}{W}{U}{U},6,"W,U",Richard Thomas,,Legendary Creature — Human Warrior,"Rampage 1 (Whenever this creature becomes blocked, it gets +1/+1 until end of turn for each creature blocking it beyond the first.)","LEG,ME3","""You would never guess, at the terrifying sight of the man, that Hunding was as charming a companion as one could wish for.""",normal,1657,5,4,Uncommon,"Human,Warrior",Creature
Hyperion Blacksmith,{1}{R}{R},3,R,Dan Frazier,,Creature — Human Artificer,{T}: You may tap or untap target artifact an opponent controls.,LEG,"""The smith a mighty man is he/ With large and sinewy hands./ And the muscles of his brawny arms/ Are strong as iron bands."" —Henry Wadsworth Longfellow, The Village Blacksmith",normal,1578,2,2,Uncommon,"Human,Artificer",Creature
Ichneumon Druid,{1}{G}{G},3,G,Melissa A. Benson,,Creature — Human Druid,"Whenever an opponent casts an instant spell other than the first instant spell that player casts each turn, Ichneumon Druid deals 4 damage to him or her.",LEG,,normal,1531,1,1,Uncommon,"Human,Druid",Creature
Immolation,{R},1,R,Scott Kirschner,,Enchantment — Aura,Enchant creature\nEnchanted creature gets +2/-2.,"LEG,4ED,ME3",,normal,1579,,,Common,Aura,Enchantment
Imprison,{B},1,B,Christopher Rush,,Enchantment — Aura,"Enchant creature\nWhenever a player activates an ability of enchanted creature with {T} in its activation cost that isn't a mana ability, you may pay {1}. If you do, counter that ability. If you don't, destroy Imprison.\nWhenever enchanted creature attacks or blocks, you may pay {1}. If you do, tap the creature, remove it from combat, and creatures it was blocking that had become blocked by only that creature this combat become unblocked. If you don't, destroy Imprison.",LEG,,normal,1447,,,Rare,Aura,Enchantment
In the Eye of Chaos,{2}{U},3,U,Brian Snõddy,,World Enchantment,"Whenever a player casts an instant spell, counter it unless that player pays {X}, where X is its converted mana cost.","LEG,ME4",,normal,1487,,,Rare,,Enchantment
Indestructible Aura,{W},1,W,Mark Poole,,Instant,Prevent all damage that would be dealt to target creature this turn.,"LEG,CHR","Theodar strode the battle lines, snatching swords with his bare hands and casting them aside until all cowered before him.",normal,1619,,,Common,,Instant
Infernal Medusa,{3}{B}{B},5,B,Anson Maddocks,,Creature — Gorgon,"Whenever Infernal Medusa blocks a creature, destroy that creature at end of combat.\nWhenever Infernal Medusa becomes blocked by a non-Wall creature, destroy that creature at end of combat.",LEG,,normal,1448,2,4,Uncommon,Gorgon,Creature
Infinite Authority,{W}{W}{W},3,W,Douglas Shuler,,Enchantment — Aura,"Enchant creature\nWhenever enchanted creature blocks or becomes blocked by a creature with toughness 3 or less, destroy the other creature at end of combat. At the beginning of the next end step, if that creature was destroyed this way, put a +1/+1 counter on the first creature.",LEG,,normal,1620,,,Rare,Aura,Enchantment
Invoke Prejudice,{U}{U}{U}{U},4,U,Harold McNeill,,Enchantment,"Whenever an opponent casts a creature spell that doesn't share a color with a creature you control, counter that spell unless that player pays {X}, where X is its converted mana cost.",LEG,,normal,1488,,,Rare,,Enchantment
Ivory Guardians,{4}{W}{W},6,W,Melissa A. Benson,,Creature — Giant Cleric,Protection from red\nCreatures named Ivory Guardians get +1/+1 as long as an opponent controls a nontoken red permanent.,"LEG,CHR,5ED,ME3","The elite guard of the Mesa High Priests, the Ivory Guardians, were created to protect the innocent and faithful. Some say their actions are above the law.",normal,1621,3,3,Uncommon,"Giant,Cleric",Creature
Jacques le Vert,{1}{R}{G}{W},4,"W,R,G",Andi Rusu,,Legendary Creature — Human Warrior,Green creatures you control get +0/+2.,"LEG,MED","Abandoning his sword to return to the lush forest of Pendelhaven, Jacques le Vert devoted his life to protecting the creatures of his homeland.",normal,1658,3,2,Rare,"Human,Warrior",Creature
Jasmine Boreal,{3}{G}{W},5,"W,G",Richard Kane Ferguson,,Legendary Creature — Human,,"LEG,TSB","""Peace must prevail, even if the wicked must die.""",normal,1659,4,5,Uncommon,Human,Creature
Jedit Ojanen,{4}{W}{W}{U},7,"W,U",Mark Poole,,Legendary Creature — Cat Warrior,,"LEG,ME3","Mightiest of the Cat Warriors, Jedit Ojanen forsook the forests of his tribe and took service with the Robaran Mercenaries, rising through their ranks to lead them in the battle for Efrava.",normal,1660,5,5,Uncommon,"Cat,Warrior",Creature
Jerrard of the Closed Fist,{3}{R}{G}{G},6,"R,G",Andi Rusu,,Legendary Creature — Human Knight,,"LEG,ME3","Once, the order of the Closed Fist reached throughout the Kb'Briann Highlands. Now, Jerrard alone remains to uphold their standard.",normal,1661,6,5,Uncommon,"Human,Knight",Creature
Johan,{3}{R}{G}{W},6,"W,R,G",Mark Tedin,,Legendary Creature — Human Wizard,"At the beginning of combat on your turn, you may have Johan gain ""Johan can't attack"" until end of combat. If you do, attacking doesn't cause creatures you control to tap this combat if Johan is untapped.","LEG,CHR",,normal,1662,5,4,Rare,"Human,Wizard",Creature
Jovial Evil,{2}{B},3,B,Christopher Rush,,Sorcery,"Jovial Evil deals X damage to target opponent, where X is twice the number of white creatures that player controls.",LEG,"""Today, for a lark, let's visit the plains. I'm sure we'll find something to entertain us.""",normal,1449,,,Rare,,Sorcery
Juxtapose,{3}{U},4,U,Justin Hampton,,Sorcery,"You and target player exchange control of the creature you each control with the highest converted mana cost. Then exchange control of artifacts the same way. If two or more permanents a player controls are tied for highest cost, their controller chooses one of them.","LEG,CHR,5ED,6ED,MED",,normal,1489,,,Rare,,Sorcery
Karakas,,,W,Nicola Leonard,,Legendary Land,{T}: Add {W} to your mana pool.\n{T}: Return target legendary creature to its owner's hand.,"LEG,pJGP,ME3,EMA","""To make a prairie it takes a clover and one bee,/ One clover, and a bee,/ And revery."" —Emily Dickinson",normal,1701,,,Uncommon,,Land
Kasimir the Lone Wolf,{4}{W}{U},6,"W,U",Richard Kane Ferguson,,Legendary Creature — Human Warrior,,LEG,Popular indeed is the tale of how Kasimir was once a Holy man who renounced his order to take up the sword. But this tale is no more likely than any other.,normal,1663,5,3,Uncommon,"Human,Warrior",Creature
Keepers of the Faith,{1}{W}{W},3,W,Daniel Gelon,,Creature — Human Cleric,,"LEG,CHR","And then the Archangel Anthius spoke to them, saying, ""Fear shall be vanquished by the Sword of Faith.""",normal,1622,2,3,Common,"Human,Cleric",Creature
Kei Takahashi,{2}{G}{W},4,"W,G",Scott Kirschner,,Legendary Creature — Human Cleric,{T}: Prevent the next 2 damage that would be dealt to target creature this turn.,"LEG,CHR,ME3",,normal,1664,2,2,Rare,"Human,Cleric",Creature
Killer Bees,{1}{G}{G},3,G,Phil Foglio,,Creature — Insect,Flying\n{G}: Killer Bees gets +1/+1 until end of turn.,"LEG,4ED,5ED,ME3","The communal mind produces a savage strategy, yet no one could predict that this vicious crossbreed would unravel the secret of steel.",normal,1532,0,1,Rare,Insect,Creature
Kismet,{3}{W},4,W,Kaja Foglio,,Enchantment,"Artifacts, creatures, and lands played by your opponents enter the battlefield tapped.","LEG,4ED,5ED,6ED,ME4",,normal,1623,,,Uncommon,,Enchantment
Knowledge Vault,{4},4,,Amy Weber,,Artifact,"{2}, {T}: Exile the top card of your library face down.\n{0}: Sacrifice Knowledge Vault. If you do, discard your hand, then put all cards exiled with Knowledge Vault into their owner's hand.\nWhen Knowledge Vault leaves the battlefield, put all cards exiled with Knowledge Vault into their owner's graveyard.","LEG,ME3",,normal,1408,,,Rare,,Artifact
Kobold Drill Sergeant,{1}{R},2,R,Julie Baroh,,Creature — Kobold Soldier,Other Kobold creatures you control get +0/+1 and have trample.,"LEG,ME3","""Joining this army is easy, boy. Just survive your first battle.""",normal,1580,1,2,Uncommon,"Kobold,Soldier",Creature
Kobold Overlord,{1}{R},2,R,Julie Baroh,,Creature — Kobold,First strike\nOther Kobold creatures you control have first strike.,"LEG,ME3","""One for all, all for one; we strike first, and then you're done!"" —Oath of the Kobold Musketeers",normal,1581,1,2,Rare,Kobold,Creature
Kobold Taskmaster,{1}{R},2,R,Randy Asplund-Faith,,Creature — Kobold,Other Kobold creatures you control get +1/+0.,"LEG,TSB,ME3",The Taskmaster knows that there is no cure for the common Kobold.,normal,1582,1,2,Uncommon,Kobold,Creature
Kobolds of Kher Keep,{0},,R,Julie Baroh,,Creature — Kobold,,"LEG,ME3",Kher Keep is unique among fortresses: impervious to aerial assault but defenseless from the ground.,normal,1583,0,1,Common,Kobold,Creature
Kry Shield,{2},2,,Richard Thomas,,Artifact,"{2}, {T}: Prevent all damage that would be dealt this turn by target creature you control. That creature gets +0/+X until end of turn, where X is its converted mana cost.",LEG,,normal,1409,,,Uncommon,,Artifact
Lady Caleria,{3}{G}{G}{W}{W},7,"W,G",Bryon Wackwitz,,Legendary Creature — Human Archer,{T}: Lady Caleria deals 3 damage to target attacking or blocking creature.,"LEG,ME3",,normal,1665,3,6,Rare,"Human,Archer",Creature
Lady Evangela,{W}{U}{B},3,"W,U,B",Mark Poole,,Legendary Creature — Human Cleric,"{W}{B}, {T}: Prevent all combat damage that would be dealt by target creature this turn.","LEG,ME3","""When milady was young, the sight of a rainbow would fill her soul with peace. As she grew, she learned to share her rapture with others."" —Lady Gabriella",normal,1666,1,2,Rare,"Human,Cleric",Creature
Lady Orca,{5}{B}{R},7,"B,R",Sandra Everingham,,Legendary Creature — Demon,,"LEG,ATH,ME3","""I do not remember what he said to her. I remember her fiery eyes, fixed upon him for an instant. I remember a flash, and the hot breath of sudden flames made me turn away. When I looked again, Angus was gone."" —A Wayfarer, on meeting Lady Orca",normal,1667,7,4,Uncommon,Demon,Creature
Land Equilibrium,{2}{U}{U},4,U,Jesper Myrfors,,Enchantment,"If an opponent who controls at least as many lands as you do would put a land onto the battlefield, that player instead puts that land onto the battlefield then sacrifices a land.","LEG,ME3",,normal,1490,,,Rare,,Enchantment
Land Tax,{W},1,W,Brian Snõddy,,Enchantment,"At the beginning of your upkeep, if an opponent controls more lands than you, you may search your library for up to three basic land cards, reveal them, and put them into your hand. If you do, shuffle your library.","LEG,4ED,pJGP,BRB,ME3",,normal,1624,,,Uncommon,,Enchantment
Land's Edge,{1}{R}{R},3,R,Brian Snõddy,,World Enchantment,"Discard a card: If the discarded card was a land card, Land's Edge deals 2 damage to target player. Any player may activate this ability.","LEG,CHR",,normal,1584,,,Rare,,Enchantment
Lesser Werewolf,{3}{B},4,B,Quinton Hoover,,Creature — Werewolf,"{B}: If Lesser Werewolf's power is 1 or more, it gets -1/-0 until end of turn and put a -0/-1 counter on target creature blocking or blocked by Lesser Werewolf. Activate this ability only during the declare blockers step.","LEG,ME3",,normal,1450,2,4,Uncommon,Werewolf,Creature
Life Chisel,{4},4,,Anthony Waters,,Artifact,Sacrifice a creature: You gain life equal to the sacrificed creature's toughness. Activate this ability only during your upkeep.,"LEG,ME3",,normal,1410,,,Uncommon,,Artifact
Life Matrix,{4},4,,Amy Weber,,Artifact,"{4}, {T}: Put a matrix counter on target creature and that creature gains ""Remove a matrix counter from this creature: Regenerate this creature."" Activate this ability only during your upkeep.",LEG,,normal,1411,,,Rare,,Artifact
Lifeblood,{2}{W}{W},4,W,Mark Tedin,,Enchantment,"Whenever a Mountain an opponent controls becomes tapped, you gain 1 life.",LEG,"""Foolish wizard! As you tap the power of your lofty keep, so grows my strength."" —Malvern Xelionos, Letters",normal,1625,,,Rare,,Enchantment
Living Plane,{2}{G}{G},4,G,Bryon Wackwitz,,World Enchantment,All lands are 1/1 creatures that are still lands.,"LEG,ME3",,normal,1533,,,Rare,,Enchantment
Livonya Silone,{2}{R}{R}{G}{G},6,"R,G",Richard Kane Ferguson,,Legendary Creature — Human Warrior,First strike; legendary landwalk (This creature can't be blocked as long as defending player controls a legendary land.),"LEG,ME3","Livonya's own nature is a matter of mystery. Nothing is known for sure, merely rumors of unearthly stealth, and unholy alliances.",normal,1668,4,4,Rare,"Human,Warrior",Creature
Lord Magnus,{3}{G}{W}{W},6,"W,G",Mark Tedin,,Legendary Creature — Human Druid,First strike\nCreatures with plainswalk can be blocked as though they didn't have plainswalk.\nCreatures with forestwalk can be blocked as though they didn't have forestwalk.,LEG,,normal,1669,4,3,Uncommon,"Human,Druid",Creature
Lost Soul,{1}{B}{B},3,B,Randy Asplund-Faith,,Creature — Spirit Minion,Swampwalk (This creature can't be blocked as long as defending player controls a Swamp.),"LEG,4ED,RQS,ITP,5ED,6ED","She walks in the twilight, her steps make no sound,/ Her feet leave no tracks on the dew-covered ground./ Her hand gently beckons, she whispers your name—/ But those who go with her are never the same.",normal,1451,2,1,Common,"Spirit,Minion",Creature
Mana Drain,{U}{U},2,U,Mark Tedin,,Instant,"Counter target spell. At the beginning of your next main phase, add an amount of {C} to your mana pool equal to that spell's converted mana cost.","LEG,ME3,VMA",,normal,1491,,,Uncommon,,Instant
Mana Matrix,{6},6,,Mark Tedin,,Artifact,Instant and enchantment spells you cast cost up to {2} less to cast.,"LEG,ME4",,normal,1412,,,Rare,,Artifact
Marble Priest,{5},5,,Melissa A. Benson,,Artifact Creature — Cleric,All Walls able to block Marble Priest do so.\nPrevent all combat damage that would be dealt to Marble Priest by Walls.,LEG,,normal,1413,3,3,Uncommon,Cleric,"Artifact,Creature"
Marhault Elsdragon,{3}{R}{R}{G},6,"R,G",Mark Poole,,Legendary Creature — Elf Warrior,"Rampage 1 (Whenever this creature becomes blocked, it gets +1/+1 until end of turn for each creature blocking it beyond the first.)","LEG,CHR,ME3","Marhault follows a strict philosophy, never letting emotions cloud his thoughts. No chance observer could imagine the rage in his heart.",normal,1670,4,6,Uncommon,"Elf,Warrior",Creature
Master of the Hunt,{2}{G}{G},4,G,Jeff A. Menges,,Creature — Human,"{2}{G}{G}: Put a 1/1 green Wolf creature token named Wolves of the Hunt onto the battlefield. It has ""bands with other creatures named Wolves of the Hunt."" (Any creatures named Wolves of the Hunt can attack in a band as long as at least one has ""bands with other creatures named Wolves of the Hunt."" Bands are blocked as a group. If at least two creatures named Wolves of the Hunt you control, one of which has ""bands with other creatures named Wolves of the Hunt,"" are blocking or being blocked by the same creature, you divide that creature's combat damage, not its controller, among any of the creatures it's being blocked by or is blocking.)",LEG,,normal,1534,2,2,Rare,Human,Creature
Mirror Universe,{6},6,,Phil Foglio,,Artifact,"{T}, Sacrifice Mirror Universe: Exchange life totals with target opponent. Activate this ability only during your upkeep.","LEG,MED",,normal,1414,,,Rare,,Artifact
Moat,{2}{W}{W},4,W,Jeff A. Menges,,Enchantment,Creatures without flying can't attack.,"LEG,MED","The purpose of any moat is to impede attack. Some are filled with water, some with thistles. Some are filled with things best left unseen.",normal,1626,,,Rare,,Enchantment
Mold Demon,{5}{B}{B},7,B,Jesper Myrfors,,Creature — Fungus Demon,"When Mold Demon enters the battlefield, sacrifice it unless you sacrifice two Swamps.",LEG,,normal,1452,6,6,Rare,"Fungus,Demon",Creature
Moss Monster,{3}{G}{G},5,G,Jesper Myrfors,,Creature — Elemental,,"LEG,8ED","After the battle, an eerie silence gripped the forest. The losers' remains were lightly dusted with green.",normal,1535,3,6,Common,Elemental,Creature
Mountain Stronghold,,,,Tom Wänerstrand,,Land,"Red legendary creatures you control have ""bands with other legendary creatures."" (Any legendary creatures can attack in a band as long as at least one has ""bands with other legendary creatures."" Bands are blocked as a group. If at least two legendary creatures you control, one of which has ""bands with other legendary creatures,"" are blocking or being blocked by the same creature, you divide that creature's combat damage, not its controller, among any of the creatures it's being blocked by or is blocking.)",LEG,,normal,1702,,,Uncommon,,Land
Mountain Yeti,{2}{R}{R},4,R,Dan Frazier,,Creature — Yeti,Mountainwalk (This creature can't be blocked as long as defending player controls a Mountain.)\nProtection from white,"LEG,CHR,MED",The Yeti's single greatest asset is its unnerving ability to blend in with its surroundings.,normal,1585,3,3,Uncommon,Yeti,Creature
Nebuchadnezzar,{3}{U}{B},5,"U,B",Richard Kane Ferguson,,Legendary Creature — Human Wizard,"{X}, {T}: Name a card. Target opponent reveals X cards at random from his or her hand. Then that player discards all cards with that name revealed this way. Activate this ability only during your turn.","LEG,CHR,ME3",,normal,1671,3,3,Rare,"Human,Wizard",Creature
Nether Void,{3}{B},4,B,Harold McNeill,,World Enchantment,"Whenever a player casts a spell, counter it unless that player pays {3}.","LEG,ME3","These days, some wizards are finding that they have a little too much spell left at the end of their mana.",normal,1453,,,Rare,,Enchantment
Nicol Bolas,{2}{U}{U}{B}{B}{R}{R},8,"U,B,R","Edward P. Beard, Jr.",,Legendary Creature — Elder Dragon,"Flying\nAt the beginning of your upkeep, sacrifice Nicol Bolas unless you pay {U}{B}{R}.\nWhenever Nicol Bolas deals damage to an opponent, that player discards his or her hand.","LEG,CHR,TSB,DRB,ME3",,normal,1672,7,7,Rare,"Elder,Dragon",Creature
North Star,{4},4,,Kaja Foglio,,Artifact,"{4}, {T}: For one spell this turn, you may spend mana as though it were mana of any type to pay that spell's mana cost. (Additional costs are still paid normally.)",LEG,,normal,1415,,,Rare,,Artifact
Nova Pentacle,{4},4,,Richard Thomas,,Artifact,"{3}, {T}: The next time a source of your choice would deal damage to you this turn, that damage is dealt to target creature of an opponent's choice instead.","LEG,ME3",,normal,1416,,,Rare,,Artifact
Osai Vultures,{1}{W},2,W,Dan Frazier,,Creature — Bird,"Flying\nAt the beginning of each end step, if a creature died this turn, put a carrion counter on Osai Vultures.\nRemove two carrion counters from Osai Vultures: Osai Vultures gets +1/+1 until end of turn.","LEG,4ED,ME4","A sign of battle, the Vultures circle and wait for the victorious to depart.",normal,1627,1,1,Common,Bird,Creature
Palladia-Mors,{2}{R}{R}{G}{G}{W}{W},8,"W,R,G","Edward P. Beard, Jr.",,Legendary Creature — Elder Dragon,"Flying, trample\nAt the beginning of your upkeep, sacrifice Palladia-Mors unless you pay {R}{G}{W}.","LEG,CHR,ME3",,normal,1673,7,7,Rare,"Elder,Dragon",Creature
Part Water,{X}{X}{U},1,U,NéNé Thomas,,Sorcery,X target creatures gain islandwalk until end of turn. (They can't be blocked as long as defending player controls an Island.),LEG,""". . . and the waters were a wall unto them on their right hand, and on their left."" —Exodus, 14:22",normal,1492,,,Uncommon,,Sorcery
Pavel Maliki,{4}{B}{R},6,"B,R",Andi Rusu,,Legendary Creature — Human,{B}{R}: Pavel Maliki gets +1/+0 until end of turn.,"LEG,ME3","We all know the legend: Pavel wanders the realms, helping those in greatest need. But is this a measure of his generosity, or of his obligation to atone?",normal,1674,5,3,Uncommon,Human,Creature
Pendelhaven,,,G,Bryon Wackwitz,,Legendary Land,{T}: Add {G} to your mana pool.\n{T}: Target 1/1 creature gets +1/+2 until end of turn.,"LEG,ATH,pFNM,TSB","""This is the forest primeval. The murmuring pines and the hemlocks . . . / Stand like Druids of old."" —Henry Wadsworth Longfellow, ""Evangeline""",normal,1703,,,Uncommon,,Land
Petra Sphinx,{2}{W}{W}{W},5,W,Sandra Everingham,,Creature — Sphinx,"{T}: Target player names a card, then reveals the top card of his or her library. If that card is the named card, that player puts it into his or her hand. If it isn't, the player puts it into his or her graveyard.","LEG,CHR,MED","What walks on four legs in the morning, two legs in the afternoon, and three legs in the evening?",normal,1628,3,4,Rare,Sphinx,Creature
Pit Scorpion,{2}{B},3,B,Scott Kirschner,,Creature — Scorpion,"Whenever Pit Scorpion deals damage to a player, that player gets a poison counter. (A player with ten or more poison counters loses the game.)","LEG,4ED,5ED",Sometimes the smallest nuisance can be the greatest pain.,normal,1454,1,1,Common,Scorpion,Creature
Pixie Queen,{2}{G}{G},4,G,Quinton Hoover,,Creature — Faerie,"Flying\n{G}{G}{G}, {T}: Target creature gains flying until end of turn.",LEG,,normal,1536,1,1,Rare,Faerie,Creature
Planar Gate,{6},6,,Melissa A. Benson,,Artifact,Creature spells you cast cost up to {2} less to cast.,"LEG,ME4","Nireya reached through the Gate, sensing the energies trapped beyond.",normal,1417,,,Rare,,Artifact
Pradesh Gypsies,{2}{G},3,G,Quinton Hoover,,Creature — Human Nomad,"{1}{G}, {T}: Target creature gets -2/-0 until end of turn.","LEG,4ED,5ED,6ED",,normal,1537,1,1,Uncommon,"Human,Nomad",Creature
Presence of the Master,{3}{W},4,W,Phil Foglio,,Enchantment,"Whenever a player casts an enchantment spell, counter it.","LEG,USG",,normal,1629,,,Uncommon,,Enchantment
Primordial Ooze,{R},1,R,Sandra Everingham,,Creature — Ooze,"Primordial Ooze attacks each turn if able.\nAt the beginning of your upkeep, put a +1/+1 counter on Primordial Ooze. Then you may pay {X}, where X is the number of +1/+1 counters on it. If you don't, tap Primordial Ooze and it deals X damage to you.","LEG,CHR,5ED","The thick, moving mass from the beginning of evolution swallows and digests the animate and inanimate as it unthinkingly strives to continue its existence.",normal,1586,1,1,Uncommon,Ooze,Creature
Princess Lucrezia,{3}{U}{U}{B},6,"U,B","Edward P. Beard, Jr.",,Legendary Creature — Human Wizard,{T}: Add {U} to your mana pool.,"LEG,ME3",,normal,1675,5,4,Uncommon,"Human,Wizard",Creature
Psionic Entity,{4}{U},5,U,Justin Hampton,,Creature — Illusion,{T}: Psionic Entity deals 2 damage to target creature or player and 3 damage to itself.,"LEG,4ED",Creatures of the Æther are notorious for neglecting their own well-being.,normal,1493,2,2,Rare,Illusion,Creature
Psychic Purge,{U},1,U,Susan Van Camp,,Sorcery,"Psychic Purge deals 1 damage to target creature or player.\nWhen a spell or ability an opponent controls causes you to discard Psychic Purge, that player loses 5 life.","LEG,MED",,normal,1494,,,Common,,Sorcery
Puppet Master,{U}{U}{U},3,U,Sandra Everingham,,Enchantment — Aura,"Enchant creature\nWhen enchanted creature dies, return that card to its owner's hand. If that card is returned to its owner's hand this way, you may pay {U}{U}{U}. If you do, return Puppet Master to its owner's hand.","LEG,CHR",,normal,1495,,,Uncommon,Aura,Enchantment
Pyrotechnics,{4}{R},5,R,Anson Maddocks,,Sorcery,Pyrotechnics deals 4 damage divided as you choose among any number of target creatures and/or players.,"LEG,4ED,RQS,ITP,5ED,ATH,6ED,7ED,8ED,HOP,FRF","""Hi! ni! ya! Behold the man of flint, that's me!/ Four lightnings zigzag from me, strike and return.""\n—Navajo war chant",normal,1587,,,Common,,Sorcery
Quagmire,{2}{B},3,B,Dan Frazier,,Enchantment,Creatures with swampwalk can be blocked as though they didn't have swampwalk.,LEG,,normal,1455,,,Uncommon,,Enchantment
Quarum Trench Gnomes,{3}{R},4,R,Dan Frazier,,Creature — Gnome,"{T}: If target Plains is tapped for mana, it produces colorless mana instead of white mana. (This effect lasts indefinitely.)",LEG,"""O Great Captain, all is lost. They tunneled, they burrowed, they trenched. They sapped the strength of our defenses."" —Sorgus, Chronicles of the Quarum Plains",normal,1588,1,1,Rare,Gnome,Creature
Rabid Wombat,{2}{G}{G},4,G,Kaja Foglio,,Creature — Wombat,Vigilance\nRabid Wombat gets +2/+2 for each Aura attached to it.,"LEG,CHR,5ED,MED",,normal,1538,0,1,Uncommon,Wombat,Creature
Radjan Spirit,{3}{G},4,G,Christopher Rush,,Creature — Spirit,{T}: Target creature loses flying until end of turn.,"LEG,4ED,5ED,6ED,ME4",,normal,1539,3,2,Uncommon,Spirit,Creature
Raging Bull,{2}{R},3,R,Randy Asplund-Faith,,Creature — Ox,,LEG,"""Sometimes the bulls win, and sometimes the bears win. But the bulls have more fun."" —Anonymous",normal,1589,2,2,Common,Ox,Creature
Ragnar,{G}{W}{U},3,"W,U,G",Melissa A. Benson,,Legendary Creature — Human Cleric,"{G}{W}{U}, {T}: Regenerate target creature.","LEG,ME3","""On the field of honor, a soldier need have no fear.""",normal,1676,2,2,Rare,"Human,Cleric",Creature
Ramirez DePietro,{3}{U}{B}{B},6,"U,B",Phil Foglio,,Legendary Creature — Human Pirate,First strike,"LEG,ME3","Ramirez DePietro is a most flamboyant pirate. Be careful not to believe his tall tales, especially when you ask his age.",normal,1677,4,3,Uncommon,"Human,Pirate",Creature
Ramses Overdark,{2}{U}{U}{B}{B},6,"U,B",Richard Kane Ferguson,,Legendary Creature — Human Assassin,{T}: Destroy target enchanted creature.,"LEG,ME3",,normal,1678,4,3,Rare,"Human,Assassin",Creature
Rapid Fire,{3}{W},4,W,Justin Hampton,,Instant,"Cast Rapid Fire only before blockers are declared.\nTarget creature gains first strike until end of turn. If it doesn't have rampage, that creature gains rampage 2 until end of turn. (Whenever this creature becomes blocked, it gets +2/+2 until end of turn for each creature blocking it beyond the first.)",LEG,,normal,1630,,,Rare,,Instant
Rasputin Dreamweaver,{4}{W}{U},6,"W,U",Andi Rusu,,Legendary Creature — Human Wizard,"Rasputin Dreamweaver enters the battlefield with seven dream counters on it.\nRemove a dream counter from Rasputin: Add {C} to your mana pool.\nRemove a dream counter from Rasputin: Prevent the next 1 damage that would be dealt to Rasputin this turn.\nAt the beginning of your upkeep, if Rasputin started the turn untapped, put a dream counter on it.\nRasputin can't have more than seven dream counters on it.","LEG,ME3",,normal,1679,4,1,Rare,"Human,Wizard",Creature
Rebirth,{3}{G}{G}{G},6,G,Mark Tedin,,Sorcery,"Remove Rebirth from your deck before playing if you're not playing for ante.\nEach player may ante the top card of his or her library. If a player does, his or her life total becomes 20.","LEG,4ED",,normal,1540,,,Rare,,Sorcery
Recall,{X}{X}{U},1,U,Brian Snõddy,,Sorcery,"Discard X cards, then return a card from your graveyard to your hand for each card discarded this way. Exile Recall.","LEG,CHR,5ED,6ED,ME3",,normal,1496,,,Rare,,Sorcery
Red Mana Battery,{4},4,R,Mark Tedin,,Artifact,"{2}, {T}: Put a charge counter on Red Mana Battery.\n{T}, Remove any number of charge counters from Red Mana Battery: Add {R} to your mana pool, then add an additional {R} to your mana pool for each charge counter removed this way.","LEG,4ED",,normal,1418,,,Uncommon,,Artifact
Reincarnation,{1}{G}{G},3,G,"Edward P. Beard, Jr.",,Instant,"Choose target creature. When that creature dies this turn, return a creature card from its owner's graveyard to the battlefield under the control of that creature's owner.","LEG,ME3,C13",,normal,1541,,,Uncommon,,Instant
Relic Barrier,{2},2,,Harold McNeill,,Artifact,{T}: Tap target artifact.,"LEG,5DN",,normal,1419,,,Uncommon,,Artifact
Relic Bind,{2}{U},3,U,Christopher Rush,,Enchantment — Aura,"Enchant artifact an opponent controls\nWhenever enchanted artifact becomes tapped, choose one —\n• Relic Bind deals 1 damage to target player.\n• Target player gains 1 life.","LEG,4ED",,normal,1497,,,Uncommon,Aura,Enchantment
Remove Enchantments,{W},1,W,Brian Snõddy,,Instant,"Return to your hand all enchantments you both own and control, all Auras you own attached to permanents you control, and all Auras you own attached to attacking creatures your opponents control. Then destroy all other enchantments you control, all other Auras attached to permanents you control, and all other Auras attached to attacking creatures your opponents control.",LEG,,normal,1631,,,Common,,Instant
Remove Soul,{1}{U},2,U,Brian Snõddy,,Instant,Counter target creature spell.,"LEG,CHR,5ED,6ED,S99,7ED,pMPR,8ED,9ED,10E,ME3","Nethya stiffened suddenly, head cocked as if straining to hear some distant sound, then fell lifeless to the ground.",normal,1498,,,Common,,Instant
Reset,{U}{U},2,U,Nicola Leonard,,Instant,Cast Reset only during an opponent's turn after his or her upkeep step.\nUntap all lands you control.,"LEG,ME3",,normal,1499,,,Uncommon,,Instant
Revelation,{G},1,G,Kaja Foglio,,World Enchantment,Players play with their hands revealed.,"LEG,CHR","""Many are in high place, and of renown: but mysteries are revealed unto the meek."" —Ecclesiastes 3:19",normal,1542,,,Rare,,Enchantment
Reverberation,{2}{U}{U},4,U,Justin Hampton,,Instant,All damage that would be dealt this turn by target sorcery spell is dealt to that spell's controller instead.,LEG,,normal,1500,,,Rare,,Instant
Righteous Avengers,{4}{W},5,W,Heather Hudson,,Creature — Human Soldier,Plainswalk (This creature can't be blocked as long as defending player controls a Plains.),"LEG,MED",Few can withstand the wrath of the righteous.,normal,1632,3,1,Uncommon,"Human,Soldier",Creature
Ring of Immortals,{5},5,,Melissa A. Benson,,Artifact,"{3}, {T}: Counter target instant or Aura spell that targets a permanent you control.",LEG,,normal,1420,,,Rare,,Artifact
Riven Turnbull,{5}{U}{B},7,"U,B",Richard Kane Ferguson,,Legendary Creature — Human Advisor,{T}: Add {B} to your mana pool.,"LEG,ME3","""Political violence is a perfectly legitimate answer to the persecution handed down by dignitaries of the state.""",normal,1680,5,7,Uncommon,"Human,Advisor",Creature
Rohgahh of Kher Keep,{2}{B}{B}{R}{R},6,"B,R","Edward P. Beard, Jr.",,Legendary Creature — Kobold,"At the beginning of your upkeep, you may pay {R}{R}{R}. If you don't, tap Rohgahh of Kher Keep and all creatures named Kobolds of Kher Keep, then an opponent gains control of them.\nCreatures you control named Kobolds of Kher Keep get +2/+2.","LEG,ME3",,normal,1681,5,5,Rare,Kobold,Creature
Rubinia Soulsinger,{2}{G}{W}{U},5,"W,U,G",Rob Alexander,,Legendary Creature — Faerie,You may choose not to untap Rubinia Soulsinger during your untap step.\n{T}: Gain control of target creature for as long as you control Rubinia and Rubinia remains tapped.,"LEG,CHR,ME3,C13",,normal,1682,2,3,Rare,Faerie,Creature
Rust,{G},1,G,Liz Danforth,,Instant,Counter target activated ability from an artifact source. (Mana abilities can't be targeted.),LEG,"""How dull it is to pause, to make an end,/ To rust unburnished, not to shine in use,/ As though to breathe were life!"" —Alfred, Lord Tennyson, ""Ulysses""",normal,1543,,,Common,,Instant
Sea Kings' Blessing,{U},1,U,Randy Asplund-Faith,,Instant,Any number of target creatures become blue until end of turn.,LEG,,normal,1501,,,Uncommon,,Instant
Seafarer's Quay,,,,Tom Wänerstrand,,Land,"Blue legendary creatures you control have ""bands with other legendary creatures."" (Any legendary creatures can attack in a band as long as at least one has ""bands with other legendary creatures."" Bands are blocked as a group. If at least two legendary creatures you control, one of which has ""bands with other legendary creatures,"" are blocking or being blocked by the same creature, you divide that creature's combat damage, not its controller, among any of the creatures it's being blocked by or is blocking.)",LEG,,normal,1704,,,Uncommon,,Land
Seeker,{2}{W}{W},4,W,Mark Poole,,Enchantment — Aura,Enchant creature\nEnchanted creature can't be blocked except by artifact creatures and/or white creatures.,"LEG,4ED",,normal,1633,,,Uncommon,Aura,Enchantment
Segovian Leviathan,{4}{U},5,U,Melissa A. Benson,,Creature — Leviathan,Islandwalk (This creature can't be blocked as long as defending player controls an Island.),"LEG,4ED,5ED,6ED","""Leviathan, too! Can you catch him with a fish-hook/ or run a line round his tongue?"" —Job 40:25",normal,1502,3,3,Uncommon,Leviathan,Creature
Sentinel,{4},4,,Randy Asplund-Faith,,Artifact Creature — Shapeshifter,{0}: Change Sentinel's base toughness to 1 plus the power of target creature blocking or blocked by Sentinel. (This effect lasts indefinitely.),"LEG,CHR",,normal,1421,1,1,Rare,Shapeshifter,"Artifact,Creature"
Serpent Generator,{6},6,,Mark Tedin,,Artifact,"{4}, {T}: Put a 1/1 colorless Snake artifact creature token onto the battlefield. It has ""Whenever this creature deals damage to a player, that player gets a poison counter."" (A player with ten or more poison counters loses the game.)","LEG,CHR,5ED,MED",,normal,1422,,,Rare,,Artifact
Shelkin Brownie,{1}{G},2,G,Douglas Shuler,,Creature — Ouphe,"{T}: Target creature loses all ""bands with other"" abilities until end of turn.",LEG,"Leave a bowl of milk on your doorstep each night for the brownies, or they'll cause you no end of mischief.",normal,1544,1,1,Common,Ouphe,Creature
Shield Wall,{1}{W},2,W,Douglas Shuler,,Instant,Creatures you control get +0/+2 until end of turn.,"LEG,CHR,5ED,7ED",,normal,1634,,,Uncommon,,Instant
Shimian Night Stalker,{3}{B}{B},5,B,Jesper Myrfors,,Creature — Nightstalker,"{B}, {T}: All damage that would be dealt to you this turn by target attacking creature is dealt to Shimian Night Stalker instead.","LEG,CHR","""‘Tis now the very witching time of night,/ When churchyards yawn and hell itself breathes out/ Contagion to this world."" —William Shakespeare, Hamlet",normal,1456,4,4,Uncommon,Nightstalker,Creature
Silhouette,{1}{U},2,U,Kaja Foglio,,Instant,Prevent all damage that would be dealt to target creature this turn by spells or abilities that target it.,LEG,,normal,1503,,,Uncommon,,Instant
Sir Shandlar of Eberyn,{4}{G}{W},6,"W,G",Andi Rusu,,Legendary Creature — Human Knight,,"LEG,ME3","""Remember Sir Shandlar! Remember and stand firm!"" —rallying cry of the Eberyn militia",normal,1683,4,7,Uncommon,"Human,Knight",Creature
Sivitri Scarzam,{5}{U}{B},7,"U,B",NéNé Thomas,,Legendary Creature — Human,,"LEG,CHR,ME3",Even the brave have cause to tremble at the sight of Sivitri Scarzam. Who else has tamed Scarzam's Dragon?,normal,1684,6,4,Uncommon,Human,Creature
Sol'kanar the Swamp King,{2}{U}{B}{R},5,"U,B,R",Richard Kane Ferguson,,Legendary Creature — Demon,"Swampwalk (This creature can't be blocked as long as defending player controls a Swamp.)\nWhenever a player casts a black spell, you gain 1 life.","LEG,CHR,TSB",,normal,1685,5,5,Rare,Demon,Creature
Spectral Cloak,{U}{U},2,U,Rob Alexander,,Enchantment — Aura,Enchant creature\nEnchanted creature has shroud as long as it's untapped. (It can't be the target of spells or abilities.),LEG,,normal,1504,,,Uncommon,Aura,Enchantment
Spinal Villain,{2}{R},3,R,Anson Maddocks,,Creature — Beast,{T}: Destroy target blue creature.,"LEG,MED","""Striking silent as a dream,/ Cutting short the strangled scream . . ."" —Tobrian, ""Watchdragon""",normal,1590,1,2,Rare,Beast,Creature
Spirit Link,{W},1,W,Kaja Foglio,,Enchantment — Aura,"Enchant creature (Target a creature as you cast this. This card enters the battlefield attached to that creature.)\nWhenever enchanted creature deals damage, you gain that much life.","LEG,4ED,5ED,6ED,7ED,8ED,9ED,10E",,normal,1635,,,Uncommon,Aura,Enchantment
Spirit Shackle,{B}{B},2,B,"Edward P. Beard, Jr.",,Enchantment — Aura,"Enchant creature\nWhenever enchanted creature becomes tapped, put a -0/-2 counter on it.","LEG,4ED,ME3",,normal,1457,,,Common,Aura,Enchantment
Spiritual Sanctuary,{2}{W}{W},4,W,Amy Weber,,Enchantment,"At the beginning of each player's upkeep, if that player controls a Plains, he or she gains 1 life.",LEG,,normal,1636,,,Rare,,Enchantment
Stangg,{4}{R}{G},6,"R,G",Mark Poole,,Legendary Creature — Human Warrior,"When Stangg enters the battlefield, put a legendary 3/4 red and green Human Warrior creature token named Stangg Twin onto the battlefield. When Stangg leaves the battlefield, exile that token. When that token leaves the battlefield, sacrifice Stangg.","LEG,CHR,ME3",,normal,1686,3,4,Rare,"Human,Warrior",Creature
Storm Seeker,{3}{G},4,G,Mark Poole,,Instant,Storm Seeker deals damage to target player equal to the number of cards in that player's hand.,"LEG,CHR,MED",,normal,1545,,,Uncommon,,Instant
Storm World,{R},1,R,Christopher Rush,,World Enchantment,"At the beginning of each player's upkeep, Storm World deals X damage to that player, where X is 4 minus the number of cards in his or her hand.","LEG,ME3",,normal,1591,,,Rare,,Enchantment
Subdue,{G},1,G,Brian Snõddy,,Instant,"Prevent all combat damage that would be dealt by target creature this turn. That creature gets +0/+X until end of turn, where X is its converted mana cost.",LEG,,normal,1546,,,Common,,Instant
Sunastian Falconer,{3}{R}{G},5,"R,G",Christopher Rush,,Legendary Creature — Human Shaman,{T}: Add {C}{C} to your mana pool.,"LEG,ME3",Sunastian has roots in both sorcery and swordplay; he has learned never to depend too heavily on the latter.,normal,1687,4,4,Uncommon,"Human,Shaman",Creature
Sword of the Ages,{6},6,,Dan Frazier,,Artifact,"Sword of the Ages enters the battlefield tapped.\n{T}, Sacrifice Sword of the Ages and any number of creatures you control: Sword of the Ages deals X damage to target creature or player, where X is the total power of the creatures sacrificed this way, then exile Sword of the Ages and those creature cards.","LEG,ME3",,normal,1423,,,Rare,,Artifact
Sylvan Library,{1}{G},2,G,Harold McNeill,,Enchantment,"At the beginning of your draw step, you may draw two additional cards. If you do, choose two cards in your hand drawn this turn. For each of those cards, pay 4 life or put the card on top of your library.","LEG,4ED,5ED,MED,CM1,VMA,EMA",,normal,1547,,,Uncommon,,Enchantment
Sylvan Paradise,{G},1,G,Randy Asplund-Faith,,Instant,Any number of target creatures become green until end of turn.,LEG,,normal,1548,,,Uncommon,,Instant
Syphon Soul,{2}{B},3,B,Melissa A. Benson,,Sorcery,Syphon Soul deals 2 damage to each other player. You gain life equal to the damage dealt this way.,"LEG,6ED,BRB,ONS,HOP,CNS","""Her lips suck forth; see, where it flies!""\n—Christopher Marlowe, The Tragical History of Doctor Faustus",normal,1458,,,Common,,Sorcery
Takklemaggot,{2}{B}{B},4,B,Daniel Gelon,,Enchantment — Aura,"Enchant creature\nAt the beginning of the upkeep of enchanted creature's controller, put a -0/-1 counter on that creature.\nWhen enchanted creature dies, that creature's controller chooses a creature that Takklemaggot could enchant. If he or she does, return Takklemaggot to the battlefield under your control attached to that creature. If he or she doesn't, return Takklemaggot to the battlefield under your control as a non-Aura enchantment. It loses ""enchant creature"" and gains ""At the beginning of that player's upkeep, Takklemaggot deals 1 damage to him or her.""","LEG,CHR,ME3",,normal,1459,,,Uncommon,Aura,Enchantment
Telekinesis,{U}{U},2,U,Daniel Gelon,,Instant,Tap target creature. Prevent all combat damage that would be dealt by that creature this turn. It doesn't untap during its controller's next two untap steps.,"LEG,MED",,normal,1505,,,Rare,,Instant
Teleport,{U}{U}{U},3,U,Douglas Shuler,,Instant,Cast Teleport only during the declare attackers step.\nTarget creature can't be blocked this turn.,"LEG,CHR",,normal,1506,,,Rare,,Instant
Tempest Efreet,{1}{R}{R}{R},4,R,NéNé Thomas,,Creature — Efreet,"Remove Tempest Efreet from your deck before playing if you're not playing for ante.\n{T}, Sacrifice Tempest Efreet: Target opponent may pay 10 life. If that player doesn't, he or she reveals a card at random from his or her hand. Exchange ownership of the revealed card and Tempest Efreet. Put the revealed card into your hand and Tempest Efreet from anywhere into that player's graveyard. This change in ownership is permanent.","LEG,4ED",,normal,1592,3,3,Rare,Efreet,Creature
Tetsuo Umezawa,{U}{B}{R},3,"U,B,R",Julie Baroh,,Legendary Creature — Human Archer,"Tetsuo Umezawa can't be the target of Aura spells.\n{U}{B}{B}{R}, {T}: Destroy target tapped or blocking creature.","LEG,ME3",,normal,1688,3,3,Rare,"Human,Archer",Creature
The Abyss,{3}{B},4,B,Pete Venters,,World Enchantment,"At the beginning of each player's upkeep, destroy target nonartifact creature that player controls of his or her choice. It can't be regenerated.","LEG,ME3","""An immense river of oblivion is sweeping us away into a nameless abyss."" —Ernest Renan, Souvenirs d'Enfance et de Jeunesse",normal,1460,,,Rare,,Enchantment
The Brute,{1}{R},2,R,Mark Poole,,Enchantment — Aura,Enchant creature\nEnchanted creature gets +1/+0.\n{R}{R}{R}: Regenerate enchanted creature.,"LEG,4ED,5ED","""Union may be strength, but it is mere blind brute strength unless wisely directed."" —Samuel Butler",normal,1593,,,Common,Aura,Enchantment
The Lady of the Mountain,{4}{R}{G},6,"R,G",Richard Kane Ferguson,,Legendary Creature — Giant,,"LEG,ME3","Her given name has been lost in the mists of time. Legend says that her silent vigil will one day be ended by the one who, pure of heart and spirit, calls out that name again.",normal,1689,5,5,Uncommon,Giant,Creature
The Tabernacle at Pendrell Vale,,,,Nicola Leonard,,Legendary Land,"All creatures have ""At the beginning of your upkeep, destroy this creature unless you pay {1}.""","LEG,ME3",,normal,1690,,,Rare,,Land
The Wretched,{3}{B}{B},5,B,Christopher Rush,,Creature — Demon,"At end of combat, gain control of all creatures blocking The Wretched for as long as you control The Wretched.","LEG,CHR,5ED,ME3",,normal,1461,2,5,Rare,Demon,Creature
Thunder Spirit,{1}{W}{W},3,W,Randy Asplund-Faith,,Creature — Elemental Spirit,"Flying, first strike","LEG,MED","""It was full of fire and smoke and light and . . . it drove between us and the Efrafans like a thousand thunderstorms with lightning."" —Richard Adams, Watership Down",normal,1637,2,2,Rare,"Elemental,Spirit",Creature
Time Elemental,{2}{U},3,U,Amy Weber,,Creature — Elemental,"When Time Elemental attacks or blocks, at end of combat, sacrifice it and it deals 5 damage to you.\n{2}{U}{U}, {T}: Return target permanent that isn't enchanted to its owner's hand.","LEG,4ED,5ED,MED",,normal,1507,0,2,Rare,Elemental,Creature
Tobias Andrion,{3}{W}{U},5,"W,U",Andi Rusu,,Legendary Creature — Human Advisor,,"LEG,CHR,ME3","Administrator of the military state of Sheoltun, Tobias is the military right arm of the empire and the figurehead of its freedom.",normal,1691,4,4,Uncommon,"Human,Advisor",Creature
Tolaria,,,U,Nicola Leonard,,Legendary Land,"{T}: Add {U} to your mana pool.\n{T}: Target creature loses banding and all ""bands with other"" abilities until end of turn. Activate this ability only during any upkeep step.",LEG,"""Fairest Isle, all isles excelling,/ Seat of pleasures, and of loves . . ."" —John Dryden",normal,1705,,,Uncommon,,Land
Tor Wauki,{2}{B}{B}{R},5,"B,R",Randy Asplund-Faith,,Legendary Creature — Human Archer,{T}: Tor Wauki deals 2 damage to target attacking or blocking creature.,"LEG,CHR,ME3",,normal,1692,3,3,Uncommon,"Human,Archer",Creature
Torsten Von Ursus,{3}{G}{G}{W},6,"W,G",Mark Poole,,Legendary Creature — Human Soldier,,"LEG,ME3","""How can you accuse me of evil? Though these deeds be unsavory, no one will argue: good shall follow from them.""",normal,1693,5,5,Uncommon,"Human,Soldier",Creature
Touch of Darkness,{B},1,B,Pete Venters,,Instant,Any number of target creatures become black until end of turn.,LEG,"""Black spirits and white, red spirits and gray,/ Mingle, mingle, mingle, you that mingle may."" —Thomas Middleton, The Witch",normal,1462,,,Uncommon,,Instant
Transmutation,{1}{B},2,B,Susan Van Camp,,Instant,Switch target creature's power and toughness until end of turn.,"LEG,CHR","""You know what I was,/ You see what I am: change me, change me!""\n—Randall",normal,1463,,,Common,,Instant
Triassic Egg,{4},4,,Dan Frazier,,Artifact,"{3}, {T}: Put a hatchling counter on Triassic Egg.\nSacrifice Triassic Egg: Choose one —\n• You may put a creature card from your hand onto the battlefield. Activate this ability only if two or more hatchling counters are on Triassic Egg.\n• Return target creature card from your graveyard to the battlefield. Activate this ability only if two or more hatchling counters are on Triassic Egg.","LEG,CHR,ME4",,normal,1424,,,Rare,,Artifact
Tuknir Deathlock,{R}{R}{G}{G},4,"R,G",Liz Danforth,,Legendary Creature — Human Wizard,"Flying\n{R}{G}, {T}: Target creature gets +2/+2 until end of turn.","LEG,ME3","An explorer of the Æther, Tuknir often discovers himself in the most unusual physical realms.",normal,1694,2,2,Rare,"Human,Wizard",Creature
Tundra Wolves,{W},1,W,Quinton Hoover,,Creature — Wolf,First strike (This creature deals combat damage before creatures without first strike.),"LEG,4ED,5ED,6ED,8ED,10E","I heard their eerie howling, the wolves calling their kindred across the frozen plains.",normal,1638,1,1,Common,Wolf,Creature
Typhoon,{2}{G},3,G,Anson Maddocks,,Sorcery,Typhoon deals damage to each opponent equal to the number of Islands that player controls.,LEG,Fierce winds ripped across the tropical landscape. What they did not destroy with their fiery breath was washed away by torrential rain.,normal,1549,,,Rare,,Sorcery
Undertow,{2}{U},3,U,Randy Asplund-Faith,,Enchantment,Creatures with islandwalk can be blocked as though they didn't have islandwalk.,LEG,,normal,1508,,,Uncommon,,Enchantment
Underworld Dreams,{B}{B}{B},3,B,Julie Baroh,,Enchantment,"Whenever an opponent draws a card, Underworld Dreams deals 1 damage to him or her.","LEG,8ED,9ED,p2HG,10E,M10,DPA","""In the drowsy dark cave of the mind dreams build their nest with fragments dropped from day's caravan."" —Rabindranath Tagore",normal,1464,,,Uncommon,,Enchantment
Unholy Citadel,,,,Mark Poole,,Land,"Black legendary creatures you control have ""bands with other legendary creatures."" (Any legendary creatures can attack in a band as long as at least one has ""bands with other legendary creatures."" Bands are blocked as a group. If at least two legendary creatures you control, one of which has ""bands with other legendary creatures,"" are blocking or being blocked by the same creature, you divide that creature's combat damage, not its controller, among any of the creatures it's being blocked by or is blocking.)",LEG,,normal,1706,,,Uncommon,,Land
Untamed Wilds,{2}{G},3,G,NéNé Thomas,,Sorcery,Search your library for a basic land card and put that card onto the battlefield. Then shuffle your library.,"LEG,4ED,RQS,ITP,5ED,POR,PO2,6ED,S99,7ED",,normal,1550,,,Uncommon,,Sorcery
Ur-Drago,{3}{U}{U}{B}{B},7,"U,B",Christopher Rush,,Legendary Creature — Elemental,First strike\nCreatures with swampwalk can be blocked as though they didn't have swampwalk.,LEG,,normal,1695,4,4,Rare,Elemental,Creature
Urborg,,,B,Bryon Wackwitz,,Legendary Land,{T}: Add {B} to your mana pool.\n{T}: Target creature loses first strike or swampwalk until end of turn.,"LEG,ME3","""Resignedly beneath the sky/The melancholy waters lie./So blend the turrets and shadows there/That all seem pendulous in air,/While from a proud tower in town/Death looks gigantically down."" —Edgar Allan Poe, ""The City in the Sea""",normal,1707,,,Uncommon,,Land
Vaevictis Asmadi,{2}{B}{B}{R}{R}{G}{G},8,"B,R,G",Andi Rusu,,Legendary Creature — Elder Dragon,"Flying\nAt the beginning of your upkeep, sacrifice Vaevictis Asmadi unless you pay {B}{R}{G}.\n{B}: Vaevictis Asmadi gets +1/+0 until end of turn.\n{R}: Vaevictis Asmadi gets +1/+0 until end of turn.\n{G}: Vaevictis Asmadi gets +1/+0 until end of turn.","LEG,CHR,ME3",,normal,1696,7,7,Rare,"Elder,Dragon",Creature
Vampire Bats,{B},1,B,Anson Maddocks,,Creature — Bat,Flying (This creature can't be blocked except by creatures with flying or reach.)\n{B}: Vampire Bats gets +1/+0 until end of turn. Activate this ability no more than twice each turn.,"LEG,4ED,RQS,ITP,5ED,10E,DDD,DD3_GVL","""For something is amiss or out of place/ When mice with wings can wear a human face."" —Theodore Roethke, ""The Bat""",normal,1465,0,1,Common,Bat,Creature
Venarian Gold,{X}{U}{U},2,U,Daniel Gelon,,Enchantment — Aura,"Enchant creature\nWhen Venarian Gold enters the battlefield, tap enchanted creature and put a number of sleep counters on it equal to the value of X as you cast Venarian Gold.\nEnchanted creature doesn't untap during its controller's untap step if it has a sleep counter on it.\nAt the beginning of the upkeep of enchanted creature's controller, remove a sleep counter from that creature.",LEG,,normal,1509,,,Common,Aura,Enchantment
Visions,{W},1,W,NéNé Thomas,,Sorcery,Look at the top five cards of target player's library. You may then have that player shuffle that library.,"LEG,4ED","""Visions of glory, spare my aching sight,/ Ye unborn ages, crowd not on my soul!""\n—Thomas Gray, The Bard",normal,1639,,,Uncommon,,Sorcery
Voodoo Doll,{6},6,,Sandra Everingham,,Artifact,"At the beginning of your upkeep, put a pin counter on Voodoo Doll.\nAt the beginning of your end step, if Voodoo Doll is untapped, destroy Voodoo Doll and it deals damage to you equal to the number of pin counters on it.\n{X}{X}, {T}: Voodoo Doll deals damage equal to the number of pin counters on it to target creature or player. X is the number of pin counters on Voodoo Doll.","LEG,CHR,ME3",,normal,1425,,,Rare,,Artifact
Walking Dead,{1}{B},2,B,Dan Frazier,,Creature — Zombie,{B}: Regenerate Walking Dead.,LEG,The Walking Dead are the remains of freakish experiments by the Necromantic Lords.,normal,1466,1,1,Common,Zombie,Creature
Wall of Caltrops,{1}{W},2,W,Brian Snõddy,,Creature — Wall,"Defender (This creature can't attack.)\nWhenever Wall of Caltrops blocks a creature, if at least one other Wall creature is blocking that creature and no non-Wall creatures are blocking that creature, Wall of Caltrops gains banding until end of turn. (If any creatures with banding you control are blocking a creature, you divide that creature's combat damage, not its controller, among any of the creatures it's being blocked by.)",LEG,"""Ow! Ow ow ow! Oooh, ow, OW!""",normal,1640,2,1,Common,Wall,Creature
Wall of Dust,{2}{R},3,R,Richard Thomas,,Creature — Wall,"Defender (This creature can't attack.)\nWhenever Wall of Dust blocks a creature, that creature can't attack during its controller's next turn.","LEG,4ED",An ever-moving swarm of dust engulfs and disorients anything that comes near.,normal,1594,1,4,Uncommon,Wall,Creature
Wall of Earth,{1}{R},2,R,Richard Thomas,,Creature — Wall,Defender (This creature can't attack.),LEG,"The ground shuddered violently and the earth seemed to come to life. The elemental force contained in the vast wall of earth was trapped, bent to its controller's will.",normal,1595,0,6,Common,Wall,Creature
Wall of Heat,{2}{R},3,R,Richard Thomas,,Creature — Wall,Defender (This creature can't attack.),"LEG,CHR,BRB","At a distance, we mistook the sound for a waterfall . . .",normal,1596,2,6,Common,Wall,Creature
Wall of Light,{2}{W},3,W,Richard Thomas,,Creature — Wall,Defender (This creature can't attack.)\nProtection from black,"LEG,ME3",As many attackers were dazzled by the wall's beauty as were halted by its force.,normal,1641,1,5,Uncommon,Wall,Creature
Wall of Opposition,{3}{R}{R},5,R,Harold McNeill,,Creature — Wall,Defender (This creature can't attack.)\n{1}: Wall of Opposition gets +1/+0 until end of turn.,"LEG,CHR","Like so many obstacles in life, the Wall of Opposition is but an illusion, held fast by the focus and belief of the one who creates it.",normal,1597,0,6,Rare,Wall,Creature
Wall of Putrid Flesh,{2}{B},3,B,Richard Thomas,,Creature — Wall,Defender (This creature can't attack.)\nProtection from white\nPrevent all damage that would be dealt to Wall of Putrid Flesh by enchanted creatures.,LEG,,normal,1467,2,4,Uncommon,Wall,Creature
Wall of Shadows,{1}{B}{B},3,B,Pete Venters,,Creature — Wall,Defender (This creature can't attack.)\nPrevent all damage that would be dealt to Wall of Shadows by creatures it's blocking.\nWall of Shadows can't be the target of spells that can target only Walls or of abilities that can target only Walls.,"LEG,CHR",,normal,1468,0,1,Common,Wall,Creature
Wall of Tombstones,{1}{B},2,B,Dan Frazier,,Creature — Wall,"Defender (This creature can't attack.)\nAt the beginning of your upkeep, change Wall of Tombstones's base toughness to 1 plus the number of creature cards in your graveyard. (This effect lasts indefinitely.)",LEG,,normal,1469,0,1,Uncommon,Wall,Creature
Wall of Vapor,{3}{U},4,U,Richard Thomas,,Creature — Wall,Defender (This creature can't attack.)\nPrevent all damage that would be dealt to Wall of Vapor by creatures it's blocking.,"LEG,CHR","""Walls of a castle are made out of stone,/ Walls of a house out of bricks or of wood./ My walls are made out of magic alone,/ Stronger than any that ever have stood."" —Chrysoberyl Earthsdaughter, Incantations",normal,1510,0,1,Common,Wall,Creature
Wall of Wonder,{2}{U}{U},4,U,Richard Thomas,,Creature — Wall,Defender (This creature can't attack.)\n{2}{U}{U}: Wall of Wonder gets +4/-4 until end of turn and can attack this turn as though it didn't have defender.,"LEG,CHR,7ED",So confusing is the Wall's appearance that few of its victims even see it move.,normal,1511,1,5,Uncommon,Wall,Creature
Whirling Dervish,{G}{G},2,G,Susan Van Camp,,Creature — Human Monk,"Protection from black\nAt the beginning of each end step, if Whirling Dervish dealt damage to an opponent this turn, put a +1/+1 counter on it.","LEG,4ED,RQS,ITP,5ED,pSUS,TSB",,normal,1551,1,1,Uncommon,"Human,Monk",Creature
White Mana Battery,{4},4,W,Anthony Waters,,Artifact,"{2}, {T}: Put a charge counter on White Mana Battery.\n{T}, Remove any number of charge counters from White Mana Battery: Add {W} to your mana pool, then add an additional {W} to your mana pool for each charge counter removed this way.","LEG,4ED",,normal,1426,,,Uncommon,,Artifact
Willow Satyr,{2}{G}{G},4,G,Jeff A. Menges,,Creature — Satyr,You may choose not to untap Willow Satyr during your untap step.\n{T}: Gain control of target legendary creature for as long as you control Willow Satyr and Willow Satyr remains tapped.,"LEG,ME3",,normal,1552,1,1,Rare,Satyr,Creature
Winds of Change,{R},1,R,Justin Hampton,,Sorcery,"Each player shuffles the cards from his or her hand into his or her library, then draws that many cards.","LEG,4ED,5ED,POR,MED","""‘Tis the set of sails, and not the gales,/ Which tells us the way to go."" —Ella Wheeler Wilcox",normal,1598,,,Uncommon,,Sorcery
Winter Blast,{X}{G},1,G,Kaja Foglio,,Sorcery,Tap X target creatures. Winter Blast deals 2 damage to each of those creatures with flying.,"LEG,4ED,RQS,ITP,5ED,MED","""Blow, winds, and crack your cheeks! rage! blow!"" —William Shakespeare, King Lear",normal,1553,,,Rare,,Sorcery
Wolverine Pack,{2}{G}{G},4,G,Jeff A. Menges,,Creature — Wolverine,"Rampage 2 (Whenever this creature becomes blocked, it gets +2/+2 until end of turn for each creature blocking it beyond the first.)","LEG,5ED","""Give them great meals of beef and iron and steel, they will eat like wolves and fight like devils."" —William Shakespeare, King Henry V",normal,1554,2,4,Common,Wolverine,Creature
Wood Elemental,{3}{G},4,G,Brian Snõddy,,Creature — Elemental,"As Wood Elemental enters the battlefield, sacrifice any number of untapped Forests.\nWood Elemental's power and toughness are each equal to the number of Forests sacrificed as it entered the battlefield.","LEG,ME4",,normal,1555,*,*,Rare,Elemental,Creature
Xira Arien,{B}{R}{G},3,"B,R,G",Melissa A. Benson,,Legendary Creature — Insect Wizard,"Flying\n{B}{R}{G}, {T}: Target player draws a card.","LEG,CHR,ME3","A regular guest at the Royal Masquerade, Arien is the envy of the Court. She appears in a new costume every hour.",normal,1697,1,2,Rare,"Insect,Wizard",Creature
Zephyr Falcon,{1}{U},2,U,Heather Hudson,,Creature — Bird,"Flying, vigilance","LEG,4ED,RQS,ITP,5ED","Although greatly prized among falconers, the Zephyr Falcon is capricious and not easily tamed.",normal,1512,1,1,Common,Bird,Creature
