name,manaCost,cmc,colorIdentity,artist,number,type,text,printings,flavor,layout,multiverseid,power,toughness,rarity,subtypes,types
Ajani Goldmane,{2}{W}{W},4,W,Aleksi Briclot,1,Planeswalker — Ajani,"+1: You gain 2 life.\n−1: Put a +1/+1 counter on each creature you control. Those creatures gain vigilance until end of turn.\n−6: Put a white Avatar creature token onto the battlefield. It has ""This creature's power and toughness are each equal to your life total.""","pPRO,LRW,M10,M11",,normal,205957,,,Mythic Rare,Ajani,Planeswalker
Ajani's Mantra,{1}{W},2,W,James Paick,2,Enchantment,"At the beginning of your upkeep, you may gain 1 life.","M11,DDH","""He hasn't returned to the Cloud Forest. But I can still sense his calming presence.""\n—Zaliki of Naya",normal,204987,,,Common,,Enchantment
Ajani's Pridemate,{1}{W},2,W,Svetlin Velinov,3,Creature — Cat Soldier,"Whenever you gain life, you may put a +1/+1 counter on Ajani's Pridemate.","M11,DDH,C13,M15","""When one of us prospers, the pride prospers.""\n—Jazal Goldmane",normal,205065,2,2,Uncommon,"Cat,Soldier",Creature
Angelic Arbiter,{5}{W}{W},7,W,Steve Argyle,4,Creature — Angel,Flying\nEach opponent who cast a spell this turn can't attack with creatures.\nEach opponent who attacked with a creature this turn can't cast spells.,"M11,CMD",,normal,204975,5,6,Rare,Angel,Creature
Armored Ascension,{3}{W},4,W,Jesper Ejsing,5,Enchantment — Aura,Enchant creature\nEnchanted creature gets +1/+1 for each Plains you control and has flying.,"SHM,M10,M11","With skill and strength honed upon the prairie, Naxtil won his battles high above it.",normal,204997,,,Uncommon,Aura,Enchantment
Assault Griffin,{3}{W},4,W,Jesper Ejsing,6,Creature — Griffin,Flying,"M11,M12,GTC","""Fine soldiers guarded the northern front. They waited for two-legged foes and left the skies unheeded.""\n—General Avitora",normal,208296,3,2,Common,Griffin,Creature
Baneslayer Angel,{3}{W}{W},5,W,Greg Staples,7,Creature — Angel,"Flying, first strike, lifelink, protection from Demons and from Dragons","M10,M11,V15",Some angels protect the meek and innocent. Others seek out and smite evil wherever it lurks.,normal,205077,5,5,Mythic Rare,Angel,Creature
Blinding Mage,{1}{W},2,W,Eric Deschamps,8,Creature — Human Wizard,"{W}, {T}: Tap target creature.","M10,M11","""I carry the light of truth. Do not pity those it blinds, for they never had eyes to see.""",normal,205219,1,2,Common,"Human,Wizard",Creature
Celestial Purge,{1}{W},2,W,David Palumbo,9,Instant,Exile target black or red permanent.,"pMPR,CON,M10,M11,M12,MM2","""They say only the good die young. Obviously, you are one of the exceptions.""\n—Delrobah, cleric of Ivora Gate",normal,208290,,,Uncommon,,Instant
Cloud Crusader,{2}{W}{W},4,W,Aleksi Briclot,10,Creature — Human Knight,Flying\nFirst strike (This creature deals combat damage before creatures without first strike.),M11,"Each crusader bonds with a griffin fledgling while still a child, and the two grow up as siblings.",normal,208287,2,3,Common,"Human,Knight",Creature
Condemn,{W},1,W,Daren Bader,11,Instant,Put target attacking creature on the bottom of its owner's library. Its controller gains life equal to its toughness.,"pMPR,DIS,10E,M11,DDL,C14","""No doubt the arbiters would put you away, after all the documents are signed. But I will have justice now.""\n—Alovnek, Boros guildmage",normal,205098,,,Uncommon,,Instant
Day of Judgment,{2}{W}{W},4,W,Vincent Proce,12,Sorcery,Destroy all creatures.,"pMEI,pMPR,ZEN,M11,M12",,normal,208297,,,Rare,,Sorcery
Elite Vanguard,{W},1,W,Mark Tedin,13,Creature — Human Soldier,,"M10,M11,DDF,M12,EMA",The vanguard is skilled at waging war alone. The enemy is often defeated before its reinforcements reach the front.,normal,208291,2,1,Uncommon,"Human,Soldier",Creature
Excommunicate,{2}{W},3,W,Matt Stewart,14,Sorcery,Put target creature on top of its owner's library.,"ALA,M10,M11","""Our law prohibits capital punishment. We believe even the gravest offenders have the chance to redeem themselves.""\n—Torian Sha, soul warden",normal,208273,,,Common,,Sorcery
Goldenglow Moth,{W},1,W,Howard Lyon,15,Creature — Insect,"Flying\nWhenever Goldenglow Moth blocks, you may gain 4 life.","SHM,M11","""Little moth, fluttering bright,\nWhat luck will you bring tonight?""\n—Benalish children's rhyme",normal,208295,0,1,Common,Insect,Creature
Holy Strength,{W},1,W,Terese Nielsen,16,Enchantment — Aura,Enchant creature\nEnchanted creature gets +1/+2.,"LEA,LEB,2ED,CED,CEI,3ED,4ED,5ED,7ED,8ED,9ED,10E,M10,M11","""Born under the sun, the first child will seek the foundation of honor and be fortified by its righteousness.""\n—Codex of the Constellari",normal,205226,,,Common,Aura,Enchantment
Honor of the Pure,{1}{W},2,W,Greg Staples,17,Enchantment,White creatures you control get +1/+1.,"pMEI,M10,M11,M12,MD1","Together the soldiers were like a golden blade, cutting down their enemies and scarring the darkness.",normal,205099,,,Rare,,Enchantment
Infantry Veteran,{W},1,W,Christopher Rush,18,Creature — Human Soldier,{T}: Target attacking creature gets +1/+1 until end of turn.,"VIS,ATH,6ED,BRB,9ED,M11,DDF,DDN","""Any fool can pick up a sword and charge into battle. To emerge alive at the end, that is a gift that comes from leadership and experience.""",normal,208278,1,1,Common,"Human,Soldier",Creature
Inspired Charge,{2}{W}{W},4,W,Wayne Reynolds,19,Instant,Creatures you control get +2/+1 until end of turn.,"M11,M15,BFZ","""Impossible! How could they overwhelm us? We had barricades, war elephants, . . . and they were barely a tenth of our number!""\n—General Avitora",normal,205074,,,Common,,Instant
Knight Exemplar,{1}{W}{W},3,W,Jason Chan,20,Creature — Human Knight,"First strike (This creature deals combat damage before creatures without first strike.)\nOther Knight creatures you control get +1/+1 and have indestructible. (Damage and effects that say ""destroy"" don't destroy them.)","pMEI,M11,DDG",,normal,204988,2,2,Rare,"Human,Knight",Creature
Leyline of Sanctity,{2}{W}{W},4,W,Ryan Pancoast,21,Enchantment,"If Leyline of Sanctity is in your opening hand, you may begin the game with it on the battlefield.\nYou have hexproof. (You can't be the target of spells or abilities your opponents control.)","M11,MM2",,normal,204993,,,Rare,,Enchantment
Mighty Leap,{1}{W},2,W,rk post,22,Instant,Target creature gets +2/+2 and gains flying until end of turn.,"M11,DDF,DDG,M12,DDO,MM2,ORI,OGW","""The southern fortress taken by invaders? Heh, sure . . . when elephants fly.""\n—Brezard Skeinbow, captain of the guard",normal,208280,,,Common,,Instant
Pacifism,{1}{W},2,W,Robert Bliss,23,Enchantment — Aura,Enchant creature\nEnchanted creature can't attack or block.,"MIR,TMP,USG,ATH,6ED,BRB,7ED,ONS,8ED,9ED,10E,DDC,M10,M11,M12,M13,M14,DD3_DVD,DTK,TPR,EMA","For the first time in his life, Grakk felt a little warm and fuzzy inside.",normal,208292,,,Common,Aura,Enchantment
Palace Guard,{2}{W},3,W,Volkan Baga,24,Creature — Human Soldier,Palace Guard can block any number of creatures.,"M10,M11","""I'm not nearly as bothered by being outnumbered as I am by their foul stench.""",normal,205110,1,4,Common,"Human,Soldier",Creature
Roc Egg,{2}{W},3,W,Paul Bonner,25,Creature — Bird,"Defender (This creature can't attack.)\nWhen Roc Egg dies, put a 3/3 white Bird creature token with flying onto the battlefield.","M11,M12",,normal,205055,0,3,Uncommon,Bird,Creature
Safe Passage,{2}{W},3,W,Christopher Moeller,26,Instant,Prevent all damage that would be dealt to you and creatures you control this turn.,"M10,M11,DDI,M13","With one flap of her wings, the angel beat back the fires of war.",normal,205115,,,Common,,Instant
Serra Angel,{3}{W}{W},5,W,Greg Staples,27,Creature — Angel,Flying (This creature can't be blocked except by creatures with flying or reach.)\nVigilance (Attacking doesn't cause this creature to tap.),"LEA,LEB,2ED,CED,CEI,3ED,4ED,ATH,pWOS,7ED,8ED,9ED,10E,DDC,M10,M11,ME4,CMD,M12,M13,M14,M15,DD3_DVD,ORI,V15,W16,EMA",Perfect justice in service of a perfect will.,normal,205234,4,4,Uncommon,Angel,Creature
Serra Ascendant,{W},1,W,Anthony Palumbo,28,Creature — Human Monk,"Lifelink (Damage dealt by this creature also causes you to gain that much life.)\nAs long as you have 30 or more life, Serra Ascendant gets +5/+5 and has flying.",M11,,normal,204989,1,1,Rare,"Human,Monk",Creature
Siege Mastodon,{4}{W},5,W,Matt Cavotta,29,Creature — Elephant,,"M10,M11,M12,M14","""The walls of the wicked will fall before us. Ready the siege engines. We proceed to war!""\n—General Avitora",normal,208293,3,5,Common,Elephant,Creature
Silence,{W},1,W,Wayne Reynolds,30,Instant,Your opponents can't cast spells this turn. (Spells cast before this resolves are unaffected.),"M10,M11,M14","""Take a quiet moment to reflect on your sins.""\n—Cleph, Order of Redeemed Souls",normal,205119,,,Rare,,Instant
Silvercoat Lion,{1}{W},2,W,Terese Nielsen,31,Creature — Cat,,"M10,M11,M13","""In the wild, white fur like mine is an aberration. We lack natural camouflage, but the inability to hide encourages other strengths.""\n—Ajani Goldmane",normal,208283,2,2,Common,Cat,Creature
Solemn Offering,{2}{W},3,W,Sam Wood,32,Sorcery,Destroy target artifact or enchantment. You gain 4 life.,"M10,M11,M14,M15","""A relic donation is suggested.""\n""The suggestion is mandatory.""\n—Temple signs",normal,205095,,,Common,,Sorcery
Squadron Hawk,{1}{W},2,W,Rob Alexander,33,Creature — Bird,"Flying\nWhen Squadron Hawk enters the battlefield, you may search your library for up to three cards named Squadron Hawk, reveal them, put them into your hand, then shuffle your library.","pFNM,M11,EMA",,normal,208279,1,1,Common,Bird,Creature
Stormfront Pegasus,{1}{W},2,W,rk post,34,Creature — Pegasus,Flying,"M10,M11,M12","""At summer's end, the pegasus herd stampedes across the sky. Their silent footfalls taunt the clouds and bid the rains to come.""\n—Stormfront fable",normal,208294,2,1,Common,Pegasus,Creature
Sun Titan,{4}{W}{W},6,W,Todd Lockwood,35,Creature — Giant,"Vigilance\nWhenever Sun Titan enters the battlefield or attacks, you may return target permanent card with converted mana cost 3 or less from your graveyard to the battlefield.","pPRE,M11,M12,DDL,C14,C15",A blazing sun that never sets.,normal,205030,6,6,Mythic Rare,Giant,Creature
Tireless Missionaries,{4}{W},5,W,Dave Kendall,36,Creature — Human Cleric,"When Tireless Missionaries enters the battlefield, you gain 3 life.","M11,M15","If they succeed in their holy work, their order will vanish into welcome obscurity, for there will be no more souls to redeem.",normal,205014,2,3,Common,"Human,Cleric",Creature
Vengeful Archon,{4}{W}{W}{W},7,W,Greg Staples,37,Creature — Archon,"Flying\n{X}: Prevent the next X damage that would be dealt to you this turn. If damage is prevented this way, Vengeful Archon deals that much damage to target player.",M11,,normal,208288,7,7,Rare,Archon,Creature
War Priest of Thune,{1}{W},2,W,Izzy,38,Creature — Human Cleric,"When War Priest of Thune enters the battlefield, you may destroy target enchantment.","M11,M13,EMA","""Let nothing take away from the purity of swords clashing or of arrows taking flight toward the breast of evil.""",normal,208274,2,2,Uncommon,"Human,Cleric",Creature
White Knight,{W}{W},2,W,Christopher Moeller,39,Creature — Human Knight,"First strike (This creature deals combat damage before creatures without first strike.)\nProtection from black (This creature can't be blocked, targeted, dealt damage, or enchanted by anything black.)","LEA,LEB,2ED,CED,CEI,3ED,4ED,5ED,ATH,pFNM,LGN,M10,M11,ME4,DDG",,normal,205239,2,2,Uncommon,"Human,Knight",Creature
Wild Griffin,{2}{W},3,W,Matt Cavotta,40,Creature — Griffin,Flying,"PO2,S99,S00,10E,M11,ME4",Farmers typically keep their flocks at thirteen sheep—one to distract the griffins while they take the other twelve to market.,normal,208275,2,2,Common,Griffin,Creature
Æther Adept,{1}{U}{U},3,U,Eric Deschamps,41,Creature — Human Wizard,"When Æther Adept enters the battlefield, return target creature to its owner's hand.","M11,M12,DDM",Some mages do their best work in solitude. Others do their best work creating it.,normal,205020,2,2,Common,"Human,Wizard",Creature
Air Servant,{4}{U},5,U,Lars Grant-West,42,Creature — Elemental,Flying\n{2}{U}: Tap target creature with flying.,"M11,M14,CNS,MM2,W16","""Wind is forceful, yet ephemeral. It can knock a dragon out of the sky, yet pass through the smallest crack unhindered.""\n—Jestus Dreya, Of Elements and Eternity",normal,205070,4,3,Uncommon,Elemental,Creature
Alluring Siren,{1}{U},2,U,Chippy,43,Creature — Siren,{T}: Target creature an opponent controls attacks you this turn if able.,"M10,M11,M12","""The ground polluted floats with human gore,\nAnd human carnage taints the dreadful shore\nFly swift the dangerous coast: let every ear\nBe stopp'd against the song! 'tis death to hear!""\n—Homer, The Odyssey, trans. Pope",normal,205073,1,1,Uncommon,Siren,Creature
Armored Cancrix,{4}{U},5,U,Tomasz Jedruszek,44,Creature — Crab,,"M11,M14","Creatures displaced from time still turn up every year, stranded by the temporal disaster that once swept across Dominaria.",normal,205083,2,5,Common,Crab,Creature
Augury Owl,{1}{U},2,U,Jim Nelson,45,Creature — Bird,"Flying\nWhen Augury Owl enters the battlefield, scry 3. (Look at the top three cards of your library, then put any number of them on the bottom of your library and the rest on top in any order.)","M11,DDI,PC2",,normal,208225,1,1,Common,Bird,Creature
Azure Drake,{3}{U},4,U,Janine Johnston,46,Creature — Drake,Flying,"LEG,CHR,5ED,BRB,9ED,M11","More so than ""storm"" or ""pirate,"" ""drake"" is the word a sailor least wants to hear.",normal,204984,2,4,Common,Drake,Creature
Call to Mind,{2}{U},3,U,Terese Nielsen,47,Sorcery,Return target instant or sorcery card from your graveyard to your hand.,"M11,C14","""It's hard to say which is more satisfying: the search for that missing piece or fitting that piece into place.""\n—Evo Ragus",normal,208218,,,Uncommon,,Sorcery
Cancel,{1}{U}{U},3,U,David Palumbo,48,Instant,Counter target spell.,"pMPR,TSP,10E,ALA,M10,ZEN,DPA,M11,M12,PC2,RTR,M14,M15,KTK",,normal,208217,,,Common,,Instant
Clone,{3}{U},4,U,Kev Walker,49,Creature — Shapeshifter,You may have Clone enter the battlefield as a copy of any creature on the battlefield.,"LEA,LEB,2ED,CED,CEI,3ED,ONS,9ED,10E,M10,M11,DDI,M13,M14",The shapeshifter mimics with a twin's esteem and a mirror's cruelty.,normal,205220,0,0,Rare,Shapeshifter,Creature
Cloud Elemental,{2}{U},3,U,Michael Sutfin,50,Creature — Elemental,Flying\nCloud Elemental can block only creatures with flying.,"VIS,BTD,10E,M11,MM2","""The sky teems with just as much life as the forest or the deep seas.""\n—Hadi Kasten, Calla Dale naturalist",normal,208224,2,3,Common,Elemental,Creature
Conundrum Sphinx,{2}{U}{U},4,U,Michael Komarck,51,Creature — Sphinx,"Flying\nWhenever Conundrum Sphinx attacks, each player names a card. Then each player reveals the top card of his or her library. If the card a player revealed is the card he or she named, that player puts it into his or her hand. If it's not, that player puts it on the bottom of his or her library.","M11,CMD",,normal,204982,4,4,Rare,Sphinx,Creature
Diminish,{U},1,U,Eric Deschamps,52,Instant,Target creature has base power and toughness 1/1 until end of turn.,M11,"""‘That was a narrow escape!' said Alice, a good deal frightened at the sudden change, but very glad to find herself still in existence.""\n—Lewis Carroll, Alice's Adventures in Wonderland",normal,208226,,,Common,,Instant
Flashfreeze,{1}{U},2,U,Brian Despain,53,Instant,Counter target red or green spell.,"CSP,10E,M10,M11,M12,MM2","""Your downfall was not your ignorance, your weakness, or your hubris, but your warm blood.""\n—Heidar, Rimewind master",normal,208219,,,Uncommon,,Instant
Foresee,{3}{U},4,U,Ron Spears,54,Sorcery,"Scry 4, then draw two cards. (To scry 4, look at the top four cards of your library, then put any number of them on the bottom of your library and the rest on top in any order.)","FUT,M11","Two eyes to see what could be, two eyes to see what will.",normal,205068,,,Common,,Sorcery
Frost Titan,{4}{U}{U},6,U,Mike Bierek,55,Creature — Giant,"Whenever Frost Titan becomes the target of a spell or ability an opponent controls, counter that spell or ability unless its controller pays {2}.\nWhenever Frost Titan enters the battlefield or attacks, tap target permanent. It doesn't untap during its controller's next untap step.","pMEI,M11,M12,C14",,normal,204999,6,6,Mythic Rare,Giant,Creature
Harbor Serpent,{4}{U}{U},6,U,Daarken,56,Creature — Serpent,Islandwalk (This creature can't be blocked as long as defending player controls an Island.)\nHarbor Serpent can't attack unless there are five or more Islands on the battlefield.,"M11,M12,M13","Like most giant monsters villagers worship as gods, it proves a fickle master.",normal,204974,5,5,Common,Serpent,Creature
Ice Cage,{1}{U},2,U,Mike Bierek,57,Enchantment — Aura,"Enchant creature\nEnchanted creature can't attack or block, and its activated abilities can't be activated.\nWhen enchanted creature becomes the target of a spell or ability, destroy Ice Cage.","M10,M11,M12",,normal,205101,,,Common,Aura,Enchantment
Jace Beleren,{1}{U}{U},3,U,Aleksi Briclot,58,Planeswalker — Jace,+2: Each player draws a card.\n−1: Target player draws a card.\n−10: Target player puts the top twenty cards of his or her library into his or her graveyard.,"pMEI,LRW,DD2,M10,M11,DD3_JVC",,normal,205960,,,Mythic Rare,Jace,Planeswalker
Jace's Erasure,{1}{U},2,U,Jason Chan,59,Enchantment,"Whenever you draw a card, you may have target player put the top card of his or her library into his or her graveyard.","M11,M12","""You should try to clear your mind of idle thoughts. And if you can't, I will.""",normal,205043,,,Common,,Enchantment
Jace's Ingenuity,{3}{U}{U},5,U,Igor Kieryluk,60,Instant,Draw three cards.,"pFNM,M11,DDM,M15","""Brute force can sometimes kick down a locked door, but knowledge is a skeleton key.""",normal,205015,,,Uncommon,,Instant
Leyline of Anticipation,{2}{U}{U},4,U,Charles Urbach,61,Enchantment,"If Leyline of Anticipation is in your opening hand, you may begin the game with it on the battlefield.\nYou may cast nonland cards as though they had flash. (You may cast them any time you could cast an instant.)",M11,,normal,205008,,,Rare,,Enchantment
Mana Leak,{1}{U},2,U,Howard Lyon,62,Instant,Counter target spell unless its controller pays {3}.,"pARL,STH,BRB,pMPR,8ED,9ED,M11,M12,DDN,TPR,MM2",The fatal flaw in every plan is the assumption that you know more than your enemy.,normal,204981,,,Common,,Instant
Maritime Guard,{1}{U},2,U,Allen Williams,63,Creature — Merfolk Soldier,,"M11,ORI","Once common in the Kapsho Seas, merfolk were hunted almost to extinction. They survived those dark days and emerged calculating and determined to endure.",normal,205040,1,3,Common,"Merfolk,Soldier",Creature
Mass Polymorph,{5}{U},6,U,Christopher Moeller,64,Sorcery,"Exile all creatures you control, then reveal cards from the top of your library until you reveal that many creature cards. Put all creature cards revealed this way onto the battlefield, then shuffle the rest of the revealed cards into your library.",M11,,normal,204977,,,Rare,,Sorcery
Merfolk Sovereign,{1}{U}{U},3,U,Jesper Ejsing,65,Creature — Merfolk,Other Merfolk creatures you control get +1/+1.\n{T}: Target Merfolk creature can't be blocked this turn.,"M10,M11","""Be like the sea: flow around that which is unmovable; for everything else, crash into it unrelentingly.""",normal,205108,2,2,Rare,Merfolk,Creature
Merfolk Spy,{U},1,U,Matt Cavotta & Richard Whitters,66,Creature — Merfolk Rogue,"Islandwalk (This creature can't be blocked as long as defending player controls an Island.)\nWhenever Merfolk Spy deals combat damage to a player, that player reveals a card at random from his or her hand.","M11,M14",,normal,205009,1,1,Common,"Merfolk,Rogue",Creature
Mind Control,{3}{U}{U},5,U,Ryan Pancoast,67,Enchantment — Aura,Enchant creature\nYou control enchanted creature.,"pWPN,M10,DPA,M11,M12","""The mind: a great weapon and an even greater weakness.""\n—Jace Beleren",normal,208220,,,Uncommon,Aura,Enchantment
Negate,{1}{U},2,U,Jeremy Jarvis,68,Instant,Counter target noncreature spell.,"pMPR,MOR,M10,DPA,M11,M12,M13,M14,M15,DTK,ORI,OGW",Masters of the arcane savor a delicious irony. Their study of deep and complex arcana leads to such a simple end: the ability to say merely yes or no.,normal,208222,,,Common,,Instant
Phantom Beast,{3}{U},4,U,Ryan Yee,69,Creature — Illusion Beast,"When Phantom Beast becomes the target of a spell or ability, sacrifice it.",M11,"As insubstantial as fear, and as dangerous.",normal,205017,4,5,Common,"Illusion,Beast",Creature
Preordain,{U},1,U,Svetlin Velinov,70,Sorcery,"Scry 2, then draw a card. (To scry 2, look at the top two cards of your library, then put any number of them on the bottom of your library and the rest on top in any order.)","M11,DDI,C15",,normal,205019,,,Common,,Sorcery
Redirect,{U}{U},2,U,Izzy,71,Instant,You may choose new targets for target spell.,"M11,M12,M13","""Your strategy is marvelous. I've just made a few minor adjustments.""\n—Veris, watcher of Indi Keep",normal,208227,,,Rare,,Instant
Scroll Thief,{2}{U},3,U,Alex Horley-Orlandelli,72,Creature — Merfolk Rogue,"Whenever Scroll Thief deals combat damage to a player, draw a card.","M11,DDI,M13,M14","I've learned how to disable wards, pick locks, and decode the Agaran language—all before even reading the scroll!",normal,205004,1,3,Common,"Merfolk,Rogue",Creature
Sleep,{2}{U}{U},4,U,Chris Rahn,73,Sorcery,Tap all creatures target player controls. Those creatures don't untap during that player's next untap step.,"M10,M11,M13,C15","""I give them dreams so wondrous that they hesitate to return to the world of the conscious.""\n—Garild, merfolk mage",normal,205120,,,Uncommon,,Sorcery
Stormtide Leviathan,{5}{U}{U}{U},8,U,Karl Kopinski,74,Creature — Leviathan,Islandwalk (This creature can't be blocked as long as defending player controls an Island.)\nAll lands are Islands in addition to their other types.\nCreatures without flying or islandwalk can't attack.,"M11,M13,M15",,normal,205029,8,8,Rare,Leviathan,Creature
Time Reversal,{3}{U}{U},5,U,Howard Lyon,75,Sorcery,"Each player shuffles his or her hand and graveyard into his or her library, then draws seven cards. Exile Time Reversal.","M11,M12","""Optimists see the world as they wish it to be. Pessimists see the world as it is. Must these roles be mutually exclusive?""\n—Evo Ragus",normal,205022,,,Mythic Rare,,Sorcery
Tome Scour,{U},1,U,Steven Belledin,76,Sorcery,Target player puts the top five cards of his or her library into his or her graveyard.,"M10,M11,M14","Genius is overrated, especially when it's someone else's.",normal,205000,,,Common,,Sorcery
Traumatize,{3}{U}{U},5,U,Greg Staples,77,Sorcery,"Target player puts the top half of his or her library, rounded down, into his or her graveyard.","ODY,9ED,10E,M10,M11,M14",He was left with just enough memory to understand what he had lost.,normal,208221,,,Rare,,Sorcery
Unsummon,{U},1,U,Izzy,78,Instant,Return target creature to its owner's hand.,"LEA,LEB,2ED,CED,CEI,3ED,4ED,RQS,ITP,5ED,6ED,7ED,8ED,10E,CON,M10,DPA,M11,M12,M13","""You're trespassing in my reality. Ask permission next time.""\n—Simun the Quiet",normal,208223,,,Common,,Instant
Wall of Frost,{1}{U}{U},3,U,Mike Bierek,79,Creature — Wall,"Defender (This creature can't attack.)\nWhenever Wall of Frost blocks a creature, that creature doesn't untap during its controller's next untap step.","M10,M11,PC2,M14,M15","""I welcome it. The pasture is cleared of weeds and the wolves are frozen solid.""\n—Lumi, goatherd",normal,205128,0,7,Uncommon,Wall,Creature
Water Servant,{2}{U}{U},4,U,Igor Kieryluk,80,Creature — Elemental,{U}: Water Servant gets +1/-1 until end of turn.\n{U}: Water Servant gets -1/+1 until end of turn.,"M11,M14,MM2","""This creature has innate perceptiveness. It knows when to rise and when to vanish into the tides.""\n—Jestus Dreya, Of Elements and Eternity",normal,205006,3,4,Uncommon,Elemental,Creature
Assassinate,{2}{B},3,B,Kev Walker,81,Sorcery,Destroy target tapped creature.,"TSP,10E,M10,M11,PC2,CNS","""This is how wars are won—not with armies of soldiers but with a single knife blade, artfully placed.""\n—Yurin, royal assassin",normal,205217,,,Common,,Sorcery
Barony Vampire,{2}{B},3,B,Daarken,82,Creature — Vampire,,M11,"""Poor little sun-dweller out past curfew. And to think, you might have survived if it wasn't so close to suppertime.""",normal,205001,3,2,Common,Vampire,Creature
Black Knight,{B}{B},2,B,Christopher Moeller,83,Creature — Human Knight,"First strike (This creature deals combat damage before creatures without first strike.)\nProtection from white (This creature can't be blocked, targeted, dealt damage, or enchanted by anything white.)","LEA,LEB,2ED,CED,CEI,3ED,4ED,5ED,ATH,pFNM,MED,M10,M11,ME4",,normal,205218,2,2,Uncommon,"Human,Knight",Creature
Blood Tithe,{3}{B},4,B,Robh Ruppel,84,Sorcery,Each opponent loses 3 life. You gain life equal to the life lost this way.,M11,"The Crimson Throne may be empty, but its coffers are full.",normal,205054,,,Common,,Sorcery
Bloodthrone Vampire,{1}{B},2,B,Steve Argyle,85,Creature — Vampire,Sacrifice a creature: Bloodthrone Vampire gets +2/+2 until end of turn.,"pMEI,ROE,M11,M13,MM2,DDP","""The underclass often forget that they are not tenants, or servants, but property.""",normal,205238,1,1,Common,Vampire,Creature
Bog Raiders,{2}{B},3,B,Carl Critchlow,86,Creature — Zombie,Swampwalk (This creature can't be blocked as long as defending player controls a Swamp.),"POR,USG,S99,M11",Zombies are the perfect marshland fighters—they don't need to breathe and they don't care what they step in.,normal,207105,2,2,Common,Zombie,Creature
Captivating Vampire,{1}{B}{B},3,B,Eric Deschamps,87,Creature — Vampire,Other Vampire creatures you control get +1/+1.\nTap five untapped Vampires you control: Gain control of target creature. It becomes a Vampire in addition to its other types.,M11,,normal,205041,2,2,Rare,Vampire,Creature
Child of Night,{1}{B},2,B,Ash Wood,88,Creature — Vampire,Lifelink (Damage dealt by this creature also causes you to gain that much life.),"M10,M11,M12,DDK,M14,M15","A vampire enacts vengeance on the entire world, claiming her debt two tiny pinpricks at a time.",normal,205122,2,1,Common,Vampire,Creature
Corrupt,{5}{B},6,B,Dave Allsop,89,Sorcery,Corrupt deals damage equal to the number of Swamps you control to target creature or player. You gain life equal to the damage dealt this way.,"pMEI,USG,7ED,pMPR,SHM,DDC,DDD,M11,M14,DD3_DVD,DD3_GVL","The power of the fens sleeps lightly, and always awakens hungry.",normal,207106,,,Uncommon,,Sorcery
Dark Tutelage,{2}{B},3,B,James Ryman,90,Enchantment,"At the beginning of your upkeep, reveal the top card of your library and put that card into your hand. You lose life equal to its converted mana cost.",M11,"""It is a rough road that leads to the heights of greatness.""\n—Seneca, Epistles, trans. Gummere",normal,204979,,,Rare,,Enchantment
Deathmark,{B},1,B,Steven Belledin,91,Sorcery,Destroy target green or white creature.,"CSP,10E,M10,M11,M12,MM2","There are few ways to escape the deathmark: bargaining with a demon, washing in the fabled waters of youth, and of course, death.",normal,207100,,,Uncommon,,Sorcery
Demon of Death's Gate,{6}{B}{B}{B},9,B,Vance Kovacs,92,Creature — Demon,"You may pay 6 life and sacrifice three black creatures rather than pay Demon of Death's Gate's mana cost.\nFlying, trample",M11,"The locks on the cages of the damned are opened with keys of marrow, sinew, and blood.",normal,205131,9,9,Mythic Rare,Demon,Creature
Diabolic Tutor,{2}{B}{B},4,B,Greg Staples,93,Sorcery,Search your library for a card and put that card into your hand. Then shuffle your library.,"ODY,8ED,9ED,10E,M10,M11,CMD,M12,M14",The wise always keep an ear open to the whispers of power.,normal,205222,,,Uncommon,,Sorcery
Disentomb,{B},1,B,Alex Horley-Orlandelli,94,Sorcery,Return target creature card from your graveyard to your hand.,"M10,M11,M12,M13",The armies of the dead always report well rested.,normal,207101,,,Common,,Sorcery
Doom Blade,{1}{B},2,B,Chippy,95,Instant,Destroy target nonblack creature.,"pMPR,M10,M11,CMD,M12,M14",The void is without substance but cuts like steel.,normal,205088,,,Common,,Instant
Duress,{B},1,B,Steven Belledin,96,Sorcery,"Target opponent reveals his or her hand. You choose a noncreature, nonland card from it. That player discards that card.","pMEI,pARL,USG,pFNM,7ED,DDC,M10,M11,PD3,M13,M14,MD1,DD3_DVD,DTK,EMA","""Don't worry. I'm not going to deprive you of all your secrets. Just your most precious one.""\n—Liliana Vess",normal,205024,,,Common,,Sorcery
Grave Titan,{4}{B}{B},6,B,Nils Hamm,97,Creature — Giant,"Deathtouch\nWhenever Grave Titan enters the battlefield or attacks, put two 2/2 black Zombie creature tokens onto the battlefield.","pMEI,M11,M12,C14",Death in form and function.,normal,205012,6,6,Mythic Rare,Giant,Creature
Gravedigger,{3}{B},4,B,Dermot Power,98,Creature — Zombie,"When Gravedigger enters the battlefield, you may return target creature card from your graveyard to your hand.","POR,TMP,6ED,S99,BTD,7ED,ODY,8ED,9ED,pGTW,10E,M10,HOP,M11,CMD,M12,M15,TPR,EMA",Only a thin layer of dirt separates civilization from an undead apocalypse.,normal,207102,2,2,Common,Zombie,Creature
Haunting Echoes,{3}{B}{B},5,B,Nils Hamm,99,Sorcery,"Exile all cards from target player's graveyard other than basic land cards. For each card exiled this way, search that player's library for all cards with the same name as that card and exile them. Then that player shuffles his or her library.","ODY,M10,M11",,normal,205005,,,Rare,,Sorcery
Howling Banshee,{2}{B}{B},4,B,Andrew Robinson,100,Creature — Spirit,"Flying\nWhen Howling Banshee enters the battlefield, each player loses 3 life.","M10,DDD,M11,DD3_GVL","Villagers cloaked the town in magical silence, but their ears still bled.",normal,205100,3,3,Uncommon,Spirit,Creature
Leyline of the Void,{2}{B}{B},4,B,Rob Alexander,101,Enchantment,"If Leyline of the Void is in your opening hand, you may begin the game with it on the battlefield.\nIf a card would be put into an opponent's graveyard from anywhere, exile it instead.","GPT,M11",,normal,205013,,,Rare,,Enchantment
Liliana Vess,{3}{B}{B},5,B,Aleksi Briclot,102,Planeswalker — Liliana,"+1: Target player discards a card.\n−2: Search your library for a card, then shuffle your library and put that card on top of it.\n−8: Put all creature cards from all graveyards onto the battlefield under your control.","pMEI,LRW,M10,DDD,M11,M15,DD3_GVL",,normal,205961,,,Mythic Rare,Liliana,Planeswalker
Liliana's Caress,{1}{B},2,B,Steve Argyle,103,Enchantment,"Whenever an opponent discards a card, that player loses 2 life.",M11,"""This might hurt less if you don't fight so hard. But I doubt it.""",normal,205035,,,Uncommon,,Enchantment
Liliana's Specter,{1}{B}{B},3,B,Vance Kovacs,104,Creature — Specter,"Flying\nWhen Liliana's Specter enters the battlefield, each opponent discards a card.","pMGD,M11,PC2,CNS","""The finest minions know what I need without me ever saying a thing.""\n—Liliana Vess",normal,204998,2,1,Common,Specter,Creature
Mind Rot,{2}{B},3,B,Steve Luke,105,Sorcery,Target player discards two cards.,"POR,PO2,S99,7ED,8ED,9ED,10E,M10,DPA,M11,M12,M13,RTR,M14,M15,DTK,ORI,W16",Not every thought is a good one.,normal,205010,,,Common,,Sorcery
Nantuko Shade,{B}{B},2,B,Brian Snõddy,106,Creature — Insect Shade,{B}: Nantuko Shade gets +1/+1 until end of turn.,"TOR,M11,C14","In life, the nantuko study nature by revering it. In death, they study nature by disemboweling it.",normal,205229,2,1,Rare,"Insect,Shade",Creature
Necrotic Plague,{2}{B}{B},4,B,Jaime Jones,107,Enchantment — Aura,"Enchant creature\nEnchanted creature has ""At the beginning of your upkeep, sacrifice this creature.""\nWhen enchanted creature dies, its controller chooses target creature one of his or her opponents controls. Return Necrotic Plague from its owner's graveyard to the battlefield attached to that creature.",M11,,normal,207104,,,Rare,Aura,Enchantment
Nether Horror,{3}{B},4,B,Allen Williams,108,Creature — Horror,,M11,"""My dreams darkened and seeped into my waking hours. Spellcraft and nightmare merged to create this monstrosity.""\n—Sunniva, witch of Holm Hollow",normal,204994,4,2,Common,Horror,Creature
Nightwing Shade,{4}{B},5,B,Lucas Graciano,109,Creature — Shade,Flying\n{1}{B}: Nightwing Shade gets +1/+1 until end of turn.,"M11,M14","""There is one hour of the night even we do not watch.""\n—Sedva, captain of the watch",normal,207103,2,2,Common,Shade,Creature
Phylactery Lich,{B}{B}{B},3,B,Michael Komarck,110,Creature — Zombie,"Indestructible\nAs Phylactery Lich enters the battlefield, put a phylactery counter on an artifact you control.\nWhen you control no permanents with phylactery counters on them, sacrifice Phylactery Lich.","M11,M13",,normal,205034,5,5,Rare,Zombie,Creature
Quag Sickness,{2}{B},3,B,Martina Pilcerova,111,Enchantment — Aura,Enchant creature\nEnchanted creature gets -1/-1 for each Swamp you control.,"M11,M14","The dread gases didn't kill Farbid. But as he lay in the muck, miserable and helpless, watching ghouls and rats advance on him, he wished they had.",normal,205028,,,Common,Aura,Enchantment
Reassembling Skeleton,{1}{B},2,B,Austin Hsu,112,Creature — Skeleton Warrior,{1}{B}: Return Reassembling Skeleton from your graveyard to the battlefield tapped.,"ARC,M11,M12,DDJ,DDK,MM2","Though you may see the same bones, you'll never see the same skeleton twice.",normal,205066,1,1,Uncommon,"Skeleton,Warrior",Creature
Relentless Rats,{1}{B}{B},3,B,Thomas M. Baxa,113,Creature — Rat,Relentless Rats gets +1/+1 for each other creature on the battlefield named Relentless Rats.\nA deck can have any number of cards named Relentless Rats.,"5DN,10E,M10,M11",,normal,205082,2,2,Uncommon,Rat,Creature
Rise from the Grave,{4}{B},5,B,Vance Kovacs,114,Sorcery,Put target creature card from a graveyard onto the battlefield under your control. That creature is a black Zombie in addition to its other colors and types.,"pWPN,M10,DDD,M11,CMD,M13,DD3_GVL,C15","""Death is no excuse for disobedience.""\n—Liliana Vess",normal,205113,,,Uncommon,,Sorcery
Rotting Legion,{4}{B},5,B,Carl Critchlow,115,Creature — Zombie,Rotting Legion enters the battlefield tapped.,M11,Zombies have one speed: shamble.,normal,205047,4,5,Common,Zombie,Creature
Royal Assassin,{1}{B}{B},3,B,Mark Zug,116,Creature — Human Assassin,{T}: Destroy target tapped creature.,"LEA,LEB,2ED,CED,CEI,3ED,4ED,pSUS,8ED,9ED,10E,M10,M11,M12","An assassin is a king's most trusted courier, ensuring his messages are heard by even the most unwilling recipients.",normal,205233,1,1,Rare,"Human,Assassin",Creature
Sign in Blood,{B}{B},2,B,Howard Lyon,117,Sorcery,Target player draws two cards and loses 2 life.,"pMPR,M10,DDD,ARC,M11,CMD,M13,M15,C14,DD3_GVL,MM2",Little agonies pave the way to greater power.,normal,205118,,,Common,,Sorcery
Stabbing Pain,{B},1,B,Zoltan Boros & Gabor Szikszai,118,Instant,Target creature gets -1/-1 until end of turn. Tap that creature.,M11,"""You can take the fight out of nearly any creature if you know where its soft spot is.""\n—Guttor, flesh-warper",normal,205048,,,Common,,Instant
Unholy Strength,{B},1,B,Terese Nielsen,119,Enchantment — Aura,Enchant creature\nEnchanted creature gets +2/+1.,"LEA,LEB,2ED,CED,CEI,3ED,4ED,5ED,ATH,7ED,8ED,9ED,10E,DDC,M10,DPA,M11,DD3_DVD","""Born under the moon, the second child will stumble on temptation and seek power in the dark places of the heart.""\n—Codex of the Constellari",normal,205237,,,Common,Aura,Enchantment
Viscera Seer,{B},1,B,John Stanko,120,Creature — Vampire Wizard,Sacrifice a creature: Scry 1. (Look at the top card of your library. You may put that card on the bottom of your library.),"M11,C13","In matters of life and death, he trusts his gut.",normal,205232,1,1,Common,"Vampire,Wizard",Creature
Act of Treason,{2}{R},3,R,Eric Deschamps,121,Sorcery,Gain control of target creature until end of turn. Untap that creature. It gains haste until end of turn. (It can attack and {T} this turn.),"M10,DPA,M11,M12,GTC,M14,DDN,KTK,ORI","""Rage courses in every heart, yearning to betray its rational prison.""\n—Sarkhan Vol",normal,205072,,,Common,,Sorcery
Ancient Hellkite,{4}{R}{R}{R},7,R,Jason Chan,122,Creature — Dragon,Flying\n{R}: Ancient Hellkite deals 1 damage to target creature defending player controls. Activate this ability only if Ancient Hellkite is attacking.,"pLPA,M11","When a dragon attacks, there are no bystanders.",normal,204980,6,6,Rare,Dragon,Creature
Arc Runner,{2}{R},3,R,Nils Hamm,123,Creature — Elemental Ox,"Haste (This creature can attack and {T} as soon as it comes under your control.)\nAt the beginning of the end step, sacrifice Arc Runner.",M11,The storms of the wastelands form quickly and hit hard. Few have anything to do with rain.,normal,204991,5,1,Common,"Elemental,Ox",Creature
Berserkers of Blood Ridge,{4}{R},5,R,Karl Kopinski,124,Creature — Human Berserker,Berserkers of Blood Ridge attacks each turn if able.,"M10,M11",They take a blood oath to die in battle. So far none have failed to fulfill the promise.,normal,205053,4,4,Common,"Human,Berserker",Creature
Bloodcrazed Goblin,{R},1,R,Steve Prescott,125,Creature — Goblin Berserker,Bloodcrazed Goblin can't attack unless an opponent has been dealt damage this turn.,M11,"""A single drop of blood draws their attention, then they strip your bones clean before you have time to die.""\n—Jamias, hermit of Telfer Peak",normal,205007,2,2,Common,"Goblin,Berserker",Creature
Canyon Minotaur,{3}{R},4,R,Steve Prescott,126,Creature — Minotaur Warrior,,"CON,M10,M11,M13,M14","""We'll scale these cliffs, traverse Brittle Bridge, and then fight our way down the volcanic slopes on the other side.""\n""Isn't the shortest route through the canyon?""\n""Yes.""\n""So shouldn't we—""\n""No.""",normal,208000,3,3,Common,"Minotaur,Warrior",Creature
Chandra Nalaar,{3}{R}{R},5,R,Aleksi Briclot,127,Planeswalker — Chandra,+1: Chandra Nalaar deals 1 damage to target player.\n−X: Chandra Nalaar deals X damage to target creature.\n−8: Chandra Nalaar deals 10 damage to target player and each creature he or she controls.,"LRW,DD2,M10,M11,DD3_JVC",,normal,205958,,,Mythic Rare,Chandra,Planeswalker
Chandra's Outrage,{2}{R}{R},4,R,Christopher Moeller,128,Instant,Chandra's Outrage deals 4 damage to target creature and 2 damage to that creature's controller.,"ARC,M11,M12,M14","""Her mind is an incredible mix of emotion and power. Even if I could grasp it, I couldn't hold it for long.""\n—Jace Beleren, on Chandra Nalaar",normal,205071,,,Common,,Instant
Chandra's Spitfire,{2}{R},3,R,Justin Sweet,129,Creature — Elemental,"Flying\nWhenever an opponent is dealt noncombat damage, Chandra's Spitfire gets +3/+0 until end of turn.",M11,"""I've lit most everything on fire—trees, rocks, even the water. Now it's time to burn the clouds.""",normal,205026,1,3,Uncommon,Elemental,Creature
Combust,{1}{R},2,R,Jaime Jones,130,Instant,Combust can't be countered by spells or abilities.\nCombust deals 5 damage to target white or blue creature. The damage can't be prevented.,"M11,M12,MM2",,normal,205011,,,Uncommon,,Instant
Cyclops Gladiator,{1}{R}{R}{R},4,R,Kev Walker,131,Creature — Cyclops Warrior,"Whenever Cyclops Gladiator attacks, you may have it deal damage equal to its power to target creature defending player controls. If you do, that creature deals damage equal to its power to Cyclops Gladiator.",M11,,normal,205107,4,4,Rare,"Cyclops,Warrior",Creature
Demolish,{3}{R},4,R,John Avon,132,Sorcery,Destroy target artifact or land.,"ODY,8ED,9ED,10E,ZEN,M11,AVR,M14,THS,ORI",,normal,208005,,,Common,,Sorcery
Destructive Force,{5}{R}{R},7,R,Jung Park,133,Sorcery,Each player sacrifices five lands. Destructive Force deals 5 damage to each creature.,M11,The end of the world rarely comes quietly.,normal,205046,,,Rare,,Sorcery
Earth Servant,{5}{R},6,R,Lucas Graciano,134,Creature — Elemental,Earth Servant gets +0/+1 for each Mountain you control.,"M11,DDI","""Fire. Air. Water. These elements spread, filling in the spaces they are not. But earth is implacable like a sullen child.""\n—Jestus Dreya, Of Elements and Eternity",normal,204986,4,4,Uncommon,Elemental,Creature
Ember Hauler,{R}{R},2,R,Steve Prescott,135,Creature — Goblin,"{1}, Sacrifice Ember Hauler: Ember Hauler deals 2 damage to target creature or player.",M11,"Flurk's crude goblin language didn't differentiate between ""I bring the flame"" and ""I am the flame.""",normal,208008,2,2,Uncommon,Goblin,Creature
Fiery Hellhound,{1}{R}{R},3,R,Ted Galaday,136,Creature — Elemental Hound,{R}: Fiery Hellhound gets +1/+0 until end of turn.,"M10,M11,M12,DDI,ORI","""I had hoped to instill in it the loyalty of a guard dog, but with fire's power comes its unpredictability.""\n—Maggath, Sardian elementalist",normal,205093,2,2,Common,"Elemental,Hound",Creature
Fire Servant,{3}{R}{R},5,R,Ryan Yee,137,Creature — Elemental,"If a red instant or sorcery spell you control would deal damage, it deals double that damage instead.","M11,PD2","""Elemental fire shimmers with rose hues and, unlike terrestrial blazes, smolders long after it's extinguished.""\n—Jestus Dreya, Of Elements and Eternity",normal,204992,4,3,Uncommon,Elemental,Creature
Fireball,{X}{R},1,R,Dave Dorman,138,Sorcery,"Fireball deals X damage divided evenly, rounded down, among any number of target creatures and/or players.\nFireball costs {1} more to cast for each target beyond the first.","LEA,LEB,2ED,CED,CEI,3ED,pMEI,4ED,RQS,pARL,ITP,5ED,ATH,BTD,pMPR,DST,DD2,M10,ARC,M11,PD2,ME4,M12,C13,DD3_JVC",,normal,205223,,,Uncommon,,Sorcery
Fling,{1}{R},2,R,Paolo Parente,139,Instant,"As an additional cost to cast Fling, sacrifice a creature.\nFling deals damage equal to the sacrificed creature's power to target creature or player.","pARL,STH,pWPN,M11,M12,DKA,PC2",Sometimes the cannoneer must become the cannonball.,normal,208001,,,Common,,Instant
Goblin Balloon Brigade,{R},1,R,Lars Grant-West,140,Creature — Goblin Warrior,{R}: Goblin Balloon Brigade gains flying until end of turn.,"LEA,LEB,2ED,CED,CEI,3ED,4ED,ATH,9ED,M11","""The enemy is getting too close! Quick! Inflate the toad!""",normal,208010,1,1,Common,"Goblin,Warrior",Creature
Goblin Chieftain,{1}{R}{R},3,R,Sam Wood,141,Creature — Goblin,Haste (This creature can attack and {T} as soon as it comes under your control.)\nOther Goblin creatures you control get +1/+1 and have haste.,"M10,M11,M12","""We are goblinkind, heirs to the mountain empires of chieftains past. Rest is death to us, and arson is our call to war.""",normal,205096,2,2,Rare,Goblin,Creature
Goblin Piker,{1}{R},2,R,DiTerlizzi,142,Creature — Goblin Warrior,,"PO2,9ED,10E,M10,DPA,M11,M12","Once he'd worked out which end of the thing was sharp, he was promoted to guard duty.",normal,205052,2,1,Common,"Goblin,Warrior",Creature
Goblin Tunneler,{1}{R},2,R,Jesper Ejsing,143,Creature — Goblin Rogue,{T}: Target creature with power 2 or less can't be blocked this turn.,"ROE,M11,M12","""You never know what's going to be in goblin tunnels. Even in the best case, there will still be goblins.""\n—Sachir, Akoum Expeditionary House",normal,207999,1,1,Common,"Goblin,Rogue",Creature
Hoarding Dragon,{3}{R}{R},5,R,Matt Cavotta,144,Creature — Dragon,"Flying\nWhen Hoarding Dragon enters the battlefield, you may search your library for an artifact card, exile it, then shuffle your library.\nWhen Hoarding Dragon dies, you may put the exiled card into its owner's hand.","M11,M15",,normal,205235,4,4,Rare,Dragon,Creature
Incite,{R},1,R,Scott Chou,145,Instant,Target creature becomes red until end of turn and attacks this turn if able.,M11,"The veneer of rationality peeled from the mage, revealing the spite and rage beneath.",normal,205045,,,Common,,Instant
Inferno Titan,{4}{R}{R},6,R,Kev Walker,146,Creature — Giant,"{R}: Inferno Titan gets +1/+0 until end of turn.\nWhenever Inferno Titan enters the battlefield or attacks, it deals 3 damage divided as you choose among one, two, or three target creatures and/or players.","pMEI,M11,M12,C13,C15",,normal,205042,6,6,Mythic Rare,Giant,Creature
Lava Axe,{4}{R},5,R,Brian Snõddy,147,Sorcery,Lava Axe deals 5 damage to target player.,"POR,PO2,ULG,S99,S00,BTD,7ED,8ED,9ED,pGTW,10E,M10,M11,M12,M14,M15",From the heart of the mountain into the heart of the mage.,normal,205117,,,Common,,Sorcery
Leyline of Punishment,{2}{R}{R},4,R,Charles Urbach,148,Enchantment,"If Leyline of Punishment is in your opening hand, you may begin the game with it on the battlefield.\nPlayers can't gain life.\nDamage can't be prevented.",M11,,normal,205018,,,Rare,,Enchantment
Lightning Bolt,{R},1,R,Christopher Moeller,149,Instant,Lightning Bolt deals 3 damage to target creature or player.,"LEA,LEB,2ED,CED,CEI,3ED,4ED,pJGP,ATH,BTD,pMPR,MED,M10,M11,PD2,MM2",,normal,205227,,,Common,,Instant
Magma Phoenix,{3}{R}{R},5,R,Raymond Swanland,150,Creature — Phoenix,"Flying\nWhen Magma Phoenix dies, it deals 3 damage to each creature and each player.\n{3}{R}{R}: Return Magma Phoenix from your graveyard to your hand.","M10,M11",,normal,208003,3,3,Rare,Phoenix,Creature
Manic Vandal,{2}{R},3,R,Christopher Moeller,151,Creature — Human Warrior,"When Manic Vandal enters the battlefield, destroy target artifact.","M11,M12",It's fun. He doesn't need another reason.,normal,208007,2,2,Common,"Human,Warrior",Creature
Prodigal Pyromancer,{2}{R},3,R,Jeremy Jarvis,152,Creature — Human Wizard,{T}: Prodigal Pyromancer deals 1 damage to target creature or player.,"PLC,10E,M10,DPA,M11","""What am I looking at? Ashes, dead man.""",normal,205231,1,1,Uncommon,"Human,Wizard",Creature
Pyretic Ritual,{1}{R},2,R,James Paick,153,Instant,Add {R}{R}{R} to your mana pool.,M11,The Multiverse is filled with limitless power just waiting for someone to reach out and seize it.,normal,205067,,,Common,,Instant
Pyroclasm,{1}{R},2,R,John Avon,154,Sorcery,Pyroclasm deals 2 damage to each creature.,"ICE,POR,7ED,pMPR,DKM,8ED,9ED,10E,M10,M11,DDK,DDL","""Who'd want to ignite things one at a time?""\n—Chandra Nalaar",normal,208009,,,Uncommon,,Sorcery
Reverberate,{R}{R},2,R,jD,155,Instant,Copy target instant or sorcery spell. You may choose new targets for the copy.,"M11,PD2,M12,M13","""I'm not indecisive. I just don't like to limit my options.""\n—Maxti, pyromancer",normal,205038,,,Rare,,Instant
Shiv's Embrace,{2}{R}{R},4,R,Dave Kendall,156,Enchantment — Aura,Enchant creature\nEnchanted creature gets +2/+2 and has flying.\n{R}: Enchanted creature gets +1/+0 until end of turn.,"USG,M11,DDG,M14",,normal,208002,,,Uncommon,Aura,Enchantment
Thunder Strike,{1}{R},2,R,Wayne Reynolds,157,Instant,Target creature gets +2/+0 and gains first strike until end of turn. (It deals combat damage before creatures without first strike.),"M11,M14","Lightning reflexes, thunderous might.",normal,204973,,,Common,,Instant
Volcanic Strength,{1}{R},2,R,Izzy,158,Enchantment — Aura,Enchant creature\nEnchanted creature gets +2/+2 and has mountainwalk. (It can't be blocked as long as defending player controls a Mountain.),"M11,M13","His blood boiled over, and he erupted with fists of stone.",normal,208004,,,Common,Aura,Enchantment
Vulshok Berserker,{3}{R},4,R,Pete Venters,159,Creature — Human Berserker,Haste (This creature can attack and {T} as soon as it comes under your control.),"MRD,M11,DDI",He will carve out a legend for himself with his own two hands.,normal,208011,3,2,Common,"Human,Berserker",Creature
Wild Evocation,{5}{R},6,R,Chippy,160,Enchantment,"At the beginning of each player's upkeep, that player reveals a card at random from his or her hand. If it's a land card, the player puts it onto the battlefield. Otherwise, the player casts it without paying its mana cost if able.",M11,,normal,204972,,,Rare,,Enchantment
Acidic Slime,{3}{G}{G},5,G,Karl Kopinski,161,Creature — Ooze,"Deathtouch (Any amount of damage this deals to a creature is enough to destroy it.)\nWhen Acidic Slime enters the battlefield, destroy target artifact, enchantment, or land.","pFNM,M10,M11,CMD,M12,M13,C13,DDM,C15",,normal,207333,2,2,Uncommon,Ooze,Creature
Autumn's Veil,{G},1,G,Kekai Kotaki,162,Instant,"Spells you control can't be countered by blue or black spells this turn, and creatures you control can't be the targets of blue or black spells this turn.","M11,M12",The rustling of leaves and a passing shadow are a dryad's only trace.,normal,205051,,,Uncommon,,Instant
Awakener Druid,{2}{G},3,G,Jason Chan,163,Creature — Human Druid,"When Awakener Druid enters the battlefield, target Forest becomes a 4/5 green Treefolk creature for as long as Awakener Druid remains on the battlefield. It's still a land.","M10,M11",The druids of Mazar treat each seedcone with respect for the warrior it will become.,normal,205076,1,1,Uncommon,"Human,Druid",Creature
Back to Nature,{1}{G},2,G,Howard Lyon,164,Instant,Destroy all enchantments.,"M11,M15","""Nature is a mutable cloud which is always and never the same.""\n—Ralph Waldo Emerson, Essays",normal,208284,,,Uncommon,,Instant
Birds of Paradise,{G},1,G,Marcelo Vignali,165,Creature — Bird,Flying\n{T}: Add one mana of any color to your mana pool.,"LEA,LEB,2ED,CED,CEI,3ED,pMEI,4ED,5ED,6ED,7ED,8ED,RAV,10E,M10,M11,M12","""The gods used their feathers to paint all the colors of the world.""\n—Yare-Tiva, warden of Gramur forest",normal,207334,0,1,Rare,Bird,Creature
Brindle Boar,{2}{G},3,G,Dave Allsop,166,Creature — Boar,Sacrifice Brindle Boar: You gain 4 life.,"M11,M12,M14","The war lasted for generations. The boars didn't need to hunt for food anymore. They fed on the fallen corpses, and the living fed off of them.",normal,205039,2,2,Common,Boar,Creature
Cudgel Troll,{2}{G}{G},4,G,Jesper Ejsing,167,Creature — Troll,"{G}: Regenerate Cudgel Troll. (The next time this creature would be destroyed this turn, it isn't. Instead tap it, remove all damage from it, and remove it from combat.)","M10,M11,M12",,normal,205084,4,3,Uncommon,Troll,Creature
Cultivate,{2}{G},3,G,Anthony Palumbo,168,Sorcery,"Search your library for up to two basic land cards, reveal those cards, and put one onto the battlefield tapped and the other into your hand. Then shuffle your library.","pFNM,M11,CMD,PC2,C13","All seeds share a common bond, calling to each other across infinity.",normal,204996,,,Common,,Sorcery
Dryad's Favor,{G},1,G,Jesper Ejsing,169,Enchantment — Aura,Enchant creature\nEnchanted creature has forestwalk. (It can't be blocked as long as defending player controls a Forest.),M11,She grants knowledge of the ways to traverse the forest's invisible connections.,normal,205109,,,Common,Aura,Enchantment
Duskdale Wurm,{5}{G}{G},7,G,Dan Dos Santos,170,Creature — Wurm,Trample (This creature can deal excess combat damage to defending player or planeswalker while attacking.),"EVE,DPA,M11,M13",,normal,207335,7,7,Uncommon,Wurm,Creature
Elvish Archdruid,{1}{G}{G},3,G,Karl Kopinski,171,Creature — Elf Druid,Other Elf creatures you control get +1/+1.\n{T}: Add {G} to your mana pool for each Elf you control.,"M10,M11,M12,M13,C14","He knows the name of every elf born in the last four centuries. More importantly, they all know his.",normal,205091,2,2,Rare,"Elf,Druid",Creature
Fauna Shaman,{1}{G},2,G,Steve Prescott,172,Creature — Elf Shaman,"{G}, {T}, Discard a creature card: Search your library for a creature card, reveal it, and put it into your hand. Then shuffle your library.",M11,She wears the talismans of every creature she can evoke.,normal,205059,2,2,Rare,"Elf,Shaman",Creature
Fog,{G},1,G,John Avon,173,Instant,Prevent all combat damage that would be dealt this turn.,"LEA,LEB,2ED,CED,CEI,3ED,4ED,MIR,5ED,6ED,BTD,7ED,M10,ARC,M11,ME4,M12,M13,M14,EMA","""I fear no army or beast, but only the morning fog. Our assault can survive everything else.""\n—Lord Hilneth",normal,205064,,,Common,,Instant
Gaea's Revenge,{5}{G}{G},7,G,Kekai Kotaki,174,Creature — Elemental,Gaea's Revenge can't be countered.\nHaste\nGaea's Revenge can't be the target of nongreen spells or abilities from nongreen sources.,"M11,ORI",,normal,205033,8,5,Mythic Rare,Elemental,Creature
Garruk Wildspeaker,{2}{G}{G},4,G,Aleksi Briclot,175,Planeswalker — Garruk,+1: Untap two target lands.\n−1: Put a 3/3 green Beast creature token onto the battlefield.\n−4: Creatures you control get +3/+3 and gain trample until end of turn.,"pMEI,LRW,M10,DDD,M11,CMD,DD3_GVL",,normal,205959,,,Mythic Rare,Garruk,Planeswalker
Garruk's Companion,{G}{G},2,G,Efrem Palacios,176,Creature — Beast,Trample (This creature can deal excess combat damage to defending player or planeswalker while attacking.),"M11,M12",,normal,205025,3,2,Common,Beast,Creature
Garruk's Packleader,{4}{G},5,G,Nils Hamm,177,Creature — Beast,"Whenever another creature with power 3 or greater enters the battlefield under your control, you may draw a card.","M11,M13,M15","""He has learned much in his long years. And unlike selfish humans, he's willing to share.""\n—Garruk Wildspeaker",normal,205060,4,4,Uncommon,Beast,Creature
Giant Growth,{G},1,G,Matt Cavotta,178,Instant,Target creature gets +3/+3 until end of turn.,"LEA,LEB,2ED,CED,CEI,3ED,4ED,ICE,5ED,ATH,6ED,BRB,pSUS,pFNM,S00,BTD,7ED,pMPR,DKM,8ED,9ED,10E,EVG,ME2,M10,ME3,DDD,DPA,M11,ME4,RTR,M14,DD3_EVG,DD3_GVL",,normal,205224,,,Common,,Instant
Giant Spider,{3}{G},4,G,Randy Gallegos,179,Creature — Spider,Reach (This creature can block creatures with flying.),"LEA,LEB,2ED,CED,CEI,3ED,4ED,5ED,POR,ATH,6ED,7ED,8ED,9ED,10E,M10,DPA,M11,M12,M14","The giant spider's silk naturally resists gravity, almost weaving itself as it blankets the forest canopy.",normal,205225,2,4,Common,Spider,Creature
Greater Basilisk,{3}{G}{G},5,G,James Ryman,180,Creature — Basilisk,Deathtouch (Any amount of damage this deals to a creature is enough to destroy it.),"M11,M12","Bone, stone . . . both taste the same to a hungry basilisk.",normal,205016,3,5,Common,Basilisk,Creature
Hornet Sting,{G},1,G,Matt Stewart,181,Instant,Hornet Sting deals 1 damage to target creature or player.,M11,It was only then—to his infinite sorrow—that Gork realized hornets don't make honey.,normal,205050,,,Common,,Instant
Hunters' Feast,{3}{G},4,G,Matt Stewart,182,Sorcery,Any number of target players each gain 6 life.,M11,Those who kill a jawspur rhino must prepare spells to lift the carcass—even a dozen hunters can't lift its bulk.,normal,205037,,,Common,,Sorcery
Leyline of Vitality,{2}{G}{G},4,G,Jim Nelson,183,Enchantment,"If Leyline of Vitality is in your opening hand, you may begin the game with it on the battlefield.\nCreatures you control get +0/+1.\nWhenever a creature enters the battlefield under your control, you may gain 1 life.",M11,,normal,205031,,,Rare,,Enchantment
Llanowar Elves,{G},1,G,Kev Walker,184,Creature — Elf Druid,{T}: Add {G} to your mana pool.,"LEA,LEB,2ED,CED,CEI,3ED,4ED,5ED,ATH,6ED,BRB,pFNM,S00,BTD,7ED,9ED,pGTW,10E,EVG,M10,M11,M12,C14,DD3_EVG,EMA",One bone broken for every twig snapped underfoot.\n—Llanowar penalty for trespassing,normal,205228,1,1,Common,"Elf,Druid",Creature
Mitotic Slime,{4}{G},5,G,Raymond Swanland,185,Creature — Ooze,"When Mitotic Slime dies, put two 2/2 green Ooze creature tokens onto the battlefield. They have ""When this creature dies, put two 1/1 green Ooze creature tokens onto the battlefield.""","pMGD,M11,PC2",,normal,205032,4,4,Rare,Ooze,Creature
Naturalize,{1}{G},2,G,Tim Hildebrandt,186,Instant,Destroy target artifact or enchantment.,"ONS,8ED,9ED,10E,ALA,M10,ROE,DPA,M11,M12,ISD,M13,GTC,M14,M15,KTK,DTK","""Nature does not need adornment.""\n—Garruk Wildspeaker",normal,207336,,,Common,,Instant
Nature's Spiral,{1}{G},2,G,Terese Nielsen,187,Sorcery,"Return target permanent card from your graveyard to your hand. (A permanent card is an artifact, creature, enchantment, land, or planeswalker card.)","M10,DPA,M11","Snail shell, fern, tornado—the world connects all things in form.",normal,207338,,,Uncommon,,Sorcery
Obstinate Baloth,{2}{G}{G},4,G,Chris Rahn,188,Creature — Beast,"When Obstinate Baloth enters the battlefield, you gain 4 life.\nIf a spell or ability an opponent controls causes you to discard Obstinate Baloth, put it onto the battlefield instead of putting it into your graveyard.",M11,,normal,205075,4,4,Rare,Beast,Creature
Overwhelming Stampede,{3}{G}{G},5,G,Steven Belledin,189,Sorcery,"Until end of turn, creatures you control gain trample and get +X/+X, where X is the greatest power among creatures you control.","M11,C14,MM2,C15",,normal,205003,,,Rare,,Sorcery
Plummet,{1}{G},2,G,Pete Venters,190,Instant,Destroy target creature with flying.,"ARC,M11,M12,M13,M14,CNS,M15,MM2,ORI,BFZ","""You are the grandest of all,"" said the archdruid to the trees. They became so proud of bark and branch that they suffered no creature to fly overhead or perch upon a bough.",normal,205062,,,Common,,Instant
Primal Cocoon,{G},1,G,Daniel Ljunggren,191,Enchantment — Aura,"Enchant creature\nAt the beginning of your upkeep, put a +1/+1 counter on enchanted creature.\nWhen enchanted creature attacks or blocks, sacrifice Primal Cocoon.",M11,,normal,204995,,,Common,Aura,Enchantment
Primeval Titan,{4}{G}{G},6,G,Aleksi Briclot,192,Creature — Giant,"Trample\nWhenever Primeval Titan enters the battlefield or attacks, you may search your library for up to two land cards, put them onto the battlefield tapped, then shuffle your library.","pGPX,M11,M12,MM2","When nature calls, run.",normal,205027,6,6,Mythic Rare,Giant,Creature
Prized Unicorn,{3}{G},4,G,Sam Wood,193,Creature — Unicorn,All creatures able to block Prized Unicorn do so.,"M10,M11,ORI","""The desire for its magic horn inspires such bloodthirsty greed that all who see the unicorn will kill to possess it.""\n—Dionus, elvish archdruid",normal,205111,2,2,Uncommon,Unicorn,Creature
Protean Hydra,{X}{G},1,G,Jim Murray,194,Creature — Hydra,"Protean Hydra enters the battlefield with X +1/+1 counters on it.\nIf damage would be dealt to Protean Hydra, prevent that damage and remove that many +1/+1 counters from it.\nWhenever a +1/+1 counter is removed from Protean Hydra, put two +1/+1 counters on it at the beginning of the next end step.","M10,M11",,normal,205112,0,0,Rare,Hydra,Creature
Runeclaw Bear,{1}{G},2,G,Jesper Ejsing,195,Creature — Bear,,"M10,DPA,M11,M12,M15","""Nature has grown tired of the impositions of men and will begin to outfit its creations with tools for bloody instruction.""\n—Hadi Kasten, Calla Dale naturalist",normal,207337,2,2,Common,Bear,Creature
Sacred Wolf,{2}{G},3,G,Matt Stewart,196,Creature — Wolf,Hexproof (This creature can't be the target of spells or abilities your opponents control.),"M11,M12","""I raised my bow, and the wolf stared at me. Under its gaze, my finger would not release the string.""\n—Aref the Hunter",normal,205023,3,1,Common,Wolf,Creature
Spined Wurm,{4}{G},5,G,Carl Critchlow,197,Creature — Wurm,,"pMEI,POR,STH,S00,7ED,8ED,9ED,10E,DPA,M11,TPR","""They're as much like plants as animals. Leave them unchecked, and they'll choke out all other forms of life.""\n—Hadi Kasten, Calla Dale naturalist",normal,205123,5,4,Common,Wurm,Creature
Sylvan Ranger,{1}{G},2,G,Christopher Moeller,198,Creature — Elf Scout,"When Sylvan Ranger enters the battlefield, you may search your library for a basic land card, reveal it, put it into your hand, then shuffle your library.","pWPN,M11,DDH,C14","""Not all paths are found on the forest floor.""",normal,204976,1,1,Common,"Elf,Scout",Creature
Wall of Vines,{G},1,G,John Stanko,199,Creature — Plant Wall,Defender (This creature can't attack.)\nReach (This creature can block creatures with flying.),M11,"Like all jungle plants, the vines must fight and claw for sunlight. Once their place is secured, they grow strong, sharp, and impenetrable.",normal,204983,0,3,Common,"Plant,Wall",Creature
Yavimaya Wurm,{4}{G}{G},6,G,Steven Belledin,200,Creature — Wurm,Trample (This creature can deal excess combat damage to defending player or planeswalker while attacking.),"ULG,BTD,M11","Anywhere else, colossal. In the forests of Yavimaya, commonplace.",normal,205221,6,4,Common,Wurm,Creature
Angel's Feather,{2},2,,Alan Pollack,201,Artifact,"Whenever a player casts a white spell, you may gain 1 life.","DST,9ED,10E,DDC,M10,M11,M12,DD3_DVD","If taken, it cuts the hand that clutches it. If given, it heals the hand that holds it.",normal,206325,,,Uncommon,,Artifact
Brittle Effigy,{1},1,,John Avon,202,Artifact,"{4}, {T}, Exile Brittle Effigy: Exile target creature.",M11,"""In my early experiments in phylactery, I found that fragile forms have their uses.""\n—Rocati, Duke of Martyne",normal,205002,,,Rare,,Artifact
Crystal Ball,{3},3,,Ron Spencer,203,Artifact,"{1}, {T}: Scry 2. (Look at the top two cards of your library, then put any number of them on the bottom of your library and the rest on top in any order.)",M11,It glints with arcane truths to those who know how to glimpse them.,normal,205049,,,Uncommon,,Artifact
Demon's Horn,{2},2,,Alan Pollack,204,Artifact,"Whenever a player casts a black spell, you may gain 1 life.","DST,9ED,10E,DDC,M10,DPA,M11,M12,DD3_DVD",Its curve mimics the twists of life and death.,normal,206326,,,Uncommon,,Artifact
Dragon's Claw,{2},2,,Alan Pollack,205,Artifact,"Whenever a player casts a red spell, you may gain 1 life.","DST,9ED,10E,M10,DPA,M11,DDG,M12","""If there is a fire that never ceases to burn, it surely lies in the maw of a dragon.""\n—Sarkhan Vol",normal,206327,,,Uncommon,,Artifact
Elixir of Immortality,{1},1,,Zoltan Boros & Gabor Szikszai,206,Artifact,"{2}, {T}: You gain 5 life. Shuffle Elixir of Immortality and your graveyard into their owner's library.","M11,DDF,M12,M13,M14","""Bottled life. Not as tasty as I'm used to, rather stale, but it has the same effect.""\n—Baron Sengir",normal,205061,,,Uncommon,,Artifact
Gargoyle Sentinel,{3},3,,Drew Baker,207,Artifact Creature — Gargoyle,"Defender (This creature can't attack.)\n{3}: Until end of turn, Gargoyle Sentinel loses defender and gains flying.","M11,M15","""Do not mistake a quiet rampart for one that is unguarded. Some things stir only when they need to.""\n—Bonovar, siege commander",normal,204985,3,3,Uncommon,Gargoyle,"Artifact,Creature"
Jinxed Idol,{2},2,,jD,208,Artifact,"At the beginning of your upkeep, Jinxed Idol deals 2 damage to you.\nSacrifice a creature: Target opponent gains control of Jinxed Idol.","TMP,M11,TPR","""Please, honored friend, take it with my compliments. I insist.""",normal,208006,,,Rare,,Artifact
Juggernaut,{4},4,,Mark Hyzer,209,Artifact Creature — Juggernaut,Juggernaut attacks each turn if able.\nJuggernaut can't be blocked by Walls.,"LEA,LEB,2ED,CED,CEI,3ED,pFNM,DST,10E,ARC,M11,DDF,ME4,M15,EMA","The mighty city of An Karras, with its rich history, built over thousands of years, fell in three hours.",normal,205230,5,3,Uncommon,Juggernaut,"Artifact,Creature"
Kraken's Eye,{2},2,,Alan Pollack,210,Artifact,"Whenever a player casts a blue spell, you may gain 1 life.","DST,9ED,10E,M10,DPA,M11,M12",It's seen the wonders of entire worlds trapped in the depths of a bottomless ocean.,normal,206328,,,Uncommon,,Artifact
Ornithopter,{0},,,Franz Vohwinkel,211,Artifact Creature — Thopter,Flying (This creature can't be blocked except by creatures with flying or reach.),"ATQ,3ED,4ED,5ED,6ED,MRD,9ED,10E,M10,M11,M15","Regardless of the century, plane, or species, developing artificers never fail to invent the ornithopter.",normal,206331,0,2,Uncommon,Thopter,"Artifact,Creature"
Platinum Angel,{7},7,,Brom,212,Artifact Creature — Angel,Flying\nYou can't lose the game and your opponents can't win the game.,"MRD,10E,M10,M11,V15","She is the apex of the artificer's craft, the spirit of the divine called out of base metal.",normal,206329,4,4,Mythic Rare,Angel,"Artifact,Creature"
Sorcerer's Strongbox,{4},4,,Chuck Lukacs,213,Artifact,"{2}, {T}: Flip a coin. If you win the flip, sacrifice Sorcerer's Strongbox and draw three cards.","ARC,M11","Simun the Quiet filled the chest with his most precious thoughts. But in a fit of paranoia, he locked up the memory of where he hid the key.",normal,205069,,,Uncommon,,Artifact
Steel Overseer,{2},2,,Chris Rahn,214,Artifact Creature — Construct,{T}: Put a +1/+1 counter on each artifact creature you control.,"M11,DDF","""The world is already run by all manner of machines. One day, they'll remind us of that fact.""\n—Sargis Haz, artificer",normal,205036,1,1,Rare,Construct,"Artifact,Creature"
Stone Golem,{5},5,,Martina Pilcerova,215,Artifact Creature — Golem,,M11,"The sculptor, like most artists, put his heart and soul in his work. But the newly awakened golem decided he wanted his creator's other, more tangible parts.",normal,205056,4,4,Uncommon,Golem,"Artifact,Creature"
Sword of Vengeance,{3},3,,Dan Scott,216,Artifact — Equipment,"Equipped creature gets +2/+0 and has first strike, vigilance, trample, and haste.\nEquip {3}","M11,C14,C15","When wielded by a true believer, it matters little whether the sword is a relic or a replica.",normal,205044,,,Rare,Equipment,Artifact
Temple Bell,{3},3,,Mark Tedin,217,Artifact,{T}: Each player draws a card.,"M11,C13",Enlightenment is not gained by striking the bell or hearing its toll. It's found in the silence that follows.,normal,205058,,,Rare,,Artifact
Triskelion,{6},6,,Christopher Moeller,218,Artifact Creature — Construct,Triskelion enters the battlefield with three +1/+1 counters on it.\nRemove a +1/+1 counter from Triskelion: Triskelion deals 1 damage to target creature or player.,"ATQ,4ED,MRD,M11,DDF","""Why do bad things always come in threes?""\n—Gisulf, expedition survivor",normal,206719,1,1,Rare,Construct,"Artifact,Creature"
Voltaic Key,{1},1,,Franz Vohwinkel,219,Artifact,"{1}, {T}: Untap target artifact.","USG,DDE,M11",The missing piece to every puzzle.,normal,206332,,,Uncommon,,Artifact
Warlord's Axe,{3},3,,Franz Vohwinkel,220,Artifact — Equipment,Equipped creature gets +3/+1.\nEquip {4} ({4}: Attach to target creature you control. Equip only as a sorcery.),M11,"To split wood with it would be sacrilege. This tool has but one purpose, and that is war.",normal,205057,,,Uncommon,Equipment,Artifact
Whispersilk Cloak,{3},3,,Daren Bader,221,Artifact — Equipment,Equipped creature can't be blocked and has shroud. (It can't be the target of spells or abilities.)\nEquip {2},"DST,10E,M10,DDE,M11,PC2",,normal,206342,,,Uncommon,Equipment,Artifact
Wurm's Tooth,{2},2,,Alan Pollack,222,Artifact,"Whenever a player casts a green spell, you may gain 1 life.","DST,9ED,10E,M10,DPA,M11,M12","""The great wurm bit down on me. Instead of being crunched bloody, I slid into the space where its tooth was missing. One tooth—a boon most potent, indeed.""\n—The Tall Tales of Oleander",normal,206330,,,Uncommon,,Artifact
Dragonskull Summit,,,"B,R",Jon Foster,223,Land,Dragonskull Summit enters the battlefield tapped unless you control a Swamp or a Mountain.\n{T}: Add {B} or {R} to your mana pool.,"M10,M11,M12,M13",,normal,205089,,,Rare,,Land
Drowned Catacomb,,,"U,B",Dave Kendall,224,Land,Drowned Catacomb enters the battlefield tapped unless you control an Island or a Swamp.\n{T}: Add {U} or {B} to your mana pool.,"M10,M11,M12,M13",,normal,205090,,,Rare,,Land
Glacial Fortress,,,"W,U",Franz Vohwinkel,225,Land,Glacial Fortress enters the battlefield tapped unless you control a Plains or an Island.\n{T}: Add {W} or {U} to your mana pool.,"M10,M11,M12,M13",,normal,205094,,,Rare,,Land
Mystifying Maze,,,,Robh Ruppel,226,Land,"{T}: Add {C} to your mana pool.\n{4}, {T}: Exile target attacking creature an opponent controls. At the beginning of the next end step, return it to the battlefield tapped under its owner's control.",M11,,normal,204978,,,Rare,,Land
Rootbound Crag,,,"R,G",Matt Stewart,227,Land,Rootbound Crag enters the battlefield tapped unless you control a Mountain or a Forest.\n{T}: Add {R} or {G} to your mana pool.,"M10,H09,M11,M12,M13",,normal,205114,,,Rare,,Land
Sunpetal Grove,,,"G,W",Jason Chan,228,Land,Sunpetal Grove enters the battlefield tapped unless you control a Forest or a Plains.\n{T}: Add {G} or {W} to your mana pool.,"M10,M11,M12,M13",,normal,205124,,,Rare,,Land
Terramorphic Expanse,,,,Dan Scott,229,Land,"{T}, Sacrifice Terramorphic Expanse: Search your library for a basic land card and put it onto the battlefield tapped. Then shuffle your library.","TSP,10E,M10,HOP,H09,DDE,ARC,M11,CMD,DDH,PC2,MMA,C13,DDN,C14,C15",,normal,205236,,,Common,,Land
Plains,,,W,John Avon,230,Basic Land — Plains,,"LEA,LEB,2ED,CED,CEI,3ED,4ED,ICE,RQS,pARL,MIR,ITP,5ED,POR,pPRE,TMP,pJGP,PO2,UGL,pALP,USG,ATH,6ED,PTK,S99,pGRU,MMQ,BRB,pELP,S00,INV,7ED,ODY,ONS,8ED,MRD,CHK,UNH,9ED,RAV,CST,TSP,10E,MED,LRW,SHM,ALA,DDC,M10,HOP,ME3,ZEN,H09,DDE,ROE,ARC,M11,DDF,SOM,MBS,DDG,NPH,CMD,M12,DDH,ISD,DDI,AVR,PC2,M13,RTR,DDK,M14,DDL,THS,C13,MD1,M15,DDN,KTK,C14,DD3_DVD,FRF,DDO,DTK,TPR,ORI,DDP,BFZ,C15,DDQ,SOI",,normal,213614,,,Basic Land,Plains,Land
Plains,,,W,John Avon,231,Basic Land — Plains,,"LEA,LEB,2ED,CED,CEI,3ED,4ED,ICE,RQS,pARL,MIR,ITP,5ED,POR,pPRE,TMP,pJGP,PO2,UGL,pALP,USG,ATH,6ED,PTK,S99,pGRU,MMQ,BRB,pELP,S00,INV,7ED,ODY,ONS,8ED,MRD,CHK,UNH,9ED,RAV,CST,TSP,10E,MED,LRW,SHM,ALA,DDC,M10,HOP,ME3,ZEN,H09,DDE,ROE,ARC,M11,DDF,SOM,MBS,DDG,NPH,CMD,M12,DDH,ISD,DDI,AVR,PC2,M13,RTR,DDK,M14,DDL,THS,C13,MD1,M15,DDN,KTK,C14,DD3_DVD,FRF,DDO,DTK,TPR,ORI,DDP,BFZ,C15,DDQ,SOI",,normal,213612,,,Basic Land,Plains,Land
Plains,,,W,D. J. Cleland-Hura,232,Basic Land — Plains,,"LEA,LEB,2ED,CED,CEI,3ED,4ED,ICE,RQS,pARL,MIR,ITP,5ED,POR,pPRE,TMP,pJGP,PO2,UGL,pALP,USG,ATH,6ED,PTK,S99,pGRU,MMQ,BRB,pELP,S00,INV,7ED,ODY,ONS,8ED,MRD,CHK,UNH,9ED,RAV,CST,TSP,10E,MED,LRW,SHM,ALA,DDC,M10,HOP,ME3,ZEN,H09,DDE,ROE,ARC,M11,DDF,SOM,MBS,DDG,NPH,CMD,M12,DDH,ISD,DDI,AVR,PC2,M13,RTR,DDK,M14,DDL,THS,C13,MD1,M15,DDN,KTK,C14,DD3_DVD,FRF,DDO,DTK,TPR,ORI,DDP,BFZ,C15,DDQ,SOI",,normal,213613,,,Basic Land,Plains,Land
Plains,,,W,Ryan Pancoast,233,Basic Land — Plains,,"LEA,LEB,2ED,CED,CEI,3ED,4ED,ICE,RQS,pARL,MIR,ITP,5ED,POR,pPRE,TMP,pJGP,PO2,UGL,pALP,USG,ATH,6ED,PTK,S99,pGRU,MMQ,BRB,pELP,S00,INV,7ED,ODY,ONS,8ED,MRD,CHK,UNH,9ED,RAV,CST,TSP,10E,MED,LRW,SHM,ALA,DDC,M10,HOP,ME3,ZEN,H09,DDE,ROE,ARC,M11,DDF,SOM,MBS,DDG,NPH,CMD,M12,DDH,ISD,DDI,AVR,PC2,M13,RTR,DDK,M14,DDL,THS,C13,MD1,M15,DDN,KTK,C14,DD3_DVD,FRF,DDO,DTK,TPR,ORI,DDP,BFZ,C15,DDQ,SOI",,normal,213615,,,Basic Land,Plains,Land
Island,,,U,Rob Alexander,234,Basic Land — Island,,"LEA,LEB,2ED,CED,CEI,3ED,4ED,ICE,RQS,pARL,MIR,ITP,5ED,POR,TMP,pJGP,PO2,UGL,pALP,USG,6ED,PTK,S99,pGRU,MMQ,BRB,pELP,S00,BTD,INV,7ED,ODY,ONS,8ED,MRD,CHK,UNH,9ED,RAV,CST,TSP,10E,MED,LRW,SHM,ALA,DD2,M10,HOP,ME3,ZEN,H09,DDE,ROE,DPA,ARC,M11,DDF,SOM,MBS,NPH,CMD,M12,DDH,ISD,DDI,AVR,PC2,M13,DDJ,RTR,M14,THS,C13,DDM,M15,DDN,KTK,C14,DD3_JVC,FRF,DDO,DTK,TPR,ORI,BFZ,C15,DDQ,SOI",,normal,213619,,,Basic Land,Island,Land
Island,,,U,John Avon,235,Basic Land — Island,,"LEA,LEB,2ED,CED,CEI,3ED,4ED,ICE,RQS,pARL,MIR,ITP,5ED,POR,TMP,pJGP,PO2,UGL,pALP,USG,6ED,PTK,S99,pGRU,MMQ,BRB,pELP,S00,BTD,INV,7ED,ODY,ONS,8ED,MRD,CHK,UNH,9ED,RAV,CST,TSP,10E,MED,LRW,SHM,ALA,DD2,M10,HOP,ME3,ZEN,H09,DDE,ROE,DPA,ARC,M11,DDF,SOM,MBS,NPH,CMD,M12,DDH,ISD,DDI,AVR,PC2,M13,DDJ,RTR,M14,THS,C13,DDM,M15,DDN,KTK,C14,DD3_JVC,FRF,DDO,DTK,TPR,ORI,BFZ,C15,DDQ,SOI",,normal,213617,,,Basic Land,Island,Land
Island,,,U,Fred Fields,236,Basic Land — Island,,"LEA,LEB,2ED,CED,CEI,3ED,4ED,ICE,RQS,pARL,MIR,ITP,5ED,POR,TMP,pJGP,PO2,UGL,pALP,USG,6ED,PTK,S99,pGRU,MMQ,BRB,pELP,S00,BTD,INV,7ED,ODY,ONS,8ED,MRD,CHK,UNH,9ED,RAV,CST,TSP,10E,MED,LRW,SHM,ALA,DD2,M10,HOP,ME3,ZEN,H09,DDE,ROE,DPA,ARC,M11,DDF,SOM,MBS,NPH,CMD,M12,DDH,ISD,DDI,AVR,PC2,M13,DDJ,RTR,M14,THS,C13,DDM,M15,DDN,KTK,C14,DD3_JVC,FRF,DDO,DTK,TPR,ORI,BFZ,C15,DDQ,SOI",,normal,213618,,,Basic Land,Island,Land
Island,,,U,Eric Peterson,237,Basic Land — Island,,"LEA,LEB,2ED,CED,CEI,3ED,4ED,ICE,RQS,pARL,MIR,ITP,5ED,POR,TMP,pJGP,PO2,UGL,pALP,USG,6ED,PTK,S99,pGRU,MMQ,BRB,pELP,S00,BTD,INV,7ED,ODY,ONS,8ED,MRD,CHK,UNH,9ED,RAV,CST,TSP,10E,MED,LRW,SHM,ALA,DD2,M10,HOP,ME3,ZEN,H09,DDE,ROE,DPA,ARC,M11,DDF,SOM,MBS,NPH,CMD,M12,DDH,ISD,DDI,AVR,PC2,M13,DDJ,RTR,M14,THS,C13,DDM,M15,DDN,KTK,C14,DD3_JVC,FRF,DDO,DTK,TPR,ORI,BFZ,C15,DDQ,SOI",,normal,213616,,,Basic Land,Island,Land
Swamp,,,B,John Avon,238,Basic Land — Swamp,,"LEA,LEB,2ED,CED,CEI,3ED,4ED,ICE,RQS,pARL,MIR,ITP,5ED,POR,TMP,pJGP,PO2,UGL,pALP,USG,ATH,6ED,PTK,S99,pGRU,MMQ,BRB,pELP,S00,BTD,INV,7ED,ODY,DKM,ONS,8ED,MRD,CHK,UNH,9ED,RAV,CST,TSP,10E,MED,LRW,SHM,ALA,DDC,M10,HOP,ME3,ZEN,DDD,H09,DDE,ROE,DPA,ARC,M11,SOM,MBS,NPH,CMD,M12,DDH,ISD,PD3,AVR,PC2,M13,DDJ,RTR,DDK,M14,THS,C13,DDM,MD1,M15,DDN,KTK,C14,DD3_DVD,DD3_GVL,FRF,DTK,TPR,ORI,DDP,BFZ,C15,DDQ,SOI",,normal,213621,,,Basic Land,Swamp,Land
Swamp,,,B,Larry Elmore,239,Basic Land — Swamp,,"LEA,LEB,2ED,CED,CEI,3ED,4ED,ICE,RQS,pARL,MIR,ITP,5ED,POR,TMP,pJGP,PO2,UGL,pALP,USG,ATH,6ED,PTK,S99,pGRU,MMQ,BRB,pELP,S00,BTD,INV,7ED,ODY,DKM,ONS,8ED,MRD,CHK,UNH,9ED,RAV,CST,TSP,10E,MED,LRW,SHM,ALA,DDC,M10,HOP,ME3,ZEN,DDD,H09,DDE,ROE,DPA,ARC,M11,SOM,MBS,NPH,CMD,M12,DDH,ISD,PD3,AVR,PC2,M13,DDJ,RTR,DDK,M14,THS,C13,DDM,MD1,M15,DDN,KTK,C14,DD3_DVD,DD3_GVL,FRF,DTK,TPR,ORI,DDP,BFZ,C15,DDQ,SOI",,normal,213620,,,Basic Land,Swamp,Land
Swamp,,,B,Alex Horley-Orlandelli,240,Basic Land — Swamp,,"LEA,LEB,2ED,CED,CEI,3ED,4ED,ICE,RQS,pARL,MIR,ITP,5ED,POR,TMP,pJGP,PO2,UGL,pALP,USG,ATH,6ED,PTK,S99,pGRU,MMQ,BRB,pELP,S00,BTD,INV,7ED,ODY,DKM,ONS,8ED,MRD,CHK,UNH,9ED,RAV,CST,TSP,10E,MED,LRW,SHM,ALA,DDC,M10,HOP,ME3,ZEN,DDD,H09,DDE,ROE,DPA,ARC,M11,SOM,MBS,NPH,CMD,M12,DDH,ISD,PD3,AVR,PC2,M13,DDJ,RTR,DDK,M14,THS,C13,DDM,MD1,M15,DDN,KTK,C14,DD3_DVD,DD3_GVL,FRF,DTK,TPR,ORI,DDP,BFZ,C15,DDQ,SOI",,normal,213622,,,Basic Land,Swamp,Land
Swamp,,,B,Jim Pavelec,241,Basic Land — Swamp,,"LEA,LEB,2ED,CED,CEI,3ED,4ED,ICE,RQS,pARL,MIR,ITP,5ED,POR,TMP,pJGP,PO2,UGL,pALP,USG,ATH,6ED,PTK,S99,pGRU,MMQ,BRB,pELP,S00,BTD,INV,7ED,ODY,DKM,ONS,8ED,MRD,CHK,UNH,9ED,RAV,CST,TSP,10E,MED,LRW,SHM,ALA,DDC,M10,HOP,ME3,ZEN,DDD,H09,DDE,ROE,DPA,ARC,M11,SOM,MBS,NPH,CMD,M12,DDH,ISD,PD3,AVR,PC2,M13,DDJ,RTR,DDK,M14,THS,C13,DDM,MD1,M15,DDN,KTK,C14,DD3_DVD,DD3_GVL,FRF,DTK,TPR,ORI,DDP,BFZ,C15,DDQ,SOI",,normal,213623,,,Basic Land,Swamp,Land
Mountain,,,R,Rob Alexander,242,Basic Land — Mountain,,"LEA,LEB,2ED,ARN,CED,CEI,3ED,4ED,ICE,RQS,pARL,MIR,ITP,5ED,POR,TMP,pJGP,PO2,UGL,pALP,USG,ATH,6ED,PTK,S99,pGRU,MMQ,BRB,pELP,S00,BTD,INV,7ED,ODY,DKM,ONS,8ED,MRD,CHK,UNH,9ED,RAV,CST,TSP,10E,MED,LRW,EVG,SHM,ALA,DD2,M10,HOP,ME3,ZEN,H09,DDE,ROE,DPA,ARC,M11,SOM,PD2,MBS,DDG,NPH,CMD,M12,DDH,ISD,DDI,AVR,PC2,M13,DDJ,RTR,DDK,M14,DDL,THS,C13,M15,DDN,KTK,C14,DD3_EVG,DD3_JVC,FRF,DTK,TPR,ORI,DDP,BFZ,C15,SOI",,normal,213624,,,Basic Land,Mountain,Land
Mountain,,,R,John Avon,243,Basic Land — Mountain,,"LEA,LEB,2ED,ARN,CED,CEI,3ED,4ED,ICE,RQS,pARL,MIR,ITP,5ED,POR,TMP,pJGP,PO2,UGL,pALP,USG,ATH,6ED,PTK,S99,pGRU,MMQ,BRB,pELP,S00,BTD,INV,7ED,ODY,DKM,ONS,8ED,MRD,CHK,UNH,9ED,RAV,CST,TSP,10E,MED,LRW,EVG,SHM,ALA,DD2,M10,HOP,ME3,ZEN,H09,DDE,ROE,DPA,ARC,M11,SOM,PD2,MBS,DDG,NPH,CMD,M12,DDH,ISD,DDI,AVR,PC2,M13,DDJ,RTR,DDK,M14,DDL,THS,C13,M15,DDN,KTK,C14,DD3_EVG,DD3_JVC,FRF,DTK,TPR,ORI,DDP,BFZ,C15,SOI",,normal,213625,,,Basic Land,Mountain,Land
Mountain,,,R,Nils Hamm,244,Basic Land — Mountain,,"LEA,LEB,2ED,ARN,CED,CEI,3ED,4ED,ICE,RQS,pARL,MIR,ITP,5ED,POR,TMP,pJGP,PO2,UGL,pALP,USG,ATH,6ED,PTK,S99,pGRU,MMQ,BRB,pELP,S00,BTD,INV,7ED,ODY,DKM,ONS,8ED,MRD,CHK,UNH,9ED,RAV,CST,TSP,10E,MED,LRW,EVG,SHM,ALA,DD2,M10,HOP,ME3,ZEN,H09,DDE,ROE,DPA,ARC,M11,SOM,PD2,MBS,DDG,NPH,CMD,M12,DDH,ISD,DDI,AVR,PC2,M13,DDJ,RTR,DDK,M14,DDL,THS,C13,M15,DDN,KTK,C14,DD3_EVG,DD3_JVC,FRF,DTK,TPR,ORI,DDP,BFZ,C15,SOI",,normal,213626,,,Basic Land,Mountain,Land
Mountain,,,R,Karl Kopinski,245,Basic Land — Mountain,,"LEA,LEB,2ED,ARN,CED,CEI,3ED,4ED,ICE,RQS,pARL,MIR,ITP,5ED,POR,TMP,pJGP,PO2,UGL,pALP,USG,ATH,6ED,PTK,S99,pGRU,MMQ,BRB,pELP,S00,BTD,INV,7ED,ODY,DKM,ONS,8ED,MRD,CHK,UNH,9ED,RAV,CST,TSP,10E,MED,LRW,EVG,SHM,ALA,DD2,M10,HOP,ME3,ZEN,H09,DDE,ROE,DPA,ARC,M11,SOM,PD2,MBS,DDG,NPH,CMD,M12,DDH,ISD,DDI,AVR,PC2,M13,DDJ,RTR,DDK,M14,DDL,THS,C13,M15,DDN,KTK,C14,DD3_EVG,DD3_JVC,FRF,DTK,TPR,ORI,DDP,BFZ,C15,SOI",,normal,213627,,,Basic Land,Mountain,Land
Forest,,,G,Rob Alexander,246,Basic Land — Forest,,"LEA,LEB,2ED,CED,CEI,3ED,4ED,ICE,RQS,pARL,MIR,ITP,5ED,POR,TMP,pJGP,PO2,UGL,pALP,USG,ATH,6ED,PTK,S99,pGRU,MMQ,BRB,pELP,S00,BTD,INV,7ED,ODY,DKM,ONS,8ED,MRD,CHK,UNH,9ED,RAV,CST,TSP,10E,MED,LRW,EVG,SHM,ALA,M10,HOP,ME3,ZEN,DDD,H09,DDE,ROE,DPA,ARC,M11,SOM,MBS,DDG,NPH,CMD,M12,DDH,ISD,AVR,PC2,M13,DDJ,RTR,M14,DDL,THS,C13,DDM,M15,KTK,C14,DD3_EVG,DD3_GVL,FRF,DDO,DTK,TPR,ORI,DDP,BFZ,C15,SOI",,normal,213628,,,Basic Land,Forest,Land
Forest,,,G,John Avon,247,Basic Land — Forest,,"LEA,LEB,2ED,CED,CEI,3ED,4ED,ICE,RQS,pARL,MIR,ITP,5ED,POR,TMP,pJGP,PO2,UGL,pALP,USG,ATH,6ED,PTK,S99,pGRU,MMQ,BRB,pELP,S00,BTD,INV,7ED,ODY,DKM,ONS,8ED,MRD,CHK,UNH,9ED,RAV,CST,TSP,10E,MED,LRW,EVG,SHM,ALA,M10,HOP,ME3,ZEN,DDD,H09,DDE,ROE,DPA,ARC,M11,SOM,MBS,DDG,NPH,CMD,M12,DDH,ISD,AVR,PC2,M13,DDJ,RTR,M14,DDL,THS,C13,DDM,M15,KTK,C14,DD3_EVG,DD3_GVL,FRF,DDO,DTK,TPR,ORI,DDP,BFZ,C15,SOI",,normal,213629,,,Basic Land,Forest,Land
Forest,,,G,Steven Belledin,248,Basic Land — Forest,,"LEA,LEB,2ED,CED,CEI,3ED,4ED,ICE,RQS,pARL,MIR,ITP,5ED,POR,TMP,pJGP,PO2,UGL,pALP,USG,ATH,6ED,PTK,S99,pGRU,MMQ,BRB,pELP,S00,BTD,INV,7ED,ODY,DKM,ONS,8ED,MRD,CHK,UNH,9ED,RAV,CST,TSP,10E,MED,LRW,EVG,SHM,ALA,M10,HOP,ME3,ZEN,DDD,H09,DDE,ROE,DPA,ARC,M11,SOM,MBS,DDG,NPH,CMD,M12,DDH,ISD,AVR,PC2,M13,DDJ,RTR,M14,DDL,THS,C13,DDM,M15,KTK,C14,DD3_EVG,DD3_GVL,FRF,DDO,DTK,TPR,ORI,DDP,BFZ,C15,SOI",,normal,213630,,,Basic Land,Forest,Land
Forest,,,G,Jim Nelson,249,Basic Land — Forest,,"LEA,LEB,2ED,CED,CEI,3ED,4ED,ICE,RQS,pARL,MIR,ITP,5ED,POR,TMP,pJGP,PO2,UGL,pALP,USG,ATH,6ED,PTK,S99,pGRU,MMQ,BRB,pELP,S00,BTD,INV,7ED,ODY,DKM,ONS,8ED,MRD,CHK,UNH,9ED,RAV,CST,TSP,10E,MED,LRW,EVG,SHM,ALA,M10,HOP,ME3,ZEN,DDD,H09,DDE,ROE,DPA,ARC,M11,SOM,MBS,DDG,NPH,CMD,M12,DDH,ISD,AVR,PC2,M13,DDJ,RTR,M14,DDL,THS,C13,DDM,M15,KTK,C14,DD3_EVG,DD3_GVL,FRF,DDO,DTK,TPR,ORI,DDP,BFZ,C15,SOI",,normal,213631,,,Basic Land,Forest,Land
