name,manaCost,cmc,colorIdentity,artist,number,type,text,printings,flavor,layout,multiverseid,power,toughness,rarity,subtypes,types
Aegis Angel,{4}{W}{W},6,W,Aleksi Briclot,1,Creature — Angel,"Flying (This creature can't be blocked except by creatures with flying or reach.)\nWhen Aegis Angel enters the battlefield, another target permanent gains indestructible for as long as you control Aegis Angel. (Effects that say ""destroy"" don't destroy it. A creature with indestructible can't be destroyed by damage.)","M12,M15,ORI,W16",,normal,220086,5,5,Rare,Angel,Creature
Alabaster Mage,{1}{W},2,W,Izzy,2,Creature — Human Wizard,{1}{W}: Target creature you control gains lifelink until end of turn. (Damage dealt by the creature also causes its controller to gain that much life.),M12,"""We hold sacred the powers of light and life. Truth and honor are our greatest weapons.""\n—Alabaster creed",normal,220264,2,1,Uncommon,"Human,Wizard",Creature
Angelic Destiny,{2}{W}{W},4,W,Jana Schirmer & Johannes Voss,3,Enchantment — Aura,"Enchant creature\nEnchanted creature gets +4/+4, has flying and first strike, and is an Angel in addition to its other types.\nWhen enchanted creature dies, return Angelic Destiny to its owner's hand.",M12,,normal,220230,,,Mythic Rare,Aura,Enchantment
Angel's Mercy,{2}{W}{W},4,W,Andrew Robinson,4,Instant,You gain 7 life.,"M10,M12,AVR,M13","Angels appear before both the blessed and the cursed, though most don't know which they are until they feel either the angel's kiss or her sword.",normal,238569,,,Common,,Instant
Arbalest Elite,{2}{W}{W},4,W,Chris Rahn,5,Creature — Human Archer,"{2}{W}, {T}: Arbalest Elite deals 3 damage to target attacking or blocking creature. Arbalest Elite doesn't untap during your next untap step.",M12,"There are few things as satisfying as a good, healthy thunk.",normal,220078,2,3,Uncommon,"Human,Archer",Creature
Archon of Justice,{3}{W}{W},5,W,Jason Chan,6,Creature — Archon,"Flying\nWhen Archon of Justice dies, exile target permanent.","EVE,M12","In dark times, Truth bears a blade.",normal,244828,4,4,Rare,Archon,Creature
Armored Warhorse,{W}{W},2,W,rk post,7,Creature — Horse,,M12,"""When we of the Northern Verge claim a mount, no peasant's nag will do. It must be as strong as our virtue, and must join us of its own will.""\n—Sarlena, paladin of the Northern Verge",normal,222634,2,3,Common,Horse,Creature
Assault Griffin,{3}{W},4,W,Jesper Ejsing,8,Creature — Griffin,Flying,"M11,M12,GTC","""Griffins do not serve. They give freely to those they trust.""\n—Amira, skycaptain of Thune",normal,236449,3,2,Common,Griffin,Creature
Auramancer,{2}{W},3,W,Rebecca Guay,9,Creature — Human Wizard,"When Auramancer enters the battlefield, you may return target enchantment card from your graveyard to your hand.","ODY,pWPN,M12,PC2,M14,DDL,ORI","""In memories, we can find our deepest reserves of strength.""",normal,240308,2,2,Common,"Human,Wizard",Creature
Benalish Veteran,{2}{W},3,W,Steven Belledin,10,Creature — Human Soldier,"Whenever Benalish Veteran attacks, it gets +1/+1 until end of turn.",M12,"""One day I will rest and join my comrades in the afterlife, but not while scum like you still sully this world.""",normal,228117,2,2,Common,"Human,Soldier",Creature
Celestial Purge,{1}{W},2,W,David Palumbo,11,Instant,Exile target black or red permanent.,"pMPR,CON,M10,M11,M12,MM2","""A world without evil? Boring. Give me vile fiends to smite and banish any day.""\n—Sarlena, paladin of the Northern Verge",normal,220195,,,Uncommon,,Instant
Day of Judgment,{2}{W}{W},4,W,Vincent Proce,12,Sorcery,Destroy all creatures.,"pMEI,pMPR,ZEN,M11,M12",,normal,220139,,,Rare,,Sorcery
Demystify,{W},1,W,Véronique Meignaud,13,Instant,Destroy target enchantment.,"ONS,8ED,9ED,10E,ROE,M12",Behind every mage is a trail of shattered lies.,normal,238328,,,Common,,Instant
Divine Favor,{1}{W},2,W,Allen Williams,14,Enchantment — Aura,"Enchant creature\nWhen Divine Favor enters the battlefield, you gain 3 life.\nEnchanted creature gets +1/+3.","M12,M13,M14,M15","With an armory of light, even the squire may champion her people.",normal,220219,,,Common,Aura,Enchantment
Elite Vanguard,{W},1,W,Mark Tedin,15,Creature — Human Soldier,,"M10,M11,DDF,M12,EMA",The vanguard is skilled at waging war alone. The enemy is often defeated before its reinforcements reach the front.,normal,240315,2,1,Uncommon,"Human,Soldier",Creature
Gideon Jura,{3}{W}{W},5,W,Aleksi Briclot,16,Planeswalker — Gideon,"+2: During target opponent's next turn, creatures that player controls attack Gideon Jura if able.\n−2: Destroy target tapped creature.\n0: Until end of turn, Gideon Jura becomes a 6/6 Human Soldier creature that's still a planeswalker. Prevent all damage that would be dealt to him this turn.","ROE,M12",,normal,238329,,,Mythic Rare,Gideon,Planeswalker
Gideon's Avenger,{1}{W}{W},3,W,Randy Gallegos,17,Creature — Human Soldier,"Whenever a creature an opponent controls becomes tapped, put a +1/+1 counter on Gideon's Avenger.",M12,"""The good don't sit and wait for the evil to act. They prepare to defend. They prepare to punish.""",normal,220239,2,2,Rare,"Human,Soldier",Creature
Gideon's Lawkeeper,{W},1,W,Steve Prescott,18,Creature — Human Soldier,"{W}, {T}: Tap target creature.",M12,"""The essence of a lawful society is swift deterrence.""",normal,228122,1,1,Common,"Human,Soldier",Creature
Grand Abolisher,{W}{W},2,W,Eric Deschamps,19,Creature — Human Cleric,"During your turn, your opponents can't cast spells or activate abilities of artifacts, creatures, or enchantments.","M12,C14","""Your superstitions and mumblings are useless chaff before my righteousness.""",normal,221898,2,2,Rare,"Human,Cleric",Creature
Griffin Rider,{1}{W},2,W,Steve Prescott,20,Creature — Human Knight,"As long as you control a Griffin creature, Griffin Rider gets +3/+3 and has flying.",M12,"After fighting alongside the griffin riders, older knights of Thune learned to admire a mount that could rip an enemy to shreds in seconds.",normal,220282,1,1,Common,"Human,Knight",Creature
Griffin Sentinel,{2}{W},3,W,Warren Mahy,21,Creature — Griffin,Flying\nVigilance (Attacking doesn't cause this creature to tap.),"M10,M12,M14","Once a griffin sentinel adopts a territory as its own, only death can force it to betray its post.",normal,222650,1,3,Common,Griffin,Creature
Guardians' Pledge,{1}{W}{W},3,W,Christopher Moeller,22,Instant,White creatures you control get +2/+2 until end of turn.,M12,A dozen fighting for each other are worth a thousand fighting for themselves.,normal,220095,,,Common,,Instant
Honor of the Pure,{1}{W},2,W,Greg Staples,23,Enchantment,White creatures you control get +1/+1.,"pMEI,M10,M11,M12,MD1","Together the soldiers were like a golden blade, cutting down their enemies and scarring the darkness.",normal,233237,,,Rare,,Enchantment
Lifelink,{W},1,W,Terese Nielsen,24,Enchantment — Aura,Enchant creature\nEnchanted creature has lifelink. (Damage dealt by the creature also causes its controller to gain that much life.),"M10,M12",The spoils of war are not measured only in gold and silver.,normal,220182,,,Common,Aura,Enchantment
Mesa Enchantress,{1}{W}{W},3,W,Randy Gallegos,25,Creature — Human Druid,"Whenever you cast an enchantment spell, you may draw a card.","PLC,M10,M12,C15,EMA","""Scholars seek to understand the way the world is. I wish to shape the world into what it should be.""",normal,220116,0,2,Rare,"Human,Druid",Creature
Mighty Leap,{1}{W},2,W,rk post,26,Instant,Target creature gets +2/+2 and gains flying until end of turn.,"M11,DDF,DDG,M12,DDO,MM2,ORI,OGW","""The southern fortress taken by invaders? Heh, sure . . . when elephants fly.""\n—Brezard Skeinbow, captain of the guard",normal,241989,,,Common,,Instant
Oblivion Ring,{2}{W},3,W,Franz Vohwinkel,27,Enchantment,"When Oblivion Ring enters the battlefield, exile another target nonland permanent.\nWhen Oblivion Ring leaves the battlefield, return the exiled card to the battlefield under its owner's control.","pFNM,LRW,ALA,HOP,ARC,DDG,CMD,M12,DDI,M13,MM2",,normal,234567,,,Uncommon,,Enchantment
Pacifism,{1}{W},2,W,Robert Bliss,28,Enchantment — Aura,Enchant creature\nEnchanted creature can't attack or block.,"MIR,TMP,USG,ATH,6ED,BRB,7ED,ONS,8ED,9ED,10E,DDC,M10,M11,M12,M13,M14,DD3_DVD,DTK,TPR,EMA","For the first time in his life, Grakk felt a little warm and fuzzy inside.",normal,228956,,,Common,Aura,Enchantment
Peregrine Griffin,{4}{W},5,W,Steve Prescott,29,Creature — Griffin,Flying\nFirst strike (This creature deals combat damage before creatures without first strike.),M12,A griffin is not just an eagle's wings and a lion's claws. It is also the fiercest of hearts.,normal,238327,2,4,Common,Griffin,Creature
Personal Sanctuary,{2}{W},3,W,Howard Lyon,30,Enchantment,"During your turn, prevent all damage that would be dealt to you.",M12,"""There is a place deep within my soul where no foe can intrude and no tyrant can conquer.""\n—Sarlena, paladin of the Northern Verge",normal,220235,,,Rare,,Enchantment
Pride Guardian,{W},1,W,Chris Rahn,31,Creature — Cat Monk,"Defender\nWhenever Pride Guardian blocks, you gain 3 life.","M12,CNS","""Any hotheaded cub can raise a sword in anger.""",normal,220073,0,3,Common,"Cat,Monk",Creature
Roc Egg,{2}{W},3,W,Paul Bonner,32,Creature — Bird,"Defender (This creature can't attack.)\nWhen Roc Egg dies, put a 3/3 white Bird creature token with flying onto the battlefield.","M11,M12",A thin shell lies between the roc and a world of bite-sized treats.,normal,238570,0,3,Uncommon,Bird,Creature
Serra Angel,{3}{W}{W},5,W,Greg Staples,33,Creature — Angel,Flying (This creature can't be blocked except by creatures with flying or reach.)\nVigilance (Attacking doesn't cause this creature to tap.),"LEA,LEB,2ED,CED,CEI,3ED,4ED,ATH,pWOS,7ED,8ED,9ED,10E,DDC,M10,M11,ME4,CMD,M12,M13,M14,M15,DD3_DVD,ORI,V15,W16,EMA","Follow the light. In its absence, follow her.",normal,220176,4,4,Uncommon,Angel,Creature
Siege Mastodon,{4}{W},5,W,Matt Cavotta,34,Creature — Elephant,,"M10,M11,M12,M14","""The walls of the wicked will fall before us. Ready the siege engines. We proceed to war!""\n—General Avitora",normal,222635,3,5,Common,Elephant,Creature
Spirit Mantle,{1}{W},2,W,Izzy,35,Enchantment — Aura,Enchant creature\nEnchanted creature gets +1/+1 and has protection from creatures.,"M12,PC2",The shield of unimpeachable purity is as strong as any wrought on the anvil.,normal,220154,,,Uncommon,Aura,Enchantment
Stave Off,{W},1,W,Mark Zug,36,Instant,Target creature gains protection from the color of your choice until end of turn.,"M12,CNS,DDN",,normal,220295,,,Common,,Instant
Stonehorn Dignitary,{3}{W},4,W,Dave Kendall,37,Creature — Rhino Soldier,"When Stonehorn Dignitary enters the battlefield, target opponent skips his or her next combat phase.",M12,It did not escape the ambassador's notice that the sound of war drums could also marshal the city to attention.,normal,220160,1,4,Common,"Rhino,Soldier",Creature
Stormfront Pegasus,{1}{W},2,W,rk post,38,Creature — Pegasus,Flying,"M10,M11,M12",Its hooves touch the earth only when a hero must rise.,normal,222633,2,1,Common,Pegasus,Creature
Sun Titan,{4}{W}{W},6,W,Todd Lockwood,39,Creature — Giant,"Vigilance\nWhenever Sun Titan enters the battlefield or attacks, you may return target permanent card with converted mana cost 3 or less from your graveyard to the battlefield.","pPRE,M11,M12,DDL,C14,C15",A blazing sun that never sets.,normal,241833,6,6,Mythic Rare,Giant,Creature
Timely Reinforcements,{2}{W},3,W,Tomasz Jedruszek,40,Sorcery,"If you have less life than an opponent, you gain 6 life. If you control fewer creatures than an opponent, put three 1/1 white Soldier creature tokens onto the battlefield.",M12,"The gods are not always kind, but they do have a soft spot for plucky underdogs.",normal,220074,,,Uncommon,,Sorcery
Æther Adept,{1}{U}{U},3,U,Eric Deschamps,41,Creature — Human Wizard,"When Æther Adept enters the battlefield, return target creature to its owner's hand.","M11,M12,DDM","""The universe is my instrument, and the song I play upon it is one you are forbidden to hear.""",normal,227222,2,2,Common,"Human,Wizard",Creature
Alluring Siren,{1}{U},2,U,Chippy,42,Creature — Siren,{T}: Target creature an opponent controls attacks you this turn if able.,"M10,M11,M12","She lures victims with promises of flesh, captures them in a net of deceit, and destroys them in the embrace of the sea.",normal,245188,1,1,Uncommon,Siren,Creature
Amphin Cutthroat,{3}{U},4,U,Howard Lyon,43,Creature — Salamander Rogue,,M12,"""The amphin have long built their society in secret. While surface dwellers squabbled over trivial borders, they patiently expanded, building their ammonite temple-caves. Now amphin priests eye the shore, and amphin hunters gird for war.""\n—Gor Muldrak, Cryptohistories",normal,220218,2,4,Common,"Salamander,Rogue",Creature
Aven Fleetwing,{3}{U},4,U,Wayne Reynolds,44,Creature — Bird Soldier,Flying\nHexproof (This creature can't be the target of spells or abilities your opponents control.),M12,"""It was too fast, even for our veteran archers. They might as well have been blowing it kisses.""\n—Vulok, elvish archer",normal,220145,2,2,Common,"Bird,Soldier",Creature
Azure Mage,{1}{U},2,U,Izzy,45,Creature — Human Wizard,{3}{U}: Draw a card.,"M12,C14","""We draw our power from the infinite ocean of the mind, where all manner of things can be conceived.""\n—Azure creed",normal,220268,2,1,Uncommon,"Human,Wizard",Creature
Belltower Sphinx,{4}{U},5,U,Jim Nelson,46,Creature — Sphinx,"Flying\nWhenever a source deals damage to Belltower Sphinx, that source's controller puts that many cards from the top of his or her library into his or her graveyard.","RAV,M12",,normal,236457,2,5,Uncommon,Sphinx,Creature
Cancel,{1}{U}{U},3,U,David Palumbo,47,Instant,Counter target spell.,"pMPR,TSP,10E,ALA,M10,ZEN,DPA,M11,M12,PC2,RTR,M14,M15,KTK",,normal,227225,,,Common,,Instant
Chasm Drake,{4}{U},5,U,Anthony Francisco,48,Creature — Drake,"Flying\nWhenever Chasm Drake attacks, target creature you control gains flying until end of turn.",M12,"""Once he's got you, hold on. Fall from a drake and you'll suffer much worse than a bruise.""\n—Garl, drake trainer",normal,220225,3,3,Common,Drake,Creature
Coral Merfolk,{1}{U},2,U,rk post,49,Creature — Merfolk,,"USG,7ED,M10,M12,M14",Merfolk are best known for their subtle magic. But those who try to fight them in their own territory quickly realize that merfolk are hardly defenseless on the field of battle.,normal,227223,2,1,Common,Merfolk,Creature
Divination,{2}{U},3,U,Howard Lyon,50,Sorcery,Draw two cards.,"M10,M12,DKA,M13,M14,BNG,M15","""The key to unlocking this puzzle is within you.""\n—Doriel, mentor of Mistral Isle",normal,220194,,,Common,,Sorcery
Djinn of Wishes,{3}{U}{U},5,U,Kev Walker,51,Creature — Djinn,"Flying\nDjinn of Wishes enters the battlefield with three wish counters on it.\n{2}{U}{U}, Remove a wish counter from Djinn of Wishes: Reveal the top card of your library. You may play that card without paying its mana cost. If you don't, exile it.","M10,M12",,normal,227305,4,4,Rare,Djinn,Creature
Flashfreeze,{1}{U},2,U,Brian Despain,52,Instant,Counter target red or green spell.,"CSP,10E,M10,M11,M12,MM2","""Is cold merely the absence of heat, or a force unto itself? Would a display of its power help you decide?""\n—Zubarek, Icewinder Magus",normal,220249,,,Uncommon,,Instant
Flight,{U},1,U,Mark Zug,53,Enchantment — Aura,Enchant creature\nEnchanted creature has flying.,"LEA,LEB,2ED,CED,CEI,3ED,4ED,5ED,6ED,S00,7ED,8ED,9ED,M12","""Those who claim to know the world in its entirety rarely have the requisite perspective.""\n—Ulmarus the Wise",normal,237366,,,Common,Aura,Enchantment
Frost Breath,{2}{U},3,U,Mike Bierek,54,Instant,Tap up to two target creatures. Those creatures don't untap during their controller's next untap step.,"M12,M14","If you have to be stuck somewhere for a while, it's better to be stuck there with a friend.",normal,220284,,,Common,,Instant
Frost Titan,{4}{U}{U},6,U,Mike Bierek,55,Creature — Giant,"Whenever Frost Titan becomes the target of a spell or ability an opponent controls, counter that spell or ability unless its controller pays {2}.\nWhenever Frost Titan enters the battlefield or attacks, tap target permanent. It doesn't untap during its controller's next untap step.","pMEI,M11,M12,C14",,normal,235191,6,6,Mythic Rare,Giant,Creature
Harbor Serpent,{4}{U}{U},6,U,Daarken,56,Creature — Serpent,Islandwalk (This creature can't be blocked as long as defending player controls an Island.)\nHarbor Serpent can't attack unless there are five or more Islands on the battlefield.,"M11,M12,M13","Like most giant monsters villagers worship as gods, it proves a fickle master.",normal,230756,5,5,Common,Serpent,Creature
Ice Cage,{1}{U},2,U,Mike Bierek,57,Enchantment — Aura,"Enchant creature\nEnchanted creature can't attack or block, and its activated abilities can't be activated.\nWhen enchanted creature becomes the target of a spell or ability, destroy Ice Cage.","M10,M11,M12",,normal,245283,,,Common,Aura,Enchantment
"Jace, Memory Adept",{3}{U}{U},5,U,D. Alexander Gregory,58,Planeswalker — Jace,+1: Draw a card. Target player puts the top card of his or her library into his or her graveyard.\n0: Target player puts the top ten cards of his or her library into his or her graveyard.\n−7: Any number of target players each draw twenty cards.,"pMEI,M12,M13,M14",,normal,238263,,,Mythic Rare,Jace,Planeswalker
Jace's Archivist,{1}{U}{U},3,U,James Ryman,59,Creature — Vedalken Wizard,"{U}, {T}: Each player discards his or her hand, then draws cards equal to the greatest number of cards a player discarded this way.","M12,C13,C15","""This is a sacred duty. Master Beleren's trust has bought an eternity of my loyalty.""",normal,220244,2,2,Rare,"Vedalken,Wizard",Creature
Jace's Erasure,{1}{U},2,U,Jason Chan,60,Enchantment,"Whenever you draw a card, you may have target player put the top card of his or her library into his or her graveyard.","M11,M12","""You should try to clear your mind of idle thoughts. And if you can't, I will.""",normal,227227,,,Common,,Enchantment
Levitation,{2}{U}{U},4,U,Jim Murray,61,Enchantment,Creatures you control have flying.,"ULG,7ED,9ED,M10,M12","""Why fight over scraps of land when there's so much sky waiting to be claimed?""",normal,233728,,,Uncommon,,Enchantment
Lord of the Unreal,{U}{U},2,U,Jason Chan,62,Creature — Human Wizard,Illusion creatures you control get +1/+1 and have hexproof. (They can't be the targets of spells or abilities your opponents control.),M12,"""The dream does not end until I say so.""",normal,220131,2,2,Rare,"Human,Wizard",Creature
Mana Leak,{1}{U},2,U,Howard Lyon,63,Instant,Counter target spell unless its controller pays {3}.,"pARL,STH,BRB,pMPR,8ED,9ED,M11,M12,DDN,TPR,MM2",The fatal flaw in every plan is the assumption that you know more than your enemy.,normal,241831,,,Common,,Instant
Master Thief,{2}{U}{U},4,U,Christopher Moeller,64,Creature — Human Rogue,"When Master Thief enters the battlefield, gain control of target artifact for as long as you control Master Thief.",M12,Possession is ten-tenths of the law.,normal,228119,2,2,Uncommon,"Human,Rogue",Creature
Merfolk Looter,{1}{U},2,U,Austin Hsu,65,Creature — Merfolk Rogue,"{T}: Draw a card, then discard a card.","EXO,7ED,10E,M10,M12,TPR,EMA","Merfolk don't always know what they're looking for, but they're certain once they find it.",normal,220179,1,1,Common,"Merfolk,Rogue",Creature
Merfolk Mesmerist,{1}{U},2,U,Jana Schirmer & Johannes Voss,66,Creature — Merfolk Wizard,"{U}, {T}: Target player puts the top two cards of his or her library into his or her graveyard.","pMEI,M12","""Don't you think if I saw a half-woman, half-fish with three glowing eyes, I'd have remembered?""\n—Drugo, town guard",normal,220106,1,2,Common,"Merfolk,Wizard",Creature
Mind Control,{3}{U}{U},5,U,Ryan Pancoast,67,Enchantment — Aura,Enchant creature\nYou control enchanted creature.,"pWPN,M10,DPA,M11,M12","""Every primitive mind has a motive. Easy to find, and eminently exploitable.""\n—Noyan Dar, Tazeem lullmage",normal,238572,,,Uncommon,Aura,Enchantment
Mind Unbound,{4}{U}{U},6,U,Jason Felix,68,Enchantment,"At the beginning of your upkeep, put a lore counter on Mind Unbound, then draw a card for each lore counter on Mind Unbound.",M12,The creations of the hand are confined by reality. The creations of the mind know no such limits.,normal,236459,,,Rare,,Enchantment
Negate,{1}{U},2,U,Jeremy Jarvis,69,Instant,Counter target noncreature spell.,"pMPR,MOR,M10,DPA,M11,M12,M13,M14,M15,DTK,ORI,OGW",Masters of the arcane savor a delicious irony. Their study of deep and complex arcana leads to such a simple end: the ability to say merely yes or no.,normal,230757,,,Common,,Instant
Phantasmal Bear,{U},1,U,Ryan Yee,70,Creature — Bear Illusion,"When Phantasmal Bear becomes the target of a spell or ability, sacrifice it.","M12,DDM","""You know it to be false, but when its claws find you, what you know won't matter much at all.""\n—Pol Jamaar, illusionist",normal,220251,2,2,Common,"Bear,Illusion",Creature
Phantasmal Dragon,{2}{U}{U},4,U,Wayne Reynolds,71,Creature — Dragon Illusion,"Flying\nWhen Phantasmal Dragon becomes the target of a spell or ability, sacrifice it.","M12,DDM",Its hunger and ire are no less for being wrought of lies and mist.,normal,220068,5,5,Uncommon,"Dragon,Illusion",Creature
Phantasmal Image,{1}{U},2,U,Nils Hamm,72,Creature — Illusion,"You may have Phantasmal Image enter the battlefield as a copy of any creature on the battlefield, except it's an Illusion in addition to its other types and it gains ""When this creature becomes the target of a spell or ability, sacrifice it.""",M12,,normal,220099,0,0,Rare,Illusion,Creature
Ponder,{U},1,U,Dan Scott,73,Sorcery,"Look at the top three cards of your library, then put them back in any order. You may shuffle your library.\nDraw a card.","pMPR,LRW,M10,M12",Tomorrow belongs to those who prepare for it today.,normal,244313,,,Common,,Sorcery
Redirect,{U}{U},2,U,Izzy,74,Instant,You may choose new targets for target spell.,"M11,M12,M13","""It's actually quite simple, but since you've only recently begun to walk upright, it may take some time to explain.""\n—Jace Beleren, to Garruk Wildspeaker",normal,221484,,,Rare,,Instant
Skywinder Drake,{2}{U},3,U,Dan Scott,75,Creature — Drake,Flying\nSkywinder Drake can block only creatures with flying.,M12,It's so light and fragile that it can glide where the air is thinnest.,normal,220153,3,1,Common,Drake,Creature
Sphinx of Uthuun,{5}{U}{U},7,U,Kekai Kotaki,76,Creature — Sphinx,"Flying\nWhen Sphinx of Uthuun enters the battlefield, reveal the top five cards of your library. An opponent separates those cards into two piles. Put one pile into your hand and the other into your graveyard.","M12,DDI,M13,DDN,C14",,normal,220090,5,6,Rare,Sphinx,Creature
Time Reversal,{3}{U}{U},5,U,Howard Lyon,77,Sorcery,"Each player shuffles his or her hand and graveyard into his or her library, then draws seven cards. Exile Time Reversal.","M11,M12","""Any oaf can conquer a kingdom. It takes true power to conquer time.""\n—Shai Fusan, archmage",normal,245187,,,Mythic Rare,,Sorcery
Turn to Frog,{1}{U},2,U,Warren Mahy,78,Instant,"Until end of turn, target creature loses all abilities and becomes a blue Frog with base power and toughness 1/1.","M12,M15,C14,ORI","""Ribbit.""",normal,220265,,,Uncommon,,Instant
Unsummon,{U},1,U,Izzy,79,Instant,Return target creature to its owner's hand.,"LEA,LEB,2ED,CED,CEI,3ED,4ED,RQS,ITP,5ED,6ED,7ED,8ED,10E,CON,M10,DPA,M11,M12,M13","""It's nothing personal. I'd just prefer if you weren't.""\n—Ashurel, voidmage",normal,220301,,,Common,,Instant
Visions of Beyond,{U},1,U,Terese Nielsen,80,Instant,"Draw a card. If a graveyard has twenty or more cards in it, draw three cards instead.",M12,"""The past is the foundation for all that exists in the present. We merely reconstruct what our ancestors have already discovered.""\n—Sachimir, Sage of Memories",normal,220226,,,Rare,,Instant
Blood Seeker,{1}{B},2,B,Greg Staples,81,Creature — Vampire Shaman,"Whenever a creature enters the battlefield under an opponent's control, you may have that player lose 1 life.","ZEN,M12",A drop now is all he needs to find you later.,normal,244252,1,1,Common,"Vampire,Shaman",Creature
Bloodlord of Vaasgoth,{3}{B}{B},5,B,Greg Staples,82,Creature — Vampire Warrior,"Bloodthirst 3 (If an opponent was dealt damage this turn, this creature enters the battlefield with three +1/+1 counters on it.)\nFlying\nWhenever you cast a Vampire creature spell, it gains bloodthirst 3.","pPRE,M12",,normal,220306,3,3,Mythic Rare,"Vampire,Warrior",Creature
Bloodrage Vampire,{2}{B},3,B,Steve Prescott,83,Creature — Vampire,"Bloodthirst 1 (If an opponent was dealt damage this turn, this creature enters the battlefield with a +1/+1 counter on it.)","M12,DDK",The most genteel facades hide the most abominable desires.,normal,220125,3,1,Common,Vampire,Creature
Brink of Disaster,{2}{B}{B},4,B,Alex Horley-Orlandelli,84,Enchantment — Aura,"Enchant creature or land\nWhen enchanted permanent becomes tapped, destroy it.","WWK,M12","""When you find yourself teetering on the edge of oblivion, mine will be the hands taking pleasure in giving you the final push.""\n—Liliana Vess",normal,244246,,,Common,Aura,Enchantment
Call to the Grave,{4}{B},5,B,Daarken,85,Enchantment,"At the beginning of each player's upkeep, that player sacrifices a non-Zombie creature.\nAt the beginning of the end step, if no creatures are on the battlefield, sacrifice Call to the Grave.","SCG,M12",,normal,236460,,,Rare,,Enchantment
Cemetery Reaper,{1}{B}{B},3,B,Dave Allsop,86,Creature — Zombie,"Other Zombie creatures you control get +1/+1.\n{2}{B}, {T}: Exile target creature card from a graveyard. Put a 2/2 black Zombie creature token onto the battlefield.","M10,ARC,M12",Every grave cradles a recruit.,normal,234070,2,2,Rare,Zombie,Creature
Child of Night,{1}{B},2,B,Ash Wood,87,Creature — Vampire,Lifelink (Damage dealt by this creature also causes you to gain that much life.),"M10,M11,M12,DDK,M14,M15",Sins that would be too gruesome in the light of day are made more pleasing in the dark of night.,normal,234560,2,1,Common,Vampire,Creature
Consume Spirit,{X}{1}{B},2,B,Justin Sweet,88,Sorcery,Spend only black mana on X.\nConsume Spirit deals X damage to target creature or player and you gain X life.,"pMEI,MRD,9ED,10E,DDC,M10,HOP,DPA,M12,DD3_DVD","""You clerics brag about your strength of spirit, yet I take away the tiniest fragment, and you crumple like a rag doll.""\n—Sorin Markov",normal,244249,,,Uncommon,,Sorcery
Dark Favor,{1}{B},2,B,Allen Williams,89,Enchantment — Aura,"Enchant creature\nWhen Dark Favor enters the battlefield, you lose 1 life.\nEnchanted creature gets +3/+1.","M12,M13,M14","When he began to curse what he held holy, his strength grew unrivaled.",normal,220293,,,Common,Aura,Enchantment
Deathmark,{B},1,B,Steven Belledin,90,Sorcery,Destroy target green or white creature.,"CSP,10E,M10,M11,M12,MM2","""Let the final vision of doom be etched upon their unblinking eyes.""\n—Zul Ashur, lich lord",normal,221516,,,Uncommon,,Sorcery
Devouring Swarm,{1}{B}{B},3,B,Wayne England,91,Creature — Insect,Flying\nSacrifice a creature: Devouring Swarm gets +1/+1 until end of turn.,M12,Their arrival is heralded by the deafening hum of ten thousand wings. Their departure is marked by the silence of the dead.,normal,226563,2,1,Common,Insect,Creature
Diabolic Tutor,{2}{B}{B},4,B,Greg Staples,92,Sorcery,Search your library for a card and put that card into your hand. Then shuffle your library.,"ODY,8ED,9ED,10E,M10,M11,CMD,M12,M14",The wise always keep an ear open to the whispers of power.,normal,221519,,,Uncommon,,Sorcery
Disentomb,{B},1,B,Alex Horley-Orlandelli,93,Sorcery,Return target creature card from your graveyard to your hand.,"M10,M11,M12,M13","""Stop complaining. You can rest when you're dead. Oh—sorry.""\n—Liliana Vess",normal,244245,,,Common,,Sorcery
Distress,{B}{B},2,B,Michael C. Hayes,94,Sorcery,Target player reveals his or her hand. You choose a nonland card from it. That player discards that card.,"CHK,10E,M12","""Of course I'm sure I've gone mad. The little man who crawled out of my eye was quite clear on this.""",normal,236908,,,Common,,Sorcery
Doom Blade,{1}{B},2,B,Chippy,95,Instant,Destroy target nonblack creature.,"pMPR,M10,M11,CMD,M12,M14",,normal,226560,,,Common,,Instant
Drifting Shade,{3}{B},4,B,Tomasz Jedruszek,96,Creature — Shade,Flying\n{B}: Drifting Shade gets +1/+1 until end of turn.,M12,"It stalks the fens by the light of the full moon, gathering shadows as it floats among them.",normal,220088,1,1,Common,Shade,Creature
Duskhunter Bat,{1}{B},2,B,Jesper Ejsing,97,Creature — Bat,"Bloodthirst 1 (If an opponent was dealt damage this turn, this creature enters the battlefield with a +1/+1 counter on it.)\nFlying","M12,DDK,MM2","The swamps go silent at its approach, but it still hears the heartbeat of the prey within.",normal,220259,1,1,Common,Bat,Creature
Grave Titan,{4}{B}{B},6,B,Nils Hamm,98,Creature — Giant,"Deathtouch\nWhenever Grave Titan enters the battlefield or attacks, put two 2/2 black Zombie creature tokens onto the battlefield.","pMEI,M11,M12,C14",Death in form and function.,normal,241830,6,6,Mythic Rare,Giant,Creature
Gravedigger,{3}{B},4,B,Dermot Power,99,Creature — Zombie,"When Gravedigger enters the battlefield, you may return target creature card from your graveyard to your hand.","POR,TMP,6ED,S99,BTD,7ED,ODY,8ED,9ED,pGTW,10E,M10,HOP,M11,CMD,M12,M15,TPR,EMA",His grim ritual ushers the dead to their new life.,normal,221526,2,2,Common,Zombie,Creature
Hideous Visage,{2}{B},3,B,Nils Hamm,100,Sorcery,Creatures you control gain intimidate until end of turn. (Each of those creatures can't be blocked except by artifact creatures and/or creatures that share a color with it.),M12,"""Seeing you cower before me is its own reward.""",normal,220304,,,Common,,Sorcery
Mind Rot,{2}{B},3,B,Steve Luke,101,Sorcery,Target player discards two cards.,"POR,PO2,S99,7ED,8ED,9ED,10E,M10,DPA,M11,M12,M13,RTR,M14,M15,DTK,ORI,W16",Not every thought is a good one.,normal,234561,,,Common,,Sorcery
Monomania,{3}{B}{B},5,B,James Ryman,102,Sorcery,Target player chooses a card in his or her hand and discards the rest.,M12,"""What do vermin cling to when all hope is lost?""\n—Sorin Markov",normal,220143,,,Rare,,Sorcery
Onyx Mage,{1}{B},2,B,Izzy,103,Creature — Human Wizard,{1}{B}: Target creature you control gains deathtouch until end of turn. (Any amount of damage it deals to a creature is enough to destroy it.),M12,"""We wield death and darkness, powers that make lesser mages tremble in fear.""\n—Onyx creed",normal,220072,2,1,Uncommon,"Human,Wizard",Creature
Reassembling Skeleton,{1}{B},2,B,Austin Hsu,104,Creature — Skeleton Warrior,{1}{B}: Return Reassembling Skeleton from your graveyard to the battlefield tapped.,"ARC,M11,M12,DDJ,DDK,MM2","""They may show up with the wrong thigh bone or mandible, but they always show up.""\n—Zul Ashur, lich lord",normal,226565,1,1,Uncommon,"Skeleton,Warrior",Creature
Royal Assassin,{1}{B}{B},3,B,Mark Zug,105,Creature — Human Assassin,{T}: Destroy target tapped creature.,"LEA,LEB,2ED,CED,CEI,3ED,4ED,pSUS,8ED,9ED,10E,M10,M11,M12","An assassin is a king's most trusted courier, ensuring his messages are heard by even the most unwilling recipients.",normal,236464,1,1,Rare,"Human,Assassin",Creature
Rune-Scarred Demon,{5}{B}{B},7,B,Michael Komarck,106,Creature — Demon,"Flying\nWhen Rune-Scarred Demon enters the battlefield, search your library for a card, put it into your hand, then shuffle your library.",M12,The litany of the infernal on his flesh pulses to the beating of his dark heart.,normal,220130,6,6,Rare,Demon,Creature
Sengir Vampire,{3}{B}{B},5,B,Kev Walker,107,Creature — Vampire,"Flying (This creature can't be blocked except by creatures with flying or reach.)\nWhenever a creature dealt damage by Sengir Vampire this turn dies, put a +1/+1 counter on Sengir Vampire.","LEA,LEB,2ED,CED,CEI,3ED,4ED,BRB,BTD,TOR,9ED,10E,DPA,ME4,M12,DDK,M14,M15,ORI,W16","Empires rise and fall, but evil is eternal.",normal,244253,4,4,Uncommon,Vampire,Creature
Smallpox,{B}{B},2,B,Ryan Pancoast,108,Sorcery,"Each player loses 1 life, discards a card, sacrifices a creature, then sacrifices a land.","TSP,M12,CNS","Take away a few things, and a rebellion may ensue. Take away everything, and the oppression will be accepted as fate.",normal,237010,,,Uncommon,,Sorcery
Sorin Markov,{3}{B}{B}{B},6,B,Michael Komarck,109,Planeswalker — Sorin,+2: Sorin Markov deals 2 damage to target creature or player and you gain 2 life.\n−3: Target opponent's life total becomes 10.\n−7: You control target player during that player's next turn.,"ZEN,M12",,normal,238330,,,Mythic Rare,Sorin,Planeswalker
Sorin's Thirst,{B}{B},2,B,Karl Kopinski,110,Instant,Sorin's Thirst deals 2 damage to target creature and you gain 2 life.,"M12,DDK","""All your steel won't protect you if your will is weak.""",normal,241994,,,Common,,Instant
Sorin's Vengeance,{4}{B}{B}{B},7,B,Jana Schirmer & Johannes Voss,111,Sorcery,Sorin's Vengeance deals 10 damage to target player and you gain 10 life.,M12,"""Cherish these last moments. Though your miserable life has come to nothing, I have given it a magnificent end.""",normal,234436,,,Rare,,Sorcery
Sutured Ghoul,{4}{B}{B}{B},7,B,Carl Critchlow,112,Creature — Zombie,"Trample\nAs Sutured Ghoul enters the battlefield, exile any number of creature cards from your graveyard.\nSutured Ghoul's power is equal to the total power of the exiled cards and its toughness is equal to their total toughness.","JUD,M12",,normal,220157,*,*,Rare,Zombie,Creature
Taste of Blood,{B},1,B,Howard Lyon,113,Sorcery,Taste of Blood deals 1 damage to target player and you gain 1 life.,M12,"""How blessed are some people, whose lives have no fears, no dreads, to whom sleep is a blessing that comes nightly, and brings nothing but sweet dreams.""\n—Bram Stoker, Dracula",normal,226561,,,Common,,Sorcery
Tormented Soul,{B},1,B,Karl Kopinski,114,Creature — Spirit,Tormented Soul can't block and can't be blocked.,"pWPN,M12,PC2,M13",Those who raged most bitterly at the world in life are cursed to roam the nether realms in death.,normal,220122,1,1,Common,Spirit,Creature
Vampire Outcasts,{2}{B}{B},4,B,Clint Cearley,115,Creature — Vampire,"Bloodthirst 2 (If an opponent was dealt damage this turn, this creature enters the battlefield with two +1/+1 counters on it.)\nLifelink (Damage dealt by this creature also causes you to gain that much life.)","M12,DDK,MM2",,normal,220127,2,2,Uncommon,Vampire,Creature
Vengeful Pharaoh,{2}{B}{B}{B},5,B,Igor Kieryluk,116,Creature — Zombie,"Deathtouch (Any amount of damage this deals to a creature is enough to destroy it.)\nWhenever combat damage is dealt to you or a planeswalker you control, if Vengeful Pharaoh is in your graveyard, destroy target attacking creature, then put Vengeful Pharaoh on top of your library.",M12,,normal,220170,5,4,Rare,Zombie,Creature
Warpath Ghoul,{2}{B},3,B,rk post,117,Creature — Zombie,,"M10,M12","Ghouls are often found skulking on the fringes of great battles, showing themselves only to snatch the wounded and weak, dragging their victims screaming into the shadows.",normal,241995,3,2,Common,Zombie,Creature
Wring Flesh,{B},1,B,Izzy,118,Instant,Target creature gets -3/-1 until end of turn.,"M12,M14","""Don't blame me. You're the one walking around with skin.""\n—Zul Ashur, lich lord",normal,230758,,,Common,,Instant
Zombie Goliath,{4}{B},5,B,E. M. Gist,119,Creature — Zombie Giant,,"M10,M12,M13,CNS","""Removing the encumbrance of useless brain tissue grants several advantages: a slight increase in mobility, a response of revulsion and horror from the enemy, and, in the case of large specimens, room for passengers.""\n—Zul Ashur, lich lord",normal,226558,4,3,Common,"Zombie,Giant",Creature
Zombie Infestation,{1}{B},2,B,Thomas M. Baxa,120,Enchantment,Discard two cards: Put a 2/2 black Zombie creature token onto the battlefield.,"ODY,ARC,M12,PD3",The nomads' funeral pyres are more practical than ceremonial.,normal,241860,,,Uncommon,,Enchantment
Act of Treason,{2}{R},3,R,Eric Deschamps,121,Sorcery,Gain control of target creature until end of turn. Untap that creature. It gains haste until end of turn. (It can attack and {T} this turn.),"M10,DPA,M11,M12,GTC,M14,DDN,KTK,ORI","""Rage courses in every heart, yearning to betray its rational prison.""\n—Sarkhan Vol",normal,226589,,,Common,,Sorcery
Blood Ogre,{2}{R},3,R,Christopher Moeller,122,Creature — Ogre Warrior,"Bloodthirst 1 (If an opponent was dealt damage this turn, this creature enters the battlefield with a +1/+1 counter on it.)\nFirst strike (This creature deals combat damage before creatures without first strike.)","M12,DDL,MM2",,normal,220227,2,2,Common,"Ogre,Warrior",Creature
Bonebreaker Giant,{4}{R},5,R,Kev Walker,123,Creature — Giant,,M12,One thing's for sure—his fists are harder than your skull.,normal,226582,4,4,Common,Giant,Creature
"Chandra, the Firebrand",{3}{R},4,R,D. Alexander Gregory,124,Planeswalker — Chandra,"+1: Chandra, the Firebrand deals 1 damage to target creature or player.\n−2: When you cast your next instant or sorcery spell this turn, copy that spell. You may choose new targets for the copy.\n−6: Chandra, the Firebrand deals 6 damage to each of up to six target creatures and/or players.","M12,M13",,normal,220146,,,Mythic Rare,Chandra,Planeswalker
Chandra's Outrage,{2}{R}{R},4,R,Christopher Moeller,125,Instant,Chandra's Outrage deals 4 damage to target creature and 2 damage to that creature's controller.,"ARC,M11,M12,M14","Chandra never believed in using her ""inside voice.""",normal,226585,,,Common,,Instant
Chandra's Phoenix,{1}{R}{R},3,R,Aleksi Briclot,126,Creature — Phoenix,"Flying\nHaste (This creature can attack and {T} as soon as it comes under your control.)\nWhenever an opponent is dealt damage by a red instant or sorcery spell you control or by a red planeswalker you control, return Chandra's Phoenix from your graveyard to your hand.","pMEI,M12,M14",,normal,220298,2,2,Rare,Phoenix,Creature
Circle of Flame,{1}{R},2,R,Jaime Jones,127,Enchantment,"Whenever a creature without flying attacks you or a planeswalker you control, Circle of Flame deals 1 damage to that creature.","pWPN,M12,M15","""Which do you think is a better deterrent: a moat of water or one of fire?""\n—Chandra Nalaar",normal,220273,,,Uncommon,,Enchantment
Combust,{1}{R},2,R,Jaime Jones,128,Instant,Combust can't be countered by spells or abilities.\nCombust deals 5 damage to target white or blue creature. The damage can't be prevented.,"M11,M12,MM2",,normal,226591,,,Uncommon,,Instant
Crimson Mage,{1}{R},2,R,Izzy,129,Creature — Human Shaman,{R}: Target creature you control gains haste until end of turn. (It can attack and {T} this turn.),M12,"""We wield the fires of rage. War is our blood and destruction our birthright.""\n—Crimson creed",normal,220069,2,1,Uncommon,"Human,Shaman",Creature
Fiery Hellhound,{1}{R}{R},3,R,Ted Galaday,130,Creature — Elemental Hound,{R}: Fiery Hellhound gets +1/+0 until end of turn.,"M10,M11,M12,DDI,ORI",There's nothing more exciting than a game of fetch the still-beating heart.,normal,238331,2,2,Common,"Elemental,Hound",Creature
Fireball,{X}{R},1,R,Dave Dorman,131,Sorcery,"Fireball deals X damage divided evenly, rounded down, among any number of target creatures and/or players.\nFireball costs {1} more to cast for each target beyond the first.","LEA,LEB,2ED,CED,CEI,3ED,pMEI,4ED,RQS,pARL,ITP,5ED,ATH,BTD,pMPR,DST,DD2,M10,ARC,M11,PD2,ME4,M12,C13,DD3_JVC",,normal,221550,,,Uncommon,,Sorcery
Firebreathing,{R},1,R,Aleksi Briclot,132,Enchantment — Aura,Enchant creature\n{R}: Enchanted creature gets +1/+0 until end of turn.,"LEA,LEB,2ED,CED,CEI,3ED,4ED,MIR,5ED,6ED,9ED,10E,M10,M12",The mage breathed in life-giving air and breathed out death-bringing fire.,normal,226588,,,Common,Aura,Enchantment
Flameblast Dragon,{4}{R}{R},6,R,Jaime Jones,133,Creature — Dragon,"Flying\nWhenever Flameblast Dragon attacks, you may pay {X}{R}. If you do, Flameblast Dragon deals X damage to target creature or player.","ALA,ARC,M12","He marks his territory with fire and wrath, etching the mountainside with his charring breath.",normal,244720,5,5,Rare,Dragon,Creature
Fling,{1}{R},2,R,Paolo Parente,134,Instant,"As an additional cost to cast Fling, sacrifice a creature.\nFling deals damage equal to the sacrificed creature's power to target creature or player.","pARL,STH,pWPN,M11,M12,DKA,PC2","About halfway to the target, Snukk vowed that he had been tricked for the last time.",normal,241858,,,Common,,Instant
Furyborn Hellkite,{4}{R}{R}{R},7,R,Brad Rigney,135,Creature — Dragon,"Bloodthirst 6 (If an opponent was dealt damage this turn, this creature enters the battlefield with six +1/+1 counters on it.)\nFlying",M12,"""Careful. A drop of blood here means death for us all.""\n—Kalek, mountain guide",normal,220103,6,6,Mythic Rare,Dragon,Creature
Goblin Arsonist,{R},1,R,Wayne Reynolds,136,Creature — Goblin Shaman,"When Goblin Arsonist dies, you may have it deal 1 damage to target creature or player.","ROE,M12,M13,DDK",With great power comes great risk of getting yourself killed.,normal,242485,1,1,Common,"Goblin,Shaman",Creature
Goblin Bangchuckers,{2}{R}{R},4,R,Wayne Reynolds,137,Creature — Goblin Warrior,"{T}: Flip a coin. If you win the flip, Goblin Bangchuckers deals 2 damage to target creature or player. If you lose the flip, Goblin Bangchuckers deals 2 damage to itself.",M12,,normal,229952,2,2,Uncommon,"Goblin,Warrior",Creature
Goblin Chieftain,{1}{R}{R},3,R,Sam Wood,138,Creature — Goblin,Haste (This creature can attack and {T} as soon as it comes under your control.)\nOther Goblin creatures you control get +1/+1 and have haste.,"M10,M11,M12","""It's time for the ‘Smash, Smash' song!""",normal,221201,2,2,Rare,Goblin,Creature
Goblin Fireslinger,{R},1,R,Pete Venters,139,Creature — Goblin Warrior,{T}: Goblin Fireslinger deals 1 damage to target player.,"M12,MM2",A rock between your eyes hurts. A burning rock between your eyes ruins your whole day.,normal,228959,1,1,Common,"Goblin,Warrior",Creature
Goblin Grenade,{R},1,R,Kev Walker,140,Sorcery,"As an additional cost to cast Goblin Grenade, sacrifice a Goblin.\nGoblin Grenade deals 5 damage to target creature or player.","FEM,ATH,MED,M12",Don't underestimate the aerodynamic qualities of the common goblin.,normal,220435,,,Uncommon,,Sorcery
Goblin Piker,{1}{R},2,R,DiTerlizzi,141,Creature — Goblin Warrior,,"PO2,9ED,10E,M10,DPA,M11,M12","Once he'd worked out which end of the thing was sharp, he was promoted to guard duty.",normal,221199,2,1,Common,"Goblin,Warrior",Creature
Goblin Tunneler,{1}{R},2,R,Jesper Ejsing,142,Creature — Goblin Rogue,{T}: Target creature with power 2 or less can't be blocked this turn.,"ROE,M11,M12","""The best way over the mountain is through.""",normal,245185,1,1,Common,"Goblin,Rogue",Creature
Goblin War Paint,{1}{R},2,R,Austin Hsu,143,Enchantment — Aura,Enchant creature\nEnchanted creature gets +2/+2 and has haste.,"ZEN,M12,MM2,BFZ","""The secret to our war paint is hot peppers and stinkbugs. Lots of stinkbugs.""\n—Skab, goblin secretkeeper",normal,236461,,,Common,Aura,Enchantment
Gorehorn Minotaurs,{2}{R}{R},4,R,Wayne Reynolds,144,Creature — Minotaur Warrior,"Bloodthirst 2 (If an opponent was dealt damage this turn, this creature enters the battlefield with two +1/+1 counters on it.)","M12,DDL,MM2",Some of the eleven minotaur clans of Mirtiin are expert crafters and learned philosophers. Others just like to hit stuff.,normal,220294,3,3,Common,"Minotaur,Warrior",Creature
Grim Lavamancer,{R},1,R,Michael Sutfin,145,Creature — Human Wizard,"{R}, {T}, Exile two cards from your graveyard: Grim Lavamancer deals 2 damage to target creature or player.","pJGP,TOR,PD2,M12","""Fools dig for water, corpses, or gold. The earth's real treasure is far deeper.""",normal,234428,1,1,Rare,"Human,Wizard",Creature
Incinerate,{1}{R},2,R,Zoltan Boros & Gabor Szikszai,146,Instant,Incinerate deals 3 damage to target creature or player. A creature dealt damage this way can't be regenerated this turn.,"pLGM,ICE,MIR,5ED,pMPR,DKM,CST,10E,ME2,DD2,DPA,M12,DD3_JVC","""Spontaneous combustion is a myth. If you burst into flame, someone wanted you to.""\n—Chandra Nalaar",normal,234075,,,Common,,Instant
Inferno Titan,{4}{R}{R},6,R,Kev Walker,147,Creature — Giant,"{R}: Inferno Titan gets +1/+0 until end of turn.\nWhenever Inferno Titan enters the battlefield or attacks, it deals 3 damage divided as you choose among one, two, or three target creatures and/or players.","pMEI,M11,M12,C13,C15",,normal,235192,6,6,Mythic Rare,Giant,Creature
Lava Axe,{4}{R},5,R,Brian Snõddy,148,Sorcery,Lava Axe deals 5 damage to target player.,"POR,PO2,ULG,S99,S00,BTD,7ED,8ED,9ED,pGTW,10E,M10,M11,M12,M14,M15",It can chop down a redwood in a single stroke. Your sternum isn't going to fare any better.,normal,221891,,,Common,,Sorcery
Lightning Elemental,{3}{R},4,R,Kev Walker,149,Creature — Elemental,Haste (This creature can attack and {T} as soon as it comes under your control.),"TMP,BRB,7ED,8ED,9ED,10E,M10,DPA,M12","""Oh, it's easy enough to kill, but I'm not going anywhere near it.""\n—Norin the Wary",normal,220240,4,1,Common,Elemental,Creature
Manabarbs,{3}{R},4,R,Jeff Miracola,150,Enchantment,"Whenever a player taps a land for mana, Manabarbs deals 1 damage to that player.","LEA,LEB,2ED,CED,CEI,3ED,4ED,5ED,6ED,10E,M10,M12","""I don't know why people say a double-edged sword is bad. It's a sword. With two edges.""\n—Kamahl, pit fighter",normal,235193,,,Rare,,Enchantment
Manic Vandal,{2}{R},3,R,Christopher Moeller,151,Creature — Human Warrior,"When Manic Vandal enters the battlefield, destroy target artifact.","M11,M12",It's fun. He doesn't need another reason.,normal,230764,2,2,Common,"Human,Warrior",Creature
Reverberate,{R}{R},2,R,jD,152,Instant,Copy target instant or sorcery spell. You may choose new targets for the copy.,"M11,PD2,M12,M13","For every action, there is a swifter and more violent reaction.",normal,233722,,,Rare,,Instant
Scrambleverse,{6}{R}{R},8,R,Dan Scott,153,Sorcery,"For each nonland permanent, choose a player at random. Then each player gains control of each permanent for which he or she was chosen. Untap those permanents.",M12,Sometimes a little chaos is in order.,normal,220300,,,Rare,,Sorcery
Shock,{R},1,R,Jon Foster,154,Instant,Shock deals 2 damage to target creature or player.,"STH,6ED,pFNM,S00,BTD,7ED,ONS,8ED,9ED,10E,DPA,M12,M14,DDN","""The beauty of it is they never see it coming. Ever.""\n—Razzix, sparkmage",normal,245184,,,Common,,Instant
Slaughter Cry,{2}{R},3,R,Matt Cavotta,155,Instant,Target creature gets +3/+0 and gains first strike until end of turn. (It deals combat damage before creatures without first strike.),"ZEN,M12",It's rather embarrassing to end up with your head mounted over his hearth.,normal,230762,,,Common,,Instant
Stormblood Berserker,{1}{R},2,R,Min Yum,156,Creature — Human Berserker,"Bloodthirst 2 (If an opponent was dealt damage this turn, this creature enters the battlefield with two +1/+1 counters on it.)\nMenace (This creature can't be blocked except by two or more creatures.)","pMGD,M12,MM2",Blood is holy to those whose god is War.,normal,220277,1,1,Uncommon,"Human,Berserker",Creature
Tectonic Rift,{3}{R},4,R,John Avon,157,Sorcery,Destroy target land. Creatures without flying can't block this turn.,M12,"""You will kneel before me, even if I have to split the earth under your feet!""\n—Ash Kronor, Keldon warlord",normal,234568,,,Uncommon,,Sorcery
Volcanic Dragon,{4}{R}{R},6,R,Chris Rahn,158,Creature — Dragon,Flying\nHaste (This creature can attack and {T} as soon as it comes under your control.),"MIR,POR,ATH,6ED,S99,M12",Sometimes an eruption in Shiv produces something more dangerous than a mere river of molten rock.,normal,244719,4,4,Uncommon,Dragon,Creature
Wall of Torches,{1}{R},2,R,Mike Bierek,159,Creature — Wall,Defender (This creature can't attack.),M12,The foolish try to leap through the unlit spaces. The arrogant believe the fires harmless. The wise find a different door.,normal,220189,4,1,Common,Wall,Creature
Warstorm Surge,{5}{R},6,R,Raymond Swanland,160,Enchantment,"Whenever a creature enters the battlefield under your control, it deals damage equal to its power to target creature or player.","M12,PC2,C13,C15","""Listen to the roar! Feel the thunder! The Immersturm shouts its approval with every bolt of lightning!""",normal,228796,,,Rare,,Enchantment
Acidic Slime,{3}{G}{G},5,G,Karl Kopinski,161,Creature — Ooze,"Deathtouch (Any amount of damage this deals to a creature is enough to destroy it.)\nWhen Acidic Slime enters the battlefield, destroy target artifact, enchantment, or land.","pFNM,M10,M11,CMD,M12,M13,C13,DDM,C15",,normal,226906,2,2,Uncommon,Ooze,Creature
Arachnus Spinner,{5}{G},6,G,Karl Kopinski,162,Creature — Spider,"Reach (This creature can block creatures with flying.)\nTap an untapped Spider you control: Search your graveyard and/or library for a card named Arachnus Web and put it onto the battlefield attached to target creature. If you search your library this way, shuffle it.",M12,,normal,220242,5,7,Rare,Spider,Creature
Arachnus Web,{2}{G},3,G,Karl Kopinski,163,Enchantment — Aura,"Enchant creature\nEnchanted creature can't attack or block, and its activated abilities can't be activated.\nAt the beginning of the end step, if enchanted creature's power is 4 or greater, destroy Arachnus Web.",M12,,normal,220283,,,Common,Aura,Enchantment
Autumn's Veil,{G},1,G,Kekai Kotaki,164,Instant,"Spells you control can't be countered by blue or black spells this turn, and creatures you control can't be the targets of blue or black spells this turn.","M11,M12",The rustling of leaves and a passing shadow are a dryad's only trace.,normal,241990,,,Uncommon,,Instant
Birds of Paradise,{G},1,G,Marcelo Vignali,165,Creature — Bird,Flying\n{T}: Add one mana of any color to your mana pool.,"LEA,LEB,2ED,CED,CEI,3ED,pMEI,4ED,5ED,6ED,7ED,8ED,RAV,10E,M10,M11,M12","""The gods used their feathers to paint all the colors of the world.""\n—Yare-Tiva, warden of Gramur forest",normal,221896,0,1,Rare,Bird,Creature
Bountiful Harvest,{4}{G},5,G,Jason Chan,166,Sorcery,You gain 1 life for each land you control.,"M10,M12,M13","""When we fail to see the beauty in every tree, we are no better than humans.""\n—Saelia, elvish scout",normal,226901,,,Common,,Sorcery
Brindle Boar,{2}{G},3,G,Dave Allsop,167,Creature — Boar,Sacrifice Brindle Boar: You gain 4 life.,"M11,M12,M14","""Tell the cooks to prepare the fires. Tonight we feast!""\n—Tolar Wolfbrother, Krosan tracker",normal,244824,2,2,Common,Boar,Creature
Carnage Wurm,{6}{G},7,G,Dave Kendall,168,Creature — Wurm,"Bloodthirst 3 (If an opponent was dealt damage this turn, this creature enters the battlefield with three +1/+1 counters on it.)\nTrample (This creature can deal excess combat damage to defending player or planeswalker while attacking.)",M12,,normal,220220,6,6,Uncommon,Wurm,Creature
Cudgel Troll,{2}{G}{G},4,G,Jesper Ejsing,169,Creature — Troll,"{G}: Regenerate Cudgel Troll. (The next time this creature would be destroyed this turn, it isn't. Instead tap it, remove all damage from it, and remove it from combat.)","M10,M11,M12",,normal,221895,4,3,Uncommon,Troll,Creature
Doubling Chant,{5}{G},6,G,Wayne England,170,Sorcery,"For each creature you control, you may search your library for a creature card with the same name as that creature. Put those cards onto the battlefield, then shuffle your library.",M12,What's scarier than one of every beast in the forest?,normal,220152,,,Rare,,Sorcery
Dungrove Elder,{2}{G},3,G,Matt Stewart,171,Creature — Treefolk,Hexproof (This creature can't be the target of spells or abilities your opponents control.)\nDungrove Elder's power and toughness are each equal to the number of Forests you control.,"pMGD,M12","All the trees of the forest are his army, and every leaf his shield.",normal,220210,*,*,Rare,Treefolk,Creature
Elvish Archdruid,{1}{G}{G},3,G,Karl Kopinski,172,Creature — Elf Druid,Other Elf creatures you control get +1/+1.\n{T}: Add {G} to your mana pool for each Elf you control.,"M10,M11,M12,M13,C14","He knows the name of every elf born in the last four centuries. More importantly, they all know his.",normal,237007,2,2,Rare,"Elf,Druid",Creature
Fog,{G},1,G,Jaime Jones,173,Instant,Prevent all combat damage that would be dealt this turn.,"LEA,LEB,2ED,CED,CEI,3ED,4ED,MIR,5ED,6ED,BTD,7ED,M10,ARC,M11,ME4,M12,M13,M14,EMA",It's hard enough to find your way through uncharted wilderness when you can see the tip of your nose.,normal,226900,,,Common,,Instant
"Garruk, Primal Hunter",{2}{G}{G}{G},5,G,D. Alexander Gregory,174,Planeswalker — Garruk,+1: Put a 3/3 green Beast creature token onto the battlefield.\n−3: Draw cards equal to the greatest power among creatures you control.\n−6: Put a 6/6 green Wurm creature token onto the battlefield for each land you control.,"M12,M13",,normal,220100,,,Mythic Rare,Garruk,Planeswalker
Garruk's Companion,{G}{G},2,G,Efrem Palacios,175,Creature — Beast,Trample (This creature can deal excess combat damage to defending player or planeswalker while attacking.),"M11,M12",,normal,226896,3,2,Common,Beast,Creature
Garruk's Horde,{5}{G}{G},7,G,Steve Prescott,176,Creature — Beast,Trample\nPlay with the top card of your library revealed.\nYou may cast the top card of your library if it's a creature card. (Do this only any time you could cast that creature card. You still pay the spell's costs.),"pLPA,M12,M14",,normal,220077,7,7,Rare,Beast,Creature
Giant Spider,{3}{G},4,G,Randy Gallegos,177,Creature — Spider,Reach (This creature can block creatures with flying.),"LEA,LEB,2ED,CED,CEI,3ED,4ED,5ED,POR,ATH,6ED,7ED,8ED,9ED,10E,M10,DPA,M11,M12,M14","""The wild is always changing, but it does have a few constants.""\n—Garruk Wildspeaker",normal,233232,2,4,Common,Spider,Creature
Gladecover Scout,{G},1,G,Allen Williams,178,Creature — Elf Scout,Hexproof (This creature can't be the target of spells or abilities your opponents control.),"M12,M14","""The forest is my cover and I hold it close. In such a tight embrace, there is no room for wickedness.""",normal,220082,1,1,Common,"Elf,Scout",Creature
Greater Basilisk,{3}{G}{G},5,G,James Ryman,179,Creature — Basilisk,Deathtouch (Any amount of damage this deals to a creature is enough to destroy it.),"M11,M12","Bone, stone . . . both taste the same to a hungry basilisk.",normal,233233,3,5,Common,Basilisk,Creature
Hunter's Insight,{2}{G},3,G,Terese Nielsen,180,Instant,"Choose target creature you control. Whenever that creature deals combat damage to a player or planeswalker this turn, draw that many cards.",M12,"""The predator knows the true way of the world. Life is conflict. Only the strong survive.""\n—Garruk Wildspeaker",normal,220291,,,Uncommon,,Instant
Jade Mage,{1}{G},2,G,Izzy,181,Creature — Human Shaman,{2}{G}: Put a 1/1 green Saproling creature token onto the battlefield.,"M12,DDH,C13","""We are one with the wild things. Life blooms from our fingertips and nature responds to our summons.""\n—Jade creed",normal,220279,2,1,Uncommon,"Human,Shaman",Creature
Llanowar Elves,{G},1,G,Kev Walker,182,Creature — Elf Druid,{T}: Add {G} to your mana pool.,"LEA,LEB,2ED,CED,CEI,3ED,4ED,5ED,ATH,6ED,BRB,pFNM,S00,BTD,7ED,9ED,pGTW,10E,EVG,M10,M11,M12,C14,DD3_EVG,EMA",One bone broken for every twig snapped underfoot.\n—Llanowar penalty for trespassing,normal,221892,1,1,Common,"Elf,Druid",Creature
Lure,{1}{G}{G},3,G,D. Alexander Gregory,183,Enchantment — Aura,Enchant creature\nAll creatures able to block enchanted creature do so.,"LEA,LEB,2ED,CED,CEI,3ED,4ED,ICE,5ED,6ED,MMQ,7ED,8ED,CHK,10E,M12","It makes the insignificant conspicuous, the repulsive alluring, and the deadly irresistible.",normal,226905,,,Uncommon,Aura,Enchantment
Lurking Crocodile,{2}{G},3,G,Donato Giancola,184,Creature — Crocodile,"Bloodthirst 1 (If an opponent was dealt damage this turn, this creature enters the battlefield with a +1/+1 counter on it.)\nIslandwalk (This creature can't be blocked as long as defending player controls an Island.)",M12,,normal,220199,2,2,Common,Crocodile,Creature
Naturalize,{1}{G},2,G,Tim Hildebrandt,185,Instant,Destroy target artifact or enchantment.,"ONS,8ED,9ED,10E,ALA,M10,ROE,DPA,M11,M12,ISD,M13,GTC,M14,M15,KTK,DTK","""When your cities and trinkets crumble, only nature will remain.""\n—Garruk Wildspeaker",normal,221894,,,Common,,Instant
Overrun,{2}{G}{G}{G},5,G,Carl Critchlow,186,Sorcery,Creatures you control get +3/+3 and gain trample until end of turn.,"TMP,ATH,ODY,10E,M10,DDD,DPA,M12,PC2,C14,DD3_GVL,TPR,C15",,normal,238574,,,Uncommon,,Sorcery
Plummet,{1}{G},2,G,Pete Venters,187,Instant,Destroy target creature with flying.,"ARC,M11,M12,M13,M14,CNS,M15,MM2,ORI,BFZ","""Let nothing own the skies but the wind.""\n—Dejara, Giltwood druid",normal,233235,,,Common,,Instant
Primeval Titan,{4}{G}{G},6,G,Aleksi Briclot,188,Creature — Giant,"Trample\nWhenever Primeval Titan enters the battlefield or attacks, you may search your library for up to two land cards, put them onto the battlefield tapped, then shuffle your library.","pGPX,M11,M12,MM2","When nature calls, run.",normal,241832,6,6,Mythic Rare,Giant,Creature
Primordial Hydra,{X}{G}{G},2,G,Aleksi Briclot,189,Creature — Hydra,"Primordial Hydra enters the battlefield with X +1/+1 counters on it.\nAt the beginning of your upkeep, double the number of +1/+1 counters on Primordial Hydra.\nPrimordial Hydra has trample as long as it has ten or more +1/+1 counters on it.","pMEI,M12,M13",,normal,220172,0,0,Mythic Rare,Hydra,Creature
Rampant Growth,{1}{G},2,G,Steven Belledin,190,Sorcery,Search your library for a basic land card and put that card onto the battlefield tapped. Then shuffle your library.,"MIR,TMP,6ED,BTD,7ED,pMPR,8ED,9ED,10E,M10,HOP,DPA,M12,TPR,MM2,C15",Nature grows solutions to its problems.,normal,233231,,,Common,,Sorcery
Reclaim,{G},1,G,Andrew Robinson,191,Instant,Put target card from your graveyard on top of your library.,"EXO,7ED,9ED,M12,ORI",The wise pay as much attention to what they throw away as to what they keep.,normal,226903,,,Common,,Instant
Rites of Flourishing,{2}{G},3,G,Brandon Kitkouski,192,Enchantment,"At the beginning of each player's draw step, that player draws an additional card.\nEach player may play an additional land on each of his or her turns.","FUT,M12","""Dance, and bring forth the coil! It is an umbilical to Gaea herself, fattening us with the earth's rich bounty.""",normal,235188,,,Rare,,Enchantment
Runeclaw Bear,{1}{G},2,G,Jesper Ejsing,193,Creature — Bear,,"M10,DPA,M11,M12,M15",The only honey it wants is the sweet nectar flowing through your veins.,normal,221893,2,2,Common,Bear,Creature
Sacred Wolf,{2}{G},3,G,Matt Stewart,194,Creature — Wolf,Hexproof (This creature can't be the target of spells or abilities your opponents control.),"M11,M12","""I raised my bow, and the wolf stared at me. Under its gaze, my finger would not release the string.""\n—Aref the Hunter",normal,241859,3,1,Common,Wolf,Creature
Skinshifter,{1}{G},2,G,Matt Stewart,195,Creature — Human Shaman,"{G}: Choose one —\n• Until end of turn, Skinshifter becomes a Rhino with base power and toughness 4/4 and gains trample. Activate this ability only once each turn.\n• Until end of turn, Skinshifter becomes a Bird with base power and toughness 2/2 and gains flying. Activate this ability only once each turn.\n• Until end of turn, Skinshifter becomes a Plant with base power and toughness 0/8. Activate this ability only once each turn.",M12,,normal,220151,1,1,Rare,"Human,Shaman",Creature
Stampeding Rhino,{4}{G},5,G,Steven Belledin,196,Creature — Rhino,Trample (This creature can deal excess combat damage to defending player or planeswalker while attacking.),"M10,M12",The quickest way to get through the jungle is to agitate a rhino and run in its wake.,normal,244825,4,4,Common,Rhino,Creature
Stingerfling Spider,{4}{G},5,G,Dave Allsop,197,Creature — Spider,"Reach\nWhen Stingerfling Spider enters the battlefield, you may destroy target creature with flying.","M12,DDJ,C15","The juiciest prey is that which grows lazy, thinking itself beyond the reach of danger.",normal,220075,2,5,Uncommon,Spider,Creature
Titanic Growth,{1}{G},2,G,Ryan Pancoast,198,Instant,Target creature gets +4/+4 until end of turn.,"M12,M13,M15,ORI","The pup looked over the treetops, eyeing the man who just yesterday had kicked her. Suddenly, her hunger was infused with pure delight.",normal,221203,,,Common,,Instant
Trollhide,{2}{G},3,G,Steven Belledin,199,Enchantment — Aura,"Enchant creature\nEnchanted creature gets +2/+2 and has ""{1}{G}: Regenerate this creature."" (The next time the creature would be destroyed this turn, it isn't. Instead tap it, remove all damage from it, and remove it from combat.)","M12,M14",,normal,220190,,,Common,Aura,Enchantment
Vastwood Gorger,{5}{G},6,G,Kieran Yanner,200,Creature — Wurm,,"ZEN,M12,M13,ORI","The gorger's insect-like eyes pick up the slightest movement in any direction. Its body then whips toward its prey with startling speed, swallowing it in one engulfing gulp.",normal,244827,5,6,Common,Wurm,Creature
Adaptive Automaton,{3},3,,Igor Kieryluk,201,Artifact Creature — Construct,"As Adaptive Automaton enters the battlefield, choose a creature type.\nAdaptive Automaton is the chosen type in addition to its other types.\nOther creatures you control of the chosen type get +1/+1.",M12,Such loyalty can only be made.,normal,220147,2,2,Rare,Construct,"Artifact,Creature"
Angel's Feather,{2},2,,Alan Pollack,202,Artifact,"Whenever a player casts a white spell, you may gain 1 life.","DST,9ED,10E,DDC,M10,M11,M12,DD3_DVD",The angel represents divine perfection; even the smallest feather is imbued with beauty and benevolence.,normal,221520,,,Uncommon,,Artifact
Crown of Empires,{2},2,,John Avon,203,Artifact,"{3}, {T}: Tap target creature. Gain control of that creature instead if you control artifacts named Scepter of Empires and Throne of Empires.",M12,"""With this crown, assert your authority.""\n—Crown inscription",normal,220297,,,Uncommon,,Artifact
Crumbling Colossus,{5},5,,Michael C. Hayes,204,Artifact Creature — Golem,"Trample (This creature can deal excess combat damage to defending player or planeswalker while attacking.)\nWhen Crumbling Colossus attacks, sacrifice it at end of combat.",M12,,normal,220113,7,4,Uncommon,Golem,"Artifact,Creature"
Demon's Horn,{2},2,,Alan Pollack,205,Artifact,"Whenever a player casts a black spell, you may gain 1 life.","DST,9ED,10E,DDC,M10,DPA,M11,M12,DD3_DVD",Its curve mimics the twists of life and death.,normal,221522,,,Uncommon,,Artifact
Dragon's Claw,{2},2,,Alan Pollack,206,Artifact,"Whenever a player casts a red spell, you may gain 1 life.","DST,9ED,10E,M10,DPA,M11,DDG,M12","""If there is a fire that never ceases to burn, it surely lies in the maw of a dragon.""\n—Sarkhan Vol",normal,221523,,,Uncommon,,Artifact
Druidic Satchel,{3},3,,Matt Stewart,207,Artifact,"{2}, {T}: Reveal the top card of your library. If it's a creature card, put a 1/1 green Saproling creature token onto the battlefield. If it's a land card, put that card onto the battlefield under your control. If it's a noncreature, nonland card, you gain 2 life.","M12,C13",,normal,220098,,,Rare,,Artifact
Elixir of Immortality,{1},1,,Zoltan Boros & Gabor Szikszai,208,Artifact,"{2}, {T}: You gain 5 life. Shuffle Elixir of Immortality and your graveyard into their owner's library.","M11,DDF,M12,M13,M14","""Bottled life. Not as tasty as I'm used to, rather stale, but it has the same effect.""\n—Baron Sengir",normal,221525,,,Uncommon,,Artifact
Greatsword,{3},3,,Nic Klein,209,Artifact — Equipment,Equipped creature gets +3/+0.\nEquip {3} ({3}: Attach to target creature you control. Equip only as a sorcery.),M12,The only blow that matters is the killing blow.,normal,220296,,,Uncommon,Equipment,Artifact
Kite Shield,{0},,,Jim Pavelec,210,Artifact — Equipment,Equipped creature gets +0/+3.\nEquip {3} ({3}: Attach to target creature you control. Equip only as a sorcery.),M12,"""To my sword I owe my glory, but to my shield I owe my life.""\n—Sarlena, paladin of the Northern Verge",normal,244250,,,Uncommon,Equipment,Artifact
Kraken's Eye,{2},2,,Alan Pollack,211,Artifact,"Whenever a player casts a blue spell, you may gain 1 life.","DST,9ED,10E,M10,DPA,M11,M12",It's seen the wonders of entire worlds trapped in the depths of a bottomless ocean.,normal,221521,,,Uncommon,,Artifact
Manalith,{3},3,,Charles Urbach,212,Artifact,{T}: Add one mana of any color to your mana pool.,M12,"Planeswalkers seek out great monuments throughout the Multiverse, knowing that their builders were unknowingly drawn by the convergence of mana in the area.",normal,220162,,,Common,,Artifact
Pentavus,{7},7,,Greg Staples,213,Artifact Creature — Construct,"Pentavus enters the battlefield with five +1/+1 counters on it.\n{1}, Remove a +1/+1 counter from Pentavus: Put a 1/1 colorless Pentavite artifact creature token with flying onto the battlefield.\n{1}, Sacrifice a Pentavite: Put a +1/+1 counter on Pentavus.","MRD,HOP,DDF,M12,C14",,normal,244251,0,0,Rare,Construct,"Artifact,Creature"
Quicksilver Amulet,{4},4,,Brad Rigney,214,Artifact,"{4}, {T}: You may put a creature card from your hand onto the battlefield.","ULG,M12",Those who examine the amulet too closely have been known to become part of its ornate carvings.,normal,237006,,,Rare,,Artifact
Rusted Sentinel,{4},4,,Jason Felix,215,Artifact Creature — Golem,Rusted Sentinel enters the battlefield tapped.,M12,It has to deliberate a moment on the best way to break your face.,normal,220241,3,4,Uncommon,Golem,"Artifact,Creature"
Scepter of Empires,{3},3,,John Avon,216,Artifact,{T}: Scepter of Empires deals 1 damage to target player. It deals 3 damage to that player instead if you control artifacts named Crown of Empires and Throne of Empires.,M12,"""With this scepter, smite your enemies.""\n—Scepter inscription",normal,220209,,,Uncommon,,Artifact
Solemn Simulacrum,{4},4,,Dan Scott,217,Artifact Creature — Golem,"When Solemn Simulacrum enters the battlefield, you may search your library for a basic land card, put that card onto the battlefield tapped, then shuffle your library.\nWhen Solemn Simulacrum dies, you may draw a card.","MRD,CMD,M12,C14,C15",,normal,236907,2,2,Rare,Golem,"Artifact,Creature"
Sundial of the Infinite,{2},2,,Vincent Proce,218,Artifact,"{1}, {T}: End the turn. Activate this ability only during your turn. (Exile all spells and abilities on the stack. Discard down to your maximum hand size. Damage wears off, and ""this turn"" and ""until end of turn"" effects end.)",M12,,normal,228118,,,Rare,,Artifact
Swiftfoot Boots,{2},2,,Svetlin Velinov,219,Artifact — Equipment,Equipped creature has hexproof and haste.\nEquip {1},"M12,C13,C14,C15",,normal,220261,,,Uncommon,Equipment,Artifact
Thran Golem,{5},5,,Ron Spears,220,Artifact Creature — Golem,"As long as Thran Golem is enchanted, it gets +2/+2 and has flying, first strike, and trample.","UDS,9ED,M12,PC2",The golems of the ancient Thran still draw power in ways that baffle the artificers of today.,normal,234072,3,3,Uncommon,Golem,"Artifact,Creature"
Throne of Empires,{4},4,,John Avon,221,Artifact,"{1}, {T}: Put a 1/1 white Soldier creature token onto the battlefield. Put five of those tokens onto the battlefield instead if you control artifacts named Crown of Empires and Scepter of Empires.",M12,"""With this throne, unite your nation.""\n—Throne inscription",normal,220232,,,Rare,,Artifact
Worldslayer,{5},5,,Greg Staples,222,Artifact — Equipment,"Whenever equipped creature deals combat damage to a player, destroy all permanents other than Worldslayer.\nEquip {5} ({5}: Attach to target creature you control. Equip only as a sorcery.)","MRD,M12","""If that is what you seek, try looking in craters.""\n—Fodrus, mastersmith",normal,227302,,,Rare,Equipment,Artifact
Wurm's Tooth,{2},2,,Alan Pollack,223,Artifact,"Whenever a player casts a green spell, you may gain 1 life.","DST,9ED,10E,M10,DPA,M11,M12","Jevna Nor lugged it around, bragging of his triumph over the wurm. Luckily, the tavern regulars didn't notice it was only a baby tooth.",normal,221524,,,Uncommon,,Artifact
Buried Ruin,,,,Franz Vohwinkel,224,Land,"{T}: Add {C} to your mana pool.\n{2}, {T}, Sacrifice Buried Ruin: Return target artifact card from your graveyard to your hand.","M12,C14",History has buried its treasures deep.,normal,220302,,,Uncommon,,Land
Dragonskull Summit,,,"B,R",Jon Foster,225,Land,Dragonskull Summit enters the battlefield tapped unless you control a Swamp or a Mountain.\n{T}: Add {B} or {R} to your mana pool.,"M10,M11,M12,M13",,normal,221921,,,Rare,,Land
Drowned Catacomb,,,"U,B",Dave Kendall,226,Land,Drowned Catacomb enters the battlefield tapped unless you control an Island or a Swamp.\n{T}: Add {U} or {B} to your mana pool.,"M10,M11,M12,M13",,normal,221920,,,Rare,,Land
Glacial Fortress,,,"W,U",Franz Vohwinkel,227,Land,Glacial Fortress enters the battlefield tapped unless you control a Plains or an Island.\n{T}: Add {W} or {U} to your mana pool.,"M10,M11,M12,M13",,normal,221919,,,Rare,,Land
Rootbound Crag,,,"R,G",Matt Stewart,228,Land,Rootbound Crag enters the battlefield tapped unless you control a Mountain or a Forest.\n{T}: Add {R} or {G} to your mana pool.,"M10,H09,M11,M12,M13",,normal,221922,,,Rare,,Land
Sunpetal Grove,,,"G,W",Jason Chan,229,Land,Sunpetal Grove enters the battlefield tapped unless you control a Forest or a Plains.\n{T}: Add {G} or {W} to your mana pool.,"M10,M11,M12,M13",,normal,221923,,,Rare,,Land
Plains,,,W,Rob Alexander,230,Basic Land — Plains,,"LEA,LEB,2ED,CED,CEI,3ED,4ED,ICE,RQS,pARL,MIR,ITP,5ED,POR,pPRE,TMP,pJGP,PO2,UGL,pALP,USG,ATH,6ED,PTK,S99,pGRU,MMQ,BRB,pELP,S00,INV,7ED,ODY,ONS,8ED,MRD,CHK,UNH,9ED,RAV,CST,TSP,10E,MED,LRW,SHM,ALA,DDC,M10,HOP,ME3,ZEN,H09,DDE,ROE,ARC,M11,DDF,SOM,MBS,DDG,NPH,CMD,M12,DDH,ISD,DDI,AVR,PC2,M13,RTR,DDK,M14,DDL,THS,C13,MD1,M15,DDN,KTK,C14,DD3_DVD,FRF,DDO,DTK,TPR,ORI,DDP,BFZ,C15,DDQ,SOI",,normal,244333,,,Basic Land,Plains,Land
Plains,,,W,D. J. Cleland-Hura,231,Basic Land — Plains,,"LEA,LEB,2ED,CED,CEI,3ED,4ED,ICE,RQS,pARL,MIR,ITP,5ED,POR,pPRE,TMP,pJGP,PO2,UGL,pALP,USG,ATH,6ED,PTK,S99,pGRU,MMQ,BRB,pELP,S00,INV,7ED,ODY,ONS,8ED,MRD,CHK,UNH,9ED,RAV,CST,TSP,10E,MED,LRW,SHM,ALA,DDC,M10,HOP,ME3,ZEN,H09,DDE,ROE,ARC,M11,DDF,SOM,MBS,DDG,NPH,CMD,M12,DDH,ISD,DDI,AVR,PC2,M13,RTR,DDK,M14,DDL,THS,C13,MD1,M15,DDN,KTK,C14,DD3_DVD,FRF,DDO,DTK,TPR,ORI,DDP,BFZ,C15,DDQ,SOI",,normal,244331,,,Basic Land,Plains,Land
Plains,,,W,Howard Lyon,232,Basic Land — Plains,,"LEA,LEB,2ED,CED,CEI,3ED,4ED,ICE,RQS,pARL,MIR,ITP,5ED,POR,pPRE,TMP,pJGP,PO2,UGL,pALP,USG,ATH,6ED,PTK,S99,pGRU,MMQ,BRB,pELP,S00,INV,7ED,ODY,ONS,8ED,MRD,CHK,UNH,9ED,RAV,CST,TSP,10E,MED,LRW,SHM,ALA,DDC,M10,HOP,ME3,ZEN,H09,DDE,ROE,ARC,M11,DDF,SOM,MBS,DDG,NPH,CMD,M12,DDH,ISD,DDI,AVR,PC2,M13,RTR,DDK,M14,DDL,THS,C13,MD1,M15,DDN,KTK,C14,DD3_DVD,FRF,DDO,DTK,TPR,ORI,DDP,BFZ,C15,DDQ,SOI",,normal,244334,,,Basic Land,Plains,Land
Plains,,,W,Charles Urbach,233,Basic Land — Plains,,"LEA,LEB,2ED,CED,CEI,3ED,4ED,ICE,RQS,pARL,MIR,ITP,5ED,POR,pPRE,TMP,pJGP,PO2,UGL,pALP,USG,ATH,6ED,PTK,S99,pGRU,MMQ,BRB,pELP,S00,INV,7ED,ODY,ONS,8ED,MRD,CHK,UNH,9ED,RAV,CST,TSP,10E,MED,LRW,SHM,ALA,DDC,M10,HOP,ME3,ZEN,H09,DDE,ROE,ARC,M11,DDF,SOM,MBS,DDG,NPH,CMD,M12,DDH,ISD,DDI,AVR,PC2,M13,RTR,DDK,M14,DDL,THS,C13,MD1,M15,DDN,KTK,C14,DD3_DVD,FRF,DDO,DTK,TPR,ORI,DDP,BFZ,C15,DDQ,SOI",,normal,244332,,,Basic Land,Plains,Land
Island,,,U,Rob Alexander,234,Basic Land — Island,,"LEA,LEB,2ED,CED,CEI,3ED,4ED,ICE,RQS,pARL,MIR,ITP,5ED,POR,TMP,pJGP,PO2,UGL,pALP,USG,6ED,PTK,S99,pGRU,MMQ,BRB,pELP,S00,BTD,INV,7ED,ODY,ONS,8ED,MRD,CHK,UNH,9ED,RAV,CST,TSP,10E,MED,LRW,SHM,ALA,DD2,M10,HOP,ME3,ZEN,H09,DDE,ROE,DPA,ARC,M11,DDF,SOM,MBS,NPH,CMD,M12,DDH,ISD,DDI,AVR,PC2,M13,DDJ,RTR,M14,THS,C13,DDM,M15,DDN,KTK,C14,DD3_JVC,FRF,DDO,DTK,TPR,ORI,BFZ,C15,DDQ,SOI",,normal,244325,,,Basic Land,Island,Land
Island,,,U,Cliff Childs,235,Basic Land — Island,,"LEA,LEB,2ED,CED,CEI,3ED,4ED,ICE,RQS,pARL,MIR,ITP,5ED,POR,TMP,pJGP,PO2,UGL,pALP,USG,6ED,PTK,S99,pGRU,MMQ,BRB,pELP,S00,BTD,INV,7ED,ODY,ONS,8ED,MRD,CHK,UNH,9ED,RAV,CST,TSP,10E,MED,LRW,SHM,ALA,DD2,M10,HOP,ME3,ZEN,H09,DDE,ROE,DPA,ARC,M11,DDF,SOM,MBS,NPH,CMD,M12,DDH,ISD,DDI,AVR,PC2,M13,DDJ,RTR,M14,THS,C13,DDM,M15,DDN,KTK,C14,DD3_JVC,FRF,DDO,DTK,TPR,ORI,BFZ,C15,DDQ,SOI",,normal,244323,,,Basic Land,Island,Land
Island,,,U,Michael Komarck,236,Basic Land — Island,,"LEA,LEB,2ED,CED,CEI,3ED,4ED,ICE,RQS,pARL,MIR,ITP,5ED,POR,TMP,pJGP,PO2,UGL,pALP,USG,6ED,PTK,S99,pGRU,MMQ,BRB,pELP,S00,BTD,INV,7ED,ODY,ONS,8ED,MRD,CHK,UNH,9ED,RAV,CST,TSP,10E,MED,LRW,SHM,ALA,DD2,M10,HOP,ME3,ZEN,H09,DDE,ROE,DPA,ARC,M11,DDF,SOM,MBS,NPH,CMD,M12,DDH,ISD,DDI,AVR,PC2,M13,DDJ,RTR,M14,THS,C13,DDM,M15,DDN,KTK,C14,DD3_JVC,FRF,DDO,DTK,TPR,ORI,BFZ,C15,DDQ,SOI",,normal,244324,,,Basic Land,Island,Land
Island,,,U,Peter Mohrbacher,237,Basic Land — Island,,"LEA,LEB,2ED,CED,CEI,3ED,4ED,ICE,RQS,pARL,MIR,ITP,5ED,POR,TMP,pJGP,PO2,UGL,pALP,USG,6ED,PTK,S99,pGRU,MMQ,BRB,pELP,S00,BTD,INV,7ED,ODY,ONS,8ED,MRD,CHK,UNH,9ED,RAV,CST,TSP,10E,MED,LRW,SHM,ALA,DD2,M10,HOP,ME3,ZEN,H09,DDE,ROE,DPA,ARC,M11,DDF,SOM,MBS,NPH,CMD,M12,DDH,ISD,DDI,AVR,PC2,M13,DDJ,RTR,M14,THS,C13,DDM,M15,DDN,KTK,C14,DD3_JVC,FRF,DDO,DTK,TPR,ORI,BFZ,C15,DDQ,SOI",,normal,244326,,,Basic Land,Island,Land
Swamp,,,B,Cliff Childs,238,Basic Land — Swamp,,"LEA,LEB,2ED,CED,CEI,3ED,4ED,ICE,RQS,pARL,MIR,ITP,5ED,POR,TMP,pJGP,PO2,UGL,pALP,USG,ATH,6ED,PTK,S99,pGRU,MMQ,BRB,pELP,S00,BTD,INV,7ED,ODY,DKM,ONS,8ED,MRD,CHK,UNH,9ED,RAV,CST,TSP,10E,MED,LRW,SHM,ALA,DDC,M10,HOP,ME3,ZEN,DDD,H09,DDE,ROE,DPA,ARC,M11,SOM,MBS,NPH,CMD,M12,DDH,ISD,PD3,AVR,PC2,M13,DDJ,RTR,DDK,M14,THS,C13,DDM,MD1,M15,DDN,KTK,C14,DD3_DVD,DD3_GVL,FRF,DTK,TPR,ORI,DDP,BFZ,C15,DDQ,SOI",,normal,244338,,,Basic Land,Swamp,Land
Swamp,,,B,Chippy,239,Basic Land — Swamp,,"LEA,LEB,2ED,CED,CEI,3ED,4ED,ICE,RQS,pARL,MIR,ITP,5ED,POR,TMP,pJGP,PO2,UGL,pALP,USG,ATH,6ED,PTK,S99,pGRU,MMQ,BRB,pELP,S00,BTD,INV,7ED,ODY,DKM,ONS,8ED,MRD,CHK,UNH,9ED,RAV,CST,TSP,10E,MED,LRW,SHM,ALA,DDC,M10,HOP,ME3,ZEN,DDD,H09,DDE,ROE,DPA,ARC,M11,SOM,MBS,NPH,CMD,M12,DDH,ISD,PD3,AVR,PC2,M13,DDJ,RTR,DDK,M14,THS,C13,DDM,MD1,M15,DDN,KTK,C14,DD3_DVD,DD3_GVL,FRF,DTK,TPR,ORI,DDP,BFZ,C15,DDQ,SOI",,normal,244337,,,Basic Land,Swamp,Land
Swamp,,,B,Jung Park,240,Basic Land — Swamp,,"LEA,LEB,2ED,CED,CEI,3ED,4ED,ICE,RQS,pARL,MIR,ITP,5ED,POR,TMP,pJGP,PO2,UGL,pALP,USG,ATH,6ED,PTK,S99,pGRU,MMQ,BRB,pELP,S00,BTD,INV,7ED,ODY,DKM,ONS,8ED,MRD,CHK,UNH,9ED,RAV,CST,TSP,10E,MED,LRW,SHM,ALA,DDC,M10,HOP,ME3,ZEN,DDD,H09,DDE,ROE,DPA,ARC,M11,SOM,MBS,NPH,CMD,M12,DDH,ISD,PD3,AVR,PC2,M13,DDJ,RTR,DDK,M14,THS,C13,DDM,MD1,M15,DDN,KTK,C14,DD3_DVD,DD3_GVL,FRF,DTK,TPR,ORI,DDP,BFZ,C15,DDQ,SOI",,normal,244335,,,Basic Land,Swamp,Land
Swamp,,,B,Alan Pollack,241,Basic Land — Swamp,,"LEA,LEB,2ED,CED,CEI,3ED,4ED,ICE,RQS,pARL,MIR,ITP,5ED,POR,TMP,pJGP,PO2,UGL,pALP,USG,ATH,6ED,PTK,S99,pGRU,MMQ,BRB,pELP,S00,BTD,INV,7ED,ODY,DKM,ONS,8ED,MRD,CHK,UNH,9ED,RAV,CST,TSP,10E,MED,LRW,SHM,ALA,DDC,M10,HOP,ME3,ZEN,DDD,H09,DDE,ROE,DPA,ARC,M11,SOM,MBS,NPH,CMD,M12,DDH,ISD,PD3,AVR,PC2,M13,DDJ,RTR,DDK,M14,THS,C13,DDM,MD1,M15,DDN,KTK,C14,DD3_DVD,DD3_GVL,FRF,DTK,TPR,ORI,DDP,BFZ,C15,DDQ,SOI",,normal,244336,,,Basic Land,Swamp,Land
Mountain,,,R,Cliff Childs,242,Basic Land — Mountain,,"LEA,LEB,2ED,ARN,CED,CEI,3ED,4ED,ICE,RQS,pARL,MIR,ITP,5ED,POR,TMP,pJGP,PO2,UGL,pALP,USG,ATH,6ED,PTK,S99,pGRU,MMQ,BRB,pELP,S00,BTD,INV,7ED,ODY,DKM,ONS,8ED,MRD,CHK,UNH,9ED,RAV,CST,TSP,10E,MED,LRW,EVG,SHM,ALA,DD2,M10,HOP,ME3,ZEN,H09,DDE,ROE,DPA,ARC,M11,SOM,PD2,MBS,DDG,NPH,CMD,M12,DDH,ISD,DDI,AVR,PC2,M13,DDJ,RTR,DDK,M14,DDL,THS,C13,M15,DDN,KTK,C14,DD3_EVG,DD3_JVC,FRF,DTK,TPR,ORI,DDP,BFZ,C15,SOI",,normal,244328,,,Basic Land,Mountain,Land
Mountain,,,R,Karl Kopinski,243,Basic Land — Mountain,,"LEA,LEB,2ED,ARN,CED,CEI,3ED,4ED,ICE,RQS,pARL,MIR,ITP,5ED,POR,TMP,pJGP,PO2,UGL,pALP,USG,ATH,6ED,PTK,S99,pGRU,MMQ,BRB,pELP,S00,BTD,INV,7ED,ODY,DKM,ONS,8ED,MRD,CHK,UNH,9ED,RAV,CST,TSP,10E,MED,LRW,EVG,SHM,ALA,DD2,M10,HOP,ME3,ZEN,H09,DDE,ROE,DPA,ARC,M11,SOM,PD2,MBS,DDG,NPH,CMD,M12,DDH,ISD,DDI,AVR,PC2,M13,DDJ,RTR,DDK,M14,DDL,THS,C13,M15,DDN,KTK,C14,DD3_EVG,DD3_JVC,FRF,DTK,TPR,ORI,DDP,BFZ,C15,SOI",,normal,244330,,,Basic Land,Mountain,Land
Mountain,,,R,Robh Ruppel,244,Basic Land — Mountain,,"LEA,LEB,2ED,ARN,CED,CEI,3ED,4ED,ICE,RQS,pARL,MIR,ITP,5ED,POR,TMP,pJGP,PO2,UGL,pALP,USG,ATH,6ED,PTK,S99,pGRU,MMQ,BRB,pELP,S00,BTD,INV,7ED,ODY,DKM,ONS,8ED,MRD,CHK,UNH,9ED,RAV,CST,TSP,10E,MED,LRW,EVG,SHM,ALA,DD2,M10,HOP,ME3,ZEN,H09,DDE,ROE,DPA,ARC,M11,SOM,PD2,MBS,DDG,NPH,CMD,M12,DDH,ISD,DDI,AVR,PC2,M13,DDJ,RTR,DDK,M14,DDL,THS,C13,M15,DDN,KTK,C14,DD3_EVG,DD3_JVC,FRF,DTK,TPR,ORI,DDP,BFZ,C15,SOI",,normal,244329,,,Basic Land,Mountain,Land
Mountain,,,R,Sam Wood,245,Basic Land — Mountain,,"LEA,LEB,2ED,ARN,CED,CEI,3ED,4ED,ICE,RQS,pARL,MIR,ITP,5ED,POR,TMP,pJGP,PO2,UGL,pALP,USG,ATH,6ED,PTK,S99,pGRU,MMQ,BRB,pELP,S00,BTD,INV,7ED,ODY,DKM,ONS,8ED,MRD,CHK,UNH,9ED,RAV,CST,TSP,10E,MED,LRW,EVG,SHM,ALA,DD2,M10,HOP,ME3,ZEN,H09,DDE,ROE,DPA,ARC,M11,SOM,PD2,MBS,DDG,NPH,CMD,M12,DDH,ISD,DDI,AVR,PC2,M13,DDJ,RTR,DDK,M14,DDL,THS,C13,M15,DDN,KTK,C14,DD3_EVG,DD3_JVC,FRF,DTK,TPR,ORI,DDP,BFZ,C15,SOI",,normal,244327,,,Basic Land,Mountain,Land
Forest,,,G,Glen Angus,246,Basic Land — Forest,,"LEA,LEB,2ED,CED,CEI,3ED,4ED,ICE,RQS,pARL,MIR,ITP,5ED,POR,TMP,pJGP,PO2,UGL,pALP,USG,ATH,6ED,PTK,S99,pGRU,MMQ,BRB,pELP,S00,BTD,INV,7ED,ODY,DKM,ONS,8ED,MRD,CHK,UNH,9ED,RAV,CST,TSP,10E,MED,LRW,EVG,SHM,ALA,M10,HOP,ME3,ZEN,DDD,H09,DDE,ROE,DPA,ARC,M11,SOM,MBS,DDG,NPH,CMD,M12,DDH,ISD,AVR,PC2,M13,DDJ,RTR,M14,DDL,THS,C13,DDM,M15,KTK,C14,DD3_EVG,DD3_GVL,FRF,DDO,DTK,TPR,ORI,DDP,BFZ,C15,SOI",,normal,244320,,,Basic Land,Forest,Land
Forest,,,G,Volkan Baga,247,Basic Land — Forest,,"LEA,LEB,2ED,CED,CEI,3ED,4ED,ICE,RQS,pARL,MIR,ITP,5ED,POR,TMP,pJGP,PO2,UGL,pALP,USG,ATH,6ED,PTK,S99,pGRU,MMQ,BRB,pELP,S00,BTD,INV,7ED,ODY,DKM,ONS,8ED,MRD,CHK,UNH,9ED,RAV,CST,TSP,10E,MED,LRW,EVG,SHM,ALA,M10,HOP,ME3,ZEN,DDD,H09,DDE,ROE,DPA,ARC,M11,SOM,MBS,DDG,NPH,CMD,M12,DDH,ISD,AVR,PC2,M13,DDJ,RTR,M14,DDL,THS,C13,DDM,M15,KTK,C14,DD3_EVG,DD3_GVL,FRF,DDO,DTK,TPR,ORI,DDP,BFZ,C15,SOI",,normal,244319,,,Basic Land,Forest,Land
Forest,,,G,Jim Nelson,248,Basic Land — Forest,,"LEA,LEB,2ED,CED,CEI,3ED,4ED,ICE,RQS,pARL,MIR,ITP,5ED,POR,TMP,pJGP,PO2,UGL,pALP,USG,ATH,6ED,PTK,S99,pGRU,MMQ,BRB,pELP,S00,BTD,INV,7ED,ODY,DKM,ONS,8ED,MRD,CHK,UNH,9ED,RAV,CST,TSP,10E,MED,LRW,EVG,SHM,ALA,M10,HOP,ME3,ZEN,DDD,H09,DDE,ROE,DPA,ARC,M11,SOM,MBS,DDG,NPH,CMD,M12,DDH,ISD,AVR,PC2,M13,DDJ,RTR,M14,DDL,THS,C13,DDM,M15,KTK,C14,DD3_EVG,DD3_GVL,FRF,DDO,DTK,TPR,ORI,DDP,BFZ,C15,SOI",,normal,244321,,,Basic Land,Forest,Land
Forest,,,G,Ryan Pancoast,249,Basic Land — Forest,,"LEA,LEB,2ED,CED,CEI,3ED,4ED,ICE,RQS,pARL,MIR,ITP,5ED,POR,TMP,pJGP,PO2,UGL,pALP,USG,ATH,6ED,PTK,S99,pGRU,MMQ,BRB,pELP,S00,BTD,INV,7ED,ODY,DKM,ONS,8ED,MRD,CHK,UNH,9ED,RAV,CST,TSP,10E,MED,LRW,EVG,SHM,ALA,M10,HOP,ME3,ZEN,DDD,H09,DDE,ROE,DPA,ARC,M11,SOM,MBS,DDG,NPH,CMD,M12,DDH,ISD,AVR,PC2,M13,DDJ,RTR,M14,DDL,THS,C13,DDM,M15,KTK,C14,DD3_EVG,DD3_GVL,FRF,DDO,DTK,TPR,ORI,DDP,BFZ,C15,SOI",,normal,244322,,,Basic Land,Forest,Land
