name,manaCost,cmc,colorIdentity,artist,number,type,text,printings,flavor,layout,multiverseid,power,toughness,rarity,subtypes,types
"Ajani, Caller of the Pride",{1}{W}{W},3,W,D. Alexander Gregory,1,Planeswalker — Ajani,"+1: Put a +1/+1 counter on up to one target creature.\n−3: Target creature gains flying and double strike until end of turn.\n−8: Put X 2/2 white Cat creature tokens onto the battlefield, where X is your life total.","pMEI,M13,M14",,normal,249695,,,Mythic Rare,Ajani,Planeswalker
Ajani's Sunstriker,{W}{W},2,W,Matt Stewart,2,Creature — Cat Cleric,Lifelink (Damage dealt by this creature also causes you to gain that much life.),"M13,CNS","""Ajani goes where he is needed most and in his name we keep his lands safe.""",normal,259715,2,2,Common,"Cat,Cleric",Creature
Angel's Mercy,{2}{W}{W},4,W,Andrew Robinson,3,Instant,You gain 7 life.,"M10,M12,AVR,M13","""She rose above me, and in that moment Varrik the Bloody died and I was born.""\n—Varrik the Just",normal,259714,,,Common,,Instant
Angelic Benediction,{3}{W},4,W,Michael Komarck,4,Enchantment,"Exalted (Whenever a creature you control attacks alone, that creature gets +1/+1 until end of turn.)\nWhenever a creature you control attacks alone, you may tap target creature.","ALA,DDC,M13,DD3_DVD","""Only the bravest are worthy of our blessing.""",normal,279702,,,Uncommon,,Enchantment
Attended Knight,{2}{W},3,W,Seb McKinnon,5,Creature — Human Knight,"First strike (This creature deals combat damage before creatures without first strike.)\nWhen Attended Knight enters the battlefield, put a 1/1 white Soldier creature token onto the battlefield.",M13,,normal,265723,2,2,Common,"Human,Knight",Creature
Aven Squire,{1}{W},2,W,David Palumbo,6,Creature — Bird Soldier,"Flying\nExalted (Whenever a creature you control attacks alone, that creature gets +1/+1 until end of turn.)","CON,M13","When the meek charge into battle, courage becomes infectious.",normal,265712,1,1,Common,"Bird,Soldier",Creature
Battleflight Eagle,{4}{W},5,W,Kev Walker,7,Creature — Bird,"Flying\nWhen Battleflight Eagle enters the battlefield, target creature gets +2/+2 and gains flying until end of turn.",M13,"Eagles make fine mounts, but they're too proud to carry anyone for long.",normal,259721,2,2,Common,Bird,Creature
Captain of the Watch,{4}{W}{W},6,W,Greg Staples,8,Creature — Human Soldier,"Vigilance (Attacking doesn't cause this creature to tap.)\nOther Soldier creatures you control get +1/+1 and have vigilance.\nWhen Captain of the Watch enters the battlefield, put three 1/1 white Soldier creature tokens onto the battlefield.","M10,M13,DDO",,normal,259716,3,3,Rare,"Human,Soldier",Creature
Captain's Call,{3}{W},4,W,Greg Staples,9,Sorcery,Put three 1/1 white Soldier creature tokens onto the battlefield.,M13,"""Who among you has the courage to face certain death? Who will heed my call?""\n—Rayel Vanger, Firstblade of Thune",normal,249689,,,Common,,Sorcery
Crusader of Odric,{2}{W},3,W,Michael Komarck,10,Creature — Human Soldier,Crusader of Odric's power and toughness are each equal to the number of creatures you control.,M13,"""We are Odric's sword. We strike without fear, for his mind has divined how our foe will be slain.""",normal,253730,*,*,Uncommon,"Human,Soldier",Creature
Divine Favor,{1}{W},2,W,Allen Williams,11,Enchantment — Aura,"Enchant creature\nWhen Divine Favor enters the battlefield, you gain 3 life.\nEnchanted creature gets +1/+3.","M12,M13,M14,M15","With an armory of light, even the squire may champion her people.",normal,259709,,,Common,Aura,Enchantment
Divine Verdict,{3}{W},4,W,Kev Walker,12,Instant,Destroy target attacking or blocking creature.,"M10,M13,THS,M15,ORI","""Guilty.""",normal,271367,,,Common,,Instant
Erase,{W},1,W,Richard Wright,13,Instant,Exile target enchantment.,"ULG,M13,KTK","""Don't trust your eyes, for mages are skilled in deception. Trust only in your faith. It will wipe everything clean.""\n—Lila, Erunian priest",normal,259723,,,Common,,Instant
Faith's Reward,{3}{W},4,W,Raymond Swanland,14,Instant,Return to the battlefield all permanent cards in your graveyard that were put there from the battlefield this turn.,M13,"""I thought the wind was ushering me to my final destination, but it lifted me to my feet and I fought on.""\n—Idrus, war priest of Thune",normal,259666,,,Rare,,Instant
Glorious Charge,{1}{W},2,W,Izzy,15,Instant,Creatures you control get +1/+1 until end of turn.,"M10,M13","""One's blade is only as sharp as one's conviction.""\n—Ajani Goldmane",normal,265720,,,Common,,Instant
Griffin Protector,{3}{W},4,W,Christopher Moeller,16,Creature — Griffin,"Flying\nWhenever another creature enters the battlefield under your control, Griffin Protector gets +1/+1 until end of turn.",M13,The drums of war stir the hearts of all who fight for righteousness.,normal,259673,2,3,Common,Griffin,Creature
Guardian Lions,{4}{W},5,W,Johannes Voss,17,Creature — Cat,Vigilance (Attacking doesn't cause this creature to tap.),M13,Approach in peace or not at all.,normal,279701,1,6,Common,Cat,Creature
Guardians of Akrasa,{2}{W},3,W,Alan Pollack,18,Creature — Human Soldier,"Defender (This creature can't attack.)\nExalted (Whenever a creature you control attacks alone, that creature gets +1/+1 until end of turn.)","ALA,M13","""Only by the bravery of those who put loyalty above glory is our home kept safe.""\n—Elspeth Tirel",normal,279861,0,4,Common,"Human,Soldier",Creature
Healer of the Pride,{3}{W},4,W,Christopher Moeller,19,Creature — Cat Cleric,"Whenever another creature enters the battlefield under your control, you gain 2 life.",M13,"""No life is without meaning. No living thing is too small to be strong.""",normal,276206,2,3,Uncommon,"Cat,Cleric",Creature
Intrepid Hero,{2}{W},3,W,Greg Hildebrandt,20,Creature — Human Soldier,{T}: Destroy target creature with power 4 or greater.,"USG,7ED,8ED,M13",A fool knows no fear. A hero shows no fear.,normal,280320,1,1,Rare,"Human,Soldier",Creature
Knight of Glory,{1}{W},2,W,Peter Mohrbacher,21,Creature — Human Knight,"Protection from black (This creature can't be blocked, targeted, dealt damage, or enchanted by anything black.)\nExalted (Whenever a creature you control attacks alone, that creature gets +1/+1 until end of turn.)",M13,"""I will uphold the law, and no manner of foe will stop me.""",normal,265731,2,1,Uncommon,"Human,Knight",Creature
Oblivion Ring,{2}{W},3,W,Franz Vohwinkel,22,Enchantment,"When Oblivion Ring enters the battlefield, exile another target nonland permanent.\nWhen Oblivion Ring leaves the battlefield, return the exiled card to the battlefield under its owner's control.","pFNM,LRW,ALA,HOP,ARC,DDG,CMD,M12,DDI,M13,MM2",,normal,259711,,,Uncommon,,Enchantment
"Odric, Master Tactician",{2}{W}{W},4,W,Michael Komarck,23,Legendary Creature — Human Soldier,"First strike (This creature deals combat damage before creatures without first strike.)\nWhenever Odric, Master Tactician and at least three other creatures attack, you choose which creatures block this combat and how those creatures block.",M13,"""Fear holds no place in faith's battle plan.""",normal,259670,3,4,Rare,"Human,Soldier",Creature
Pacifism,{1}{W},2,W,Robert Bliss,24,Enchantment — Aura,Enchant creature\nEnchanted creature can't attack or block.,"MIR,TMP,USG,ATH,6ED,BRB,7ED,ONS,8ED,9ED,10E,DDC,M10,M11,M12,M13,M14,DD3_DVD,DTK,TPR,EMA","For the first time in his life, Grakk felt a little warm and fuzzy inside.",normal,259712,,,Common,Aura,Enchantment
Pillarfield Ox,{3}{W},4,W,Andrew Robinson,25,Creature — Ox,,"ZEN,M13,M14,CNS","""May starving fleas birth a thousand generations on your stubborn hide, cow!""\n—Bruse Tarl, Goma Fada nomad",normal,279700,2,4,Common,Ox,Creature
Planar Cleansing,{3}{W}{W}{W},6,W,Michael Komarck,26,Sorcery,Destroy all nonland permanents.,"M10,M13,M14",,normal,275269,,,Rare,,Sorcery
Prized Elephant,{3}{W},4,"W,G",Ioan Dumitrescu,27,Creature — Elephant,"Prized Elephant gets +1/+1 as long as you control a Forest.\n{G}: Prized Elephant gains trample until end of turn. (If this creature would assign enough damage to its blockers to destroy them, you may have it assign the rest of its damage to defending player or planeswalker.)",M13,,normal,253719,3,3,Uncommon,Elephant,Creature
Rain of Blades,{W},1,W,Rob Alexander,28,Instant,Rain of Blades deals 1 damage to each attacking creature.,"SCG,8ED,M13","Some say they are the weapons of heroes fallen in battle, eager for one last chance at glory.",normal,279986,,,Uncommon,,Instant
Rhox Faithmender,{3}{W},4,W,Wesley Burt,29,Creature — Rhino Monk,"Lifelink (Damage dealt by this creature also causes you to gain that much life.)\nIf you would gain life, you gain twice that much life instead.",M13,Rhoxes who live long enough to retire from war lend support with their extensive knowledge of combat injuries.,normal,279987,1,5,Rare,"Rhino,Monk",Creature
Safe Passage,{2}{W},3,W,Christopher Moeller,30,Instant,Prevent all damage that would be dealt to you and creatures you control this turn.,"M10,M11,DDI,M13","As she shepherds the faithful, the angel's radiance is a shield of salvation.",normal,276224,,,Common,,Instant
Serra Angel,{3}{W}{W},5,W,Greg Staples,31,Creature — Angel,Flying (This creature can't be blocked except by creatures with flying or reach.)\nVigilance (Attacking doesn't cause this creature to tap.),"LEA,LEB,2ED,CED,CEI,3ED,4ED,ATH,pWOS,7ED,8ED,9ED,10E,DDC,M10,M11,ME4,CMD,M12,M13,M14,M15,DD3_DVD,ORI,V15,W16,EMA","Follow the light. In its absence, follow her.",normal,270376,4,4,Uncommon,Angel,Creature
Serra Avatar,{4}{W}{W}{W},7,W,Dermot Power,32,Creature — Avatar,"Serra Avatar's power and toughness are each equal to your life total.\nWhen Serra Avatar is put into a graveyard from anywhere, shuffle it into its owner's library.","pMEI,USG,pSUS,M13,C13,C14","""Serra isn't dead. She lives on through me.""",normal,259706,*,*,Mythic Rare,Avatar,Creature
Serra Avenger,{W}{W},2,W,Scott M. Fischer,33,Creature — Angel,"You can't cast Serra Avenger during your first, second, or third turns of the game.\nFlying\nVigilance (Attacking doesn't cause this creature to tap.)","pCMP,TSP,M13",,normal,288762,3,3,Rare,Angel,Creature
Show of Valor,{1}{W},2,W,Anthony Palumbo,34,Instant,Target creature gets +2/+4 until end of turn.,"M13,M14","""Duty, honor, and valor are either in your heart or they are not. You will never know for certain until you are tested.""\n—Ajani Goldmane",normal,265727,,,Common,,Instant
Silvercoat Lion,{1}{W},2,W,Terese Nielsen,35,Creature — Cat,,"M10,M11,M13","""In the wild, white fur like mine is an aberration. We lack natural camouflage, but the inability to hide encourages other strengths.""\n—Ajani Goldmane",normal,266132,2,2,Common,Cat,Creature
Sublime Archangel,{2}{W}{W},4,W,Cynthia Sheppard,36,Creature — Angel,"Flying\nExalted (Whenever a creature you control attacks alone, that creature gets +1/+1 until end of turn.)\nOther creatures you control have exalted. (If a creature has multiple instances of exalted, each triggers separately.)",M13,,normal,259725,4,3,Mythic Rare,Angel,Creature
Touch of the Eternal,{5}{W}{W},7,W,Christopher Moeller,37,Enchantment,"At the beginning of your upkeep, count the number of permanents you control. Your life total becomes that number.",M13,"""Time is a vigilant tyrant, but there are those who have broken free of its gaze.""\n—Laikas, Erunian monk",normal,278197,,,Rare,,Enchantment
War Falcon,{W},1,W,Volkan Baga,38,Creature — Bird,Flying\nWar Falcon can't attack unless you control a Knight or a Soldier.,M13,"The falcon is the picture of nobility, maintaining a regal bearing even as it conducts the bloody business of war.",normal,259697,2,1,Common,Bird,Creature
War Priest of Thune,{1}{W},2,W,Izzy,39,Creature — Human Cleric,"When War Priest of Thune enters the battlefield, you may destroy target enchantment.","M11,M13,EMA","""The sacred might of Thune thunders in my soul.""",normal,275698,2,2,Uncommon,"Human,Cleric",Creature
Warclamp Mastiff,{W},1,W,David Palumbo,40,Creature — Hound,First strike (This creature deals combat damage before creatures without first strike.),M13,"""One bite from that dog will send you to the healer's tent for days.""\n—Watchmaster Finn of An Karras",normal,280224,1,1,Common,Hound,Creature
Archaeomancer,{2}{U}{U},4,U,Zoltan Boros,41,Creature — Human Wizard,"When Archaeomancer enters the battlefield, return target instant or sorcery card from your graveyard to your hand.","M13,M14,DDM","""Words of power never disappear. They sleep, awaiting those with the will to rouse them.""",normal,265722,1,2,Common,"Human,Wizard",Creature
Arctic Aven,{2}{U},3,"U,W",Igor Kieryluk,42,Creature — Bird Wizard,Flying\nArctic Aven gets +1/+1 as long as you control a Plains.\n{W}: Arctic Aven gains lifelink until end of turn. (Damage dealt by this creature also causes you to gain that much life.),M13,,normal,249710,2,1,Uncommon,"Bird,Wizard",Creature
Augur of Bolas,{1}{U},2,U,Slawomir Maniak,43,Creature — Merfolk Wizard,"When Augur of Bolas enters the battlefield, look at the top three cards of your library. You may reveal an instant or sorcery card from among them and put it into your hand. Put the rest on the bottom of your library in any order.","M13,C13",,normal,249676,1,3,Uncommon,"Merfolk,Wizard",Creature
Battle of Wits,{3}{U}{U},5,U,Jason Chan,44,Enchantment,"At the beginning of your upkeep, if you have 200 or more cards in your library, you win the game.","ODY,9ED,M13",There is no loftier ambition than the pursuit of knowledge.,normal,288878,,,Rare,,Enchantment
Clone,{3}{U},4,U,Kev Walker,45,Creature — Shapeshifter,You may have Clone enter the battlefield as a copy of any creature on the battlefield.,"LEA,LEB,2ED,CED,CEI,3ED,ONS,9ED,10E,M10,M11,DDI,M13,M14","One face, two minds.",normal,266274,0,0,Rare,Shapeshifter,Creature
Courtly Provocateur,{2}{U},3,U,James Ryman,46,Creature — Human Wizard,{T}: Target creature attacks this turn if able.\n{T}: Target creature blocks this turn if able.,M13,"""My one regret is that I have mastered an art that leaves its audience unable to applaud.""",normal,276475,1,1,Uncommon,"Human,Wizard",Creature
Divination,{2}{U},3,U,Howard Lyon,47,Sorcery,Draw two cards.,"M10,M12,DKA,M13,M14,BNG,M15","""The key to unlocking this puzzle is within you.""\n—Doriel, mentor of Mistral Isle",normal,254118,,,Common,,Sorcery
Downpour,{1}{U},2,U,Eytan Zana,48,Instant,Tap up to three target creatures.,M13,"""The sky holds vast oceans. They are at your fingertips if you know how to call them.""\n—Talrand, sky summoner",normal,276208,,,Common,,Instant
Encrust,{1}{U}{U},3,U,Jason Felix,49,Enchantment — Aura,Enchant artifact or creature\nEnchanted permanent doesn't untap during its controller's untap step and its activated abilities can't be activated.,"M13,M15","""Barnacles are the sea's final defense.""\n—Garild, merfolk mage",normal,278194,,,Common,Aura,Enchantment
Essence Scatter,{1}{U},2,U,Jon Foster,50,Instant,Counter target creature spell.,"M10,DPA,M13,M14","""What you attempt to pull from the Æther, I can spread onto the wind.""\n—Jace Beleren",normal,276209,,,Common,,Instant
Faerie Invaders,{4}{U},5,U,Ryan Pancoast,51,Creature — Faerie Rogue,Flash (You may cast this spell any time you could cast an instant.)\nFlying,"M13,DDN",Small enough to penetrate the narrowest crack in a castle wall and numerous enough to hack apart a griffin.,normal,279988,3,3,Common,"Faerie,Rogue",Creature
Fog Bank,{1}{U},2,U,Howard Lyon,52,Creature — Wall,"Defender, flying\nPrevent all combat damage that would be dealt to and dealt by Fog Bank.","USG,CMD,M13,C13,C14","""The union of sea and sky makes a perfect cover.""\n—Talrand, sky summoner",normal,270314,0,2,Uncommon,Wall,Creature
Harbor Serpent,{4}{U}{U},6,U,Daarken,53,Creature — Serpent,Islandwalk (This creature can't be blocked as long as defending player controls an Island.)\nHarbor Serpent can't attack unless there are five or more Islands on the battlefield.,"M11,M12,M13","Like most giant monsters villagers worship as gods, it proves a fickle master.",normal,254113,5,5,Common,Serpent,Creature
Hydrosurge,{U},1,U,Steve Prescott,54,Instant,Target creature gets -5/-0 until end of turn.,"M13,M15","""Thirsty?""\n—Drunvalus, hydromancer",normal,270378,,,Common,,Instant
Index,{U},1,U,Kev Walker,55,Sorcery,"Look at the top five cards of your library, then put them back in any order.","APC,8ED,9ED,M13","""What good is having all the right answers if you have them at all the wrong times?""",normal,289098,,,Common,,Sorcery
"Jace, Memory Adept",{3}{U}{U},5,U,D. Alexander Gregory,56,Planeswalker — Jace,+1: Draw a card. Target player puts the top card of his or her library into his or her graveyard.\n0: Target player puts the top ten cards of his or her library into his or her graveyard.\n−7: Any number of target players each draw twenty cards.,"pMEI,M12,M13,M14",,normal,254107,,,Mythic Rare,Jace,Planeswalker
Jace's Phantasm,{U},1,U,Johann Bodin,57,Creature — Illusion,Flying\nJace's Phantasm gets +4/+4 as long as an opponent has ten or more cards in his or her graveyard.,"M13,DDM","In the abstract memories of the Iquati, Jace found interesting ideas to improve upon.",normal,249672,1,1,Uncommon,Illusion,Creature
Kraken Hatchling,{U},1,U,Jason Felix,58,Creature — Kraken,,"ZEN,M13","A spike and a maul are needed to crack their shells, but the taste is worth the effort.",normal,279699,0,4,Common,Kraken,Creature
Master of the Pearl Trident,{U}{U},2,U,Ryan Pancoast,59,Creature — Merfolk,Other Merfolk creatures you control get +1/+1 and have islandwalk. (They can't be blocked as long as defending player controls an Island.),M13,"""Let the land dwellers know the coast is no longer the border between our realms. A new age of empire has begun.""",normal,279901,2,2,Rare,Merfolk,Creature
Merfolk of the Pearl Trident,{U},1,U,Ray Lago,60,Creature — Merfolk,,"LEA,LEB,2ED,CED,CEI,3ED,4ED,RQS,ITP,5ED,POR,6ED,S99,S00,7ED,M13","""The merfolk of the Pearl Trident have risen from the waves since the earliest days, at times allies to humans, other times enemies. Now their power is cresting again, and who can say which way the new tide will flow.""\n—Kalis, Onean scholar",normal,278211,1,1,Common,Merfolk,Creature
Mind Sculpt,{1}{U},2,U,Michael C. Hayes,61,Sorcery,Target opponent puts the top seven cards of his or her library into his or her graveyard.,"M13,M15","""Your mind was a curious mix of madness and genius. I just took away the genius.""\n—Jace Beleren",normal,266487,,,Common,,Sorcery
Negate,{1}{U},2,U,Jeremy Jarvis,62,Instant,Counter target noncreature spell.,"pMPR,MOR,M10,DPA,M11,M12,M13,M14,M15,DTK,ORI,OGW",Masters of the arcane savor a delicious irony. Their study of deep and complex arcana leads to such a simple end: the ability to say merely yes or no.,normal,254114,,,Common,,Instant
Omniscience,{7}{U}{U}{U},10,U,Jason Chan,63,Enchantment,You may cast nonland cards from your hand without paying their mana costs.,M13,"""The things I once imagined would be my greatest achievements were only the first steps toward a future I can only begin to fathom.""\n—Jace Beleren",normal,288937,,,Mythic Rare,,Enchantment
Redirect,{U}{U},2,U,Izzy,64,Instant,You may choose new targets for target spell.,"M11,M12,M13","""It's actually quite simple, but since you've only recently begun to walk upright, it may take some time to explain.""\n—Jace Beleren, to Garruk Wildspeaker",normal,290288,,,Rare,,Instant
Rewind,{2}{U}{U},4,U,Dermot Power,65,Instant,Counter target spell. Untap up to four lands.,"pARL,USG,8ED,9ED,M13","""The best denials are simply that: a beginning and end unchanged, a dream with no memory.""",normal,280222,,,Uncommon,,Instant
Scroll Thief,{2}{U},3,U,Alex Horley-Orlandelli,66,Creature — Merfolk Rogue,"Whenever Scroll Thief deals combat damage to a player, draw a card.","M11,DDI,M13,M14",The arcane academies along the coast were powerless to protect themselves from the brazen raiders of the Kapsho Seas.,normal,254130,1,3,Common,"Merfolk,Rogue",Creature
Sleep,{2}{U}{U},4,U,Chris Rahn,67,Sorcery,Tap all creatures target player controls. Those creatures don't untap during that player's next untap step.,"M10,M11,M13,C15","""I give them dreams so wondrous that they hesitate to return to the world of the conscious.""\n—Garild, merfolk mage",normal,254119,,,Uncommon,,Sorcery
Spelltwine,{5}{U},6,U,Noah Bradley,68,Sorcery,Exile target instant or sorcery card from your graveyard and target instant or sorcery card from an opponent's graveyard. Copy those cards. Cast the copies if able without paying their mana costs. Exile Spelltwine.,"M13,DDM",,normal,280223,,,Rare,,Sorcery
Sphinx of Uthuun,{5}{U}{U},7,U,Kekai Kotaki,69,Creature — Sphinx,"Flying\nWhen Sphinx of Uthuun enters the battlefield, reveal the top five cards of your library. An opponent separates those cards into two piles. Put one pile into your hand and the other into your graveyard.","M12,DDI,M13,DDN,C14",,normal,254108,5,6,Rare,Sphinx,Creature
Stormtide Leviathan,{5}{U}{U}{U},8,U,Karl Kopinski,70,Creature — Leviathan,Islandwalk (This creature can't be blocked as long as defending player controls an Island.)\nAll lands are Islands in addition to their other types.\nCreatures without flying or islandwalk can't attack.,"M11,M13,M15",,normal,278198,8,8,Rare,Leviathan,Creature
Switcheroo,{4}{U},5,U,Kev Walker,71,Sorcery,Exchange control of two target creatures.,M13,Say hello to your new friend.,normal,253704,,,Uncommon,,Sorcery
"Talrand, Sky Summoner",{2}{U}{U},4,U,Svetlin Velinov,72,Legendary Creature — Merfolk Wizard,"Whenever you cast an instant or sorcery spell, put a 2/2 blue Drake creature token with flying onto the battlefield.","M13,C15","""The seas are vast, but the skies are even more so. Why be content with one kingdom when I can rule them both?""",normal,253701,2,2,Rare,"Merfolk,Wizard",Creature
Talrand's Invocation,{2}{U}{U},4,U,Svetlin Velinov,73,Sorcery,Put two 2/2 blue Drake creature tokens with flying onto the battlefield.,M13,"After Talrand conquered the depths of Shandalar, his ambitions drove him skyward, joined by servants whose drive and curiosity equaled his own.",normal,254117,,,Uncommon,,Sorcery
Tricks of the Trade,{3}{U},4,U,Steven Belledin,74,Enchantment — Aura,Enchant creature\nEnchanted creature gets +2/+0 and can't be blocked.,M13,"""Pathetic. You might as well have protected your treasures with a paper box and some string.""",normal,253735,,,Common,Aura,Enchantment
Unsummon,{U},1,U,Izzy,75,Instant,Return target creature to its owner's hand.,"LEA,LEB,2ED,CED,CEI,3ED,4ED,RQS,ITP,5ED,6ED,7ED,8ED,10E,CON,M10,DPA,M11,M12,M13",Not to be. That is the answer.,normal,265715,,,Common,,Instant
Vedalken Entrancer,{3}{U},4,U,Dan Scott,76,Creature — Vedalken Wizard,"{U}, {T}: Target player puts the top two cards of his or her library into his or her graveyard.","RAV,M13","""Don't get any ideas.""",normal,254121,1,4,Common,"Vedalken,Wizard",Creature
Void Stalker,{1}{U},2,U,Marco Nelor,77,Creature — Elemental,"{2}{U}, {T}: Put Void Stalker and target creature on top of their owners' libraries, then those players shuffle their libraries.",M13,"Now you see it, now you're gone.",normal,270997,2,1,Rare,Elemental,Creature
Watercourser,{2}{U},3,U,Mathias Kollros,78,Creature — Elemental,{U}: Watercourser gets +1/-1 until end of turn.,"M13,ORI","""Beware an eddy where there should be none or a stretch that flows too fast or too slow.""\n—Old Fishbones, Martyne river guide",normal,254109,2,3,Common,Elemental,Creature
Welkin Tern,{1}{U},2,U,Austin Hsu,79,Creature — Bird,Flying (This creature can't be blocked except by creatures with flying or reach.)\nWelkin Tern can block only creatures with flying.,"ZEN,M13,M15","""It preys on other birds. And drakelings. And drakes. Pretty much anything that crosses its flight path is fair game.""\n—Amira, skycaptain of Thune",normal,276416,2,1,Common,Bird,Creature
Wind Drake,{2}{U},3,U,Steve Prescott,80,Creature — Drake,Flying,"POR,TMP,6ED,S99,BRB,S00,7ED,8ED,9ED,M10,M13,DGM,TPR","A smaller cousin to the dragon, drakes are often seen at the side of powerful wizards who use them as airborne eyes and ears.",normal,279860,2,2,Common,Drake,Creature
Blood Reckoning,{3}{B},4,B,Wayne Reynolds,81,Enchantment,"Whenever a creature attacks you or a planeswalker you control, that creature's controller loses 1 life.",M13,"""There is no greater folly than standing against me.""\n—Nicol Bolas",normal,279991,,,Uncommon,,Enchantment
Bloodhunter Bat,{3}{B},4,B,Tomasz Jedruszek,82,Creature — Bat,"Flying\nWhen Bloodhunter Bat enters the battlefield, target player loses 2 life and you gain 2 life.",M13,It returns eager to share the feast of blood and gore with its ghoulish master.,normal,259705,2,2,Common,Bat,Creature
Bloodthrone Vampire,{1}{B},2,B,Steve Argyle,83,Creature — Vampire,Sacrifice a creature: Bloodthrone Vampire gets +2/+2 until end of turn.,"pMEI,ROE,M11,M13,MM2,DDP","""What I need is your blood. What I don't need is your permission.""",normal,280298,1,1,Common,Vampire,Creature
Cower in Fear,{1}{B}{B},3,B,Nils Hamm,84,Instant,Creatures your opponents control get -1/-1 until end of turn.,M13,"""You will fully understand fear when you discover it is the final thing you put your faith in.""\n—Nicol Bolas",normal,280232,,,Uncommon,,Instant
Crippling Blight,{B},1,B,Lucas Graciano,85,Enchantment — Aura,Enchant creature\nEnchanted creature gets -1/-1 and can't block.,"M13,M15","""Still alive? No matter. I'll leave you as a warning to others who would oppose me.""\n—Vish Kal, Blood Arbiter",normal,253716,,,Common,Aura,Enchantment
Dark Favor,{1}{B},2,B,Allen Williams,86,Enchantment — Aura,"Enchant creature\nWhen Dark Favor enters the battlefield, you lose 1 life.\nEnchanted creature gets +3/+1.","M12,M13,M14","When he began to curse what he held holy, his strength grew unrivaled.",normal,260975,,,Common,Aura,Enchantment
Diabolic Revelation,{X}{3}{B}{B},5,B,Raymond Swanland,87,Sorcery,Search your library for up to X cards and put those cards into your hand. Then shuffle your library.,M13,"""There are some secrets so dark no human mind should ever contain them. Interested?""\n—Nefarox, Overlord of Grixis",normal,278196,,,Rare,,Sorcery
Disciple of Bolas,{3}{B},4,B,Slawomir Maniak,88,Creature — Human Wizard,"When Disciple of Bolas enters the battlefield, sacrifice another creature. You gain X life and draw X cards, where X is that creature's power.","M13,C14","""Lord Bolas has shown me how each miserable little life holds untold resources.""",normal,253694,2,1,Rare,"Human,Wizard",Creature
Disentomb,{B},1,B,Alex Horley-Orlandelli,89,Sorcery,Return target creature card from your graveyard to your hand.,"M10,M11,M12,M13","""I deal so often in rotting corpses that when I come across the freshly dead . . . why, it's like my birthday come early.""\n—Nevinyrral, necromancer",normal,259701,,,Common,,Sorcery
Duress,{B},1,B,Steven Belledin,90,Sorcery,"Target opponent reveals his or her hand. You choose a noncreature, nonland card from it. That player discards that card.","pMEI,pARL,USG,pFNM,7ED,DDC,M10,M11,PD3,M13,M14,MD1,DD3_DVD,DTK,EMA","""Don't worry. I'm not going to deprive you of all your secrets. Just your most precious one.""\n—Liliana Vess",normal,260979,,,Common,,Sorcery
Duskmantle Prowler,{3}{B},4,B,Johannes Voss,91,Creature — Vampire Rogue,"Haste (This creature can attack and {T} as soon as it comes under your control.)\nExalted (Whenever a creature you control attacks alone, that creature gets +1/+1 until end of turn.)",M13,,normal,265728,2,2,Uncommon,"Vampire,Rogue",Creature
Duty-Bound Dead,{B},1,B,Johannes Voss,92,Creature — Skeleton,"Exalted (Whenever a creature you control attacks alone, that creature gets +1/+1 until end of turn.)\n{3}{B}: Regenerate Duty-Bound Dead. (The next time this creature would be destroyed this turn, it isn't. Instead tap it, remove all damage from it, and remove it from combat.)",M13,,normal,260988,0,2,Common,Skeleton,Creature
Essence Drain,{4}{B},5,B,Jim Nelson,93,Sorcery,Essence Drain deals 3 damage to target creature or player and you gain 3 life.,"DST,10E,DPA,M13","""Life's essence is a nectar unlike any I tasted when I lived as a mortal.""\n—Zul Ashur, lich lord",normal,276300,,,Common,,Sorcery
Giant Scorpion,{2}{B},3,B,Raymond Swanland,94,Creature — Scorpion,Deathtouch (Any amount of damage this deals to a creature is enough to destroy it.),"ZEN,M13","Its sting hurts, but death is strangely painless.",normal,260986,1,3,Common,Scorpion,Creature
Harbor Bandit,{2}{B},3,"B,U",Jesper Ejsing,95,Creature — Human Rogue,Harbor Bandit gets +1/+1 as long as you control an Island.\n{1}{U}: Harbor Bandit can't be blocked this turn.,M13,He always drops a little trinket into the bay as thanks to the merfolk who taught him all his best tricks.,normal,259660,2,2,Uncommon,"Human,Rogue",Creature
Knight of Infamy,{1}{B},2,B,Peter Mohrbacher,96,Creature — Human Knight,"Protection from white (This creature can't be blocked, targeted, dealt damage, or enchanted by anything white.)\nExalted (Whenever a creature you control attacks alone, that creature gets +1/+1 until end of turn.)",M13,"""Your laws, like your bones, were made to be broken.""",normal,265735,2,1,Uncommon,"Human,Knight",Creature
Liliana of the Dark Realms,{2}{B}{B},4,B,D. Alexander Gregory,97,Planeswalker — Liliana,"+1: Search your library for a Swamp card, reveal it, and put it into your hand. Then shuffle your library.\n−3: Target creature gets +X/+X or -X/-X until end of turn, where X is the number of Swamps you control.\n−6: You get an emblem with ""Swamps you control have ‘{T}: Add {B}{B}{B}{B} to your mana pool.'""","pMEI,M13,M14",,normal,259695,,,Mythic Rare,Liliana,Planeswalker
Liliana's Shade,{2}{B}{B},4,B,Eric Deschamps,98,Creature — Shade,"When Liliana's Shade enters the battlefield, you may search your library for a Swamp card, reveal it, put it into your hand, then shuffle your library.\n{B}: Liliana's Shade gets +1/+1 until end of turn.",M13,,normal,260992,1,1,Common,Shade,Creature
Mark of the Vampire,{3}{B},4,B,Winona Nelson,99,Enchantment — Aura,Enchant creature\nEnchanted creature gets +2/+2 and has lifelink. (Damage dealt by the creature also causes its controller to gain that much life.),"M13,DDK,M14","""My ‘condition' is a trial. The weak are consumed by it. The strong transcend it.""\n—Sorin Markov",normal,253723,,,Common,Aura,Enchantment
Mind Rot,{2}{B},3,B,Steve Luke,100,Sorcery,Target player discards two cards.,"POR,PO2,S99,7ED,8ED,9ED,10E,M10,DPA,M11,M12,M13,RTR,M14,M15,DTK,ORI,W16","""What a pity. You should have written it down.""\n—Liliana Vess",normal,260980,,,Common,,Sorcery
Murder,{1}{B}{B},3,B,Allen Williams,101,Instant,Destroy target creature.,M13,,normal,259677,,,Common,,Instant
Mutilate,{2}{B}{B},4,B,Tyler Jacobson,102,Sorcery,All creatures get -1/-1 until end of turn for each Swamp you control.,"TOR,DDD,M13,C14,DD3_GVL","""It's only torture if you're strong enough to survive. Otherwise, it's a simple, gruesome death. I'm happy with either outcome.""\n—Liliana Vess",normal,265134,,,Rare,,Sorcery
"Nefarox, Overlord of Grixis",{4}{B}{B},6,B,Aleksi Briclot,103,Legendary Creature — Demon,"Flying\nExalted (Whenever a creature you control attacks alone, that creature gets +1/+1 until end of turn.)\nWhenever Nefarox, Overlord of Grixis attacks alone, defending player sacrifices a creature.",M13,,normal,259679,5,5,Rare,Demon,Creature
Phylactery Lich,{B}{B}{B},3,B,Michael Komarck,104,Creature — Zombie,"Indestructible\nAs Phylactery Lich enters the battlefield, put a phylactery counter on an artifact you control.\nWhen you control no permanents with phylactery counters on them, sacrifice Phylactery Lich.","M11,M13",,normal,271386,5,5,Rare,Zombie,Creature
Public Execution,{5}{B},6,B,Anthony Palumbo,105,Instant,Destroy target creature an opponent controls. Each other creature that player controls gets -2/-0 until end of turn.,M13,"Though the executioner did not speak, the villagers got the message.",normal,253738,,,Uncommon,,Instant
Ravenous Rats,{1}{B},2,B,Carl Critchlow,106,Creature — Rat,"When Ravenous Rats enters the battlefield, target opponent discards a card.","PO2,UDS,S99,INV,8ED,9ED,10E,DDD,DPA,M13,DDJ,DD3_GVL",Devouring books is only the beginning. The librarian's next.,normal,279715,1,1,Common,Rat,Creature
Rise from the Grave,{4}{B},5,B,Vance Kovacs,107,Sorcery,Put target creature card from a graveyard onto the battlefield under your control. That creature is a black Zombie in addition to its other colors and types.,"pWPN,M10,DDD,M11,CMD,M13,DD3_GVL,C15","""For my enemies, one death. For my allies, many.""\n—Liliana Vess",normal,260981,,,Uncommon,,Sorcery
Servant of Nefarox,{2}{B},3,B,Igor Kieryluk,108,Creature — Human Cleric,"Exalted (Whenever a creature you control attacks alone, that creature gets +1/+1 until end of turn.)",M13,"""My cause is power, and at the altar of power I will gladly forfeit my soul.""",normal,265714,3,1,Common,"Human,Cleric",Creature
Shimian Specter,{2}{B}{B},4,B,Anthony S. Waters,109,Creature — Specter,"Flying\nWhenever Shimian Specter deals combat damage to a player, that player reveals his or her hand. You choose a nonland card from it. Search that player's graveyard, hand, and library for all cards with the same name as that card and exile them. Then that player shuffles his or her library.","FUT,M13",,normal,278072,2,2,Rare,Specter,Creature
Sign in Blood,{B}{B},2,B,Howard Lyon,110,Sorcery,Target player draws two cards and loses 2 life.,"pMPR,M10,DDD,ARC,M11,CMD,M13,M15,C14,DD3_GVL,MM2",Little agonies pave the way to greater power.,normal,260982,,,Common,,Sorcery
Tormented Soul,{B},1,B,Karl Kopinski,111,Creature — Spirit,Tormented Soul can't block and can't be blocked.,"pWPN,M12,PC2,M13",Those who raged most bitterly at the world in life are cursed to roam the nether realms in death.,normal,249668,1,1,Common,Spirit,Creature
Vampire Nighthawk,{1}{B}{B},3,B,Jason Chan,112,Creature — Vampire Shaman,Flying\nDeathtouch (Any amount of damage this deals to a creature is enough to destroy it.)\nLifelink (Damage dealt by this creature also causes you to gain that much life.),"pWPN,ZEN,CMD,M13,DDK,C13,DDP",,normal,260989,2,3,Uncommon,"Vampire,Shaman",Creature
Vampire Nocturnus,{1}{B}{B}{B},4,B,Raymond Swanland,113,Creature — Vampire,"Play with the top card of your library revealed.\nAs long as the top card of your library is black, Vampire Nocturnus and other Vampire creatures you control get +2/+1 and have flying.","pMEI,pPRE,M10,M13","""Your life will set with the sun.""",normal,275151,3,3,Mythic Rare,Vampire,Creature
Veilborn Ghoul,{4}{B},5,B,Dan Scott,114,Creature — Zombie,"Veilborn Ghoul can't block.\nWhenever a Swamp enters the battlefield under your control, you may return Veilborn Ghoul from your graveyard to your hand.",M13,"Liliana's voice carries far, reaching beyond the cold pall of death.",normal,259676,4,1,Uncommon,Zombie,Creature
Vile Rebirth,{B},1,B,Erica Yang,115,Instant,Exile target creature card from a graveyard. Put a 2/2 black Zombie creature token onto the battlefield.,"M13,M14","""‘Here lies our beloved Gartu, the gentlest of all men.' Ooh, I love irony.""\n—Jadar, ghoulcaller of Nephalia",normal,253703,,,Common,,Instant
Walking Corpse,{1}{B},2,B,Igor Kieryluk,116,Creature — Zombie,,"ISD,M13,M15,W16","""Feeding a normal army is a problem of logistics. With zombies, it is an asset. Feeding is why they fight. Feeding is why they are feared.""\n—Jadar, ghoulcaller of Nephalia",normal,260987,2,2,Common,Zombie,Creature
Wit's End,{5}{B}{B},7,B,Chris Rahn,117,Sorcery,Target player discards his or her hand.,"DIS,M13","""Your pathetic ideas lie in shambles, Planeswalker. Where is your arrogant pride now?""\n—Nicol Bolas",normal,278076,,,Rare,,Sorcery
Xathrid Gorgon,{5}{B},6,B,Chase Stone,118,Creature — Gorgon,"Deathtouch (Any amount of damage this deals to a creature is enough to destroy it.)\n{2}{B}, {T}: Put a petrification counter on target creature. It gains defender and becomes a colorless artifact in addition to its other types. Its activated abilities can't be activated. (A creature with defender can't attack.)","pPRE,M13",,normal,253728,3,6,Rare,Gorgon,Creature
Zombie Goliath,{4}{B},5,B,E. M. Gist,119,Creature — Zombie Giant,,"M10,M12,M13,CNS","""Removing the encumbrance of useless brain tissue grants several advantages: a slight increase in mobility, a response of revulsion and horror from the enemy, and, in the case of large specimens, room for passengers.""\n—Zul Ashur, lich lord",normal,276299,4,3,Common,"Zombie,Giant",Creature
Arms Dealer,{2}{R},3,R,Wayne Reynolds,120,Creature — Goblin Rogue,"{1}{R}, Sacrifice a Goblin: Arms Dealer deals 4 damage to target creature.","MMQ,M13","""Guaranteed to leave your enemies sufficiently stabbed, bitten, cleaved, or exploded.""\n—Grezkrick's Emporium motto",normal,265719,1,1,Uncommon,"Goblin,Rogue",Creature
Bladetusk Boar,{3}{R},4,R,Paul Bonner,121,Creature — Boar,Intimidate (This creature can't be blocked except by artifact creatures and/or creatures that share a color with it.),"ZEN,M13,JOU","Those who dare stand in its path are either brave or mindless. Or in the case of goblins, both.",normal,279707,3,2,Common,Boar,Creature
Canyon Minotaur,{3}{R},4,R,Steve Prescott,122,Creature — Minotaur Warrior,,"CON,M10,M11,M13,M14","""We'll scale these cliffs, traverse Brittle Bridge, and then fight our way down the volcanic slopes on the other side.""\n""Isn't the shortest route through the canyon?""\n""Yes.""\n""So shouldn't we—""\n""No.""",normal,259211,3,3,Common,"Minotaur,Warrior",Creature
"Chandra, the Firebrand",{3}{R},4,R,D. Alexander Gregory,123,Planeswalker — Chandra,"+1: Chandra, the Firebrand deals 1 damage to target creature or player.\n−2: When you cast your next instant or sorcery spell this turn, copy that spell. You may choose new targets for the copy.\n−6: Chandra, the Firebrand deals 6 damage to each of up to six target creatures and/or players.","M12,M13",,normal,259205,,,Mythic Rare,Chandra,Planeswalker
Chandra's Fury,{4}{R},5,R,Volkan Baga,124,Instant,Chandra's Fury deals 4 damage to target player and 1 damage to each creature that player controls.,"pMEI,M13,ORI","""I asked if they wanted to do things the easy way. I meant easy for me.""",normal,249682,,,Common,,Instant
Cleaver Riot,{4}{R},5,R,Dave Kendall,125,Sorcery,Creatures you control gain double strike until end of turn. (They deal both first-strike and regular combat damage.),M13,"Measure once, cut twice.",normal,276207,,,Uncommon,,Sorcery
Craterize,{3}{R},4,R,Eytan Zana,126,Sorcery,Destroy target land.,M13,"""‘Utterly' is my favorite way to destroy something.""\n—Chandra Nalaar",normal,253699,,,Common,,Sorcery
Crimson Muckwader,{1}{R},2,"R,B",Steven Belledin,127,Creature — Lizard,"Crimson Muckwader gets +1/+1 as long as you control a Swamp.\n{2}{B}: Regenerate Crimson Muckwader. (The next time this creature would be destroyed this turn, it isn't. Instead tap it, remove all damage from it, and remove it from combat.)",M13,,normal,253739,2,1,Uncommon,Lizard,Creature
Dragon Hatchling,{1}{R},2,R,David Palumbo,128,Creature — Dragon,Flying\n{R}: Dragon Hatchling gets +1/+0 until end of turn.,"M13,M14","""Those dragons grow fast. For a while they feed on squirrels and goblins and then suddenly you're missing a mammoth.""\n—Hurdek, Mazar mammoth trainer",normal,259201,0,1,Common,Dragon,Creature
Fervor,{2}{R},3,R,Wayne England,129,Enchantment,Creatures you control have haste. (They can attack and {T} as soon as they come under your control.),"WTH,6ED,7ED,M13","""We won't sit like lazy gob-slugs waiting for death to come to us. We'll bring death, shiny sharp, to our enemies.""\n—Krenko, mob boss",normal,279709,,,Rare,,Enchantment
Fire Elemental,{3}{R}{R},5,R,Slawomir Maniak,130,Creature — Elemental,,"LEA,LEB,2ED,CED,CEI,3ED,4ED,6ED,S99,7ED,M13","""Fire set free is a fearsome force—destructive, merciless, always hungry. Given direction, it is much worse.""\n—Jeflin, Vastwood shaman",normal,259212,5,4,Common,Elemental,Creature
Firewing Phoenix,{3}{R},4,R,James Paick,131,Creature — Phoenix,Flying\n{1}{R}{R}{R}: Return Firewing Phoenix from your graveyard to your hand.,M13,"""When a phoenix nests in a volcano, we rejoice, for it means a hundred years of war.""\n—Golmak, Keldon warlord",normal,259202,4,2,Rare,Phoenix,Creature
Flames of the Firebrand,{2}{R},3,R,Steve Argyle,132,Sorcery,"Flames of the Firebrand deals 3 damage divided as you choose among one, two, or three target creatures and/or players.","M13,M14","""You're in luck. I brought enough to share.""\n—Chandra Nalaar",normal,259219,,,Uncommon,,Sorcery
Furnace Whelp,{2}{R}{R},4,R,Matt Cavotta,133,Creature — Dragon,Flying (This creature can't be blocked except by creatures with flying or reach.)\n{R}: Furnace Whelp gets +1/+0 until end of turn.,"5DN,10E,DD2,ARC,CMD,M13,M15,DD3_JVC","Baby dragons can't figure out humans—if they didn't want to be killed, why were they made of meat and treasure?",normal,288936,2,2,Uncommon,Dragon,Creature
Goblin Arsonist,{R},1,R,Wayne Reynolds,134,Creature — Goblin Shaman,"When Goblin Arsonist dies, you may have it deal 1 damage to target creature or player.","ROE,M12,M13,DDK",With great power comes great risk of getting yourself killed.,normal,266050,1,1,Common,"Goblin,Shaman",Creature
Goblin Battle Jester,{3}{R},4,R,Steve Prescott,135,Creature — Goblin,"Whenever you cast a red spell, target creature can't block this turn.",M13,Somehow goblins found a tactical advantage by sending a clown to war.,normal,278070,2,2,Common,Goblin,Creature
Hamletback Goliath,{6}{R},7,R,Paolo Parente & Brian Snõddy,136,Creature — Giant Warrior,"Whenever another creature enters the battlefield, you may put X +1/+1 counters on Hamletback Goliath, where X is that creature's power.","pMEI,LRW,M13,C15","""If you live on a giant's back, there's only one individual you'll ever need to fear.""\n—Gaddock Teeg",normal,279708,6,6,Rare,"Giant,Warrior",Creature
Kindled Fury,{R},1,R,Wayne Reynolds,137,Instant,Target creature gets +1/+0 and gains first strike until end of turn.,"MOR,M10,M13,DTK","""Rage is a dangerous weapon. Your enemies will try to use your anger against you. Use it against them first.""\n—Ajani Goldmane",normal,280221,,,Common,,Instant
"Krenko, Mob Boss",{2}{R}{R},4,R,Karl Kopinski,138,Legendary Creature — Goblin Warrior,"{T}: Put X 1/1 red Goblin creature tokens onto the battlefield, where X is the number of Goblins you control.","M13,DDN","""He displays a perverse charisma fueled by avarice. Highly dangerous. Recommend civil sanctions.""\n—Agmand Sarv, Azorius hussar",normal,253712,3,3,Rare,"Goblin,Warrior",Creature
Krenko's Command,{1}{R},2,R,Karl Kopinski,139,Sorcery,Put two 1/1 red Goblin creature tokens onto the battlefield.,"M13,DDN","Goblins are eager to follow orders, especially when those orders involve stealing, hurting, annoying, eating, destroying, or swearing.",normal,259213,,,Common,,Sorcery
Magmaquake,{X}{R}{R},2,R,Gabor Szikszai,140,Instant,Magmaquake deals X damage to each creature without flying and each planeswalker.,"pMGD,M13,C14,C15","""Where will you run when I punish you with the very ground you flee on?""\n—Nicol Bolas",normal,276205,,,Rare,,Instant
Mark of Mutiny,{2}{R},3,R,Mike Bierek,141,Sorcery,Gain control of target creature until end of turn. Put a +1/+1 counter on it and untap it. That creature gains haste until end of turn. (It can attack and {T} this turn.),"ZEN,PC2,M13",The flame of anger is hard to douse once lit.,normal,282537,,,Uncommon,,Sorcery
Mindclaw Shaman,{4}{R},5,R,Slawomir Maniak,142,Creature — Viashino Shaman,"When Mindclaw Shaman enters the battlefield, target opponent reveals his or her hand. You may cast an instant or sorcery card from it without paying its mana cost.",M13,Nicol Bolas gives power to those who will abuse it most.,normal,249715,2,2,Uncommon,"Viashino,Shaman",Creature
Mogg Flunkies,{1}{R},2,R,Brom,143,Creature — Goblin,Mogg Flunkies can't attack or block alone.,"STH,ATH,PD2,M13,TPR",They'll attack whatever's in front of them—as long as you tell them where that is.,normal,249706,3,3,Common,Goblin,Creature
Reckless Brute,{2}{R},3,R,Johann Bodin,144,Creature — Ogre Warrior,Haste (This creature can attack and {T} as soon as it comes under your control.)\nReckless Brute attacks each turn if able.,M13,"His mind knows no fear, registering only the burning impulse to destroy.",normal,253715,3,1,Common,"Ogre,Warrior",Creature
Reverberate,{R}{R},2,R,jD,145,Instant,Copy target instant or sorcery spell. You may choose new targets for the copy.,"M11,PD2,M12,M13","""Not bad, but I can think of a better use for that.""",normal,290289,,,Rare,,Instant
Rummaging Goblin,{2}{R},3,R,Karl Kopinski,146,Creature — Goblin Rogue,"{T}, Discard a card: Draw a card.","M13,M15","To a goblin, value is based on the four S's: shiny, stabby, smelly, and super smelly.",normal,249705,1,1,Common,"Goblin,Rogue",Creature
Searing Spear,{1}{R},2,R,Chris Rahn,147,Instant,Searing Spear deals 3 damage to target creature or player.,"pFNM,M13",Sometimes you die a glorious death with your sword held high. Sometimes you're just target practice.,normal,249684,,,Common,,Instant
Slumbering Dragon,{R},1,R,Chris Rahn,148,Creature — Dragon,"Flying\nSlumbering Dragon can't attack or block unless it has five or more +1/+1 counters on it.\nWhenever a creature attacks you or a planeswalker you control, put a +1/+1 counter on Slumbering Dragon.",M13,,normal,253693,3,3,Rare,Dragon,Creature
Smelt,{R},1,R,Zoltan Boros,149,Instant,Destroy target artifact.,"M13,M14","""Looks like that wasn't darksteel after all.""\n—Koth of the Hammer",normal,249691,,,Common,,Instant
Thundermaw Hellkite,{3}{R}{R},5,R,Svetlin Velinov,150,Creature — Dragon,"Flying\nHaste (This creature can attack and {T} as soon as it comes under your control.)\nWhen Thundermaw Hellkite enters the battlefield, it deals 1 damage to each creature with flying your opponents control. Tap those creatures.",M13,,normal,253700,5,5,Mythic Rare,Dragon,Creature
Torch Fiend,{1}{R},2,R,Winona Nelson,151,Creature — Devil,"{R}, Sacrifice Torch Fiend: Destroy target artifact.","DKA,M13,CNS,M15",Devils redecorate every room with fire.,normal,279989,2,1,Uncommon,Devil,Creature
Trumpet Blast,{2}{R},3,R,Carl Critchlow,152,Instant,Attacking creatures get +2/+0 until end of turn.,"UDS,M10,M13,CNS,KTK",Keldon warriors don't need signals to tell them when to attack. They need signals to tell them when to stop.,normal,276606,,,Common,,Instant
Turn to Slag,{3}{R}{R},5,R,Zoltan Boros & Gabor Szikszai,153,Sorcery,Turn to Slag deals 5 damage to target creature. Destroy all Equipment attached to that creature.,"SOM,M13","""If it wasn't a blackened, stinking, melted abomination before, it certainly is now.""\n—Koth of the Hammer",normal,276212,,,Common,,Sorcery
Volcanic Geyser,{X}{R}{R},2,R,Clint Cearley,154,Instant,Volcanic Geyser deals X damage to target creature or player.,"MIR,6ED,pFNM,M13,M14","""The mountain's fire surges beneath your feet, demanding release. Can you not feel it?""",normal,276214,,,Uncommon,,Instant
Volcanic Strength,{1}{R},2,R,Izzy,155,Enchantment — Aura,Enchant creature\nEnchanted creature gets +2/+2 and has mountainwalk. (It can't be blocked as long as defending player controls a Mountain.),"M11,M13",The mountains bend to no one.,normal,259204,,,Common,Aura,Enchantment
Wall of Fire,{1}{R}{R},3,R,Dan Dos Santos,156,Creature — Wall,Defender (This creature can't attack.)\n{R}: Wall of Fire gets +1/+0 until end of turn.,"LEA,LEB,2ED,CED,CEI,3ED,4ED,5ED,6ED,7ED,10E,M10,M13,M15",Mercy is for those who keep their distance.,normal,271370,0,5,Common,Wall,Creature
Wild Guess,{R}{R},2,R,Lucas Graciano,157,Sorcery,"As an additional cost to cast Wild Guess, discard a card.\nDraw two cards.","M13,M14","No guts, no glory.",normal,253695,,,Common,,Sorcery
Worldfire,{6}{R}{R}{R},9,R,Izzy,158,Sorcery,Exile all permanents. Exile all cards from all hands and graveyards. Each player's life total becomes 1.,M13,Even the smallest spark may set a world ablaze.,normal,278195,,,Mythic Rare,,Sorcery
Acidic Slime,{3}{G}{G},5,G,Karl Kopinski,159,Creature — Ooze,"Deathtouch (Any amount of damage this deals to a creature is enough to destroy it.)\nWhen Acidic Slime enters the battlefield, destroy target artifact, enchantment, or land.","pFNM,M10,M11,CMD,M12,M13,C13,DDM,C15",,normal,265718,2,2,Uncommon,Ooze,Creature
Arbor Elf,{G},1,G,rk post,160,Creature — Elf Druid,{T}: Untap target Forest.,"WWK,M13","""The forest will surround you with its life if you are still and calm.""",normal,249840,1,1,Common,"Elf,Druid",Creature
Bond Beetle,{G},1,G,John Avon,161,Creature — Insect,"When Bond Beetle enters the battlefield, put a +1/+1 counter on target creature.",M13,"A beetle on your shoulder\n—Elvish expression meaning\n""a blessing of luck""",normal,249696,0,1,Common,Insect,Creature
Boundless Realms,{6}{G},7,G,Cliff Childs,162,Sorcery,"Search your library for up to X basic land cards, where X is the number of lands you control, and put them onto the battlefield tapped. Then shuffle your library.",M13,"""Planeswalking cannot be taught. Either you see the doors or you do not.""\n—Nissa Revane",normal,249667,,,Rare,,Sorcery
Bountiful Harvest,{4}{G},5,G,Jason Chan,163,Sorcery,You gain 1 life for each land you control.,"M10,M12,M13","""When we fail to see the beauty in every tree, we are no better than humans.""\n—Saelia, elvish scout",normal,278074,,,Common,,Sorcery
Centaur Courser,{2}{G},3,G,Vance Kovacs,164,Creature — Centaur Warrior,,"M10,M13,M15","""The centaurs are truly free. Never will they be tamed by temptation or controlled by fear. They live in total harmony, a feat not yet achieved by our kind.""\n—Ramal, sage of Westgate",normal,279993,3,3,Common,"Centaur,Warrior",Creature
Deadly Recluse,{1}{G},2,G,Warren Mahy,165,Creature — Spider,Reach (This creature can block creatures with flying.)\nDeathtouch (Any amount of damage this deals to a creature is enough to destroy it.),"M10,CMD,M13,M14,DDL",Even dragons fear its silken strands.,normal,265717,1,2,Common,Spider,Creature
Duskdale Wurm,{5}{G}{G},7,G,Dan Dos Santos,166,Creature — Wurm,Trample (This creature can deal excess combat damage to defending player or planeswalker while attacking.),"EVE,DPA,M11,M13",,normal,276474,7,7,Uncommon,Wurm,Creature
Elderscale Wurm,{4}{G}{G}{G},7,G,Richard Wright,167,Creature — Wurm,"Trample\nWhen Elderscale Wurm enters the battlefield, if your life total is less than 7, your life total becomes 7.\nAs long as you have 7 or more life, damage that would reduce your life total to less than 7 reduces it to 7 instead.",M13,,normal,249703,7,7,Mythic Rare,Wurm,Creature
Elvish Archdruid,{1}{G}{G},3,G,Karl Kopinski,168,Creature — Elf Druid,Other Elf creatures you control get +1/+1.\n{T}: Add {G} to your mana pool for each Elf you control.,"M10,M11,M12,M13,C14","He knows the name of every elf born in the last four centuries. More importantly, they all know his.",normal,253678,2,2,Rare,"Elf,Druid",Creature
Elvish Visionary,{1}{G},2,G,D. Alexander Gregory,169,Creature — Elf Shaman,"When Elvish Visionary enters the battlefield, draw a card.","pFNM,ALA,M10,DPA,M13,C14,ORI,C15","""From a tiny sprout, the greatest trees grow and flourish. May the seeds of your mind be equally fruitful.""",normal,278193,1,1,Common,"Elf,Shaman",Creature
Farseek,{1}{G},2,G,Martina Pilcerova,170,Sorcery,"Search your library for a Plains, Island, Swamp, or Mountain card and put it onto the battlefield tapped. Then shuffle your library.","pFNM,RAV,M13","""How truly vast this city must be, that I have traveled so far and seen so much, yet never once found the place where the buildings fail.""",normal,277824,,,Common,,Sorcery
Flinthoof Boar,{1}{G},2,"G,R",Erica Yang,171,Creature — Boar,Flinthoof Boar gets +1/+1 as long as you control a Mountain.\n{R}: Flinthoof Boar gains haste until end of turn. (It can attack and {T} this turn.),"M13,EMA","Through the smoke and flames it hunts, sniffing out the panicked and confused.",normal,249712,2,2,Uncommon,Boar,Creature
Fog,{G},1,G,Jaime Jones,172,Instant,Prevent all combat damage that would be dealt this turn.,"LEA,LEB,2ED,CED,CEI,3ED,4ED,MIR,5ED,6ED,BTD,7ED,M10,ARC,M11,ME4,M12,M13,M14,EMA","""I fear no army or beast, but only the morning fog. Our assault can survive everything else.""\n—Lord Hilneth",normal,253673,,,Common,,Instant
Fungal Sprouting,{3}{G},4,G,Brad Rigney,173,Sorcery,"Put X 1/1 green Saproling creature tokens onto the battlefield, where X is the greatest power among creatures you control.",M13,"""Saprolings need only a host to feed upon. Numbers will take care of the rest.""\n—Ghave, Guru of Spores",normal,249711,,,Uncommon,,Sorcery
"Garruk, Primal Hunter",{2}{G}{G}{G},5,G,D. Alexander Gregory,174,Planeswalker — Garruk,+1: Put a 3/3 green Beast creature token onto the battlefield.\n−3: Draw cards equal to the greatest power among creatures you control.\n−6: Put a 6/6 green Wurm creature token onto the battlefield for each land you control.,"M12,M13",,normal,253669,,,Mythic Rare,Garruk,Planeswalker
Garruk's Packleader,{4}{G},5,G,Nils Hamm,175,Creature — Beast,"Whenever another creature with power 3 or greater enters the battlefield under your control, you may draw a card.","M11,M13,M15","""He has learned much in his long years. And unlike selfish humans, he's willing to share.""\n—Garruk Wildspeaker",normal,253687,4,4,Uncommon,Beast,Creature
Ground Seal,{1}{G},2,G,Charles Urbach,176,Enchantment,"When Ground Seal enters the battlefield, draw a card.\nCards in graveyards can't be the targets of spells or abilities.","ODY,M13","""Let all we have buried be buried forever.""\n—Seton, centaur druid",normal,289156,,,Rare,,Enchantment
Mwonvuli Beast Tracker,{1}{G}{G},3,G,Zoltan Boros,177,Creature — Human Scout,"When Mwonvuli Beast Tracker enters the battlefield, search your library for a creature card with deathtouch, hexproof, reach, or trample and reveal it. Shuffle your library and put that card on top of it.","pMGD,M13","""The more dangerous, the better.""",normal,249699,2,1,Uncommon,"Human,Scout",Creature
Naturalize,{1}{G},2,G,Scott Chou,178,Instant,Destroy target artifact or enchantment.,"ONS,8ED,9ED,10E,ALA,M10,ROE,DPA,M11,M12,ISD,M13,GTC,M14,M15,KTK,DTK","""When your cities and trinkets crumble, only nature will remain.""\n—Garruk Wildspeaker",normal,253672,,,Common,,Instant
Plummet,{1}{G},2,G,Pete Venters,179,Instant,Destroy target creature with flying.,"ARC,M11,M12,M13,M14,CNS,M15,MM2,ORI,BFZ","""Let nothing own the skies but the wind.""\n—Dejara, Giltwood druid",normal,253675,,,Common,,Instant
Predatory Rampage,{3}{G}{G},5,G,Wayne England,180,Sorcery,Creatures you control get +3/+3 until end of turn. Each creature your opponents control blocks this turn if able.,M13,"""It is the fate of the weak to fall.""\n—Garruk Wildspeaker",normal,249714,,,Rare,,Sorcery
Prey Upon,{G},1,G,Dave Kendall,181,Sorcery,Target creature you control fights target creature you don't control. (Each deals damage equal to its power to the other.),"ISD,M13,DDL","""You don't find many old werewolf hunters.""\n—Paulin, trapper of Somberwald",normal,271366,,,Common,,Sorcery
Primal Huntbeast,{3}{G},4,G,Chris Rahn,182,Creature — Beast,Hexproof (This creature can't be the target of spells or abilities your opponents control.),M13,"""To the unskilled, it appears as blurred patches of distorted light. Few have seen its true form.""\n—Garruk Wildspeaker",normal,249677,3,3,Common,Beast,Creature
Primordial Hydra,{X}{G}{G},2,G,Aleksi Briclot,183,Creature — Hydra,"Primordial Hydra enters the battlefield with X +1/+1 counters on it.\nAt the beginning of your upkeep, double the number of +1/+1 counters on Primordial Hydra.\nPrimordial Hydra has trample as long as it has ten or more +1/+1 counters on it.","pMEI,M12,M13",,normal,253670,0,0,Mythic Rare,Hydra,Creature
Quirion Dryad,{1}{G},2,G,Todd Lockwood,184,Creature — Dryad,"Whenever you cast a white, blue, black, or red spell, put a +1/+1 counter on Quirion Dryad.","PLS,10E,M13","""Never underestimate the ability of natural forces to adapt to unnatural influences.""\n—Molimo, maro-sorcerer",normal,288764,1,1,Rare,Dryad,Creature
Rancor,{G},1,G,Kev Walker,185,Enchantment — Aura,"Enchant creature\nEnchanted creature gets +2/+0 and has trample.\nWhen Rancor is put into a graveyard from the battlefield, return Rancor to its owner's hand.","ULG,pFNM,DDD,ARC,PC2,M13,DD3_GVL,EMA",,normal,253686,,,Uncommon,Aura,Enchantment
Ranger's Path,{3}{G},4,G,Tomasz Jedruszek,186,Sorcery,Search your library for up to two Forest cards and put them onto the battlefield tapped. Then shuffle your library.,M13,The forest can seem like a dense maze. Those who travel the canopy know otherwise.,normal,275699,,,Common,,Sorcery
Revive,{1}{G},2,G,Matthew D. Wilson,187,Sorcery,Return target green card from your graveyard to your hand.,"MMQ,8ED,M13",Even what is lost beyond recall returns when coaxed by a dryad's hand.,normal,276223,,,Uncommon,,Sorcery
Roaring Primadox,{3}{G},4,G,James Ryman,188,Creature — Beast,"At the beginning of your upkeep, return a creature you control to its owner's hand.","M13,M15","""They're easy enough to find. Question is, are you sure you want to find one?""\n—Juruk, Kalonian tracker",normal,249687,4,4,Uncommon,Beast,Creature
Sentinel Spider,{3}{G}{G},5,G,Vincent Proce,189,Creature — Spider,Vigilance (Attacking doesn't cause this creature to tap.)\nReach (This creature can block creatures with flying.),"M13,EMA","""Your first reaction may be to stand very still and hope she didn't see you. Trust me, she did.""\n—Endril, Kalonian naturalist",normal,249681,4,4,Common,Spider,Creature
Serpent's Gift,{2}{G},3,G,Steve Argyle,190,Instant,Target creature gains deathtouch until end of turn. (Any amount of damage it deals to a creature is enough to destroy it.),M13,Venom is nature's way of redressing the imbalance between weak and mighty.,normal,249666,,,Common,,Instant
Silklash Spider,{3}{G}{G},5,G,Iain McCaig,191,Creature — Spider,Reach\n{X}{G}{G}: Silklash Spider deals X damage to each creature with flying.,"ONS,9ED,M13,C13,C14","By the time the spider comes to slurp up its dinner, its victims have been partially dissolved by acidic silk.",normal,292718,2,7,Rare,Spider,Creature
Spiked Baloth,{3}{G},4,G,Daarken,192,Creature — Beast,Trample (This creature can deal excess combat damage to defending player or planeswalker while attacking.),M13,"If a baloth isn't hungry, it's dead.",normal,249702,4,2,Common,Beast,Creature
Thragtusk,{4}{G},5,G,Nils Hamm,193,Creature — Beast,"When Thragtusk enters the battlefield, you gain 5 life.\nWhen Thragtusk leaves the battlefield, put a 3/3 green Beast creature token onto the battlefield.",M13,"""Always carry two spears.""\n—Mokgar, Kalonian hunter",normal,249685,5,3,Rare,Beast,Creature
Timberpack Wolf,{1}{G},2,G,John Avon,194,Creature — Wolf,Timberpack Wolf gets +1/+1 for each other creature you control named Timberpack Wolf.,"M13,ORI","""The need for the pack is bred in their bones. Their true strength will not show itself for any other purpose.""\n—Garruk Wildspeaker",normal,249694,2,2,Common,Wolf,Creature
Titanic Growth,{1}{G},2,G,Ryan Pancoast,195,Instant,Target creature gets +4/+4 until end of turn.,"M12,M13,M15,ORI","The pup looked over the treetops, eyeing the man who just yesterday had kicked her. Suddenly, her hunger was infused with pure delight.",normal,288934,,,Common,,Instant
Vastwood Gorger,{5}{G},6,G,Kieran Yanner,196,Creature — Wurm,,"ZEN,M12,M13,ORI","""A long and difficult incision revealed that all vital organs are housed in the head, save for a long chain of stomachs, forty in all, leading from its throat to the end of the tail.""\n—Mulak Ffar, Vastwood Biodiversity",normal,279992,5,6,Common,Wurm,Creature
"Yeva, Nature's Herald",{2}{G}{G},4,G,Eric Deschamps,197,Legendary Creature — Elf Shaman,Flash (You may cast this spell any time you could cast an instant.)\nYou may cast green creature cards as though they had flash.,M13,"""I can call an army to my side in the blink of an eye. Best not blink.""",normal,249680,4,4,Rare,"Elf,Shaman",Creature
Yeva's Forcemage,{2}{G},3,G,Eric Deschamps,198,Creature — Elf Shaman,"When Yeva's Forcemage enters the battlefield, target creature gets +2/+2 until end of turn.","M13,ORI","""Nature can't be stopped. It rips and tears at Ravnica's tallest buildings to claim its place in the sun.""",normal,265840,2,2,Common,"Elf,Shaman",Creature
"Nicol Bolas, Planeswalker",{4}{U}{B}{B}{R},8,"U,B,R",D. Alexander Gregory,199,Planeswalker — Bolas,"+3: Destroy target noncreature permanent.\n−2: Gain control of target creature.\n−9: Nicol Bolas, Planeswalker deals 7 damage to target player. That player discards seven cards, then sacrifices seven permanents.","CON,DDH,M13",,normal,260991,,,Mythic Rare,Bolas,Planeswalker
Akroma's Memorial,{7},7,,Dan Scott,200,Legendary Artifact,"Creatures you control have flying, first strike, vigilance, trample, haste, and protection from black and from red.","FUT,M13","""No rest. No mercy. No matter what.""\n—Memorial inscription",normal,279712,,,Mythic Rare,,Artifact
Chronomaton,{1},1,,Vincent Proce,201,Artifact Creature — Golem,"{1}, {T}: Put a +1/+1 counter on Chronomaton.","M13,DDM","On the third night, the villagers destroyed their clocks. The sounds of whirring gears and chiming metal held only dread for them.",normal,259698,1,1,Uncommon,Golem,"Artifact,Creature"
Clock of Omens,{4},4,,Ryan Yee,202,Artifact,Tap two untapped artifacts you control: Untap target artifact.,"5DN,M13","Most clocks measure time, but a few measure everything.",normal,288877,,,Uncommon,,Artifact
Door to Nothingness,{5},5,"W,U,B,R,G",Svetlin Velinov,203,Artifact,"Door to Nothingness enters the battlefield tapped.\n{W}{W}{U}{U}{B}{B}{R}{R}{G}{G}, {T}, Sacrifice Door to Nothingness: Target player loses the game.","5DN,HOP,M13",Only a madman could create such a door. Only an imbecile would open it.,normal,288992,,,Rare,,Artifact
Elixir of Immortality,{1},1,,Zoltan Boros & Gabor Szikszai,204,Artifact,"{2}, {T}: You gain 5 life. Shuffle Elixir of Immortality and your graveyard into their owner's library.","M11,DDF,M12,M13,M14","""Bottled life. Not as tasty as I'm used to, rather stale, but it has the same effect.""\n—Baron Sengir",normal,279717,,,Uncommon,,Artifact
Gem of Becoming,{3},3,,Jack Wang,205,Artifact,"{3}, {T}, Sacrifice Gem of Becoming: Search your library for an Island card, a Swamp card, and a Mountain card. Reveal those cards and put them into your hand. Then shuffle your library.",M13,,normal,275727,,,Uncommon,,Artifact
Gilded Lotus,{5},5,,Martina Pilcerova,206,Artifact,{T}: Add three mana of any one color to your mana pool.,"MRD,M13,V13","Over such beauty, wars are fought. With such power, wars are won.",normal,249742,,,Rare,,Artifact
Jayemdae Tome,{4},4,,Donato Giancola,207,Artifact,"{4}, {T}: Draw a card.","LEA,LEB,2ED,CED,CEI,3ED,4ED,RQS,ITP,5ED,6ED,7ED,8ED,10E,M13,ORI","A true scribe devotes an entire lifetime to the creation of a single volume, a masterpiece as unique as its maker.",normal,275705,,,Uncommon,,Artifact
Kitesail,{2},2,,Cyril Van Der Haegen,208,Artifact — Equipment,Equipped creature gets +1/+0 and has flying.\nEquip {2} ({2}: Attach to target creature you control. Equip only as a sorcery.),"WWK,M13,MM2","Kitesailing is a way of life—and without practice, the end of it.",normal,278075,,,Uncommon,Equipment,Artifact
Phyrexian Hulk,{6},6,,Steven Belledin,209,Artifact Creature — Golem,,"TMP,7ED,8ED,9ED,DDE,NPH,M13,TPR","An invasion weapon of ages past, the glistening oil contained the blueprints of countless atrocities.",normal,279990,5,4,Uncommon,Golem,"Artifact,Creature"
Primal Clay,{4},4,,Lucas Graciano,210,Artifact Creature — Shapeshifter,"As Primal Clay enters the battlefield, it becomes your choice of a 3/3 artifact creature, a 2/2 artifact creature with flying, or a 1/6 Wall artifact creature with defender in addition to its other types. (A creature with defender can't attack.)","ATQ,3ED,4ED,5ED,6ED,ME4,M13",,normal,268530,*,*,Uncommon,Shapeshifter,"Artifact,Creature"
Ring of Evos Isle,{2},2,,Erica Yang,211,Artifact — Equipment,"{2}: Equipped creature gains hexproof until end of turn. (It can't be the target of spells or abilities your opponents control.)\nAt the beginning of your upkeep, put a +1/+1 counter on equipped creature if it's blue.\nEquip {1} ({1}: Attach to target creature you control. Equip only as a sorcery.)",M13,,normal,253690,,,Uncommon,Equipment,Artifact
Ring of Kalonia,{2},2,,Erica Yang,212,Artifact — Equipment,"Equipped creature has trample. (If it would assign enough damage to its blockers to destroy them, you may have it assign the rest of its damage to defending player or planeswalker.)\nAt the beginning of your upkeep, put a +1/+1 counter on equipped creature if it's green.\nEquip {1} ({1}: Attach to target creature you control. Equip only as a sorcery.)",M13,,normal,259699,,,Uncommon,Equipment,Artifact
Ring of Thune,{2},2,,Erica Yang,213,Artifact — Equipment,"Equipped creature has vigilance. (Attacking doesn't cause it to tap.)\nAt the beginning of your upkeep, put a +1/+1 counter on equipped creature if it's white.\nEquip {1} ({1}: Attach to target creature you control. Equip only as a sorcery.)",M13,,normal,253696,,,Uncommon,Equipment,Artifact
Ring of Valkas,{2},2,,Erica Yang,214,Artifact — Equipment,"Equipped creature has haste. (It can attack and {T} no matter when it came under your control.)\nAt the beginning of your upkeep, put a +1/+1 counter on equipped creature if it's red.\nEquip {1} ({1}: Attach to target creature you control. Equip only as a sorcery.)",M13,,normal,259689,,,Uncommon,Equipment,Artifact
Ring of Xathrid,{2},2,,Erica Yang,215,Artifact — Equipment,"{2}: Regenerate equipped creature. (The next time that creature would be destroyed this turn, it isn't. Instead tap it, remove all damage from it, and remove it from combat.)\nAt the beginning of your upkeep, put a +1/+1 counter on equipped creature if it's black.\nEquip {1} ({1}: Attach to target creature you control. Equip only as a sorcery.)",M13,,normal,259692,,,Uncommon,Equipment,Artifact
Sands of Delirium,{3},3,,Charles Urbach,216,Artifact,"{X}, {T}: Target player puts the top X cards of his or her library into his or her graveyard.",M13,It counts down your last few moments of sanity.,normal,265133,,,Rare,,Artifact
Staff of Nin,{6},6,,Dan Scott,217,Artifact,"At the beginning of your upkeep, draw a card.\n{T}: Staff of Nin deals 1 damage to target creature or player.","pLPA,M13,C15","""I have attuned the staff to your screams so that only I may benefit from your pain.""\n—Volux, disciple of Nin",normal,249713,,,Rare,,Artifact
Stuffy Doll,{5},5,,David Rapoza,218,Artifact Creature — Construct,"Indestructible\nAs Stuffy Doll enters the battlefield, choose a player.\nWhenever Stuffy Doll is dealt damage, it deals that much damage to the chosen player.\n{T}: Stuffy Doll deals 1 damage to itself.","TSP,M13",,normal,279711,0,1,Rare,Construct,"Artifact,Creature"
Tormod's Crypt,{0},,,Lars Grant-West,219,Artifact,"{T}, Sacrifice Tormod's Crypt: Exile all cards from target player's graveyard.","DRK,CHR,pFNM,TSB,M13,M15,C14",Dominaria's most extravagant crypt nevertheless holds an empty grave.,normal,279713,,,Uncommon,,Artifact
Trading Post,{4},4,,Adam Paquette,220,Artifact,"{1}, {T}, Discard a card: You gain 4 life.\n{1}, {T}, Pay 1 life: Put a 0/1 white Goat creature token onto the battlefield.\n{1}, {T}, Sacrifice a creature: Return target artifact card from your graveyard to your hand.\n{1}, {T}, Sacrifice an artifact: Draw a card.","M13,M14,C14",,normal,253710,,,Rare,,Artifact
Cathedral of War,,,,Kekai Kotaki,221,Land,"Cathedral of War enters the battlefield tapped.\nExalted (Whenever a creature you control attacks alone, that creature gets +1/+1 until end of turn.)\n{T}: Add {C} to your mana pool.","pMEI,M13",,normal,259680,,,Rare,,Land
Dragonskull Summit,,,"B,R",Jon Foster,222,Land,Dragonskull Summit enters the battlefield tapped unless you control a Swamp or a Mountain.\n{T}: Add {B} or {R} to your mana pool.,"M10,M11,M12,M13",,normal,249716,,,Rare,,Land
Drowned Catacomb,,,"U,B",Dave Kendall,223,Land,Drowned Catacomb enters the battlefield tapped unless you control an Island or a Swamp.\n{T}: Add {U} or {B} to your mana pool.,"M10,M11,M12,M13",,normal,249717,,,Rare,,Land
Evolving Wilds,,,,Steven Belledin,224,Land,"{T}, Sacrifice Evolving Wilds: Search your library for a basic land card and put it onto the battlefield tapped. Then shuffle your library.","pMEI,pFNM,ROE,CMD,DDH,DKA,M13,DDK,C13,M15,DDN,C14,DDO,DTK,MM2,ORI,DDP,BFZ,C15","Without the interfering hands of civilization, nature will always shape itself to its own needs.",normal,269666,,,Common,,Land
Glacial Fortress,,,"W,U",Franz Vohwinkel,225,Land,Glacial Fortress enters the battlefield tapped unless you control a Plains or an Island.\n{T}: Add {W} or {U} to your mana pool.,"M10,M11,M12,M13",,normal,249722,,,Rare,,Land
Hellion Crucible,,,R,Trevor Claxton,226,Land,"{T}: Add {C} to your mana pool.\n{1}{R}, {T}: Put a pressure counter on Hellion Crucible.\n{1}{R}, {T}, Remove two pressure counters from Hellion Crucible and sacrifice it: Put a 4/4 red Hellion creature token with haste onto the battlefield. (It can attack and {T} as soon as it comes under your control.)",M13,,normal,253729,,,Rare,,Land
Reliquary Tower,,,,Jesper Ejsing,227,Land,You have no maximum hand size.\n{T}: Add {C} to your mana pool.,"pFNM,CON,M13,C14,C15","Once guarded by the Knights of the Reliquary, the tower stands now protected only by its own remoteness, its dusty treasures open to plunder by anyone.",normal,288876,,,Uncommon,,Land
Rootbound Crag,,,"R,G",Matt Stewart,228,Land,Rootbound Crag enters the battlefield tapped unless you control a Mountain or a Forest.\n{T}: Add {R} or {G} to your mana pool.,"M10,H09,M11,M12,M13",,normal,249735,,,Rare,,Land
Sunpetal Grove,,,"G,W",Jason Chan,229,Land,Sunpetal Grove enters the battlefield tapped unless you control a Forest or a Plains.\n{T}: Add {G} or {W} to your mana pool.,"M10,M11,M12,M13",,normal,249736,,,Rare,,Land
Plains,,,W,John Avon,230,Basic Land — Plains,,"LEA,LEB,2ED,CED,CEI,3ED,4ED,ICE,RQS,pARL,MIR,ITP,5ED,POR,pPRE,TMP,pJGP,PO2,UGL,pALP,USG,ATH,6ED,PTK,S99,pGRU,MMQ,BRB,pELP,S00,INV,7ED,ODY,ONS,8ED,MRD,CHK,UNH,9ED,RAV,CST,TSP,10E,MED,LRW,SHM,ALA,DDC,M10,HOP,ME3,ZEN,H09,DDE,ROE,ARC,M11,DDF,SOM,MBS,DDG,NPH,CMD,M12,DDH,ISD,DDI,AVR,PC2,M13,RTR,DDK,M14,DDL,THS,C13,MD1,M15,DDN,KTK,C14,DD3_DVD,FRF,DDO,DTK,TPR,ORI,DDP,BFZ,C15,DDQ,SOI",,normal,249733,,,Basic Land,Plains,Land
Plains,,,W,Noah Bradley,231,Basic Land — Plains,,"LEA,LEB,2ED,CED,CEI,3ED,4ED,ICE,RQS,pARL,MIR,ITP,5ED,POR,pPRE,TMP,pJGP,PO2,UGL,pALP,USG,ATH,6ED,PTK,S99,pGRU,MMQ,BRB,pELP,S00,INV,7ED,ODY,ONS,8ED,MRD,CHK,UNH,9ED,RAV,CST,TSP,10E,MED,LRW,SHM,ALA,DDC,M10,HOP,ME3,ZEN,H09,DDE,ROE,ARC,M11,DDF,SOM,MBS,DDG,NPH,CMD,M12,DDH,ISD,DDI,AVR,PC2,M13,RTR,DDK,M14,DDL,THS,C13,MD1,M15,DDN,KTK,C14,DD3_DVD,FRF,DDO,DTK,TPR,ORI,DDP,BFZ,C15,DDQ,SOI",,normal,249732,,,Basic Land,Plains,Land
Plains,,,W,Nils Hamm,232,Basic Land — Plains,,"LEA,LEB,2ED,CED,CEI,3ED,4ED,ICE,RQS,pARL,MIR,ITP,5ED,POR,pPRE,TMP,pJGP,PO2,UGL,pALP,USG,ATH,6ED,PTK,S99,pGRU,MMQ,BRB,pELP,S00,INV,7ED,ODY,ONS,8ED,MRD,CHK,UNH,9ED,RAV,CST,TSP,10E,MED,LRW,SHM,ALA,DDC,M10,HOP,ME3,ZEN,H09,DDE,ROE,ARC,M11,DDF,SOM,MBS,DDG,NPH,CMD,M12,DDH,ISD,DDI,AVR,PC2,M13,RTR,DDK,M14,DDL,THS,C13,MD1,M15,DDN,KTK,C14,DD3_DVD,FRF,DDO,DTK,TPR,ORI,DDP,BFZ,C15,DDQ,SOI",,normal,249731,,,Basic Land,Plains,Land
Plains,,,W,Charles Urbach,233,Basic Land — Plains,,"LEA,LEB,2ED,CED,CEI,3ED,4ED,ICE,RQS,pARL,MIR,ITP,5ED,POR,pPRE,TMP,pJGP,PO2,UGL,pALP,USG,ATH,6ED,PTK,S99,pGRU,MMQ,BRB,pELP,S00,INV,7ED,ODY,ONS,8ED,MRD,CHK,UNH,9ED,RAV,CST,TSP,10E,MED,LRW,SHM,ALA,DDC,M10,HOP,ME3,ZEN,H09,DDE,ROE,ARC,M11,DDF,SOM,MBS,DDG,NPH,CMD,M12,DDH,ISD,DDI,AVR,PC2,M13,RTR,DDK,M14,DDL,THS,C13,MD1,M15,DDN,KTK,C14,DD3_DVD,FRF,DDO,DTK,TPR,ORI,DDP,BFZ,C15,DDQ,SOI",,normal,249734,,,Basic Land,Plains,Land
Island,,,U,Rob Alexander,234,Basic Land — Island,,"LEA,LEB,2ED,CED,CEI,3ED,4ED,ICE,RQS,pARL,MIR,ITP,5ED,POR,TMP,pJGP,PO2,UGL,pALP,USG,6ED,PTK,S99,pGRU,MMQ,BRB,pELP,S00,BTD,INV,7ED,ODY,ONS,8ED,MRD,CHK,UNH,9ED,RAV,CST,TSP,10E,MED,LRW,SHM,ALA,DD2,M10,HOP,ME3,ZEN,H09,DDE,ROE,DPA,ARC,M11,DDF,SOM,MBS,NPH,CMD,M12,DDH,ISD,DDI,AVR,PC2,M13,DDJ,RTR,M14,THS,C13,DDM,M15,DDN,KTK,C14,DD3_JVC,FRF,DDO,DTK,TPR,ORI,BFZ,C15,DDQ,SOI",,normal,249726,,,Basic Land,Island,Land
Island,,,U,Noah Bradley,235,Basic Land — Island,,"LEA,LEB,2ED,CED,CEI,3ED,4ED,ICE,RQS,pARL,MIR,ITP,5ED,POR,TMP,pJGP,PO2,UGL,pALP,USG,6ED,PTK,S99,pGRU,MMQ,BRB,pELP,S00,BTD,INV,7ED,ODY,ONS,8ED,MRD,CHK,UNH,9ED,RAV,CST,TSP,10E,MED,LRW,SHM,ALA,DD2,M10,HOP,ME3,ZEN,H09,DDE,ROE,DPA,ARC,M11,DDF,SOM,MBS,NPH,CMD,M12,DDH,ISD,DDI,AVR,PC2,M13,DDJ,RTR,M14,THS,C13,DDM,M15,DDN,KTK,C14,DD3_JVC,FRF,DDO,DTK,TPR,ORI,BFZ,C15,DDQ,SOI",,normal,249725,,,Basic Land,Island,Land
Island,,,U,Cliff Childs,236,Basic Land — Island,,"LEA,LEB,2ED,CED,CEI,3ED,4ED,ICE,RQS,pARL,MIR,ITP,5ED,POR,TMP,pJGP,PO2,UGL,pALP,USG,6ED,PTK,S99,pGRU,MMQ,BRB,pELP,S00,BTD,INV,7ED,ODY,ONS,8ED,MRD,CHK,UNH,9ED,RAV,CST,TSP,10E,MED,LRW,SHM,ALA,DD2,M10,HOP,ME3,ZEN,H09,DDE,ROE,DPA,ARC,M11,DDF,SOM,MBS,NPH,CMD,M12,DDH,ISD,DDI,AVR,PC2,M13,DDJ,RTR,M14,THS,C13,DDM,M15,DDN,KTK,C14,DD3_JVC,FRF,DDO,DTK,TPR,ORI,BFZ,C15,DDQ,SOI",,normal,249723,,,Basic Land,Island,Land
Island,,,U,Peter Mohrbacher,237,Basic Land — Island,,"LEA,LEB,2ED,CED,CEI,3ED,4ED,ICE,RQS,pARL,MIR,ITP,5ED,POR,TMP,pJGP,PO2,UGL,pALP,USG,6ED,PTK,S99,pGRU,MMQ,BRB,pELP,S00,BTD,INV,7ED,ODY,ONS,8ED,MRD,CHK,UNH,9ED,RAV,CST,TSP,10E,MED,LRW,SHM,ALA,DD2,M10,HOP,ME3,ZEN,H09,DDE,ROE,DPA,ARC,M11,DDF,SOM,MBS,NPH,CMD,M12,DDH,ISD,DDI,AVR,PC2,M13,DDJ,RTR,M14,THS,C13,DDM,M15,DDN,KTK,C14,DD3_JVC,FRF,DDO,DTK,TPR,ORI,BFZ,C15,DDQ,SOI",,normal,249724,,,Basic Land,Island,Land
Swamp,,,B,Mike Bierek,238,Basic Land — Swamp,,"LEA,LEB,2ED,CED,CEI,3ED,4ED,ICE,RQS,pARL,MIR,ITP,5ED,POR,TMP,pJGP,PO2,UGL,pALP,USG,ATH,6ED,PTK,S99,pGRU,MMQ,BRB,pELP,S00,BTD,INV,7ED,ODY,DKM,ONS,8ED,MRD,CHK,UNH,9ED,RAV,CST,TSP,10E,MED,LRW,SHM,ALA,DDC,M10,HOP,ME3,ZEN,DDD,H09,DDE,ROE,DPA,ARC,M11,SOM,MBS,NPH,CMD,M12,DDH,ISD,PD3,AVR,PC2,M13,DDJ,RTR,DDK,M14,THS,C13,DDM,MD1,M15,DDN,KTK,C14,DD3_DVD,DD3_GVL,FRF,DTK,TPR,ORI,DDP,BFZ,C15,DDQ,SOI",,normal,249739,,,Basic Land,Swamp,Land
Swamp,,,B,Mike Bierek,239,Basic Land — Swamp,,"LEA,LEB,2ED,CED,CEI,3ED,4ED,ICE,RQS,pARL,MIR,ITP,5ED,POR,TMP,pJGP,PO2,UGL,pALP,USG,ATH,6ED,PTK,S99,pGRU,MMQ,BRB,pELP,S00,BTD,INV,7ED,ODY,DKM,ONS,8ED,MRD,CHK,UNH,9ED,RAV,CST,TSP,10E,MED,LRW,SHM,ALA,DDC,M10,HOP,ME3,ZEN,DDD,H09,DDE,ROE,DPA,ARC,M11,SOM,MBS,NPH,CMD,M12,DDH,ISD,PD3,AVR,PC2,M13,DDJ,RTR,DDK,M14,THS,C13,DDM,MD1,M15,DDN,KTK,C14,DD3_DVD,DD3_GVL,FRF,DTK,TPR,ORI,DDP,BFZ,C15,DDQ,SOI",,normal,249740,,,Basic Land,Swamp,Land
Swamp,,,B,Cliff Childs,240,Basic Land — Swamp,,"LEA,LEB,2ED,CED,CEI,3ED,4ED,ICE,RQS,pARL,MIR,ITP,5ED,POR,TMP,pJGP,PO2,UGL,pALP,USG,ATH,6ED,PTK,S99,pGRU,MMQ,BRB,pELP,S00,BTD,INV,7ED,ODY,DKM,ONS,8ED,MRD,CHK,UNH,9ED,RAV,CST,TSP,10E,MED,LRW,SHM,ALA,DDC,M10,HOP,ME3,ZEN,DDD,H09,DDE,ROE,DPA,ARC,M11,SOM,MBS,NPH,CMD,M12,DDH,ISD,PD3,AVR,PC2,M13,DDJ,RTR,DDK,M14,THS,C13,DDM,MD1,M15,DDN,KTK,C14,DD3_DVD,DD3_GVL,FRF,DTK,TPR,ORI,DDP,BFZ,C15,DDQ,SOI",,normal,249738,,,Basic Land,Swamp,Land
Swamp,,,B,Jung Park,241,Basic Land — Swamp,,"LEA,LEB,2ED,CED,CEI,3ED,4ED,ICE,RQS,pARL,MIR,ITP,5ED,POR,TMP,pJGP,PO2,UGL,pALP,USG,ATH,6ED,PTK,S99,pGRU,MMQ,BRB,pELP,S00,BTD,INV,7ED,ODY,DKM,ONS,8ED,MRD,CHK,UNH,9ED,RAV,CST,TSP,10E,MED,LRW,SHM,ALA,DDC,M10,HOP,ME3,ZEN,DDD,H09,DDE,ROE,DPA,ARC,M11,SOM,MBS,NPH,CMD,M12,DDH,ISD,PD3,AVR,PC2,M13,DDJ,RTR,DDK,M14,THS,C13,DDM,MD1,M15,DDN,KTK,C14,DD3_DVD,DD3_GVL,FRF,DTK,TPR,ORI,DDP,BFZ,C15,DDQ,SOI",,normal,249737,,,Basic Land,Swamp,Land
Mountain,,,R,Cliff Childs,242,Basic Land — Mountain,,"LEA,LEB,2ED,ARN,CED,CEI,3ED,4ED,ICE,RQS,pARL,MIR,ITP,5ED,POR,TMP,pJGP,PO2,UGL,pALP,USG,ATH,6ED,PTK,S99,pGRU,MMQ,BRB,pELP,S00,BTD,INV,7ED,ODY,DKM,ONS,8ED,MRD,CHK,UNH,9ED,RAV,CST,TSP,10E,MED,LRW,EVG,SHM,ALA,DD2,M10,HOP,ME3,ZEN,H09,DDE,ROE,DPA,ARC,M11,SOM,PD2,MBS,DDG,NPH,CMD,M12,DDH,ISD,DDI,AVR,PC2,M13,DDJ,RTR,DDK,M14,DDL,THS,C13,M15,DDN,KTK,C14,DD3_EVG,DD3_JVC,FRF,DTK,TPR,ORI,DDP,BFZ,C15,SOI",,normal,249729,,,Basic Land,Mountain,Land
Mountain,,,R,Nils Hamm,243,Basic Land — Mountain,,"LEA,LEB,2ED,ARN,CED,CEI,3ED,4ED,ICE,RQS,pARL,MIR,ITP,5ED,POR,TMP,pJGP,PO2,UGL,pALP,USG,ATH,6ED,PTK,S99,pGRU,MMQ,BRB,pELP,S00,BTD,INV,7ED,ODY,DKM,ONS,8ED,MRD,CHK,UNH,9ED,RAV,CST,TSP,10E,MED,LRW,EVG,SHM,ALA,DD2,M10,HOP,ME3,ZEN,H09,DDE,ROE,DPA,ARC,M11,SOM,PD2,MBS,DDG,NPH,CMD,M12,DDH,ISD,DDI,AVR,PC2,M13,DDJ,RTR,DDK,M14,DDL,THS,C13,M15,DDN,KTK,C14,DD3_EVG,DD3_JVC,FRF,DTK,TPR,ORI,DDP,BFZ,C15,SOI",,normal,249730,,,Basic Land,Mountain,Land
Mountain,,,R,Karl Kopinski,244,Basic Land — Mountain,,"LEA,LEB,2ED,ARN,CED,CEI,3ED,4ED,ICE,RQS,pARL,MIR,ITP,5ED,POR,TMP,pJGP,PO2,UGL,pALP,USG,ATH,6ED,PTK,S99,pGRU,MMQ,BRB,pELP,S00,BTD,INV,7ED,ODY,DKM,ONS,8ED,MRD,CHK,UNH,9ED,RAV,CST,TSP,10E,MED,LRW,EVG,SHM,ALA,DD2,M10,HOP,ME3,ZEN,H09,DDE,ROE,DPA,ARC,M11,SOM,PD2,MBS,DDG,NPH,CMD,M12,DDH,ISD,DDI,AVR,PC2,M13,DDJ,RTR,DDK,M14,DDL,THS,C13,M15,DDN,KTK,C14,DD3_EVG,DD3_JVC,FRF,DTK,TPR,ORI,DDP,BFZ,C15,SOI",,normal,249728,,,Basic Land,Mountain,Land
Mountain,,,R,Robh Ruppel,245,Basic Land — Mountain,,"LEA,LEB,2ED,ARN,CED,CEI,3ED,4ED,ICE,RQS,pARL,MIR,ITP,5ED,POR,TMP,pJGP,PO2,UGL,pALP,USG,ATH,6ED,PTK,S99,pGRU,MMQ,BRB,pELP,S00,BTD,INV,7ED,ODY,DKM,ONS,8ED,MRD,CHK,UNH,9ED,RAV,CST,TSP,10E,MED,LRW,EVG,SHM,ALA,DD2,M10,HOP,ME3,ZEN,H09,DDE,ROE,DPA,ARC,M11,SOM,PD2,MBS,DDG,NPH,CMD,M12,DDH,ISD,DDI,AVR,PC2,M13,DDJ,RTR,DDK,M14,DDL,THS,C13,M15,DDN,KTK,C14,DD3_EVG,DD3_JVC,FRF,DTK,TPR,ORI,DDP,BFZ,C15,SOI",,normal,249727,,,Basic Land,Mountain,Land
Forest,,,G,Volkan Baga,246,Basic Land — Forest,,"LEA,LEB,2ED,CED,CEI,3ED,4ED,ICE,RQS,pARL,MIR,ITP,5ED,POR,TMP,pJGP,PO2,UGL,pALP,USG,ATH,6ED,PTK,S99,pGRU,MMQ,BRB,pELP,S00,BTD,INV,7ED,ODY,DKM,ONS,8ED,MRD,CHK,UNH,9ED,RAV,CST,TSP,10E,MED,LRW,EVG,SHM,ALA,M10,HOP,ME3,ZEN,DDD,H09,DDE,ROE,DPA,ARC,M11,SOM,MBS,DDG,NPH,CMD,M12,DDH,ISD,AVR,PC2,M13,DDJ,RTR,M14,DDL,THS,C13,DDM,M15,KTK,C14,DD3_EVG,DD3_GVL,FRF,DDO,DTK,TPR,ORI,DDP,BFZ,C15,SOI",,normal,249718,,,Basic Land,Forest,Land
Forest,,,G,Steven Belledin,247,Basic Land — Forest,,"LEA,LEB,2ED,CED,CEI,3ED,4ED,ICE,RQS,pARL,MIR,ITP,5ED,POR,TMP,pJGP,PO2,UGL,pALP,USG,ATH,6ED,PTK,S99,pGRU,MMQ,BRB,pELP,S00,BTD,INV,7ED,ODY,DKM,ONS,8ED,MRD,CHK,UNH,9ED,RAV,CST,TSP,10E,MED,LRW,EVG,SHM,ALA,M10,HOP,ME3,ZEN,DDD,H09,DDE,ROE,DPA,ARC,M11,SOM,MBS,DDG,NPH,CMD,M12,DDH,ISD,AVR,PC2,M13,DDJ,RTR,M14,DDL,THS,C13,DDM,M15,KTK,C14,DD3_EVG,DD3_GVL,FRF,DDO,DTK,TPR,ORI,DDP,BFZ,C15,SOI",,normal,249719,,,Basic Land,Forest,Land
Forest,,,G,Noah Bradley,248,Basic Land — Forest,,"LEA,LEB,2ED,CED,CEI,3ED,4ED,ICE,RQS,pARL,MIR,ITP,5ED,POR,TMP,pJGP,PO2,UGL,pALP,USG,ATH,6ED,PTK,S99,pGRU,MMQ,BRB,pELP,S00,BTD,INV,7ED,ODY,DKM,ONS,8ED,MRD,CHK,UNH,9ED,RAV,CST,TSP,10E,MED,LRW,EVG,SHM,ALA,M10,HOP,ME3,ZEN,DDD,H09,DDE,ROE,DPA,ARC,M11,SOM,MBS,DDG,NPH,CMD,M12,DDH,ISD,AVR,PC2,M13,DDJ,RTR,M14,DDL,THS,C13,DDM,M15,KTK,C14,DD3_EVG,DD3_GVL,FRF,DDO,DTK,TPR,ORI,DDP,BFZ,C15,SOI",,normal,249720,,,Basic Land,Forest,Land
Forest,,,G,Jim Nelson,249,Basic Land — Forest,,"LEA,LEB,2ED,CED,CEI,3ED,4ED,ICE,RQS,pARL,MIR,ITP,5ED,POR,TMP,pJGP,PO2,UGL,pALP,USG,ATH,6ED,PTK,S99,pGRU,MMQ,BRB,pELP,S00,BTD,INV,7ED,ODY,DKM,ONS,8ED,MRD,CHK,UNH,9ED,RAV,CST,TSP,10E,MED,LRW,EVG,SHM,ALA,M10,HOP,ME3,ZEN,DDD,H09,DDE,ROE,DPA,ARC,M11,SOM,MBS,DDG,NPH,CMD,M12,DDH,ISD,AVR,PC2,M13,DDJ,RTR,M14,DDL,THS,C13,DDM,M15,KTK,C14,DD3_EVG,DD3_GVL,FRF,DDO,DTK,TPR,ORI,DDP,BFZ,C15,SOI",,normal,249721,,,Basic Land,Forest,Land
