name,manaCost,cmc,colorIdentity,artist,number,type,text,printings,flavor,layout,multiverseid,power,toughness,rarity,subtypes,types
Angry Mob,{2}{W}{W},4,W,Drew Tucker,1,Creature — Human,"Trample\nAs long as it's your turn, Angry Mob's power and toughness are each equal to 2 plus the number of Swamps your opponents control. As long as it's not your turn, Angry Mob's power and toughness are each 2.","DRK,4ED,5ED,MED",,normal,159321,2+*,2+*,Uncommon,Human,Creature
Animate Wall,{W},1,W,Dan Frazier,2,Enchantment — Aura,Enchant Wall\nEnchanted Wall can attack as though it didn't have defender.,"LEA,LEB,2ED,CED,CEI,3ED,4ED,5ED,6ED,MED",,normal,159250,,,Uncommon,Aura,Enchantment
Argivian Archaeologist,{1}{W}{W},3,W,Amy Weber,3,Creature — Human Artificer,"{W}{W}, {T}: Return target artifact card from your graveyard to your hand.","ATQ,MED","Fascinated by the lore of ancient struggles, the archaeologist searches incessantly for remnants of an earlier, more powerful era.",normal,159743,1,1,Rare,"Human,Artificer",Creature
Armageddon,{3}{W},4,W,Jesper Myrfors,4,Sorcery,Destroy all lands.,"LEA,LEB,2ED,CED,CEI,3ED,4ED,5ED,POR,pJGP,PO2,ATH,6ED,S99,MED,ME4,VMA,V14",,normal,159252,,,Rare,,Sorcery
Benalish Hero,{W},1,W,Douglas Shuler,5,Creature — Human Soldier,"Banding (Any creatures with banding, and up to one without, can attack in a band. Bands are blocked as a group. If any creatures with banding you control are blocking or being blocked by a creature, you divide that creature's combat damage, not its controller, among any of the creatures it's being blocked by or is blocking.)","LEA,LEB,2ED,CED,CEI,3ED,4ED,5ED,MED","Benalia has a complex caste system that changes with the lunar year. No matter what the season, the only caste that cannot be attained by either heredity or money is that of the hero.",normal,159253,1,1,Common,"Human,Soldier",Creature
Crusade,{W}{W},2,W,Mark Poole,6,Enchantment,White creatures get +1/+1.,"LEA,LEB,2ED,CED,CEI,3ED,4ED,5ED,6ED,pSUS,MED,DDF",,normal,159818,,,Rare,,Enchantment
Death Speakers,{W},1,W,Douglas Shuler,7,Creature — Human Cleric,Protection from black,"HML,5ED,MED","""Such innocent little birds. They sing a sweet song, sitting on their fragile branch.""\n—Grandmother Sengir",normal,159816,1,1,Common,"Human,Cleric",Creature
Death Ward,{W},1,W,Mark Poole,8,Instant,Regenerate target creature.,"LEA,LEB,2ED,CED,CEI,3ED,4ED,ICE,5ED,MED",,normal,159754,,,Common,,Instant
Divine Transformation,{2}{W}{W},4,W,NéNé Thomas,9,Enchantment — Aura,Enchant creature\nEnchanted creature gets +3/+3.,"LEG,4ED,5ED,6ED,MED",Glory surged through her and radiance surrounded her. All things were possible with the blessing of the Divine.,normal,159299,,,Uncommon,Aura,Enchantment
Dust to Dust,{1}{W}{W},3,W,Drew Tucker,10,Sorcery,Exile two target artifacts.,"DRK,5ED,MED,ME4","Tervish never noticed that the amulet had vanished. It had disappeared not only from his possession, but from his memory as well.",normal,159144,,,Common,,Sorcery
Elder Land Wurm,{4}{W}{W}{W},7,W,Quinton Hoover,11,Creature — Dragon Wurm,"Defender, trample\nWhen Elder Land Wurm blocks, it loses defender.","LEG,4ED,MED",Sometimes it's best to let sleeping dragons lie.,normal,159824,5,5,Uncommon,"Dragon,Wurm",Creature
Exile,{2}{W},3,W,Rob Alexander,12,Instant,Exile target nonwhite attacking creature. You gain life equal to its toughness.,"ALL,6ED,MED,VMA",,normal,159091,,,Common,,Instant
Greater Realm of Preservation,{1}{W},2,W,NéNé Thomas,13,Enchantment,"{1}{W}: The next time a black or red source of your choice would deal damage to you this turn, prevent that damage.","LEG,5ED,MED",,normal,159825,,,Uncommon,,Enchantment
Hallowed Ground,{1}{W},2,W,Douglas Shuler,14,Enchantment,{W}{W}: Return target nonsnow land you control to its owner's hand.,"ICE,MED","""On this site where Kjeld's blood was spilled, let none raise a fist or deny a beggar.""\n—Halvor Arenson, Kjeldoran priest",normal,159230,,,Uncommon,,Enchantment
Hand of Justice,{5}{W},6,W,Melissa A. Benson,15,Creature — Avatar,"{T}, Tap three untapped white creatures you control: Destroy target creature.","FEM,MED","""The Hand of Justice will come to cleanse the world if we are true.""\n—Oliver Farrel",normal,159175,2,6,Rare,Avatar,Creature
Holy Light,{2}{W},3,W,Drew Tucker,16,Instant,Nonwhite creatures get -1/-1 until end of turn.,"DRK,MED","""Bathed in hallowed light, the infidels looked upon the impurities of their souls and despaired.""\n—The Book of Tal",normal,159148,,,Common,,Instant
Icatian Lieutenant,{W}{W},2,W,Pete Venters,17,Creature — Human Soldier,{1}{W}: Target Soldier creature gets +1/+0 until end of turn.,"FEM,MED","To become an officer, an Icatian soldier had to pass a series of tests. These evaluated not only fighting and leadership skills, but also integrity, honor, and moral strength.",normal,159846,1,2,Common,"Human,Soldier",Creature
Icatian Town,{5}{W},6,W,Tom Wänerstrand,18,Sorcery,Put four 1/1 white Citizen creature tokens onto the battlefield.,"FEM,5ED,6ED,MED","Icatia's once peaceful towns faced increasing attacks from orcs and goblins as the climate cooled. By the time the empire fell, they were little more than armed camps.",normal,159843,,,Uncommon,,Sorcery
Knights of Thorn,{3}{W},4,W,Christopher Rush,19,Creature — Human Knight,"Protection from red; banding (Any creatures with banding, and up to one without, can attack in a band. Bands are blocked as a group. If any creatures with banding you control are blocking or being blocked by a creature, you divide that creature's combat damage, not its controller, among any of the creatures it's being blocked by or is blocking.)","DRK,MED","""With a great cry, the goblin host broke and ran as the first wave of knights penetrated its ranks.""\n—Tivadar of Thorn,\nHistory of the Goblin Wars",normal,159149,2,2,Common,"Human,Knight",Creature
Mesa Pegasus,{1}{W},2,W,Melissa A. Benson,20,Creature — Pegasus,"Flying; banding (Any creatures with banding, and up to one without, can attack in a band. Bands are blocked as a group. If any creatures with banding you control are blocking or being blocked by a creature, you divide that creature's combat damage, not its controller, among any of the creatures it's being blocked by or is blocking.)","LEA,LEB,2ED,CED,CEI,3ED,4ED,RQS,ITP,5ED,MED","Before a woman marries in the village of Sursi, she must visit the land of the mesa pegasus. Legend has it that if the woman is pure of heart and her love is true, a mesa pegasus will appear, blessing her family with long life and good fortune.",normal,159819,1,1,Common,Pegasus,Creature
Moat,{2}{W}{W},4,W,Jeff A. Menges,21,Enchantment,Creatures without flying can't attack.,"LEG,MED","The purpose of any moat is to impede attack. Some are filled with water, some with thistles. Some are filled with things best left unseen.",normal,159308,,,Rare,,Enchantment
Order of Leitbur,{W}{W},2,W,Randy Asplund-Faith,22,Creature — Human Cleric Knight,Protection from black\n{W}: Order of Leitbur gains first strike until end of turn.\n{W}{W}: Order of Leitbur gets +1/+0 until end of turn.,"FEM,MED","""Trained to battle the followers of Tourach, the Order of Leitbur was not as successful in later conflicts with orcish and goblin raiders.""\n—Sarpadian Empires, vol. I",normal,159188,2,1,Common,"Human,Cleric,Knight",Creature
Petra Sphinx,{2}{W}{W}{W},5,W,Sandra Everingham,23,Creature — Sphinx,"{T}: Target player names a card, then reveals the top card of his or her library. If that card is the named card, that player puts it into his or her hand. If it isn't, the player puts it into his or her graveyard.","LEG,CHR,MED","What walks on four legs in the morning, two legs in the afternoon, and three legs in the evening?",normal,159309,3,4,Rare,Sphinx,Creature
Preacher,{1}{W}{W},3,W,Quinton Hoover,24,Creature — Human Cleric,"You may choose not to untap Preacher during your untap step.\n{T}: For as long as Preacher remains tapped, gain control of target creature of an opponent's choice he or she controls.","DRK,MED",,normal,159153,1,1,Rare,"Human,Cleric",Creature
Righteous Avengers,{4}{W},5,W,Heather Hudson,25,Creature — Human Soldier,Plainswalk (This creature can't be blocked as long as defending player controls a Plains.),"LEG,MED",Few can withstand the wrath of the righteous.,normal,159314,3,1,Common,"Human,Soldier",Creature
Seraph,{6}{W},7,W,Christopher Rush,26,Creature — Angel,"Flying\nWhenever a creature dealt damage by Seraph this turn dies, put that card onto the battlefield under your control at the beginning of the next end step. Sacrifice the creature when you lose control of Seraph.","ICE,5ED,MED",,normal,159245,4,4,Rare,Angel,Creature
Thunder Spirit,{1}{W}{W},3,W,Randy Asplund-Faith,27,Creature — Elemental Spirit,"Flying, first strike","LEG,MED",,normal,159318,2,2,Uncommon,"Elemental,Spirit",Creature
Tivadar's Crusade,{1}{W}{W},3,W,Dennis Detwiller,28,Sorcery,Destroy all Goblins.,"DRK,MED",,normal,159829,,,Uncommon,,Sorcery
Amnesia,{3}{U}{U}{U},6,U,Mark Poole,29,Sorcery,Target player reveals his or her hand and discards all nonland cards.,"DRK,MED","""When one has witnessed the unspeakable, 'tis sometimes better to forget.""\n—Vervamon the Elder",normal,159828,,,Rare,,Sorcery
Apprentice Wizard,{1}{U}{U},3,U,Dan Frazier,30,Creature — Human Wizard,"{U}, {T}: Add {C}{C}{C} to your mana pool.","DRK,4ED,MED",,normal,159087,0,1,Common,"Human,Wizard",Creature
Arcane Denial,{1}{U},2,U,Richard Kane Ferguson,31,Instant,Counter target spell. Its controller may draw up to two cards at the beginning of the next turn's upkeep.\nYou draw a card at the beginning of the next turn's upkeep.,"ALL,MED,C13",,normal,159084,,,Common,,Instant
Diminishing Returns,{2}{U}{U},4,U,L. A. Williams,32,Sorcery,Each player shuffles his or her hand and graveyard into his or her library. You exile the top ten cards of your library. Then each player draws up to seven cards.,"ALL,6ED,MED,EMA",,normal,159090,,,Rare,,Sorcery
Force of Will,{3}{U}{U},5,U,Terese Nielsen,33,Instant,You may pay 1 life and exile a blue card from your hand rather than pay Force of Will's mana cost.\nCounter target spell.,"ALL,pJGP,MED,VMA,EMA",,normal,159092,,,Rare,,Instant
Giant Tortoise,{1}{U},2,U,Kaja Foglio,34,Creature — Turtle,Giant Tortoise gets +0/+3 as long as it's untapped.,"ARN,4ED,MED,ME4,EMA",,normal,159129,1,1,Common,Turtle,Creature
High Tide,{U},1,U,Anson Maddocks,35,Instant,"Until end of turn, whenever a player taps an Island for mana, that player adds {U} to his or her mana pool (in addition to the mana the land produces).","FEM,pMEI,MED,VMA","""May Svyelun and her tides favor you.""\n—Traditional merfolk blessing",normal,159177,,,Uncommon,,Instant
Homarid Spawning Bed,{U}{U},2,U,Douglas Shuler,36,Enchantment,"{1}{U}{U}, Sacrifice a blue creature: Put X 1/1 blue Camarid creature tokens onto the battlefield, where X is the sacrificed creature's converted mana cost.","FEM,MED",,normal,159179,,,Uncommon,,Enchantment
Hydroblast,{U},1,U,Kaja Foglio,37,Instant,Choose one —\n• Counter target spell if it's red.\n• Destroy target permanent if it's red.,"ICE,5ED,MED,EMA","""Heed the lessons of our time: the forms of water may move the land itself and hold captive the fires within.""\n—Gustha Ebbasdotter,\nKjeldoran royal mage",normal,159231,,,Common,,Instant
Illusionary Forces,{3}{U},4,U,Justin Hampton,38,Creature — Illusion,"Flying\nCumulative upkeep {U} (At the beginning of your upkeep, put an age counter on this permanent, then sacrifice it unless you pay its upkeep cost for each age counter on it.)","ICE,MED","""This school was founded in secret, operates in secret, and exists for the teaching of secrets. Those who would alter reality must first escape it.""\n—Gerda Äagesdotter,\nArchmage of the Unseen",normal,159232,4,4,Uncommon,Illusion,Creature
Illusionary Wall,{4}{U},5,U,Mark Poole,39,Creature — Illusion Wall,"Defender, flying, first strike\nCumulative upkeep {U} (At the beginning of your upkeep, put an age counter on this permanent, then sacrifice it unless you pay its upkeep cost for each age counter on it.)","ICE,MED","""Let them see what is not there and feel what does not touch them. When they no longer trust their senses, that is the time to strike.""\n—Gerda Äagesdotter,\nArchmage of the Unseen",normal,159233,7,4,Common,"Illusion,Wall",Creature
Illusions of Grandeur,{3}{U},4,U,Quinton Hoover,40,Enchantment,"Cumulative upkeep {2} (At the beginning of your upkeep, put an age counter on this permanent, then sacrifice it unless you pay its upkeep cost for each age counter on it.)\nWhen Illusions of Grandeur enters the battlefield, you gain 20 life.\nWhen Illusions of Grandeur leaves the battlefield, you lose 20 life.","ICE,MED",,normal,159749,,,Rare,,Enchantment
Juxtapose,{3}{U},4,U,Justin Hampton,41,Sorcery,"You and target player exchange control of the creature you each control with the highest converted mana cost. Then exchange control of artifacts the same way. If two or more permanents a player controls are tied for highest cost, their controller chooses one of them.","LEG,CHR,5ED,6ED,MED",,normal,159772,,,Uncommon,,Sorcery
Mystic Remora,{U},1,U,"Ken Meyer, Jr.",42,Enchantment,"Cumulative upkeep {1} (At the beginning of your upkeep, put an age counter on this permanent, then sacrifice it unless you pay its upkeep cost for each age counter on it.)\nWhenever an opponent casts a noncreature spell, you may draw a card unless that player pays {4}.","ICE,MED",,normal,159831,,,Uncommon,,Enchantment
Phantom Monster,{3}{U},4,U,Jesper Myrfors,43,Creature — Illusion,Flying,"LEA,LEB,2ED,CED,CEI,3ED,4ED,ITP,5ED,MED,EMA","""While, like a ghastly rapid river,\nThrough the pale door\nA hideous throng rush out forever,\nAnd laugh—but smile no more.""\n—Edgar Allan Poe, ""The Haunted Palace""",normal,159268,3,3,Common,Illusion,Creature
Polar Kraken,{8}{U}{U}{U},11,U,Mark Tedin,44,Creature — Kraken,"Trample\nPolar Kraken enters the battlefield tapped.\nCumulative upkeep—Sacrifice a land. (At the beginning of your upkeep, put an age counter on this permanent, then sacrifice it unless you pay its upkeep cost for each age counter on it.)","ICE,MED","""It was big. Really, really, big. No, bigger than that. It was big!""\n—Arna Kennerüd, skyknight",normal,159241,11,11,Rare,Kraken,Creature
Psychic Purge,{U},1,U,Susan Van Camp,45,Sorcery,"Psychic Purge deals 1 damage to target creature or player.\nWhen a spell or ability an opponent controls causes you to discard Psychic Purge, that player loses 5 life.","LEG,MED",,normal,159311,,,Uncommon,,Sorcery
Psychic Venom,{1}{U},2,U,Brian Snõddy,46,Enchantment — Aura,"Enchant land\nWhenever enchanted land becomes tapped, Psychic Venom deals 2 damage to that land's controller.","LEA,LEB,2ED,CED,CEI,3ED,4ED,5ED,6ED,MED",,normal,159269,,,Common,Aura,Enchantment
River Merfolk,{U}{U},2,U,Douglas Shuler,47,Creature — Merfolk,{U}: River Merfolk gains mountainwalk until end of turn. (It can't be blocked as long as defending player controls a Mountain.),"FEM,MED","""Dwelling in icy mountain streams near goblin and orcish foes, the river merfolk were known for their stoicism.""\n—Sarpadian Empires, vol. V",normal,159822,2,1,Common,Merfolk,Creature
Sea Sprite,{1}{U},2,U,Susan Van Camp,48,Creature — Faerie,"Flying, protection from red","HML,5ED,MED","""No one can catch what won't be caught.""\n—Kakra, sea troll",normal,159219,1,1,Common,Faerie,Creature
Seasinger,{1}{U}{U},3,U,Amy Weber,49,Creature — Merfolk,"When you control no Islands, sacrifice Seasinger.\nYou may choose not to untap Seasinger during your untap step.\n{T}: Gain control of target creature whose controller controls an Island for as long as you control Seasinger and Seasinger remains tapped.","FEM,5ED,MED",,normal,159845,0,1,Uncommon,Merfolk,Creature
Serendib Efreet,{2}{U},3,U,Anson Maddocks,50,Creature — Efreet,"Flying\nAt the beginning of your upkeep, Serendib Efreet deals 1 damage to you.","ARN,3ED,MED,V09,VMA,EMA",,normal,159137,3,4,Rare,Efreet,Creature
Sunken City,{U}{U},2,U,Jesper Myrfors,51,Enchantment,"At the beginning of your upkeep, sacrifice Sunken City unless you pay {U}{U}.\nBlue creatures get +1/+1.","DRK,4ED,MED",,normal,159155,,,Uncommon,,Enchantment
Telekinesis,{U}{U},2,U,Daniel Gelon,52,Instant,Tap target creature. Prevent all combat damage that would be dealt by that creature this turn. It doesn't untap during its controller's next two untap steps.,"LEG,MED",,normal,159774,,,Common,,Instant
Time Elemental,{2}{U},3,U,Amy Weber,53,Creature — Elemental,"When Time Elemental attacks or blocks, at end of combat, sacrifice it and it deals 5 damage to you.\n{2}{U}{U}, {T}: Return target permanent that isn't enchanted to its owner's hand.","LEG,4ED,5ED,MED",,normal,159775,0,2,Rare,Elemental,Creature
Vesuvan Doppelganger,{3}{U}{U},5,U,Quinton Hoover,54,Creature — Shapeshifter,"You may have Vesuvan Doppelganger enter the battlefield as a copy of any creature on the battlefield except it doesn't copy that creature's color and it gains ""At the beginning of your upkeep, you may have this creature become a copy of target creature except it doesn't copy that creature's color. If you do, this creature gains this ability.""","LEA,LEB,2ED,CED,CEI,3ED,MED",,normal,159820,0,0,Rare,Shapeshifter,Creature
Vodalian Knights,{1}{U}{U},3,U,Susan Van Camp,55,Creature — Merfolk Knight,"First strike\nVodalian Knights can't attack unless defending player controls an Island.\nWhen you control no Islands, sacrifice Vodalian Knights.\n{U}: Vodalian Knights gains flying until end of turn.","FEM,MED","Fear the knight leaping from the water into the air, weapon ready.",normal,159202,2,2,Uncommon,"Merfolk,Knight",Creature
Word of Undoing,{U},1,U,Christopher Rush,56,Instant,Return target creature and all white Auras you own attached to it to their owners' hands.,"ICE,MED","""It was in Urza's journals that I finally found the secret at the core of the summonings.""\n—Journal, author unknown",normal,159751,,,Common,,Instant
Animate Dead,{1}{B},2,B,Anson Maddocks,57,Enchantment — Aura,"Enchant creature card in a graveyard\nWhen Animate Dead enters the battlefield, if it's on the battlefield, it loses ""enchant creature card in a graveyard"" and gains ""enchant creature put onto the battlefield with Animate Dead."" Return enchanted creature card to the battlefield under your control and attach Animate Dead to it. When Animate Dead leaves the battlefield, that creature's controller sacrifices it.\nEnchanted creature gets -1/-0.","LEA,LEB,2ED,CED,CEI,3ED,4ED,5ED,MED,PD3,VMA,EMA",,normal,159249,,,Uncommon,Aura,Enchantment
Baron Sengir,{5}{B}{B}{B},8,B,Pete Venters,58,Legendary Creature — Vampire,"Flying\nWhenever a creature dealt damage by Baron Sengir this turn dies, put a +2/+2 counter on Baron Sengir.\n{T}: Regenerate another target Vampire.","HML,MED","""Beast. Defiler. The source of all my pain.""\n—Ihsan's Shade",normal,159208,5,5,Rare,Vampire,Creature
Basal Thrull,{B}{B},2,B,Kaja Foglio,59,Creature — Thrull,"{T}, Sacrifice Basal Thrull: Add {B}{B} to your mana pool.","FEM,MED","Initially bred for sacrifice, the thrulls eventually turned on their masters, the Order of the Ebon Hand, with gruesome results.\n—Sarpadian Empires, vol. II",normal,159728,1,2,Common,Thrull,Creature
Black Knight,{B}{B},2,B,Jeff A. Menges,60,Creature — Human Knight,"First strike (This creature deals combat damage before creatures without first strike.)\nProtection from white (This creature can't be blocked, targeted, dealt damage, or enchanted by anything white.)","LEA,LEB,2ED,CED,CEI,3ED,4ED,5ED,ATH,pFNM,MED,M10,M11,ME4",Battle doesn't need a purpose; the battle is its own purpose. You don't ask why a plague spreads or a field burns. Don't ask why I fight.,normal,159817,2,2,Uncommon,"Human,Knight",Creature
Blight,{B}{B},2,B,Pete Venters,61,Enchantment — Aura,"Enchant land\nWhen enchanted land becomes tapped, destroy it.","LEG,4ED,5ED,6ED,MED",,normal,159769,,,Uncommon,Aura,Enchantment
Breeding Pit,{3}{B},4,B,Anson Maddocks,62,Enchantment,"At the beginning of your upkeep, sacrifice Breeding Pit unless you pay {B}{B}.\nAt the beginning of your end step, put a 0/1 black Thrull creature token onto the battlefield.","FEM,5ED,MED,DDC,DD3_DVD","The thrulls bred at a terrifying pace. In the end, they overwhelmed the Order of the Ebon Hand.",normal,159166,,,Uncommon,,Enchantment
Chains of Mephistopheles,{1}{B},2,B,Heather Hudson,63,Enchantment,"If a player would draw a card except the first one he or she draws in his or her draw step each turn, that player discards a card instead. If the player discards a card this way, he or she draws a card. If the player doesn't discard a card this way, he or she puts the top card of his or her library into his or her graveyard.","LEG,MED",,normal,159823,,,Rare,,Enchantment
Contagion,{3}{B}{B},5,B,Mike Raabe,64,Instant,You may pay 1 life and exile a black card from your hand rather than pay Contagion's mana cost.\nDistribute two -2/-1 counters among one or two target creatures.,"ALL,DKM,MED",,normal,159089,,,Rare,,Instant
Cuombajj Witches,{B}{B},2,B,Kaja Foglio,65,Creature — Human Wizard,{T}: Cuombajj Witches deals 1 damage to target creature or player and 1 damage to target creature or player of an opponent's choice.,"ARN,CHR,ATH,MED",,normal,159123,1,3,Common,"Human,Wizard",Creature
Derelor,{3}{B},4,B,Anson Maddocks,66,Creature — Thrull,Black spells you cast cost {B} more to cast.,"FEM,5ED,6ED,MED","""Strength it has, but at the cost of a continuous supply of energy. Such failure can bear only one result.""\n—Execution order of Endrek Sahr,\nmaster breeder",normal,159171,4,4,Uncommon,Thrull,Creature
Eater of the Dead,{4}{B},5,B,Jesper Myrfors,67,Creature — Horror,"{0}: If Eater of the Dead is tapped, exile target creature card from a graveyard and untap Eater of the Dead.","DRK,MED",Even the putrid muscles of the dead can provide strength to those loathsome enough to consume them.,normal,159145,3,4,Uncommon,Horror,Creature
Erg Raiders,{1}{B},2,B,Dameon Willich,68,Creature — Human Warrior,"At the beginning of your end step, if Erg Raiders didn't attack this turn, Erg Raiders deals 2 damage to you unless it came under your control this turn.","ARN,3ED,4ED,5ED,MED",,normal,159126,2,3,Common,"Human,Warrior",Creature
The Fallen,{1}{B}{B}{B},4,B,Jesper Myrfors,69,Creature — Zombie,"At the beginning of your upkeep, The Fallen deals 1 damage to each opponent it has dealt damage to this game.","DRK,CHR,MED",Magic often masters those who cannot master it.,normal,159156,2,3,Uncommon,Zombie,Creature
Feast or Famine,{3}{B},4,B,Pete Venters,70,Instant,"Choose one —\n• Put a 2/2 black Zombie creature token onto the battlefield.\n• Destroy target nonartifact, nonblack creature. It can't be regenerated.","ALL,MED,DDJ","""We are not yet free of Lim-Dûl's terrors.""\n—Halvor Arensson, Kjeldoran priest",normal,159739,,,Common,,Instant
Hecatomb,{1}{B}{B},3,B,NéNé Thomas,71,Enchantment,"When Hecatomb enters the battlefield, sacrifice Hecatomb unless you sacrifice four creatures.\nTap an untapped Swamp you control: Hecatomb deals 1 damage to target creature or player.","ICE,5ED,6ED,MED",,normal,159748,,,Rare,,Enchantment
Hyalopterous Lemure,{4}{B},5,B,Richard Thomas,72,Creature — Spirit,{0}: Hyalopterous Lemure gets -1/-0 and gains flying until end of turn.,"ICE,MED","""The lemures looked harmless, until they descended on my troops. Within moments, only bones remained.""\n—Lucilde Fiksdotter, Leader of the Order of the White Shield",normal,159837,4,3,Common,Spirit,Creature
Hymn to Tourach,{B}{B},2,B,Quinton Hoover,73,Sorcery,Target player discards two cards at random.,"FEM,ATH,MED,V13,VMA,EMA","Knowing the hymn's power, the followers of Leitbur carefully guarded their pillaged transciptions.",normal,159180,,,Uncommon,,Sorcery
Juzám Djinn,{2}{B}{B},4,B,Mark Tedin,74,Creature — Djinn,"At the beginning of your upkeep, Juzám Djinn deals 1 damage to you.","ARN,MED","""Expect my visit when the darkness comes. The night I think is best for hiding all.""\n—Ouallada",normal,159132,5,5,Rare,Djinn,Creature
Khabál Ghoul,{2}{B},3,B,Douglas Shuler,75,Creature — Zombie,"At the beginning of each end step, put a +1/+1 counter on Khabál Ghoul for each creature that died this turn.","ARN,MED",,normal,159764,1,1,Rare,Zombie,Creature
Mindstab Thrull,{1}{B}{B},3,B,Mark Tedin,76,Creature — Thrull,"Whenever Mindstab Thrull attacks and isn't blocked, you may sacrifice it. If you do, defending player discards three cards.","FEM,5ED,MED",,normal,159821,2,2,Common,Thrull,Creature
Nether Shadow,{B}{B},2,B,Christopher Rush,77,Creature — Spirit,"Haste\nAt the beginning of your upkeep, if Nether Shadow is in your graveyard with three or more creature cards above it, you may put Nether Shadow onto the battlefield.","LEA,LEB,2ED,CED,CEI,3ED,4ED,5ED,MED",,normal,159265,1,1,Uncommon,Spirit,Creature
Order of the Ebon Hand,{B}{B},2,B,Ron Spencer,78,Creature — Cleric Knight,Protection from white\n{B}: Order of the Ebon Hand gains first strike until end of turn.\n{B}{B}: Order of the Ebon Hand gets +1/+0 until end of turn.,"FEM,MED",,normal,159193,2,1,Common,"Cleric,Knight",Creature
Oubliette,{1}{B}{B},3,B,Douglas Shuler,79,Enchantment,"When Oubliette enters the battlefield, exile target creature and all Auras attached to it. Note the number and kind of counters that were on that creature.\nWhen Oubliette leaves the battlefield, return that exiled card to the battlefield under its owner's control tapped with the noted number and kind of counters on it. If you do, return the other exiled cards to the battlefield under their owner's control attached to that permanent.","ARN,MED",,normal,159135,,,Common,,Enchantment
Paralyze,{B},1,B,Anson Maddocks,80,Enchantment — Aura,"Enchant creature\nWhen Paralyze enters the battlefield, tap enchanted creature.\nEnchanted creature doesn't untap during its controller's untap step.\nAt the beginning of the upkeep of enchanted creature's controller, that player may pay {4}. If he or she does, untap the creature.","LEA,LEB,2ED,CED,CEI,3ED,4ED,5ED,MED,VMA",,normal,159267,,,Common,Aura,Enchantment
Phyrexian Boon,{2}{B},3,B,Mark Tedin,81,Enchantment — Aura,"Enchant creature\nEnchanted creature gets +2/+1 as long as it's black. Otherwise, it gets -1/-2.","ALL,MED","""Phyrexia's touch is painful to all but the blackest of hearts.""\n—Gerda Äagesdotter,\nArchmage of the Unseen",normal,159741,,,Common,Aura,Enchantment
Pox,{B}{B}{B},3,B,Cornelius Brudi,82,Sorcery,"Each player loses a third of his or her life, then discards a third of the cards in his or her hand, then sacrifices a third of the creatures he or she controls, then sacrifices a third of the lands he or she controls. Round up each time.","ICE,5ED,MED",,normal,159242,,,Rare,,Sorcery
Thrull Champion,{4}{B},5,B,Daniel Gelon,83,Creature — Thrull,Thrull creatures get +1/+1.\n{T}: Gain control of target Thrull for as long as you control Thrull Champion.,"FEM,MED","""Those idiots should never have bred thrulls for combat!""\n—Jherana Rure",normal,159200,2,2,Rare,Thrull,Creature
Thrull Retainer,{B},1,B,Ron Spencer,84,Enchantment — Aura,Enchant creature\nEnchanted creature gets +1/+1.\nSacrifice Thrull Retainer: Regenerate enchanted creature.,"FEM,5ED,MED","""Until the Rebellion, thrulls served their masters faithfully—even at the cost of their own lives.""\n—Sarpadian Empires, vol. II",normal,159201,,,Common,Aura,Enchantment
Artifact Blast,{R},1,R,Mark Poole,85,Instant,Counter target artifact spell.,"ATQ,MED,ME4","The first line of defense against Urza and Mishra, the artifact blast achieved widespread fame until an unlucky mage discovered it was useless on the devices the brothers had already created.",normal,159744,,,Common,,Instant
Balduvian Horde,{2}{R}{R},4,R,Brian Snõddy,86,Creature — Human Barbarian,"When Balduvian Horde enters the battlefield, sacrifice it unless you discard a card at random.","ALL,6ED,pWOR,BTD,DKM,MED","""Peace will come only when we have taken Varchild's head.""\n—Lovisa Coldeyes, Balduvian chieftain",normal,159086,5,5,Rare,"Human,Barbarian",Creature
Ball Lightning,{R}{R}{R},3,R,Quinton Hoover,87,Creature — Elemental,"Trample (This creature can deal excess combat damage to defending player or planeswalker while attacking.)\nHaste (This creature can attack and {T} as soon as it comes under your control.)\nAt the beginning of the end step, sacrifice Ball Lightning.","DRK,4ED,5ED,pJGP,BTD,MED,M10,PD2",,normal,159139,6,1,Rare,Elemental,Creature
Bestial Fury,{2}{R},3,R,Mike Raabe,88,Enchantment — Aura,"Enchant creature\nWhen Bestial Fury enters the battlefield, draw a card at the beginning of the next turn's upkeep.\nWhenever enchanted creature becomes blocked, it gets +4/+0 and gains trample until end of turn.","ALL,MED",,normal,159736,,,Common,Aura,Enchantment
Brothers of Fire,{1}{R}{R},3,R,Mark Tedin,89,Creature — Human Shaman,{1}{R}{R}: Brothers of Fire deals 1 damage to target creature or player and 1 damage to you.,"DRK,4ED,5ED,MED",Fire is never a gentle master.,normal,159141,2,2,Common,"Human,Shaman",Creature
Crookshank Kobolds,{0},,R,Christopher Rush,90,Creature — Kobold,,"LEG,MED","The Crookshank military boasts a standing army of nearly twenty-four million, give or take twenty-two million.",normal,159770,0,1,Common,Kobold,Creature
Dwarven Catapult,{X}{R},1,R,Jeff A. Menges,91,Instant,"Dwarven Catapult deals X damage divided evenly, rounded down, among all creatures target opponent controls.","FEM,5ED,MED","""Often greatly outnumbered in battle, dwarves relied on catapults as one means of damaging a large army.""\n—Sarpadian Empires, vol. IV",normal,159729,,,Uncommon,,Instant
Dwarven Soldier,{1}{R},2,R,Rob Alexander,92,Creature — Dwarf Soldier,"Whenever Dwarven Soldier blocks or becomes blocked by one or more Orcs, Dwarven Soldier gets +0/+2 until end of turn.","FEM,5ED,MED","""Let no one say we did not fight until the last . . . .""\n—Headstone fragment from a mass grave found in the Crimson Peaks",normal,159173,2,1,Common,"Dwarf,Soldier",Creature
Fissure,{3}{R}{R},5,R,Douglas Shuler,93,Instant,Destroy target creature or land. It can't be regenerated.,"DRK,4ED,MED","""Must not all things at the last be swallowed up in death?""\n—Plato, Phædo, trans. Jowett",normal,159147,,,Common,,Instant
Goblin Chirurgeon,{R},1,R,Dan Frazier,94,Creature — Goblin Shaman,Sacrifice a Goblin: Regenerate target creature.,"FEM,MED","""Perhaps goblins are good for something after all.""\n—General Khurzog",normal,159730,0,2,Common,"Goblin,Shaman",Creature
Goblin Grenade,{R},1,R,Ron Spencer,95,Sorcery,"As an additional cost to cast Goblin Grenade, sacrifice a Goblin.\nGoblin Grenade deals 5 damage to target creature or player.","FEM,ATH,MED,M12","""According to accepted theory, the grenade held some kind of flammable mixture and was carried to its target by a hapless goblin.""\n—Sarpadian Empires, vol. IV",normal,159731,,,Uncommon,,Sorcery
Goblin Mutant,{2}{R}{R},4,R,Daniel Gelon,96,Creature — Goblin Mutant,Trample\nGoblin Mutant can't attack if defending player controls an untapped creature with power 3 or greater.\nGoblin Mutant can't block creatures with power 3 or greater.,"ICE,ATH,DKM,MED","If only it had three brains, too.",normal,159229,5,3,Uncommon,"Goblin,Mutant",Creature
Goblin Wizard,{2}{R}{R},4,R,Daniel Gelon,97,Creature — Goblin Wizard,{T}: You may put a Goblin permanent card from your hand onto the battlefield.\n{R}: Target Goblin gains protection from white until end of turn.,"DRK,MED",,normal,159758,1,1,Rare,"Goblin,Wizard",Creature
Goblins of the Flarg,{R},1,R,Tom Wänerstrand,98,Creature — Goblin Warrior,"Mountainwalk (This creature can't be blocked as long as defending player controls a Mountain.)\nWhen you control a Dwarf, sacrifice Goblins of the Flarg.","DRK,CHR,MED",,normal,159759,1,1,Common,"Goblin,Warrior",Creature
Granite Gargoyle,{2}{R},3,R,Christopher Rush,99,Creature — Gargoyle,Flying\n{R}: Granite Gargoyle gets +0/+1 until end of turn.,"LEA,LEB,2ED,CED,CEI,3ED,MED","""While most overworlders fortunately don't realize this, gargoyles can be most delicious, providing you have the appropriate tools to carve them.""\n—Asmoranomardicadaistinaculdacar,\nThe Underworld Cookbook",normal,159259,2,2,Uncommon,Gargoyle,Creature
Jokulhaups,{4}{R}{R},6,R,Richard Thomas,100,Sorcery,"Destroy all artifacts, creatures, and lands. They can't be regenerated.","ICE,5ED,6ED,DKM,MED","""I was shocked when I first saw the aftermath of the Yavimaya Valley disaster. The raging waters had swept away trees, bridges, and even houses. My healers had much work to do.""\n—Halvor Arenson, Kjeldoran priest",normal,159235,,,Rare,,Sorcery
Keldon Warlord,{2}{R}{R},4,R,Kev Brockschmidt,101,Creature — Human Barbarian,Keldon Warlord's power and toughness are each equal to the number of non-Wall creatures you control.,"LEA,LEB,2ED,CED,CEI,3ED,4ED,5ED,MED",,normal,159262,*,*,Uncommon,"Human,Barbarian",Creature
Lightning Bolt,{R},1,R,Christopher Rush,102,Instant,Lightning Bolt deals 3 damage to target creature or player.,"LEA,LEB,2ED,CED,CEI,3ED,4ED,pJGP,ATH,BTD,pMPR,MED,M10,M11,PD2,MM2",,normal,159263,,,Common,,Instant
Mana Flare,{2}{R},3,R,Christopher Rush,103,Enchantment,"Whenever a player taps a land for mana, that player adds one mana to his or her mana pool of any type that land produced.","LEA,LEB,2ED,CED,CEI,3ED,4ED,5ED,MED",,normal,159264,,,Rare,,Enchantment
Márton Stromgald,{2}{R}{R},4,R,Mark Poole,104,Legendary Creature — Human Knight,"Whenever Márton Stromgald attacks, other attacking creatures get +1/+1 until end of turn for each attacking creature other than Márton Stromgald.\nWhenever Márton Stromgald blocks, other blocking creatures get +1/+1 until end of turn for each blocking creature other than Márton Stromgald.","ICE,MED",,normal,159237,1,1,Rare,"Human,Knight",Creature
Mountain Yeti,{2}{R}{R},4,R,Dan Frazier,105,Creature — Yeti,Mountainwalk (This creature can't be blocked as long as defending player controls a Mountain.)\nProtection from white,"LEG,CHR,MED",The Yeti's single greatest asset is its unnerving ability to blend in with its surroundings.,normal,159773,3,3,Common,Yeti,Creature
Orcish Mechanics,{2}{R},3,R,Pete Venters,106,Creature — Orc,"{T}, Sacrifice an artifact: Orcish Mechanics deals 2 damage to target creature or player.","ATQ,MED,ME4",,normal,159117,1,1,Uncommon,Orc,Creature
Pyroblast,{R},1,R,Kaja Foglio,107,Instant,Choose one —\n• Counter target spell if it's blue.\n• Destroy target permanent if it's blue.,"ICE,5ED,MED,EMA","""Just the thing for those pesky water mages.""\n—Jaya Ballard, task mage",normal,159243,,,Common,,Instant
Spinal Villain,{2}{R},3,R,Anson Maddocks,108,Creature — Beast,{T}: Destroy target blue creature.,"LEG,MED","""Striking silent as a dream,\nCutting short the strangled scream . . .""\n—Tobrian, ""Watchdragon""",normal,159315,1,2,Uncommon,Beast,Creature
Stone Giant,{2}{R}{R},4,R,Dameon Willich,109,Creature — Giant,{T}: Target creature you control with toughness less than Stone Giant's power gains flying until end of turn. Destroy that creature at the beginning of the next end step.,"LEA,LEB,2ED,CED,CEI,3ED,4ED,5ED,MED,M10,DDI","What goes up, must come down.",normal,159274,3,4,Uncommon,Giant,Creature
Varchild's War-Riders,{1}{R},2,R,Susan Van Camp,110,Creature — Human Warrior,"Cumulative upkeep—Have an opponent put a 1/1 red Survivor creature token onto the battlefield. (At the beginning of your upkeep, put an age counter on this permanent, then sacrifice it unless you pay its upkeep cost for each age counter on it.)\nTrample; rampage 1 (Whenever this creature becomes blocked, it gets +1/+1 until end of turn for each creature blocking it beyond the first.)","ALL,MED","""What tries to crush our spirit only strengthens our resolve.""\n—Lovisa Coldeyes, Balduvian chieftain",normal,159742,3,4,Rare,"Human,Warrior",Creature
Winds of Change,{R},1,R,Justin Hampton,111,Sorcery,"Each player shuffles the cards from his or her hand into his or her library, then draws that many cards.","LEG,4ED,5ED,POR,MED","""'Tis the set of sails and not the gales\nWhich tells us the way to go.""\n—Ella Wheeler Wilcox, ""Winds of Fate""",normal,159320,,,Uncommon,,Sorcery
Ydwen Efreet,{R}{R}{R},3,R,Drew Tucker,112,Creature — Efreet,"Whenever Ydwen Efreet blocks, flip a coin. If you lose the flip, remove Ydwen Efreet from combat and it can't block this turn. Creatures it was blocking that had become blocked by only Ydwen Efreet this combat become unblocked.","ARN,MED",,normal,159844,3,6,Rare,Efreet,Creature
Autumn Willow,{4}{G}{G},6,G,Margaret Organ-Kean,113,Legendary Creature — Avatar,"Shroud (This creature can't be the target of spells or abilities.)\n{G}: Until end of turn, Autumn Willow can be the target of spells and abilities controlled by target player as though it didn't have shroud.","HML,MED","""We must shake her limbs and rattle her brains.""\n—Grandmother Sengir",normal,159205,4,4,Rare,Avatar,Creature
Berserk,{G},1,G,Dan Frazier,114,Instant,"Cast Berserk only before the combat damage step.\nTarget creature gains trample and gets +X/+0 until end of turn, where X is its power. At the beginning of the next end step, destroy that creature if it attacked this turn.","LEA,LEB,2ED,CED,CEI,MED,V09,VMA",,normal,159254,,,Rare,,Instant
Carnivorous Plant,{3}{G},4,G,Quinton Hoover,115,Creature — Plant Wall,Defender,"DRK,4ED,ATH,MED","""It had a mouth like that of a great beast, and gnashed its teeth as it strained to reach us. I am thankful it possessed no means of locomotion.""\n—Vervamon the Elder",normal,159142,4,5,Uncommon,"Plant,Wall",Creature
Chub Toad,{2}{G},3,G,Daniel Gelon,116,Creature — Frog,"Whenever Chub Toad blocks or becomes blocked, it gets +2/+2 until end of turn.","ICE,5ED,MED","""Chub toad, chub toad\nAt the door.\nRun away quick\nOr you'll run no more.""\n—Traditional children's rhyme",normal,159226,1,1,Common,Frog,Creature
Eureka,{2}{G}{G},4,G,Kaja Foglio,117,Sorcery,"Starting with you, each player may put a permanent card from his or her hand onto the battlefield. Repeat this process until no one puts a card onto the battlefield.","LEG,MED,VMA",,normal,159300,,,Rare,,Sorcery
Fyndhorn Elves,{G},1,G,Justin Hampton,118,Creature — Elf Druid,{T}: Add {G} to your mana pool.,"ICE,DKM,MED,V13,VMA","""Living side by side with the elves for so long leaves me with no doubt that we serve the same goddess.""\n—Kolbjörn, elder druid of the Juniper Order",normal,159228,1,1,Common,"Elf,Druid",Creature
Gargantuan Gorilla,{4}{G}{G}{G},7,G,Greg Simanson,119,Creature — Ape,"At the beginning of your upkeep, you may sacrifice a Forest. If you sacrifice a snow Forest this way, Gargantuan Gorilla gains trample until end of turn. If you don't sacrifice a Forest, sacrifice Gargantuan Gorilla and it deals 7 damage to you.\n{T}: Gargantuan Gorilla deals damage equal to its power to another target creature. That creature deals damage equal to its power to Gargantuan Gorilla.","ALL,MED",,normal,159093,7,7,Rare,Ape,Creature
Ghazbán Ogre,{G},1,G,Jesper Myrfors,120,Creature — Ogre,"At the beginning of your upkeep, if a player has more life than each other player, the player with the most life gains control of Ghazbán Ogre.","ARN,CHR,5ED,MED",,normal,159127,2,2,Common,Ogre,Creature
Hungry Mist,{2}{G}{G},4,G,Heather Hudson,121,Creature — Elemental,"At the beginning of your upkeep, sacrifice Hungry Mist unless you pay {G}{G}.","HML,5ED,MED","""If the air must feed, let it take the self-righteous.""\n—Murat, death speaker",normal,159212,6,2,Common,Elemental,Creature
Ice Storm,{2}{G},3,G,Dan Frazier,122,Sorcery,Destroy target land.,"LEA,LEB,2ED,CED,CEI,MED",,normal,159260,,,Uncommon,,Sorcery
Ifh-Bíff Efreet,{2}{G}{G},4,G,Jesper Myrfors,123,Creature — Efreet,Flying\n{G}: Ifh-Bíff Efreet deals 1 damage to each creature with flying and each player. Any player may activate this ability.,"ARN,MED",,normal,159130,3,3,Rare,Efreet,Creature
Nature's Lore,{1}{G},2,G,Rick Emond,124,Sorcery,Search your library for a Forest card and put that card onto the battlefield. Then shuffle your library.,"ICE,5ED,POR,PO2,S99,MED,DDD,VMA,DD3_GVL","""Fyndhorn is our home.""\n—Kolbjörn, elder druid of the Juniper Order",normal,159238,,,Common,,Sorcery
Primal Order,{2}{G}{G},4,G,Rob Alexander,125,Enchantment,"At the beginning of each player's upkeep, Primal Order deals damage to that player equal to the number of nonbasic lands he or she controls.","HML,5ED,MED","""It's strange, but I can feel it when the land is corrupted. I understand why the Autumn Willow is so protective.""\n—Daria",normal,159215,,,Rare,,Enchantment
Rabid Wombat,{2}{G}{G},4,G,Kaja Foglio,126,Creature — Wombat,Vigilance\nRabid Wombat gets +2/+2 for each Aura attached to it.,"LEG,CHR,5ED,MED",,normal,159312,0,1,Uncommon,Wombat,Creature
Roots,{3}{G},4,G,Nicola Leonard,127,Enchantment — Aura,"Enchant creature without flying\nWhen Roots enters the battlefield, tap enchanted creature.\nEnchanted creature doesn't untap during its controller's untap step.","HML,MED,EMA","""That which nourishes can also bind.""\n—Gemma, Willow Priestess",normal,159218,,,Common,Aura,Enchantment
Scryb Sprites,{G},1,G,Amy Weber,128,Creature — Faerie,Flying,"LEA,LEB,2ED,CED,CEI,3ED,4ED,RQS,ITP,5ED,BRB,MED,ME3",The only sound was the gentle clicking of the faeries' wings. Then those intruders who were still standing turned and fled. One thing was certain: they didn't think the Scryb were very funny anymore.,normal,159270,1,1,Common,Faerie,Creature
Shambling Strider,{4}{G}{G},6,"G,R",Douglas Shuler,129,Creature — Yeti,{R}{G}: Shambling Strider gets +1/-1 until end of turn.,"ICE,BTD,MED",Freyalise forbid that any stranger should wander into the striders' territory.,normal,159246,5,5,Common,Yeti,Creature
Singing Tree,{3}{G},4,G,Rob Alexander,130,Creature — Plant,{T}: Target attacking creature has base power 0 until end of turn.,"ARN,MED",,normal,159765,0,3,Uncommon,Plant,Creature
Spectral Bears,{1}{G},2,G,Pat Morrissey,131,Creature — Bear Spirit,"Whenever Spectral Bears attacks, if defending player controls no black nontoken permanents, it doesn't untap during your next untap step.","HML,ATH,MED","""I hear there are bears—or spirits—that guard caravans passing through the forest.""\n—Gulsen, abbey matron",normal,159224,3,3,Uncommon,"Bear,Spirit",Creature
Storm Seeker,{3}{G},4,G,Mark Poole,132,Instant,Storm Seeker deals damage to target player equal to the number of cards in that player's hand.,"LEG,CHR,MED",,normal,159316,,,Uncommon,,Instant
Sylvan Library,{1}{G},2,G,Harold McNeill,133,Enchantment,"At the beginning of your draw step, you may draw two additional cards. If you do, choose two cards in your hand drawn this turn. For each of those cards, pay 4 life or put the card on top of your library.","LEG,4ED,5ED,MED,CM1,VMA,EMA",,normal,159317,,,Rare,,Enchantment
Thicket Basilisk,{3}{G}{G},5,G,Dan Frazier,134,Creature — Basilisk,"Whenever Thicket Basilisk blocks or becomes blocked by a non-Wall creature, destroy that creature at end of combat.","LEA,LEB,2ED,CED,CEI,3ED,4ED,5ED,6ED,MED","Moss-covered statues littered the area, a macabre monument to the basilisk's power.",normal,159275,2,4,Uncommon,Basilisk,Creature
Thorn Thallid,{1}{G}{G},3,G,Mark Tedin,135,Creature — Fungus,"At the beginning of your upkeep, put a spore counter on Thorn Thallid.\nRemove three spore counters from Thorn Thallid: Thorn Thallid deals 1 damage to target creature or player.","FEM,MED","""The danger in cultivating massive plants caught the elves by surprise.""\n—Sarpadian Empires, vol. III",normal,159196,2,2,Common,Fungus,Creature
Tornado,{4}{G},5,G,Susan Van Camp,136,Enchantment,"Cumulative upkeep {G} (At the beginning of your upkeep, put an age counter on this permanent, then sacrifice it unless you pay its upkeep cost for each age counter on it.)\n{2}{G}, Pay 3 life for each velocity counter on Tornado: Destroy target permanent and put a velocity counter on Tornado. Activate this ability only once each turn.","ALL,MED",,normal,159833,,,Rare,,Enchantment
Wanderlust,{2}{G},3,G,Cornelius Brudi,137,Enchantment — Aura,"Enchant creature\nAt the beginning of the upkeep of enchanted creature's controller, Wanderlust deals 1 damage to that player.","LEA,LEB,2ED,CED,CEI,3ED,4ED,5ED,MED",,normal,159757,,,Common,Aura,Enchantment
Winter Blast,{X}{G},1,G,Kaja Foglio,138,Sorcery,Tap X target creatures. Winter Blast deals 2 damage to each of those creatures with flying.,"LEG,4ED,RQS,ITP,5ED,MED","""Blow, winds, and crack your cheeks! rage! blow!""\n—William Shakespeare, King Lear",normal,159827,,,Uncommon,,Sorcery
Wyluli Wolf,{1}{G},2,G,Susan Van Camp,139,Creature — Wolf,{T}: Target creature gets +1/+1 until end of turn.,"ARN,5ED,6ED,MED","""When one wolf calls, others follow. Who wants to fight creatures that eat scorpions?""\n—Maimun al-Wyluli, diary",normal,159766,1,1,Common,Wolf,Creature
Yavimaya Ants,{2}{G}{G},4,G,Pat Morrissey,140,Creature — Insect,"Trample, haste\nCumulative upkeep {G}{G} (At the beginning of your upkeep, put an age counter on this permanent, then sacrifice it unless you pay its upkeep cost for each age counter on it.)","ALL,DKM,MED","""Few natural forces are as devastating as hunger.""\n—Kaysa, elder druid of the Juniper Order",normal,159109,5,1,Uncommon,Insect,Creature
Adun Oakenshield,{B}{R}{G},3,"B,R,G",Jeff A. Menges,141,Legendary Creature — Human Knight,"{B}{R}{G}, {T}: Return target creature card from your graveyard to your hand.","LEG,MED",""". . . And at his passing, the bodies of the world's great warriors shall rise from their graves and follow him to battle.""\n—The Anvilonian Grimoire",normal,159294,1,2,Rare,"Human,Knight",Creature
Centaur Archer,{1}{R}{G},3,"R,G",Melissa A. Benson,142,Creature — Centaur Archer,{T}: Centaur Archer deals 1 damage to target creature with flying.,"ICE,MED","""Centaurs will kill our aesthir if they can; they've always been enemies. Destroy the horse-people on sight.""\n—Arna Kennerüd, Skyknight",normal,159834,3,2,Uncommon,"Centaur,Archer",Creature
Dakkon Blackblade,{2}{W}{U}{U}{B},6,"W,U,B",Richard Kane Ferguson,143,Legendary Creature — Human Warrior,Dakkon Blackblade's power and toughness are each equal to the number of lands you control.,"LEG,CHR,MED","""My power is as vast as the plains, my strength is that of mountains. Each wave that crashes upon the shore thunders like blood in my veins.""\n—Dakkon Blackblade, Memoirs",normal,159298,*,*,Rare,"Human,Warrior",Creature
Energy Arc,{W}{U},2,"W,U",Terese Nielsen,144,Instant,Untap any number of target creatures. Prevent all combat damage that would be dealt to and dealt by those creatures this turn.,"ALL,MED","""Relent, and you may transcend your situation.""\n—Gerda Äagesdotter,\nArchmage of the Unseen",normal,159830,,,Uncommon,,Instant
Fire Covenant,{1}{B}{R},3,"B,R",Dan Frazier,145,Instant,"As an additional cost to cast Fire Covenant, pay X life.\nFire Covenant deals X damage divided as you choose among any number of target creatures.","ICE,MED",,normal,159836,,,Uncommon,,Instant
Hymn of Rebirth,{3}{G}{W},5,"W,G",Richard Kane Ferguson,146,Sorcery,Put target creature card from a graveyard onto the battlefield under your control.,"ICE,MED","""There will come soft rains, and spring shall be amongst us, a welcome friend.""\n—Halvor Arenson, Kjeldoran priest",normal,159838,,,Uncommon,,Sorcery
Jacques le Vert,{1}{R}{G}{W},4,"W,R,G",Andi Rusu,147,Legendary Creature — Human Warrior,Green creatures you control get +0/+2.,"LEG,MED","Abandoning his sword to return to the lush forest of Pendelhaven, Jacques le Vert devoted his life to protecting the creatures of his homeland.",normal,159301,3,2,Rare,"Human,Warrior",Creature
Lim-Dûl's Vault,{U}{B},2,"U,B",Rob Alexander,148,Instant,"Look at the top five cards of your library. As many times as you choose, you may pay 1 life, put those cards on the bottom of your library in any order, then look at the top five cards of your library. Then shuffle your library and put the last cards you looked at this way on top of it in any order.","ALL,MED,C13",,normal,159832,,,Uncommon,,Instant
Lord of Tresserhorn,{1}{U}{B}{R},4,"U,B,R",Anson Maddocks,149,Legendary Creature — Zombie,"When Lord of Tresserhorn enters the battlefield, you lose 2 life, you sacrifice two creatures, and target opponent draws two cards.\n{B}: Regenerate Lord of Tresserhorn.","ALL,MED",,normal,159096,10,4,Rare,Zombie,Creature
Phelddagrif,{1}{G}{W}{U},4,"W,U,G",Amy Weber,150,Legendary Creature — Phelddagrif,{G}: Phelddagrif gains trample until end of turn. Target opponent puts a 1/1 green Hippo creature token onto the battlefield.\n{W}: Phelddagrif gains flying until end of turn. Target opponent gains 2 life.\n{U}: Return Phelddagrif to its owner's hand. Target opponent may draw a card.,"ALL,MED",,normal,159097,4,4,Rare,Phelddagrif,Creature
Ankh of Mishra,{2},2,,Amy Weber,151,Artifact,"Whenever a land enters the battlefield, Ankh of Mishra deals 2 damage to that land's controller.","LEA,LEB,2ED,CED,CEI,3ED,4ED,5ED,6ED,MED,VMA",,normal,159251,,,Rare,,Artifact
Ashnod's Transmogrant,{1},1,,Mark Tedin,152,Artifact,"{T}, Sacrifice Ashnod's Transmogrant: Put a +1/+1 counter on target nonartifact creature. That creature becomes an artifact in addition to its other types.","ATQ,CHR,5ED,MED",Ashnod found few willing to trade their humanity for the power she offered them.,normal,159110,,,Common,,Artifact
Clockwork Beast,{6},6,,Drew Tucker,153,Artifact Creature — Beast,"Clockwork Beast enters the battlefield with seven +1/+0 counters on it.\nAt end of combat, if Clockwork Beast attacked or blocked this combat, remove a +1/+0 counter from it.\n{X}, {T}: Put up to X +1/+0 counters on Clockwork Beast. This ability can't cause the total number of +1/+0 counters on Clockwork Beast to be greater than seven. Activate this ability only during your upkeep.","LEA,LEB,2ED,CED,CEI,3ED,4ED,RQS,ITP,5ED,BTD,MED",,normal,159256,0,4,Uncommon,Beast,"Artifact,Creature"
Copper Tablet,{2},2,,Amy Weber,154,Artifact,"At the beginning of each player's upkeep, Copper Tablet deals 1 damage to that player.","LEA,LEB,2ED,CED,CEI,MED",,normal,159257,,,Uncommon,,Artifact
Cursed Rack,{4},4,,Richard Thomas,155,Artifact,"As Cursed Rack enters the battlefield, choose an opponent.\nThe chosen player's maximum hand size is four.","ATQ,4ED,MED",Ashnod invented several torture techniques that could make victims even miles away beg for mercy as if the End had come.,normal,159840,,,Uncommon,,Artifact
Dragon Engine,{3},3,,Anson Maddocks,156,Artifact Creature — Construct,{2}: Dragon Engine gets +1/+0 until end of turn.,"ATQ,3ED,4ED,5ED,6ED,MED,ME4",Those who believed the city of Kroog would never fall to Mishra's forces severely underestimated the might of his war machines.,normal,159841,1,3,Common,Construct,"Artifact,Creature"
Forcefield,{3},3,,Dan Frazier,157,Artifact,"{1}: The next time an unblocked creature of your choice would deal combat damage to you this turn, prevent all but 1 of that damage.","LEA,LEB,2ED,CED,CEI,MED",,normal,159755,,,Rare,,Artifact
Ivory Tower,{1},1,,Margaret Organ-Kean,158,Artifact,"At the beginning of your upkeep, you gain X life, where X is the number of cards in your hand minus 4.","ATQ,3ED,4ED,MED,V10,VMA","Valuing scholarship above all else, the inhabitants of the Ivory Tower reward those who sacrifice power for knowledge.",normal,159111,,,Rare,,Artifact
Mirror Universe,{6},6,,Phil Foglio,159,Artifact,"{T}, Sacrifice Mirror Universe: Exchange life totals with target opponent. Activate this ability only during your upkeep.","LEG,MED",,normal,159307,,,Rare,,Artifact
Nevinyrral's Disk,{4},4,,Mark Tedin,160,Artifact,"Nevinyrral's Disk enters the battlefield tapped.\n{1}, {T}: Destroy all artifacts, creatures, and enchantments.","LEA,LEB,2ED,CED,CEI,3ED,4ED,5ED,ATH,MED,V10,C13,VMA,C14,EMA",,normal,159266,,,Rare,,Artifact
Onulet,{3},3,,Anson Maddocks,161,Artifact Creature — Construct,"When Onulet dies, you gain 2 life.","ATQ,3ED,4ED,MED,ME4","An early inspiration for Urza, Tocasia's onulets contained magical essences that could be cannibalized after they stopped functioning.",normal,159116,2,2,Common,Construct,"Artifact,Creature"
Phyrexian War Beast,{3},3,,Bill Sienkiewicz,162,Artifact Creature — Beast,"When Phyrexian War Beast leaves the battlefield, sacrifice a land and Phyrexian War Beast deals 1 damage to you.","ALL,DKM,MED","""Knowing its origins, how could they have thought they could control it?""\n—Sorine Relicbane, Soldevi heretic",normal,159098,3,4,Uncommon,Beast,"Artifact,Creature"
Ring of Ma'rûf,{5},5,,Dan Frazier,163,Artifact,"{5}, {T}, Exile Ring of Ma'rûf: The next time you would draw a card this turn, instead choose a card you own from outside the game and put it into your hand.","ARN,MED",,normal,159136,,,Rare,,Artifact
Serpent Generator,{6},6,,Mark Tedin,164,Artifact,"{4}, {T}: Put a 1/1 colorless Snake artifact creature token onto the battlefield. It has ""Whenever this creature deals damage to a player, that player gets a poison counter."" (A player with ten or more poison counters loses the game.)","LEG,CHR,5ED,MED",,normal,159826,,,Rare,,Artifact
Shield of the Ages,{2},2,,Anson Maddocks,165,Artifact,{2}: Prevent the next 1 damage that would be dealt to you this turn.,"ICE,MED","""This shield is a true rarity: an artifact whose purpose is obvious.""\n—Arcum Dagsson, Soldevi machinist",normal,159839,,,Uncommon,,Artifact
Shield Sphere,{0},,,Alan Rabinowitz,166,Artifact Creature — Wall,"Defender\nWhenever Shield Sphere blocks, put a -0/-1 counter on it.","ALL,MED","""My soldiers know that they need never fear for their protection.""\n—King Darien of Kjeldor",normal,159103,0,6,Common,Wall,"Artifact,Creature"
Stone Calendar,{5},5,,Amy Weber,167,Artifact,Spells you cast cost up to {1} less to cast.,"DRK,MED",The Pretender Mairsil ordered a great calendar drawn up to show when the paths to the Dark Lands were strongest.,normal,159154,,,Uncommon,,Artifact
Su-Chi,{4},4,,Christopher Rush,168,Artifact Creature — Construct,"When Su-Chi dies, add {C}{C}{C}{C} to your mana pool.","ATQ,MED,VMA","Flawed copies of relics from the Thran Empire, the su-chi were inherently unstable but provided useful knowledge for Tocasia's students.",normal,159119,4,4,Rare,Construct,"Artifact,Creature"
Tawnos's Coffin,{4},4,,Christopher Rush,169,Artifact,"You may choose not to untap Tawnos's Coffin during your untap step.\n{3}, {T}: Exile target creature and all Auras attached to it. Note the number and kind of counters that were on that creature. When Tawnos's Coffin leaves the battlefield or becomes untapped, return that exiled card to the battlefield under its owner's control tapped with the noted number and kind of counters on it. If you do, return the other exiled cards to the battlefield under their owner's control attached to that permanent.","ATQ,MED",,normal,159120,,,Rare,,Artifact
Urza's Bauble,{0},,,Christopher Rush,170,Artifact,"{T}, Sacrifice Urza's Bauble: Look at a card at random in target player's hand. You draw a card at the beginning of the next turn's upkeep.","ICE,5ED,MED",,normal,159247,,,Uncommon,,Artifact
Urza's Chalice,{1},1,,Jeff A. Menges,171,Artifact,"Whenever a player casts an artifact spell, you may pay {1}. If you do, you gain 1 life.","ATQ,MED,ME4","When sorely wounded or tired, Urza would often retreat to the workshops of his apprentices. They were greatly amazed at how much better he looked each time he took a sip of water.",normal,159842,,,Common,,Artifact
Walking Wall,{4},4,,Anthony Waters,172,Artifact Creature — Wall,Defender\n{3}: Walking Wall gets +3/-1 until end of turn and can attack this turn as though it didn't have defender. Activate this ability only once each turn.,"ICE,DKM,MED","""The fortress is not what it seems.""\n—Arcum Dagsson, Soldevi machinist",normal,159248,0,6,Uncommon,Wall,"Artifact,Creature"
Winter Orb,{2},2,,Mark Tedin,173,Artifact,Players can't untap more than one land during their untap steps.,"LEA,LEB,2ED,CED,CEI,3ED,4ED,5ED,MED,EMA",,normal,159277,,,Rare,,Artifact
Zuran Orb,{0},,,Sandra Everingham,174,Artifact,Sacrifice a land: You gain 2 life.,"ICE,MED,V10","""I will go to any length to achieve my goal. Eternal life is worth any sacrifice.""\n—Zur the Enchanter",normal,159752,,,Uncommon,,Artifact
Diamond Valley,,,,Brian Snõddy,175,Land,"{T}, Sacrifice a creature: You gain life equal to the sacrificed creature's toughness.","ARN,MED",,normal,159124,,,Rare,,Land
Island of Wak-Wak,,,,Douglas Shuler,176,Land,{T}: Target creature with flying has base power 0 until end of turn.,"ARN,MED","The Isle of Wak-Wak, home to a tribe of winged folk, is named for a peculiar fruit that grows there. The fruit looks like a woman's head, and when ripe speaks the word ""Wak.""",normal,159763,,,Rare,,Land
Lake of the Dead,,,B,Pete Venters,177,Land,"If Lake of the Dead would enter the battlefield, sacrifice a Swamp instead. If you do, put Lake of the Dead onto the battlefield. If you don't, put it into its owner's graveyard.\n{T}: Add {B} to your mana pool.\n{T}, Sacrifice a Swamp: Add {B}{B}{B}{B} to your mana pool.","ALL,MED,VMA",,normal,159095,,,Rare,,Land
Mishra's Factory,,,,Kaja & Phil Foglio,178,Land,{T}: Add {C} to your mana pool.\n{1}: Mishra's Factory becomes a 2/2 Assembly-Worker artifact creature until end of turn. It's still a land.\n{T}: Target Assembly-Worker creature gets +1/+1 until end of turn.,"ATQ,4ED,pJGP,MED,DDF,EMA",,normal,159114,,,Uncommon,,Land
Rainbow Vale,,,,Kaja Foglio,179,Land,{T}: Add one mana of any color to your mana pool. An opponent gains control of Rainbow Vale at the beginning of the next end step.,"FEM,MED","In the feudal days of Icatia, finding the Rainbow Vale was often the goal of knights' quests.",normal,159734,,,Rare,,Land
Thawing Glaciers,,,,Jeff A. Menges,180,Land,"Thawing Glaciers enters the battlefield tapped.\n{1}, {T}: Search your library for a basic land card, put that card onto the battlefield tapped, then shuffle your library. Return Thawing Glaciers to its owner's hand at the beginning of the next cleanup step.","ALL,pJGP,MED,VMA",,normal,159106,,,Rare,,Land
Plains,,,W,Jesper Myrfors,181,Basic Land — Plains,,"LEA,LEB,2ED,CED,CEI,3ED,4ED,ICE,RQS,pARL,MIR,ITP,5ED,POR,pPRE,TMP,pJGP,PO2,UGL,pALP,USG,ATH,6ED,PTK,S99,pGRU,MMQ,BRB,pELP,S00,INV,7ED,ODY,ONS,8ED,MRD,CHK,UNH,9ED,RAV,CST,TSP,10E,MED,LRW,SHM,ALA,DDC,M10,HOP,ME3,ZEN,H09,DDE,ROE,ARC,M11,DDF,SOM,MBS,DDG,NPH,CMD,M12,DDH,ISD,DDI,AVR,PC2,M13,RTR,DDK,M14,DDL,THS,C13,MD1,M15,DDN,KTK,C14,DD3_DVD,FRF,DDO,DTK,TPR,ORI,DDP,BFZ,C15,DDQ,SOI",,normal,159287,,,Basic Land,Plains,Land
Plains,,,W,Jesper Myrfors,182,Basic Land — Plains,,"LEA,LEB,2ED,CED,CEI,3ED,4ED,ICE,RQS,pARL,MIR,ITP,5ED,POR,pPRE,TMP,pJGP,PO2,UGL,pALP,USG,ATH,6ED,PTK,S99,pGRU,MMQ,BRB,pELP,S00,INV,7ED,ODY,ONS,8ED,MRD,CHK,UNH,9ED,RAV,CST,TSP,10E,MED,LRW,SHM,ALA,DDC,M10,HOP,ME3,ZEN,H09,DDE,ROE,ARC,M11,DDF,SOM,MBS,DDG,NPH,CMD,M12,DDH,ISD,DDI,AVR,PC2,M13,RTR,DDK,M14,DDL,THS,C13,MD1,M15,DDN,KTK,C14,DD3_DVD,FRF,DDO,DTK,TPR,ORI,DDP,BFZ,C15,DDQ,SOI",,normal,159288,,,Basic Land,Plains,Land
Plains,,,W,Jesper Myrfors,183,Basic Land — Plains,,"LEA,LEB,2ED,CED,CEI,3ED,4ED,ICE,RQS,pARL,MIR,ITP,5ED,POR,pPRE,TMP,pJGP,PO2,UGL,pALP,USG,ATH,6ED,PTK,S99,pGRU,MMQ,BRB,pELP,S00,INV,7ED,ODY,ONS,8ED,MRD,CHK,UNH,9ED,RAV,CST,TSP,10E,MED,LRW,SHM,ALA,DDC,M10,HOP,ME3,ZEN,H09,DDE,ROE,ARC,M11,DDF,SOM,MBS,DDG,NPH,CMD,M12,DDH,ISD,DDI,AVR,PC2,M13,RTR,DDK,M14,DDL,THS,C13,MD1,M15,DDN,KTK,C14,DD3_DVD,FRF,DDO,DTK,TPR,ORI,DDP,BFZ,C15,DDQ,SOI",,normal,159289,,,Basic Land,Plains,Land
Island,,,U,Mark Poole,184,Basic Land — Island,,"LEA,LEB,2ED,CED,CEI,3ED,4ED,ICE,RQS,pARL,MIR,ITP,5ED,POR,TMP,pJGP,PO2,UGL,pALP,USG,6ED,PTK,S99,pGRU,MMQ,BRB,pELP,S00,BTD,INV,7ED,ODY,ONS,8ED,MRD,CHK,UNH,9ED,RAV,CST,TSP,10E,MED,LRW,SHM,ALA,DD2,M10,HOP,ME3,ZEN,H09,DDE,ROE,DPA,ARC,M11,DDF,SOM,MBS,NPH,CMD,M12,DDH,ISD,DDI,AVR,PC2,M13,DDJ,RTR,M14,THS,C13,DDM,M15,DDN,KTK,C14,DD3_JVC,FRF,DDO,DTK,TPR,ORI,BFZ,C15,DDQ,SOI",,normal,159281,,,Basic Land,Island,Land
Island,,,U,Mark Poole,185,Basic Land — Island,,"LEA,LEB,2ED,CED,CEI,3ED,4ED,ICE,RQS,pARL,MIR,ITP,5ED,POR,TMP,pJGP,PO2,UGL,pALP,USG,6ED,PTK,S99,pGRU,MMQ,BRB,pELP,S00,BTD,INV,7ED,ODY,ONS,8ED,MRD,CHK,UNH,9ED,RAV,CST,TSP,10E,MED,LRW,SHM,ALA,DD2,M10,HOP,ME3,ZEN,H09,DDE,ROE,DPA,ARC,M11,DDF,SOM,MBS,NPH,CMD,M12,DDH,ISD,DDI,AVR,PC2,M13,DDJ,RTR,M14,THS,C13,DDM,M15,DDN,KTK,C14,DD3_JVC,FRF,DDO,DTK,TPR,ORI,BFZ,C15,DDQ,SOI",,normal,159282,,,Basic Land,Island,Land
Island,,,U,Mark Poole,186,Basic Land — Island,,"LEA,LEB,2ED,CED,CEI,3ED,4ED,ICE,RQS,pARL,MIR,ITP,5ED,POR,TMP,pJGP,PO2,UGL,pALP,USG,6ED,PTK,S99,pGRU,MMQ,BRB,pELP,S00,BTD,INV,7ED,ODY,ONS,8ED,MRD,CHK,UNH,9ED,RAV,CST,TSP,10E,MED,LRW,SHM,ALA,DD2,M10,HOP,ME3,ZEN,H09,DDE,ROE,DPA,ARC,M11,DDF,SOM,MBS,NPH,CMD,M12,DDH,ISD,DDI,AVR,PC2,M13,DDJ,RTR,M14,THS,C13,DDM,M15,DDN,KTK,C14,DD3_JVC,FRF,DDO,DTK,TPR,ORI,BFZ,C15,DDQ,SOI",,normal,159283,,,Basic Land,Island,Land
Swamp,,,B,Dan Frazier,187,Basic Land — Swamp,,"LEA,LEB,2ED,CED,CEI,3ED,4ED,ICE,RQS,pARL,MIR,ITP,5ED,POR,TMP,pJGP,PO2,UGL,pALP,USG,ATH,6ED,PTK,S99,pGRU,MMQ,BRB,pELP,S00,BTD,INV,7ED,ODY,DKM,ONS,8ED,MRD,CHK,UNH,9ED,RAV,CST,TSP,10E,MED,LRW,SHM,ALA,DDC,M10,HOP,ME3,ZEN,DDD,H09,DDE,ROE,DPA,ARC,M11,SOM,MBS,NPH,CMD,M12,DDH,ISD,PD3,AVR,PC2,M13,DDJ,RTR,DDK,M14,THS,C13,DDM,MD1,M15,DDN,KTK,C14,DD3_DVD,DD3_GVL,FRF,DTK,TPR,ORI,DDP,BFZ,C15,DDQ,SOI",,normal,159290,,,Basic Land,Swamp,Land
Swamp,,,B,Dan Frazier,188,Basic Land — Swamp,,"LEA,LEB,2ED,CED,CEI,3ED,4ED,ICE,RQS,pARL,MIR,ITP,5ED,POR,TMP,pJGP,PO2,UGL,pALP,USG,ATH,6ED,PTK,S99,pGRU,MMQ,BRB,pELP,S00,BTD,INV,7ED,ODY,DKM,ONS,8ED,MRD,CHK,UNH,9ED,RAV,CST,TSP,10E,MED,LRW,SHM,ALA,DDC,M10,HOP,ME3,ZEN,DDD,H09,DDE,ROE,DPA,ARC,M11,SOM,MBS,NPH,CMD,M12,DDH,ISD,PD3,AVR,PC2,M13,DDJ,RTR,DDK,M14,THS,C13,DDM,MD1,M15,DDN,KTK,C14,DD3_DVD,DD3_GVL,FRF,DTK,TPR,ORI,DDP,BFZ,C15,DDQ,SOI",,normal,159291,,,Basic Land,Swamp,Land
Swamp,,,B,Dan Frazier,189,Basic Land — Swamp,,"LEA,LEB,2ED,CED,CEI,3ED,4ED,ICE,RQS,pARL,MIR,ITP,5ED,POR,TMP,pJGP,PO2,UGL,pALP,USG,ATH,6ED,PTK,S99,pGRU,MMQ,BRB,pELP,S00,BTD,INV,7ED,ODY,DKM,ONS,8ED,MRD,CHK,UNH,9ED,RAV,CST,TSP,10E,MED,LRW,SHM,ALA,DDC,M10,HOP,ME3,ZEN,DDD,H09,DDE,ROE,DPA,ARC,M11,SOM,MBS,NPH,CMD,M12,DDH,ISD,PD3,AVR,PC2,M13,DDJ,RTR,DDK,M14,THS,C13,DDM,MD1,M15,DDN,KTK,C14,DD3_DVD,DD3_GVL,FRF,DTK,TPR,ORI,DDP,BFZ,C15,DDQ,SOI",,normal,159292,,,Basic Land,Swamp,Land
Mountain,,,R,Douglas Shuler,190,Basic Land — Mountain,,"LEA,LEB,2ED,ARN,CED,CEI,3ED,4ED,ICE,RQS,pARL,MIR,ITP,5ED,POR,TMP,pJGP,PO2,UGL,pALP,USG,ATH,6ED,PTK,S99,pGRU,MMQ,BRB,pELP,S00,BTD,INV,7ED,ODY,DKM,ONS,8ED,MRD,CHK,UNH,9ED,RAV,CST,TSP,10E,MED,LRW,EVG,SHM,ALA,DD2,M10,HOP,ME3,ZEN,H09,DDE,ROE,DPA,ARC,M11,SOM,PD2,MBS,DDG,NPH,CMD,M12,DDH,ISD,DDI,AVR,PC2,M13,DDJ,RTR,DDK,M14,DDL,THS,C13,M15,DDN,KTK,C14,DD3_EVG,DD3_JVC,FRF,DTK,TPR,ORI,DDP,BFZ,C15,SOI",,normal,159284,,,Basic Land,Mountain,Land
Mountain,,,R,Douglas Shuler,191,Basic Land — Mountain,,"LEA,LEB,2ED,ARN,CED,CEI,3ED,4ED,ICE,RQS,pARL,MIR,ITP,5ED,POR,TMP,pJGP,PO2,UGL,pALP,USG,ATH,6ED,PTK,S99,pGRU,MMQ,BRB,pELP,S00,BTD,INV,7ED,ODY,DKM,ONS,8ED,MRD,CHK,UNH,9ED,RAV,CST,TSP,10E,MED,LRW,EVG,SHM,ALA,DD2,M10,HOP,ME3,ZEN,H09,DDE,ROE,DPA,ARC,M11,SOM,PD2,MBS,DDG,NPH,CMD,M12,DDH,ISD,DDI,AVR,PC2,M13,DDJ,RTR,DDK,M14,DDL,THS,C13,M15,DDN,KTK,C14,DD3_EVG,DD3_JVC,FRF,DTK,TPR,ORI,DDP,BFZ,C15,SOI",,normal,159285,,,Basic Land,Mountain,Land
Mountain,,,R,Douglas Shuler,192,Basic Land — Mountain,,"LEA,LEB,2ED,ARN,CED,CEI,3ED,4ED,ICE,RQS,pARL,MIR,ITP,5ED,POR,TMP,pJGP,PO2,UGL,pALP,USG,ATH,6ED,PTK,S99,pGRU,MMQ,BRB,pELP,S00,BTD,INV,7ED,ODY,DKM,ONS,8ED,MRD,CHK,UNH,9ED,RAV,CST,TSP,10E,MED,LRW,EVG,SHM,ALA,DD2,M10,HOP,ME3,ZEN,H09,DDE,ROE,DPA,ARC,M11,SOM,PD2,MBS,DDG,NPH,CMD,M12,DDH,ISD,DDI,AVR,PC2,M13,DDJ,RTR,DDK,M14,DDL,THS,C13,M15,DDN,KTK,C14,DD3_EVG,DD3_JVC,FRF,DTK,TPR,ORI,DDP,BFZ,C15,SOI",,normal,159286,,,Basic Land,Mountain,Land
Forest,,,G,Christopher Rush,193,Basic Land — Forest,,"LEA,LEB,2ED,CED,CEI,3ED,4ED,ICE,RQS,pARL,MIR,ITP,5ED,POR,TMP,pJGP,PO2,UGL,pALP,USG,ATH,6ED,PTK,S99,pGRU,MMQ,BRB,pELP,S00,BTD,INV,7ED,ODY,DKM,ONS,8ED,MRD,CHK,UNH,9ED,RAV,CST,TSP,10E,MED,LRW,EVG,SHM,ALA,M10,HOP,ME3,ZEN,DDD,H09,DDE,ROE,DPA,ARC,M11,SOM,MBS,DDG,NPH,CMD,M12,DDH,ISD,AVR,PC2,M13,DDJ,RTR,M14,DDL,THS,C13,DDM,M15,KTK,C14,DD3_EVG,DD3_GVL,FRF,DDO,DTK,TPR,ORI,DDP,BFZ,C15,SOI",,normal,159278,,,Basic Land,Forest,Land
Forest,,,G,Christopher Rush,194,Basic Land — Forest,,"LEA,LEB,2ED,CED,CEI,3ED,4ED,ICE,RQS,pARL,MIR,ITP,5ED,POR,TMP,pJGP,PO2,UGL,pALP,USG,ATH,6ED,PTK,S99,pGRU,MMQ,BRB,pELP,S00,BTD,INV,7ED,ODY,DKM,ONS,8ED,MRD,CHK,UNH,9ED,RAV,CST,TSP,10E,MED,LRW,EVG,SHM,ALA,M10,HOP,ME3,ZEN,DDD,H09,DDE,ROE,DPA,ARC,M11,SOM,MBS,DDG,NPH,CMD,M12,DDH,ISD,AVR,PC2,M13,DDJ,RTR,M14,DDL,THS,C13,DDM,M15,KTK,C14,DD3_EVG,DD3_GVL,FRF,DDO,DTK,TPR,ORI,DDP,BFZ,C15,SOI",,normal,159279,,,Basic Land,Forest,Land
Forest,,,G,Christopher Rush,195,Basic Land — Forest,,"LEA,LEB,2ED,CED,CEI,3ED,4ED,ICE,RQS,pARL,MIR,ITP,5ED,POR,TMP,pJGP,PO2,UGL,pALP,USG,ATH,6ED,PTK,S99,pGRU,MMQ,BRB,pELP,S00,BTD,INV,7ED,ODY,DKM,ONS,8ED,MRD,CHK,UNH,9ED,RAV,CST,TSP,10E,MED,LRW,EVG,SHM,ALA,M10,HOP,ME3,ZEN,DDD,H09,DDE,ROE,DPA,ARC,M11,SOM,MBS,DDG,NPH,CMD,M12,DDH,ISD,AVR,PC2,M13,DDJ,RTR,M14,DDL,THS,C13,DDM,M15,KTK,C14,DD3_EVG,DD3_GVL,FRF,DDO,DTK,TPR,ORI,DDP,BFZ,C15,SOI",,normal,159280,,,Basic Land,Forest,Land
