name,manaCost,cmc,colorIdentity,artist,number,type,text,printings,flavor,layout,multiverseid,power,toughness,rarity,subtypes,types
All Is Dust,{7},7,,Jason Felix,1,Tribal Sorcery — Eldrazi,Each player sacrifices all colored permanents he or she controls.,"pGPX,ROE,MM2","""The emergence of the Eldrazi isn't necessarily a bad thing, as long as you've already lived a fulfilling and complete life without regrets.""\n—Javad Nasrin, Ondu relic hunter",normal,397750,,,Rare,Eldrazi,"Tribal,Sorcery"
Artisan of Kozilek,{9},9,,Jason Felix,2,Creature — Eldrazi,"When you cast Artisan of Kozilek, you may return target creature card from your graveyard to the battlefield.\nAnnihilator 2 (Whenever this creature attacks, defending player sacrifices two permanents.)","pFNM,ROE,ARC,CMD,C14,MM2,DDP",,normal,397777,10,9,Uncommon,Eldrazi,Creature
"Emrakul, the Aeons Torn",{15},15,,Mark Tedin,3,Legendary Creature — Eldrazi,"Emrakul, the Aeons Torn can't be countered.\nWhen you cast Emrakul, take an extra turn after this one.\nFlying, protection from colored spells, annihilator 6\nWhen Emrakul is put into a graveyard from anywhere, its owner shuffles his or her graveyard into his or her library.","pPRE,ROE,MM2",,normal,397905,15,15,Mythic Rare,Eldrazi,Creature
Karn Liberated,{7},7,,Jason Chan,4,Planeswalker — Karn,"+4: Target player exiles a card from his or her hand.\n−3: Exile target permanent.\n−14: Restart the game, leaving in exile all non-Aura permanent cards exiled with Karn Liberated. Then put those cards onto the battlefield under your control.","NPH,MM2",,normal,397828,,,Mythic Rare,Karn,Planeswalker
"Kozilek, Butcher of Truth",{10},10,,Michael Komarck,5,Legendary Creature — Eldrazi,"When you cast Kozilek, Butcher of Truth, draw four cards.\nAnnihilator 4 (Whenever this creature attacks, defending player sacrifices four permanents.)\nWhen Kozilek is put into a graveyard from anywhere, its owner shuffles his or her graveyard into his or her library.","ROE,MM2",,normal,397668,12,12,Mythic Rare,Eldrazi,Creature
"Ulamog, the Infinite Gyre",{11},11,,Aleksi Briclot,6,Legendary Creature — Eldrazi,"When you cast Ulamog, the Infinite Gyre, destroy target permanent.\nIndestructible\nAnnihilator 4 (Whenever this creature attacks, defending player sacrifices four permanents.)\nWhen Ulamog is put into a graveyard from anywhere, its owner shuffles his or her graveyard into his or her library.","ROE,V11,MM2",,normal,397815,10,10,Mythic Rare,Eldrazi,Creature
Ulamog's Crusher,{8},8,,Todd Lockwood,7,Creature — Eldrazi,"Annihilator 2 (Whenever this creature attacks, defending player sacrifices two permanents.)\nUlamog's Crusher attacks each turn if able.","ROE,MM2,DDP","""Whatever the Eldrazi's purpose is, it has nothing to do with something so insignificant as us.""\n—Nirthu, lone missionary",normal,397678,8,8,Common,Eldrazi,Creature
Apostle's Blessing,{1}{W/P},2,W,Brad Rigney,8,Instant,({W/P} can be paid with either {W} or 2 life.)\nTarget artifact or creature you control gains protection from artifacts or from the color of your choice until end of turn.,"NPH,MM2",,normal,397768,,,Common,,Instant
Arrest,{2}{W},3,W,Daarken,9,Enchantment — Aura,"Enchant creature\nEnchanted creature can't attack or block, and its activated abilities can't be activated.","pMEI,MMQ,MRD,SOM,RTR,MM2","Bladehold houses a rogues' gallery filled with the living ""statues"" of the worst enemies of the Auriok.",normal,397723,,,Common,Aura,Enchantment
Battlegrace Angel,{3}{W}{W},5,W,Matt Stewart,10,Creature — Angel,"Flying\nExalted (Whenever a creature you control attacks alone, that creature gets +1/+1 until end of turn.)\nWhenever a creature you control attacks alone, it gains lifelink until end of turn.","ALA,MM2",,normal,397766,4,4,Rare,Angel,Creature
Celestial Purge,{1}{W},2,W,David Palumbo,11,Instant,Exile target black or red permanent.,"pMPR,CON,M10,M11,M12,MM2","""They say only the good die young. Obviously, you are one of the exceptions.""\n—Delrobah, cleric of Ivora Gate",normal,397699,,,Uncommon,,Instant
Conclave Phalanx,{4}{W},5,W,Wayne Reynolds,12,Creature — Human Soldier,"Convoke (Your creatures can help cast this spell. Each creature you tap while casting this spell pays for {1} or one mana of that creature's color.)\nWhen Conclave Phalanx enters the battlefield, you gain 1 life for each creature you control.","RAV,DDF,MM2",,normal,397812,2,4,Common,"Human,Soldier",Creature
Court Homunculus,{W},1,W,Matt Cavotta,13,Artifact Creature — Homunculus,Court Homunculus gets +1/+1 as long as you control another artifact.,"CON,MMA,MM2",Mages of Esper measure their wealth and status by the number of servants in their retinues.,normal,397776,1,1,Common,Homunculus,"Artifact,Creature"
Daybreak Coronet,{W}{W},2,W,Johannes Voss,14,Enchantment — Aura,"Enchant creature with another Aura attached to it\nEnchanted creature gets +3/+3 and has first strike, vigilance, and lifelink. (Damage dealt by the creature also causes its controller to gain that much life.)","FUT,MM2","""Let the deception of the gods yield to the pure light of day.""\n—Brimaz, king of Oreskos",normal,397798,,,Rare,Aura,Enchantment
Dispatch,{W},1,W,Erica Yang,15,Instant,"Tap target creature.\nMetalcraft — If you control three or more artifacts, exile that creature.","NPH,MM2",Venser wondered if it could still be called a teleportation spell if the destination is oblivion.,normal,397781,,,Uncommon,,Instant
"Elesh Norn, Grand Cenobite",{5}{W}{W},7,W,Igor Kieryluk,16,Legendary Creature — Praetor,Vigilance\nOther creatures you control get +2/+2.\nCreatures your opponents control get -2/-2.,"pJGP,NPH,MM2","""The Gitaxians whisper among themselves of other worlds. If they exist, we must bring Phyrexia's magnificence to them.""",normal,397880,4,7,Mythic Rare,Praetor,Creature
Fortify,{2}{W},3,W,Christopher Moeller,17,Instant,Choose one —\n• Creatures you control get +2/+0 until end of turn.\n• Creatures you control get +0/+2 until end of turn.,"TSP,M14,MM2","""Where metal is tainted and wood is scarce, we are best armed by faith.""\n—Tavalus, acolyte of Korlis",normal,397874,,,Common,,Instant
"Hikari, Twilight Guardian",{3}{W}{W},5,W,Glen Angus,18,Legendary Creature — Spirit,"Flying\nWhenever you cast a Spirit or Arcane spell, you may exile Hikari, Twilight Guardian. If you do, return it to the battlefield under its owner's control at the beginning of the next end step.","CHK,MM2",,normal,397790,4,4,Uncommon,Spirit,Creature
Indomitable Archangel,{2}{W}{W},4,W,Allen Williams,19,Creature — Angel,Flying\nMetalcraft — Artifacts you control have shroud as long as you control three or more artifacts. (An artifact with shroud can't be the target of spells or abilities.),"SOM,MM2","""Every sword drawn to defend is an angelic blade, guided to justice by an angelic hand.""\n—Auriok proverb",normal,397727,4,4,Rare,Angel,Creature
"Iona, Shield of Emeria",{6}{W}{W}{W},9,W,Jason Chan,20,Legendary Creature — Angel,"Flying\nAs Iona, Shield of Emeria enters the battlefield, choose a color.\nYour opponents can't cast spells of the chosen color.","ZEN,MM2,V15",No more shall the righteous cower before evil.,normal,397800,7,7,Mythic Rare,Angel,Creature
Kami of Ancient Law,{1}{W},2,W,Mark Tedin,21,Creature — Spirit,Sacrifice Kami of Ancient Law: Destroy target enchantment.,"CHK,MM2","""Duty and law are the foundation on which civilization stands. They must not fall, for when they do, they take everything with them.""\n—Lord Konda",normal,397892,2,2,Common,Spirit,Creature
Kor Duelist,{W},1,W,Izzy,22,Creature — Kor Soldier,"As long as Kor Duelist is equipped, it has double strike. (It deals both first-strike and regular combat damage.)","pWPN,ZEN,MM2","""Swords cannot reach far enough. Chains cannot strike hard enough. An eternal dilemma, but a simple one.""",normal,397675,1,1,Uncommon,"Kor,Soldier",Creature
Leyline of Sanctity,{2}{W}{W},4,W,Ryan Pancoast,23,Enchantment,"If Leyline of Sanctity is in your opening hand, you may begin the game with it on the battlefield.\nYou have hexproof. (You can't be the target of spells or abilities your opponents control.)","M11,MM2",,normal,397677,,,Rare,,Enchantment
Mighty Leap,{1}{W},2,W,rk post,24,Instant,Target creature gets +2/+2 and gains flying until end of turn.,"M11,DDF,DDG,M12,DDO,MM2,ORI,OGW","""The southern fortress taken by invaders? Heh, sure . . . when elephants fly.""\n—Brezard Skeinbow, captain of the guard",normal,397681,,,Common,,Instant
Mirran Crusader,{1}{W}{W},3,W,Eric Deschamps,25,Creature — Human Knight,"Double strike, protection from black and from green","pMEI,MBS,MM2",A symbol of what Mirrodin once was and hope for what it will be again.,normal,397737,2,2,Rare,"Human,Knight",Creature
Mirror Entity,{2}{W},3,W,Zoltan Boros & Gabor Szikszai,26,Creature — Shapeshifter,"Changeling (This card is every creature type.)\n{X}: Until end of turn, creatures you control have base power and toughness X/X and gain all creature types.","LRW,C13,MM2","Unaware of Lorwyn's diversity, it sees only itself, reflected a thousand times over.",normal,397806,1,1,Rare,Shapeshifter,Creature
Moonlit Strider,{3}{W},4,W,John Avon,27,Creature — Spirit,"Sacrifice Moonlit Strider: Target creature you control gains protection from the color of your choice until end of turn.\nSoulshift 3 (When this creature dies, you may return target Spirit card with converted mana cost 3 or less from your graveyard to your hand.)","BOK,MM2",,normal,397803,1,4,Common,Spirit,Creature
Myrsmith,{1}{W},2,W,Eric Deschamps,28,Creature — Human Artificer,"Whenever you cast an artifact spell, you may pay {1}. If you do, put a 1/1 colorless Myr artifact creature token onto the battlefield.","SOM,MM2","The Auriok see the artificer as a conduit, beckoning new creations into the world.",normal,397779,2,1,Uncommon,"Human,Artificer",Creature
Oblivion Ring,{2}{W},3,W,Franz Vohwinkel,29,Enchantment,"When Oblivion Ring enters the battlefield, exile another target nonland permanent.\nWhen Oblivion Ring leaves the battlefield, return the exiled card to the battlefield under its owner's control.","pFNM,LRW,ALA,HOP,ARC,DDG,CMD,M12,DDI,M13,MM2",,normal,397760,,,Uncommon,,Enchantment
Otherworldly Journey,{1}{W},2,W,Vance Kovacs,30,Instant — Arcane,"Exile target creature. At the beginning of the next end step, return that card to the battlefield under its owner's control with a +1/+1 counter on it.","CHK,DDC,MMA,DD3_DVD,MM2","""The landscape shimmered and I felt a chill breeze. When my vision cleared, I found myself alone among the corpses of my fallen friends.""\n—Journal found in Numai",normal,397855,,,Common,Arcane,Instant
Raise the Alarm,{1}{W},2,W,Zoltan Boros,31,Instant,Put two 1/1 white Soldier creature tokens onto the battlefield.,"MRD,DDF,MD1,M15,DDO,MM2,EMA","Like blinking or breathing, responding to an alarm is an involuntary reflex.",normal,397666,,,Common,,Instant
Skyhunter Skirmisher,{1}{W}{W},3,W,Greg Staples,32,Creature — Cat Knight,"Flying, double strike","5DN,10E,C14,MM2","""Like dawn's first light, blind the unprepared and banish the shadows.""\n—Skyhunter creed",normal,397835,1,1,Common,"Cat,Knight",Creature
Spectral Procession,{2/W}{2/W}{2/W},6,W,Tomasz Jedruszek,33,Sorcery,Put three 1/1 white Spirit creature tokens with flying onto the battlefield.,"SHM,DDK,MD1,C14,MM2","""I need never remember my past associates, my victims, my mistakes. Innistrad preserves them all for me.""\n—Sorin Markov",normal,397841,,,Uncommon,,Sorcery
Sunlance,{W},1,W,Volkan Baga,34,Sorcery,Sunlance deals 3 damage to target nonwhite creature.,"PLC,DDF,DDO,MM2","""It's easy for the innocent to speak of justice. They seldom feel its terrible power.""\n—Orim, Samite inquisitor",normal,397862,,,Common,,Sorcery
Sunspear Shikari,{1}{W},2,W,Allen Williams,35,Creature — Cat Soldier,"As long as Sunspear Shikari is equipped, it has first strike and lifelink.","SOM,MM2","Left without their leader Raksha, the leonin split into two prides: one side supported the regent kha, while the other rebelled in fury.",normal,397801,2,2,Common,"Cat,Soldier",Creature
Taj-Nar Swordsmith,{3}{W},4,W,Todd Lockwood,36,Creature — Cat Soldier,"When Taj-Nar Swordsmith enters the battlefield, you may pay {X}. If you do, search your library for an Equipment card with converted mana cost X or less and put that card onto the battlefield. Then shuffle your library.","MRD,MM2",,normal,397873,2,3,Uncommon,"Cat,Soldier",Creature
Terashi's Grasp,{2}{W},3,W,Mark Tedin,37,Sorcery — Arcane,Destroy target artifact or enchantment. You gain life equal to its converted mana cost.,"BOK,MMA,MM2","""The jeweler, the potter, the smith . . . They all imbue a bit of their souls into their creations. The kami destroy that crafted mortal shell and absorb the soul within.""\n—Noboru, master kitemaker",normal,397891,,,Common,Arcane,Sorcery
Waxmane Baku,{2}{W},3,W,Greg Hildebrandt,38,Creature — Spirit,"Whenever you cast a Spirit or Arcane spell, you may put a ki counter on Waxmane Baku.\n{1}, Remove X ki counters from Waxmane Baku: Tap X target creatures.","BOK,MM2",,normal,397732,2,2,Common,Spirit,Creature
Æthersnipe,{5}{U},6,U,Zoltan Boros & Gabor Szikszai,39,Creature — Elemental,"When Æthersnipe enters the battlefield, return target nonland permanent to its owner's hand.\nEvoke {1}{U}{U} (You may cast this spell for its evoke cost. If you do, it's sacrificed when it enters the battlefield.)","LRW,DD2,CMD,MMA,DD3_JVC,MM2",,normal,397746,4,4,Common,Elemental,Creature
Air Servant,{4}{U},5,U,Lars Grant-West,40,Creature — Elemental,Flying\n{2}{U}: Tap target creature with flying.,"M11,M14,CNS,MM2,W16","""Wind is forceful, yet ephemeral. It can knock a dragon out of the sky, yet pass through the smallest crack unhindered.""\n—Jestus Dreya, Of Elements and Eternity",normal,397847,4,3,Uncommon,Elemental,Creature
Argent Sphinx,{2}{U}{U},4,U,Chris Rahn,41,Creature — Sphinx,Flying\nMetalcraft — {U}: Exile Argent Sphinx. Return it to the battlefield under your control at the beginning of the next end step. Activate this ability only if you control three or more artifacts.,"SOM,MM2","A great mirage, a dream of wings and silver.",normal,397887,4,3,Rare,Sphinx,Creature
Cloud Elemental,{2}{U},3,U,Michael Sutfin,42,Creature — Elemental,Flying\nCloud Elemental can block only creatures with flying.,"VIS,BTD,10E,M11,MM2","""The sky teems with just as much life as the forest or the deep seas.""\n—Hadi Kasten, Calla Dale naturalist",normal,397744,2,3,Common,Elemental,Creature
Cryptic Command,{1}{U}{U}{U},4,U,Wayne England,43,Instant,Choose two —\n• Counter target spell.\n• Return target permanent to its owner's hand.\n• Tap all creatures your opponents control.\n• Draw a card.,"pMPR,LRW,MMA,MM2",,normal,397793,,,Rare,,Instant
Faerie Mechanist,{3}{U},4,U,Matt Cavotta,44,Artifact Creature — Faerie Artificer,"Flying\nWhen Faerie Mechanist enters the battlefield, look at the top three cards of your library. You may reveal an artifact card from among them and put it into your hand. Put the rest on the bottom of your library in any order.","CON,DDF,MMA,MM2",,normal,397888,2,2,Common,"Faerie,Artificer","Artifact,Creature"
Flashfreeze,{1}{U},2,U,Brian Despain,45,Instant,Counter target red or green spell.,"CSP,10E,M10,M11,M12,MM2","""Your downfall was not your ignorance, your weakness, or your hubris, but your warm blood.""\n—Heidar, Rimewind master",normal,397775,,,Uncommon,,Instant
Guile,{3}{U}{U}{U},6,U,Zoltan Boros & Gabor Szikszai,46,Creature — Elemental Incarnation,"Guile can't be blocked except by three or more creatures.\nIf a spell or ability you control would counter a spell, instead exile that spell and you may play that card without paying its mana cost.\nWhen Guile is put into a graveyard from anywhere, shuffle it into its owner's library.","LRW,DD2,DD3_JVC,MM2",,normal,397696,6,6,Rare,"Elemental,Incarnation",Creature
Helium Squirter,{4}{U},5,U,Hideaki Takamura,47,Creature — Beast Mutant,"Graft 3 (This creature enters the battlefield with three +1/+1 counters on it. Whenever another creature enters the battlefield, you may move a +1/+1 counter from this creature onto it.)\n{1}: Target creature with a +1/+1 counter on it gains flying until end of turn.","DIS,MM2",,normal,397903,0,0,Common,"Beast,Mutant",Creature
Hurkyl's Recall,{1}{U},2,U,Ralph Horsley,48,Instant,Return all artifacts target player owns to his or her hand.,"ATQ,3ED,4ED,5ED,10E,MM2","Hurkyl's research at the College of Lat-Nam wasn't enough to stop the two brothers, but for centuries thereafter her spellcraft taught artificers restraint.",normal,397868,,,Rare,,Instant
Inexorable Tide,{3}{U}{U},5,U,Dave Kendall,49,Enchantment,"Whenever you cast a spell, proliferate. (You choose any number of permanents and/or players with counters on them, then give each another counter of a kind already there.)","SOM,MM2","""See how gratefully this world accepts our blessings.""\n—Jin-Gitaxias, Core Augur",normal,397762,,,Rare,,Enchantment
Mana Leak,{1}{U},2,U,Howard Lyon,50,Instant,Counter target spell unless its controller pays {3}.,"pARL,STH,BRB,pMPR,8ED,9ED,M11,M12,DDN,TPR,MM2",The fatal flaw in every plan is the assumption that you know more than your enemy.,normal,397773,,,Common,,Instant
Mulldrifter,{4}{U},5,U,Eric Fortune,51,Creature — Elemental,"Flying\nWhen Mulldrifter enters the battlefield, draw two cards.\nEvoke {2}{U} (You may cast this spell for its evoke cost. If you do, it's sacrificed when it enters the battlefield.)","pFNM,LRW,DD2,CMD,MMA,C14,DD3_JVC,MM2,C15",,normal,397764,2,2,Uncommon,Elemental,Creature
Narcolepsy,{1}{U},2,U,Johann Bodin,52,Enchantment — Aura,"Enchant creature\nAt the beginning of each upkeep, if enchanted creature is untapped, tap it.","ROE,MM2","""It's so cute when it's sleeping, isn't it? Actually, it's still as abhorrent as ever, but at least it's not trying to kill us.""\n—Noyan Dar, Tazeem lullmage",normal,397802,,,Common,Aura,Enchantment
Novijen Sages,{4}{U}{U},6,U,Luca Zontini,53,Creature — Human Advisor Mutant,"Graft 4 (This creature enters the battlefield with four +1/+1 counters on it. Whenever another creature enters the battlefield, you may move a +1/+1 counter from this creature onto it.)\n{1}, Remove two +1/+1 counters from among creatures you control: Draw a card.","DIS,MM2",,normal,397663,0,0,Uncommon,"Human,Advisor,Mutant",Creature
Qumulox,{6}{U}{U},8,U,Carl Critchlow,54,Creature — Beast,Affinity for artifacts (This spell costs {1} less to cast for each artifact you control.)\nFlying,"5DN,HOP,DDF,MM2","Even the clouds bend themselves to Memnarch's will, eager to swallow those who oppose him.",normal,397877,5,4,Uncommon,Beast,Creature
Remand,{1}{U},2,U,Zoltan Boros,55,Instant,"Counter target spell. If that spell is countered this way, put it into its owner's hand instead of into that player's graveyard.\nDraw a card.","pFNM,RAV,DDM,MM2","For the Azorius, the law can be a physical shield against chaos and anarchy.",normal,397881,,,Uncommon,,Instant
Repeal,{X}{U},1,U,Anthony Palumbo,56,Instant,Return target nonland permanent with converted mana cost X to its owner's hand.\nDraw a card.,"GPT,DDN,MM2,C15","""Your deed cannot be undone. You, however, can be.""\n—Agosto, Azorius imperator",normal,397667,,,Common,,Instant
Somber Hoverguard,{5}{U},6,U,Adam Rex,57,Creature — Drone,Affinity for artifacts (This spell costs {1} less to cast for each artifact you control.)\nFlying,"MRD,MM2",The vedalken interrogate all intruders—once the hoverguards are done with them.,normal,397831,3,2,Common,Drone,Creature
Steady Progress,{2}{U},3,U,Efrem Palacios,58,Instant,"Proliferate. (You choose any number of permanents and/or players with counters on them, then give each another counter of a kind already there.)\nDraw a card.","SOM,MM2","""More of that strange oil . . . It's probably nothing.""",normal,397805,,,Common,,Instant
Stoic Rebuttal,{1}{U}{U},3,U,Chris Rahn,59,Instant,Metalcraft — Stoic Rebuttal costs {1} less to cast if you control three or more artifacts.\nCounter target spell.,"SOM,MM2","Obsessed with the pursuit of knowledge above all else, vedalken can appear to be cold and emotionless.",normal,397765,,,Common,,Instant
Surrakar Spellblade,{1}{U}{U},3,U,Dave Kendall,60,Creature — Surrakar,"Whenever you cast an instant or sorcery spell, you may put a charge counter on Surrakar Spellblade.\nWhenever Surrakar Spellblade deals combat damage to a player, you may draw X cards, where X is the number of charge counters on it.","ROE,MM2",,normal,397735,2,1,Rare,Surrakar,Creature
Telling Time,{1}{U},2,U,Scott M. Fischer,61,Instant,"Look at the top three cards of your library. Put one of those cards into your hand, one on top of your library, and one on the bottom of your library.","RAV,10E,MM2","Mastery is achieved when ""telling time"" becomes ""telling time what to do.""",normal,397728,,,Common,,Instant
Tezzeret the Seeker,{3}{U}{U},5,U,Anthony Francisco,62,Planeswalker — Tezzeret,+1: Untap up to two target artifacts.\n−X: Search your library for an artifact card with converted mana cost X or less and put it onto the battlefield. Then shuffle your library.\n−5: Artifacts you control become artifact creatures with base power and toughness 5/5 until end of turn.,"ALA,DDF,MM2",,normal,397700,,,Mythic Rare,Tezzeret,Planeswalker
Tezzeret's Gambit,{3}{U/P},4,U,Karl Kopinski,63,Sorcery,"({U/P} can be paid with either {U} or 2 life.)\nDraw two cards, then proliferate. (You choose any number of permanents and/or players with counters on them, then give each another counter of a kind already there.)","NPH,MM2",,normal,397670,,,Uncommon,,Sorcery
Thoughtcast,{4}{U},5,U,Greg Hildebrandt,64,Sorcery,Affinity for artifacts (This spell costs {1} less to cast for each artifact you control.)\nDraw two cards.,"MRD,DDF,MM2",Vedalken eyes don't see the beauty in things. They see only what those things can teach.,normal,397804,,,Common,,Sorcery
Thrummingbird,{1}{U},2,U,Efrem Palacios,65,Creature — Bird Horror,"Flying\nWhenever Thrummingbird deals combat damage to a player, proliferate. (You choose any number of permanents and/or players with counters on them, then give each another counter of a kind already there.)","SOM,MM2",,normal,397860,1,1,Common,"Bird,Horror",Creature
Vapor Snag,{U},1,U,Raymond Swanland,66,Instant,Return target creature to its owner's hand. Its controller loses 1 life.,"NPH,DDH,MM2","""This creature is inadequate. Send it to the splicers for innovation.""\n—Malcator, Executor of Synthesis",normal,397738,,,Common,,Instant
Vendilion Clique,{1}{U}{U},3,U,Willian Murai,67,Legendary Creature — Faerie Wizard,"Flash\nFlying\nWhen Vendilion Clique enters the battlefield, look at target player's hand. You may choose a nonland card from it. If you do, that player reveals the chosen card, puts it on the bottom of his or her library, then draws a card.","pJGP,MOR,MMA,MM2",,normal,397824,3,1,Mythic Rare,"Faerie,Wizard",Creature
Vigean Graftmage,{2}{U},3,U,Alan Pollack,68,Creature — Vedalken Wizard Mutant,"Graft 2 (This creature enters the battlefield with two +1/+1 counters on it. Whenever another creature enters the battlefield, you may move a +1/+1 counter from this creature onto it.)\n{1}{U}: Untap target creature with a +1/+1 counter on it.","DIS,MM2",,normal,397829,0,0,Common,"Vedalken,Wizard,Mutant",Creature
Water Servant,{2}{U}{U},4,U,Igor Kieryluk,69,Creature — Elemental,{U}: Water Servant gets +1/-1 until end of turn.\n{U}: Water Servant gets -1/+1 until end of turn.,"M11,M14,MM2","""This creature has innate perceptiveness. It knows when to rise and when to vanish into the tides.""\n—Jestus Dreya, Of Elements and Eternity",normal,397694,3,4,Uncommon,Elemental,Creature
Wings of Velis Vel,{1}{U},2,U,Jim Pavelec,70,Tribal Instant — Shapeshifter,"Changeling (This card is every creature type.)\nUntil end of turn, target creature has base power and toughness 4/4, gains all creature types, and gains flying.","LRW,MM2",Changeling magic grants unusual wishes.,normal,397897,,,Common,Shapeshifter,"Tribal,Instant"
Bitterblossom,{1}{B},2,B,Rebecca Guay,71,Tribal Enchantment — Faerie,"At the beginning of your upkeep, you lose 1 life and put a 1/1 black Faerie Rogue creature token with flying onto the battlefield.","pJGP,MOR,MM2","In Lorwyn's brief evenings, the sun pauses at the horizon long enough for a certain species of violet to bloom with the fragrance of mischief.",normal,397701,,,Mythic Rare,Faerie,"Tribal,Enchantment"
Bloodthrone Vampire,{1}{B},2,B,Steve Argyle,72,Creature — Vampire,Sacrifice a creature: Bloodthrone Vampire gets +2/+2 until end of turn.,"pMEI,ROE,M11,M13,MM2,DDP","Some humans willingly offered up their blood, hoping it would grant the vampire families the strength to stave off the Eldrazi.",normal,397715,1,1,Common,Vampire,Creature
Bone Splinters,{B},1,B,Cole Eastburn,73,Sorcery,"As an additional cost to cast Bone Splinters, sacrifice a creature.\nDestroy target creature.","ALA,AVR,DDN,MM2,BFZ","Witches of the Split-Eye Coven speak of a future when Grixis will overflow with life energy. For now, they must harvest vis from the living to fuel their dark magics.",normal,397770,,,Common,,Sorcery
Daggerclaw Imp,{2}{B},3,B,Pete Venters,74,Creature — Imp,Flying\nDaggerclaw Imp can't block.,"GPT,DDC,DD3_DVD,MM2","The Simic use the claws as scalpels, while the Rakdos use them for tattooing and torture. The Gruul use them to pick their teeth after lunching on the rest of the carcass.",normal,397813,3,1,Uncommon,Imp,Creature
Dark Confidant,{1}{B},2,B,Scott M. Fischer,75,Creature — Human Wizard,"At the beginning of your upkeep, reveal the top card of your library and put that card into your hand. You lose life equal to its converted mana cost.","pJGP,RAV,MMA,MM2","Greatness, at any cost.",normal,397731,2,1,Mythic Rare,"Human,Wizard",Creature
Death Denied,{X}{B}{B},2,B,James Paick,76,Instant — Arcane,Return X target creature cards from your graveyard to your hand.,"SOK,MMA,MM2","Takenuma was filled with a chorus of moans, shrieks, and wails. Some came from the living, some from the dying, and some, most horribly, from the dead.",normal,397718,,,Common,Arcane,Instant
Deathmark,{B},1,B,Steven Belledin,77,Sorcery,Destroy target green or white creature.,"CSP,10E,M10,M11,M12,MM2","There are few ways to escape the deathmark: bargaining with a demon, washing in the fabled waters of youth, and of course, death.",normal,397787,,,Uncommon,,Sorcery
Devouring Greed,{2}{B}{B},4,B,Vance Kovacs,78,Sorcery — Arcane,"As an additional cost to cast Devouring Greed, you may sacrifice any number of Spirits.\nTarget player loses 2 life plus 2 life for each Spirit sacrificed this way. You gain that much life.","CHK,MM2",,normal,397661,,,Uncommon,Arcane,Sorcery
Dismember,{1}{B/P}{B/P},3,B,Terese Nielsen,79,Instant,({B/P} can be paid with either {B} or 2 life.)\nTarget creature gets -5/-5 until end of turn.,"pFNM,NPH,MD1,MM2","""You serve Phyrexia. Your pieces would better serve Phyrexia elsewhere.""\n—Azax-Azog, the Demon Thane",normal,397830,,,Uncommon,,Instant
Dread Drone,{4}{B},5,B,Raymond Swanland,80,Creature — Eldrazi Drone,"When Dread Drone enters the battlefield, put two 0/1 colorless Eldrazi Spawn creature tokens onto the battlefield. They have ""Sacrifice this creature: Add {C} to your mana pool.""","ROE,MM2",Each Eldrazi ancient spawned a lineage of horrors in unfathomable shapes.,normal,397833,4,1,Common,"Eldrazi,Drone",Creature
Duskhunter Bat,{1}{B},2,B,Jesper Ejsing,81,Creature — Bat,"Bloodthirst 1 (If an opponent was dealt damage this turn, this creature enters the battlefield with a +1/+1 counter on it.)\nFlying","M12,DDK,MM2","The swamps go silent at its approach, but it still hears the heartbeat of the prey within.",normal,397791,1,1,Common,Bat,Creature
"Endrek Sahr, Master Breeder",{4}{B},5,B,Mark Tedin,82,Legendary Creature — Human Wizard,"Whenever you cast a creature spell, put X 1/1 black Thrull creature tokens onto the battlefield, where X is that spell's converted mana cost.\nWhen you control seven or more Thrulls, sacrifice Endrek Sahr, Master Breeder.","TSP,C13,MM2",,normal,397748,2,2,Rare,"Human,Wizard",Creature
Ghostly Changeling,{2}{B},3,B,Chuck Lukacs,83,Creature — Shapeshifter,Changeling (This card is every creature type.)\n{1}{B}: Ghostly Changeling gets +1/+1 until end of turn.,"LRW,MM2","In desolate places, changelings may take the shape of fancies, or memories, or fears.",normal,397705,2,2,Common,Shapeshifter,Creature
Grim Affliction,{2}{B},3,B,Erica Yang,84,Instant,"Put a -1/-1 counter on target creature, then proliferate. (You choose any number of permanents and/or players with counters on them, then give each another counter of a kind already there.)","NPH,MM2",Even the small wounds let hope bleed out.,normal,397899,,,Common,,Instant
Instill Infection,{3}{B},4,B,Chris Rahn,85,Instant,Put a -1/-1 counter on target creature.\nDraw a card.,"SOM,MM2","""The results of our ninth inoculation were the same. The specimen was, of course, euthanized before the contagion could spread.""\n—Vedalken research notes",normal,397820,,,Common,,Instant
Midnight Banshee,{3}{B}{B}{B},6,B,Daarken,86,Creature — Spirit,"Wither (This deals damage to creatures in the form of -1/-1 counters.)\nAt the beginning of your upkeep, put a -1/-1 counter on each nonblack creature.","SHM,MM2","Many have heard the beginning of its low, sustained shriek but few the end.",normal,397799,5,5,Rare,Spirit,Creature
Nameless Inversion,{1}{B},2,B,Jeff Miracola,87,Tribal Instant — Shapeshifter,Changeling (This card is every creature type.)\nTarget creature gets +3/-3 and loses all creature types until end of turn.,"pMPR,LRW,MM2","Just as a changeling's influence can have dramatic effects, so too can its sudden withdrawal.",normal,397861,,,Common,Shapeshifter,"Tribal,Instant"
Necroskitter,{1}{B}{B},3,B,Jaime Jones,88,Creature — Elemental,"Wither (This deals damage to creatures in the form of -1/-1 counters.)\nWhenever a creature an opponent controls with a -1/-1 counter on it dies, you may return that card to the battlefield under your control.","EVE,MM2",,normal,397683,1,4,Rare,Elemental,Creature
Plagued Rusalka,{B},1,B,Alex Horley-Orlandelli,89,Creature — Spirit,"{B}, Sacrifice a creature: Target creature gets -1/-1 until end of turn.","GPT,DDJ,CNS,MM2","""Look at her, once filled with innocence. Death has a way of wringing away such . . . deficiencies.""\n—Savra",normal,397906,1,1,Common,Spirit,Creature
Profane Command,{X}{B}{B},2,B,Wayne England,90,Sorcery,Choose two —\n• Target player loses X life. \n• Return target creature card with converted mana cost X or less from your graveyard to the battlefield.\n• Target creature gets -X/-X until end of turn.\n• Up to X target creatures gain fear until end of turn. (They can't be blocked except by artifact creatures and/or black creatures.),"LRW,HOP,DDH,C14,MM2",,normal,397713,,,Rare,,Sorcery
Puppeteer Clique,{3}{B}{B},5,B,Daren Bader,91,Creature — Faerie Wizard,"Flying\nWhen Puppeteer Clique enters the battlefield, put target creature card from an opponent's graveyard onto the battlefield under your control. It gains haste. At the beginning of your next end step, exile it.\nPersist (When this creature dies, if it had no -1/-1 counters on it, return it to the battlefield under its owner's control with a -1/-1 counter on it.)","SHM,MM2",,normal,397839,3,2,Rare,"Faerie,Wizard",Creature
Reassembling Skeleton,{1}{B},2,B,Austin Hsu,92,Creature — Skeleton Warrior,{1}{B}: Return Reassembling Skeleton from your graveyard to the battlefield tapped.,"ARC,M11,M12,DDJ,DDK,MM2","Though you may see the same bones, you'll never see the same skeleton twice.",normal,397819,1,1,Uncommon,"Skeleton,Warrior",Creature
Scavenger Drake,{3}{B},4,B,Trevor Claxton,93,Creature — Drake,"Flying\nWhenever another creature dies, you may put a +1/+1 counter on Scavenger Drake.","ALA,MM2","Dragons consider drakes to be mockeries of their perfection, destroying them on sight.",normal,397811,1,1,Uncommon,Drake,Creature
Scuttling Death,{4}{B},5,B,Thomas M. Baxa,94,Creature — Spirit,"Sacrifice Scuttling Death: Target creature gets -1/-1 until end of turn.\nSoulshift 4 (When this creature dies, you may return target Spirit card with converted mana cost 4 or less from your graveyard to your hand.)","CHK,MM2",,normal,397740,4,2,Common,Spirit,Creature
Shrivel,{1}{B},2,B,Jung Park,95,Sorcery,All creatures get -1/-1 until end of turn.,"ROE,M14,MM2","""Have you ever killed insects nibbling at your crops? I think that's what the Eldrazi believe they're doing to us.""\n—Sheyda, Ondu gamekeeper",normal,397857,,,Common,,Sorcery
Sickle Ripper,{1}{B},2,B,Dan Scott,96,Creature — Elemental Warrior,Wither (This deals damage to creatures in the form of -1/-1 counters.),"SHM,MM2",His sickle was forged in the heat of another cinder's funeral pyre.,normal,397834,2,1,Common,"Elemental,Warrior",Creature
Sign in Blood,{B}{B},2,B,Howard Lyon,97,Sorcery,Target player draws two cards and loses 2 life.,"pMPR,M10,DDD,ARC,M11,CMD,M13,M15,C14,DD3_GVL,MM2",Little agonies pave the way to greater power.,normal,397739,,,Common,,Sorcery
Spread the Sickness,{4}{B},5,B,Jaime Jones,98,Sorcery,"Destroy target creature, then proliferate. (You choose any number of permanents and/or players with counters on them, then give each another counter of a kind already there.)","MBS,MM2",Life is ephemeral. Phyrexia is eternal.,normal,397823,,,Uncommon,,Sorcery
Surgical Extraction,{B/P},1,B,Steven Belledin,99,Instant,"({B/P} can be paid with either {B} or 2 life.)\nChoose target card in a graveyard other than a basic land card. Search its owner's graveyard, hand, and library for any number of cards with the same name as that card and exile them. Then that player shuffles his or her library.","pMEI,NPH,MM2",,normal,397706,,,Rare,,Instant
Thief of Hope,{2}{B},3,B,Greg Hildebrandt,100,Creature — Spirit,"Whenever you cast a Spirit or Arcane spell, target opponent loses 1 life and you gain 1 life.\nSoulshift 2 (When this creature dies, you may return target Spirit card with converted mana cost 2 or less from your graveyard to your hand.)","CHK,MM2",,normal,397785,2,2,Common,Spirit,Creature
Vampire Lacerator,{B},1,B,Steve Argyle,101,Creature — Vampire Warrior,"At the beginning of your upkeep, you lose 1 life unless an opponent has 10 or less life.","ZEN,DDK,MM2",The lacerators cut themselves before each hunt. They must feed before the sun rises or bleed to death.,normal,397845,2,2,Common,"Vampire,Warrior",Creature
Vampire Outcasts,{2}{B}{B},4,B,Clint Cearley,102,Creature — Vampire,"Bloodthirst 2 (If an opponent was dealt damage this turn, this creature enters the battlefield with two +1/+1 counters on it.)\nLifelink (Damage dealt by this creature also causes you to gain that much life.)","M12,DDK,MM2","Some vampires reject the decadent trappings of their kind. Once they turn feral, no amount of blood will satisfy their hunger.",normal,397674,2,2,Uncommon,Vampire,Creature
Waking Nightmare,{2}{B},3,B,Mitch Cotie,103,Sorcery — Arcane,Target player discards two cards.,"CHK,MM2","""Once each year, the oni and other evil spirits paraded through villages to disturb mortals' sleep. During the war, this parade became a nightly event.""\n—Observations of the Kami War",normal,397687,,,Common,Arcane,Sorcery
Banefire,{X}{R},1,R,Raymond Swanland,104,Sorcery,"Banefire deals X damage to target creature or player.\nIf X is 5 or more, Banefire can't be countered by spells or abilities and the damage can't be prevented.","CON,DPA,DDN,MM2","For Sarkhan Vol, the dragon is the purest expression of life's savage splendor.",normal,397676,,,Rare,,Sorcery
Blades of Velis Vel,{1}{R},2,R,Ron Spencer,105,Tribal Instant — Shapeshifter,Changeling (This card is every creature type.)\nUp to two target creatures each get +2/+0 and gain all creature types until end of turn.,"LRW,MM2","""The changing kind suffers as we do. We must join as one to quench our tyrants!""",normal,397754,,,Common,Shapeshifter,"Tribal,Instant"
Blood Ogre,{2}{R},3,R,Christopher Moeller,106,Creature — Ogre Warrior,"Bloodthirst 1 (If an opponent was dealt damage this turn, this creature enters the battlefield with a +1/+1 counter on it.)\nFirst strike (This creature deals combat damage before creatures without first strike.)","M12,DDL,MM2","""Ogres taunt the dragons by moving into their territory, but even the hellkites find them too much trouble to hunt.""\n—Marza, mountain scout",normal,397759,2,2,Common,"Ogre,Warrior",Creature
Bloodshot Trainee,{3}{R},4,R,Matt Stewart,107,Creature — Goblin Warrior,{T}: Bloodshot Trainee deals 4 damage to target creature. Activate this ability only if Bloodshot Trainee's power is 4 or greater.,"FUT,SOM,MM2","""Just think how strong I'll be if my arms don't tear off!""",normal,397671,2,3,Uncommon,"Goblin,Warrior",Creature
Brute Force,{R},1,R,Wayne Reynolds,108,Instant,Target creature gets +3/+3 until end of turn.,"PLC,MMA,MM2","Blood, bone, and sinew are magnified, as is the rage that drives them. The brain, however, remains unchanged—a little bean, swinging by a strand in a cavernous, raving head.",normal,397729,,,Common,,Instant
Burst Lightning,{R},1,R,Vance Kovacs,109,Instant,"Kicker {4} (You may pay an additional {4} as you cast this spell.)\nBurst Lightning deals 2 damage to target creature or player. If Burst Lightning was kicked, it deals 4 damage to that creature or player instead.","pMPR,ZEN,MM2",,normal,397662,,,Common,,Instant
Combust,{1}{R},2,R,Jaime Jones,110,Instant,Combust can't be countered by spells or abilities.\nCombust deals 5 damage to target white or blue creature. The damage can't be prevented.,"M11,M12,MM2",,normal,397783,,,Uncommon,,Instant
Comet Storm,{X}{R}{R},2,R,Jung Park,111,Instant,"Multikicker {1} (You may pay an additional {1} any number of times as you cast this spell.)\nChoose target creature or player, then choose another target creature or player for each time Comet Storm was kicked. Comet Storm deals X damage to each of them.","pPRE,WWK,CMD,MM2,C15",,normal,397758,,,Mythic Rare,,Instant
Dragonsoul Knight,{2}{R},3,"R,W,U,B,G",Justin Sweet,112,Creature — Human Knight,"First strike\n{W}{U}{B}{R}{G}: Until end of turn, Dragonsoul Knight becomes a Dragon, gets +5/+3, and gains flying and trample.","CON,MM2","The farther he roamed from Jund and its dragons, the more he felt their essence in himself.",normal,397859,2,2,Common,"Human,Knight",Creature
Fiery Fall,{5}{R},6,R,Daarken,113,Instant,"Fiery Fall deals 5 damage to target creature.\nBasic landcycling {1}{R} ({1}{R}, Discard this card: Search your library for a basic land card, reveal it, and put it into your hand. Then shuffle your library.)","CON,DDG,PC2,MMA,DDN,MM2",Jund feasts on the unprepared.,normal,397692,,,Common,,Instant
Goblin Fireslinger,{R},1,R,Pete Venters,114,Creature — Goblin Warrior,{T}: Goblin Fireslinger deals 1 damage to target player.,"M12,MM2",A rock between your eyes hurts. A burning rock between your eyes ruins your whole day.,normal,397850,1,1,Common,"Goblin,Warrior",Creature
Goblin War Paint,{1}{R},2,R,Austin Hsu,115,Enchantment — Aura,Enchant creature\nEnchanted creature gets +2/+2 and has haste.,"ZEN,M12,MM2,BFZ","War paint made from kolya fruit heightens senses and lessens fear. Unfortunately, fear is usually what keeps you alive.",normal,397864,,,Common,Aura,Enchantment
Gorehorn Minotaurs,{2}{R}{R},4,R,Wayne Reynolds,116,Creature — Minotaur Warrior,"Bloodthirst 2 (If an opponent was dealt damage this turn, this creature enters the battlefield with two +1/+1 counters on it.)","M12,DDL,MM2",Some of the eleven minotaur clans of Mirtiin are expert crafters and learned philosophers. Others just like to hit stuff.,normal,397809,3,3,Common,"Minotaur,Warrior",Creature
Gut Shot,{R/P},1,R,Greg Staples,117,Instant,({R/P} can be paid with either {R} or 2 life.)\nGut Shot deals 1 damage to target creature or player.,"NPH,MM2","""Down here, we have a more pointed version of the scriptures.""\n—Urabrask's enforcer",normal,397673,,,Common,,Instant
Hellkite Charger,{4}{R}{R},6,R,Jaime Jones,118,Creature — Dragon,"Flying, haste\nWhenever Hellkite Charger attacks, you may pay {5}{R}{R}. If you do, untap all attacking creatures and after this phase, there is an additional combat phase.","ZEN,ARC,MM2",,normal,397761,5,5,Rare,Dragon,Creature
Incandescent Soulstoke,{2}{R},3,R,Todd Lockwood,119,Creature — Elemental Shaman,"Other Elemental creatures you control get +1/+1.\n{1}{R}, {T}: You may put an Elemental creature card from your hand onto the battlefield. That creature gains haste until end of turn. Sacrifice it at the beginning of the next end step.","LRW,MM2",,normal,397752,2,2,Uncommon,"Elemental,Shaman",Creature
Inner-Flame Igniter,{2}{R},3,R,Scott Hampton,120,Creature — Elemental Warrior,"{2}{R}: Creatures you control get +1/+0 until end of turn. If this is the third time this ability has resolved this turn, creatures you control gain first strike until end of turn.","LRW,MM2",A light an army can follow.,normal,397884,2,2,Common,"Elemental,Warrior",Creature
"Kiki-Jiki, Mirror Breaker",{2}{R}{R}{R},5,R,Steven Belledin,121,Legendary Creature — Goblin Shaman,Haste\n{T}: Put a token that's a copy of target nonlegendary creature you control onto the battlefield. That token has haste. Sacrifice it at the beginning of the next end step.,"CHK,V11,MMA,MM2",,normal,397698,2,2,Mythic Rare,"Goblin,Shaman",Creature
Lightning Bolt,{R},1,R,Christopher Moeller,122,Instant,Lightning Bolt deals 3 damage to target creature or player.,"LEA,LEB,2ED,CED,CEI,3ED,4ED,pJGP,ATH,BTD,pMPR,MED,M10,M11,PD2,MM2","The sparkmage shrieked, calling on the rage of the storms of his youth. To his surprise, the sky responded with a fierce energy he'd never thought to see again.",normal,397722,,,Uncommon,,Instant
Skarrgan Firebird,{4}{R}{R},6,R,Kev Walker,123,Creature — Phoenix,"Bloodthirst 3 (If an opponent was dealt damage this turn, this creature enters the battlefield with three +1/+1 counters on it.)\nFlying\n{R}{R}{R}: Return Skarrgan Firebird from your graveyard to your hand. Activate this ability only if an opponent was dealt damage this turn.","GPT,DDL,MM2",,normal,397867,3,3,Uncommon,Phoenix,Creature
Smash to Smithereens,{1}{R},2,R,Pete Venters,124,Instant,Destroy target artifact. Smash to Smithereens deals 3 damage to that artifact's controller.,"SHM,MM2,ORI","The giant Tarvik dreamed that trinkets and machines caused all the world's woe. When he awoke from his troubled sleep, he took the name Tarvik Relicsmasher.",normal,397795,,,Common,,Instant
Smokebraider,{1}{R},2,R,Anthony S. Waters,125,Creature — Elemental Shaman,{T}: Add two mana in any combination of colors to your mana pool. Spend this mana only to cast Elemental spells or activate abilities of Elementals.,"LRW,HOP,MM2","""Be silent and listen to your inner fire. Only then can you walk the Path of Flame.""",normal,397725,1,1,Common,"Elemental,Shaman",Creature
Soulbright Flamekin,{1}{R},2,R,Kev Walker,126,Creature — Elemental Shaman,"{2}: Target creature gains trample until end of turn. If this is the third time this ability has resolved this turn, you may add {R}{R}{R}{R}{R}{R}{R}{R} to your mana pool.","LRW,DD2,DD3_JVC,MM2","When provoked, a flamekin's inner fire burns far hotter than any giant's forge.",normal,397730,2,1,Common,"Elemental,Shaman",Creature
Spikeshot Elder,{R},1,R,Izzy,127,Creature — Goblin Shaman,{1}{R}{R}: Spikeshot Elder deals damage equal to its power to target creature or player.,"SOM,MM2","Now that he knows a thousand ways of hurting people, his next shamanic quest is to discover a thousand more.",normal,397883,1,1,Rare,"Goblin,Shaman",Creature
Spitebellows,{5}{R},6,R,Larry MacDougall,128,Creature — Elemental,"When Spitebellows leaves the battlefield, it deals 6 damage to target creature.\nEvoke {1}{R}{R} (You may cast this spell for its evoke cost. If you do, it's sacrificed when it enters the battlefield.)","MOR,CMD,C13,C14,MM2",Disaster stalks with gaping jaws across unready lands.,normal,397664,6,1,Uncommon,Elemental,Creature
Splinter Twin,{2}{R}{R},4,R,Goran Josic,129,Enchantment — Aura,"Enchant creature\nEnchanted creature has ""{T}: Put a token that's a copy of this creature onto the battlefield. That token has haste. Exile it at the beginning of the next end step.""","ROE,MM2","""I know just the person for that job.""",normal,397816,,,Rare,Aura,Enchantment
Stormblood Berserker,{1}{R},2,R,Min Yum,130,Creature — Human Berserker,"Bloodthirst 2 (If an opponent was dealt damage this turn, this creature enters the battlefield with two +1/+1 counters on it.)\nMenace (This creature can't be blocked except by two or more creatures.)","pMGD,M12,MM2",Blood is holy to those whose god is War.,normal,397712,1,1,Uncommon,"Human,Berserker",Creature
Thunderblust,{2}{R}{R}{R},5,R,Dan Scott,131,Creature — Elemental,"Haste\nThunderblust has trample as long as it has a -1/-1 counter on it.\nPersist (When this creature dies, if it had no -1/-1 counters on it, return it to the battlefield under its owner's control with a -1/-1 counter on it.)","EVE,MM2",,normal,397848,7,2,Rare,Elemental,Creature
Tribal Flames,{1}{R},2,R,Zack Stella,132,Sorcery,"Domain — Tribal Flames deals X damage to target creature or player, where X is the number of basic land types among lands you control.","INV,TSB,DDE,MMA,MM2","""Fire is the universal language.""\n—Jhoira, master artificer",normal,397842,,,Common,,Sorcery
Viashino Slaughtermaster,{1}{R},2,"R,B,G",Raymond Swanland,133,Creature — Viashino Warrior,Double strike\n{B}{G}: Viashino Slaughtermaster gets +1/+1 until end of turn. Activate this ability only once each turn.,"CON,MM2","""I'll fight two at once, and then lick their guts from my blades.""",normal,397882,1,1,Common,"Viashino,Warrior",Creature
Wildfire,{4}{R}{R},6,R,Rob Alexander,134,Sorcery,Each player sacrifices four lands. Wildfire deals 4 damage to each creature.,"PO2,USG,7ED,9ED,MM2","Fire is always at the top of the food chain, and it has a big appetite.",normal,397825,,,Rare,,Sorcery
Worldheart Phoenix,{3}{R},4,"R,W,U,B,G",Aleksi Briclot,135,Creature — Phoenix,"Flying\nYou may cast Worldheart Phoenix from your graveyard by paying {W}{U}{B}{R}{G} rather than paying its mana cost. If you do, it enters the battlefield with two +1/+1 counters on it.","CON,MM2",,normal,397724,2,2,Uncommon,Phoenix,Creature
Wrap in Flames,{3}{R},4,R,Véronique Meignaud,136,Sorcery,Wrap in Flames deals 1 damage to each of up to three target creatures. Those creatures can't block this turn.,"ROE,CNS,MM2","""Our pyromancer's flames may not have killed them, but they bought us the time we needed.""\n—The War Diaries",normal,397720,,,Common,,Sorcery
Algae Gharial,{3}{G},4,G,Michael Ryan,137,Creature — Crocodile,"Shroud (This creature can't be the target of spells or abilities.)\nWhenever another creature dies, you may put a +1/+1 counter on Algae Gharial.","ALA,MM2","It lurks just under the surface, using the algae-choked tar pits of Jund as both home and hunting blind.",normal,397854,1,1,Uncommon,Crocodile,Creature
All Suns' Dawn,{4}{G},5,G,Glen Angus,138,Sorcery,"For each color, return up to one target card of that color from your graveyard to your hand. Exile All Suns' Dawn.","5DN,MM2","""When the fifth sun rose, Mirrodin saw its first true dawn.""\n—Inscribed on the skin of Thrun, the last troll",normal,397741,,,Rare,,Sorcery
Ant Queen,{3}{G}{G},5,G,Trevor Claxton,139,Creature — Insect,{1}{G}: Put a 1/1 green Insect creature token onto the battlefield.,"pLPA,M10,MM2","""Kill the queen first, or we'll be fighting her drones forever. It is not in a queen's nature to have enough servants.""\n—Borzard, exterminator captain",normal,397821,5,5,Rare,Insect,Creature
Aquastrand Spider,{1}{G},2,G,Dany Orizio,140,Creature — Spider Mutant,"Graft 2 (This creature enters the battlefield with two +1/+1 counters on it. Whenever another creature enters the battlefield, you may move a +1/+1 counter from this creature onto it.)\n{G}: Target creature with a +1/+1 counter on it gains reach until end of turn. (It can block creatures with flying.)","DIS,CMD,MM2",,normal,397697,0,0,Common,"Spider,Mutant",Creature
Bestial Menace,{3}{G}{G},5,G,Andrew Robinson,141,Sorcery,"Put a 1/1 green Snake creature token, a 2/2 green Wolf creature token, and a 3/3 green Elephant creature token onto the battlefield.","WWK,CMD,MM2","""My battle cry reaches ears far keener than yours.""\n—Saidah, Joraga hunter",normal,397840,,,Uncommon,,Sorcery
Commune with Nature,{G},1,G,Lars Grant-West,142,Sorcery,Look at the top five cards of your library. You may reveal a creature card from among them and put it into your hand. Put the rest on the bottom of your library in any order.,"CHK,10E,MM2",,normal,397767,,,Common,,Sorcery
Cytoplast Root-Kin,{2}{G}{G},4,G,Thomas M. Baxa,143,Creature — Elemental Mutant,"Graft 4 (This creature enters the battlefield with four +1/+1 counters on it. Whenever another creature enters the battlefield, you may move a +1/+1 counter from this creature onto it.)\nWhen Cytoplast Root-Kin enters the battlefield, put a +1/+1 counter on each other creature you control with a +1/+1 counter on it.\n{2}: Move a +1/+1 counter from target creature you control onto Cytoplast Root-Kin.","DIS,MM2",,normal,397684,0,0,Uncommon,"Elemental,Mutant",Creature
Gnarlid Pack,{1}{G},2,G,Johann Bodin,144,Creature — Beast,Multikicker {1}{G} (You may pay an additional {1}{G} any number of times as you cast this spell.)\nGnarlid Pack enters the battlefield with a +1/+1 counter on it for each time it was kicked.,"WWK,CNS,MM2",,normal,397863,2,2,Common,Beast,Creature
Karplusan Strider,{3}{G},4,G,Dan Scott,145,Creature — Yeti,Karplusan Strider can't be the target of blue or black spells.,"CSP,10E,MM2","The strider's long, loping gait is an adaptation that allows it to move quickly in deep snow.",normal,397846,3,4,Uncommon,Yeti,Creature
Kavu Primarch,{3}{G},4,G,Kev Walker,146,Creature — Kavu,"Kicker {4} (You may pay an additional {4} as you cast this spell.)\nConvoke (Your creatures can help cast this spell. Each creature you tap while casting this spell pays for {1} or one mana of that creature's color.)\nIf Kavu Primarch was kicked, it enters the battlefield with four +1/+1 counters on it.","FUT,MM2",,normal,397843,3,3,Common,Kavu,Creature
Kozilek's Predator,{3}{G},4,G,Steve Argyle,147,Creature — Eldrazi Drone,"When Kozilek's Predator enters the battlefield, put two 0/1 colorless Eldrazi Spawn creature tokens onto the battlefield. They have ""Sacrifice this creature: Add {C} to your mana pool.""","ROE,MM2","It's difficult to outwit something that doesn't speak, strategize, or even think.",normal,397716,3,3,Common,"Eldrazi,Drone",Creature
Matca Rioters,{2}{G},3,G,Steve Argyle,148,Creature — Human Warrior,Domain — Matca Rioters's power and toughness are each equal to the number of basic land types among lands you control.,"CON,MM2","When outsiders interrupted the matca championship, things got ugly.",normal,397886,*,*,Common,"Human,Warrior",Creature
Mutagenic Growth,{G/P},1,G,Dave Kendall,149,Instant,({G/P} can be paid with either {G} or 2 life.)\nTarget creature gets +2/+2 until end of turn.,"NPH,MM2","""Sympathy is for weaklings. Whoever survives, wins.""\n—Benzir, archdruid of Temple Might",normal,397717,,,Uncommon,,Instant
Nest Invader,{1}{G},2,G,Trevor Claxton,150,Creature — Eldrazi Drone,"When Nest Invader enters the battlefield, put a 0/1 colorless Eldrazi Spawn creature token onto the battlefield. It has ""Sacrifice this creature: Add {C} to your mana pool.""","ROE,PC2,MM2",It nurtures its masters' glorious future.,normal,397901,2,2,Common,"Eldrazi,Drone",Creature
Noble Hierarch,{G},1,"G,W,U",Mark Zug,151,Creature — Human Druid,"Exalted (Whenever a creature you control attacks alone, that creature gets +1/+1 until end of turn.)\n{T}: Add {G}, {W}, or {U} to your mana pool.","pJGP,CON,MM2","She protects the sacred groves from blight, drought, and the Unbeholden.",normal,397709,0,1,Rare,"Human,Druid",Creature
Overwhelm,{5}{G}{G},7,G,Wayne Reynolds,152,Sorcery,Convoke (Your creatures can help cast this spell. Each creature you tap while casting this spell pays for {1} or one mana of that creature's color.)\nCreatures you control get +3/+3 until end of turn.,"RAV,M15,MM2","""Let the song of Selesnya be heard above the rhythm of our thundering hordes!""",normal,397693,,,Uncommon,,Sorcery
Overwhelming Stampede,{3}{G}{G},5,G,Steven Belledin,153,Sorcery,"Until end of turn, creatures you control gain trample and get +X/+X, where X is the greatest power among creatures you control.","M11,C14,MM2,C15","""I trust the instincts of any beast over the advice of any human who presumes to be an expert in the art of war.""\n—Rinshel, elf insurgent",normal,397788,,,Rare,,Sorcery
Pelakka Wurm,{4}{G}{G}{G},7,G,Daniel Ljunggren,154,Creature — Wurm,"Trample\nWhen Pelakka Wurm enters the battlefield, you gain 7 life.\nWhen Pelakka Wurm dies, draw a card.","ROE,CNS,MM2",It eats what it wants to eat—which is anything that moves.,normal,397763,7,7,Uncommon,Wurm,Creature
Plummet,{1}{G},2,G,Pete Venters,155,Instant,Destroy target creature with flying.,"ARC,M11,M12,M13,M14,CNS,M15,MM2,ORI,BFZ","""Let nothing own the skies but the wind.""\n—Dejara, Giltwood druid",normal,397786,,,Common,,Instant
Primeval Titan,{4}{G}{G},6,G,Aleksi Briclot,156,Creature — Giant,"Trample\nWhenever Primeval Titan enters the battlefield or attacks, you may search your library for up to two land cards, put them onto the battlefield tapped, then shuffle your library.","pGPX,M11,M12,MM2","When nature calls, run.",normal,397688,6,6,Mythic Rare,Giant,Creature
Rampant Growth,{1}{G},2,G,Steven Belledin,157,Sorcery,Search your library for a basic land card and put that card onto the battlefield tapped. Then shuffle your library.,"MIR,TMP,6ED,BTD,7ED,pMPR,8ED,9ED,10E,M10,HOP,DPA,M12,TPR,MM2,C15",Nature grows solutions to her problems.,normal,397794,,,Common,,Sorcery
Root-Kin Ally,{4}{G}{G},6,G,Arnie Swekel,158,Creature — Elemental Warrior,Convoke (Your creatures can help cast this spell. Each creature you tap while casting this spell pays for {1} or one mana of that creature's color.)\nTap two untapped creatures you control: Root-Kin Ally gets +2/+2 until end of turn.,"RAV,MM2",,normal,397659,3,3,Uncommon,"Elemental,Warrior",Creature
Scatter the Seeds,{3}{G}{G},5,G,Rob Alexander,159,Instant,Convoke (Your creatures can help cast this spell. Each creature you tap while casting this spell pays for {1} or one mana of that creature's color.)\nPut three 1/1 green Saproling creature tokens onto the battlefield.,"RAV,MM2","From the seeds of faith, great forests grow.",normal,397665,,,Common,,Instant
Scion of the Wild,{1}{G}{G},3,G,Kev Walker,160,Creature — Avatar,Scion of the Wild's power and toughness are each equal to the number of creatures you control.,"RAV,10E,MM2",It has a hundred thousand extinctions to avenge.,normal,397894,*,*,Common,Avatar,Creature
Scute Mob,{G},1,G,Zoltan Boros & Gabor Szikszai,161,Creature — Insect,"At the beginning of your upkeep, if you control five or more lands, put four +1/+1 counters on Scute Mob.","ZEN,MM2,DDP","""Survival rule 781: There are always more scute bugs.""\n—Zurdi, goblin shortcutter",normal,397751,1,1,Rare,Insect,Creature
Simic Initiate,{G},1,G,Dany Orizio,162,Creature — Human Mutant,"Graft 1 (This creature enters the battlefield with a +1/+1 counter on it. Whenever another creature enters the battlefield, you may move a +1/+1 counter from this creature onto it.)","DIS,MM2",Simic initiates begin their training as experimental subjects. Failures are flushed to the undersewers.,normal,397895,0,0,Common,"Human,Mutant",Creature
Sundering Vitae,{2}{G},3,G,Shishizaru,163,Instant,Convoke (Your creatures can help cast this spell. Each creature you tap while casting this spell pays for {1} or one mana of that creature's color.)\nDestroy target artifact or enchantment.,"RAV,MM2","Centuries of wind, rain, and roots compressed into an instant of destruction: such is the power of Selesnya.",normal,397792,,,Common,,Instant
Sylvan Bounty,{5}{G},6,G,Chris Rahn,164,Instant,"Target player gains 8 life.\nBasic landcycling {1}{G} ({1}{G}, Discard this card: Search your library for a basic land card, reveal it, and put it into your hand. Then shuffle your library.)","CON,DDH,MMA,MM2",Some who scouted new lands chose to stay.,normal,397658,,,Common,,Instant
Tarmogoyf,{1}{G},2,G,Ryan Barger,165,Creature — Lhurgoyf,Tarmogoyf's power is equal to the number of card types among cards in all graveyards and its toughness is equal to that number plus 1.,"FUT,MMA,MM2","What doesn't grow, dies. And what dies grows the tarmogoyf.",normal,397682,*,1+*,Mythic Rare,Lhurgoyf,Creature
Thrive,{X}{G},1,G,Daren Bader,166,Sorcery,Put a +1/+1 counter on each of X target creatures.,"PCY,DIS,MM2","The most successful of Simic creations is cytoplasm, a living, symbiotic substance that feeds off genetic rhythms and strengthens its host in return.",normal,397695,,,Common,,Sorcery
Tukatongue Thallid,{G},1,G,Vance Kovacs,167,Creature — Fungus,"When Tukatongue Thallid dies, put a 1/1 green Saproling creature token onto the battlefield.","CON,PC2,MM2",Jund's thallids tried to disguise their deliciousness by covering themselves in spines harvested from the tukatongue tree.,normal,397749,1,1,Common,Fungus,Creature
Vines of Vastwood,{G},1,G,Christopher Moeller,168,Instant,"Kicker {G} (You may pay an additional {G} as you cast this spell.)\nTarget creature can't be the target of spells or abilities your opponents control this turn. If Vines of Vastwood was kicked, that creature gets +4/+4 until end of turn.","ZEN,MM2",,normal,397747,,,Common,,Instant
Wolfbriar Elemental,{2}{G}{G},4,G,Chippy,169,Creature — Elemental,"Multikicker {G} (You may pay an additional {G} any number of times as you cast this spell.)\nWhen Wolfbriar Elemental enters the battlefield, put a 2/2 green Wolf creature token onto the battlefield for each time it was kicked.","WWK,CNS,C14,MM2",,normal,397878,4,4,Rare,Elemental,Creature
Agony Warp,{U}{B},2,"U,B",Dave Allsop,170,Instant,Target creature gets -3/-0 until end of turn.\nTarget creature gets -0/-3 until end of turn.,"ALA,ARC,MM2",Life's circle has become inverted in Grixis. The same energy is endlessly recycled and becomes more stagnant with each pass.,normal,397784,,,Uncommon,,Instant
Apocalypse Hydra,{X}{R}{G},2,"R,G",Jason Chan,171,Creature — Hydra,"Apocalypse Hydra enters the battlefield with X +1/+1 counters on it. If X is 5 or more, it enters the battlefield with an additional X +1/+1 counters on it.\n{1}{R}, Remove a +1/+1 counter from Apocalypse Hydra: Apocalypse Hydra deals 1 damage to target creature or player.","CON,MM2",,normal,397885,0,0,Rare,Hydra,Creature
Boros Swiftblade,{R}{W},2,"W,R",Doug Chaffee,172,Creature — Human Soldier,Double strike,"RAV,HOP,MM2","When the Boros Legion attacks, swiftblades enter the fray first. They pick off the archers and mages, softening the enemy front before the flame-kin and giants go in.",normal,397870,1,2,Uncommon,"Human,Soldier",Creature
Drooling Groodion,{3}{B}{B}{G},6,"B,G",Kev Walker,173,Creature — Beast,"{2}{B}{G}, Sacrifice a creature: Target creature gets +2/+2 until end of turn. Another target creature gets -2/-2 until end of turn.","RAV,DDM,MM2","""The Golgari expand, yes, but I refuse to call their tainted creations ‘growth.'""\n—Veszka, Selesnya evangel",normal,397818,4,3,Uncommon,Beast,Creature
Electrolyze,{1}{U}{R},3,"U,R",Zoltan Boros & Gabor Szikszai,174,Instant,Electrolyze deals 2 damage divided as you choose among one or two target creatures and/or players.\nDraw a card.,"pMEI,GPT,pCMP,CMD,MMA,MM2",The Izzet learn something from every lesson they teach.,normal,397832,,,Uncommon,,Instant
Ethercaste Knight,{W}{U},2,"W,U",Steven Belledin,175,Artifact Creature — Human Knight,"Exalted (Whenever a creature you control attacks alone, that creature gets +1/+1 until end of turn.)","ARB,MM2","""We coat ourselves in steel every day. What is etherium but the next logical step?""",normal,397889,1,3,Uncommon,"Human,Knight","Artifact,Creature"
Ghost Council of Orzhova,{W}{W}{B}{B},4,"W,B",Greg Staples,176,Legendary Creature — Spirit,"When Ghost Council of Orzhova enters the battlefield, target opponent loses 1 life and you gain 1 life.\n{1}, Sacrifice a creature: Exile Ghost Council of Orzhova. Return it to the battlefield under its owner's control at the beginning of the next end step.","GPT,MM2",,normal,397844,4,4,Rare,Spirit,Creature
Glassdust Hulk,{3}{W}{U},5,"W,U",Franz Vohwinkel,177,Artifact Creature — Golem,"Whenever another artifact enters the battlefield under your control, Glassdust Hulk gets +1/+1 until end of turn and can't be blocked this turn.\nCycling {W/U} ({W/U}, Discard this card: Draw a card.)","ARB,MM2",,normal,397807,3,4,Uncommon,Golem,"Artifact,Creature"
Horde of Notions,{W}{U}{B}{R}{G},5,"W,U,B,R,G",Adam Rex,178,Legendary Creature — Elemental,"Vigilance, trample, haste\n{W}{U}{B}{R}{G}: You may play target Elemental card from your graveyard without paying its mana cost.","LRW,MM2",Even the oldest treefolk was but an acorn when Lorwyn's first mysteries were born.,normal,397680,5,5,Rare,Elemental,Creature
Lorescale Coatl,{1}{G}{U},3,"U,G",Greg Staples,179,Creature — Snake,"Whenever you draw a card, you may put a +1/+1 counter on Lorescale Coatl.","ARB,DDO,MM2,C15","""The enlightenment I never found in etherium I have found traced in the coatl's scales.""\n—Ranalus, vedalken heretic",normal,397836,2,2,Uncommon,Snake,Creature
Mystic Snake,{1}{G}{U}{U},4,"U,G",Daren Bader,180,Creature — Snake,"Flash\nWhen Mystic Snake enters the battlefield, counter target spell.","APC,TSB,MM2,C15",Its fangs are in your flesh before its hiss leaves your ears.,normal,397714,2,2,Rare,Snake,Creature
Necrogenesis,{B}{G},2,"B,G",Trevor Claxton,181,Enchantment,{2}: Exile target creature card from a graveyard. Put a 1/1 green Saproling creature token onto the battlefield.,"ALA,CMD,MM2","""Those may be the squirms of one life ending or of another beginning. Either way, I'd leave it alone.""\n—Rakka Mar",normal,397745,,,Uncommon,,Enchantment
"Niv-Mizzet, the Firemind",{2}{U}{U}{R}{R},6,"U,R",Todd Lockwood,182,Legendary Creature — Dragon Wizard,"Flying\nWhenever you draw a card, Niv-Mizzet, the Firemind deals 1 damage to target creature or player.\n{T}: Draw a card.","GPT,pCMP,DRB,DDJ,MM2",,normal,397851,4,4,Rare,"Dragon,Wizard",Creature
Pillory of the Sleepless,{1}{W}{B},3,"W,B",Marc Simonetti,183,Enchantment — Aura,"Enchant creature\nEnchanted creature can't attack or block.\nEnchanted creature has ""At the beginning of your upkeep, you lose 1 life.""","GPT,MM2",Which is worse—the sleep which never ends or that which never comes?,normal,397890,,,Uncommon,Aura,Enchantment
Plaxcaster Frogling,{1}{G}{U},3,"U,G",Greg Staples,184,Creature — Frog Mutant,"Graft 3 (This creature enters the battlefield with three +1/+1 counters on it. Whenever another creature enters the battlefield, you may move a +1/+1 counter from this creature onto it.)\n{2}: Target creature with a +1/+1 counter on it gains shroud until end of turn. (It can't be the target of spells or abilities.)","DIS,MM2",,normal,397822,0,0,Uncommon,"Frog,Mutant",Creature
Savage Twister,{X}{R}{G},2,"R,G",John Avon,185,Sorcery,Savage Twister deals X damage to each creature.,"MIR,GPT,HOP,ARC,CMD,C13,MM2","""Nature is the ultimate mindless destroyer, capable of power and ferocity no army can match, and the Gruul follow its example.""\n—Trigori, Azorius senator",normal,397814,,,Uncommon,,Sorcery
Shadowmage Infiltrator,{1}{U}{B},3,"U,B",Tomasz Jedruszek,186,Creature — Human Wizard,"Fear (This creature can't be blocked except by artifact creatures and/or black creatures.)\nWhenever Shadowmage Infiltrator deals combat damage to a player, you may draw a card.","ODY,TSB,MM2",,normal,397858,1,3,Rare,"Human,Wizard",Creature
Sigil Blessing,{G}{W},2,"W,G",Matt Stewart,187,Instant,"Until end of turn, target creature you control gets +3/+3 and other creatures you control get +1/+1.","ALA,DDG,MM2","""For unwavering commitment and unflinching strength, the Order of the White Orchid confers its sigil. Rise, knight-captain, and do your duty.""",normal,397756,,,Uncommon,,Instant
Vengeful Rebirth,{4}{R}{G},6,"R,G",Vance Kovacs,188,Sorcery,"Return target card from your graveyard to your hand. If you return a nonland card to your hand this way, Vengeful Rebirth deals damage equal to that card's converted mana cost to target creature or player.\nExile Vengeful Rebirth.","ARB,CMD,MM2",,normal,397721,,,Uncommon,,Sorcery
Wrecking Ball,{2}{B}{R},4,"B,R",Ron Spears,189,Instant,Destroy target creature or land.,"DIS,CMD,MM2",Rakdos festivals almost leave enough rubble in their wake to hide the bodies.,normal,397789,,,Uncommon,,Instant
Ashenmoor Gouger,{B/R}{B/R}{B/R},3,"B,R",Matt Cavotta,190,Creature — Elemental Warrior,Ashenmoor Gouger can't block.,"SHM,MM2","After his hands had crumbled away, leaving only wickedly sharp points, he decided his only purpose was war.",normal,397691,4,4,Uncommon,"Elemental,Warrior",Creature
Creakwood Liege,{1}{B/G}{B/G}{B/G},4,"B,G",Cole Eastburn,191,Creature — Horror,"Other black creatures you control get +1/+1.\nOther green creatures you control get +1/+1.\nAt the beginning of your upkeep, you may put a 1/1 black and green Worm creature token onto the battlefield.","EVE,MM2",,normal,397875,2,2,Rare,Horror,Creature
Dimir Guildmage,{U/B}{U/B},2,"U,B",Adam Rex,192,Creature — Human Wizard,({U/B} can be paid with either {U} or {B}.)\n{3}{U}: Target player draws a card. Activate this ability only any time you could cast a sorcery.\n{3}{B}: Target player discards a card. Activate this ability only any time you could cast a sorcery.,"pREL,RAV,MM2",,normal,397704,2,2,Uncommon,"Human,Wizard",Creature
Fulminator Mage,{1}{B/R}{B/R},3,"B,R",rk post,193,Creature — Elemental Shaman,Sacrifice Fulminator Mage: Destroy target nonbasic land.,"SHM,MM2","""Unsafe Terrain Ahead—Turn Back""\n—Sign near the former location of Pyrtagh Cairn",normal,397686,2,2,Rare,"Elemental,Shaman",Creature
Hearthfire Hobgoblin,{R/W}{R/W}{R/W},3,"W,R",Steven Belledin,194,Creature — Goblin Soldier,Double strike,"EVE,HOP,MM2",Hobgoblins are best left alone. They sharpen their farm implements far more than is necessary for their work in the fields.,normal,397856,2,2,Uncommon,"Goblin,Soldier",Creature
Nobilis of War,{R/W}{R/W}{R/W}{R/W}{R/W},5,"W,R",Christopher Moeller,195,Creature — Spirit Avatar,Flying\nAttacking creatures you control get +2/+0.,"EVE,DDL,MM2","""A great siege is a banquet to him; a long and terrible battle, the most exquisite delicacy.""\n—The Seer's Parables",normal,397733,3,4,Rare,"Spirit,Avatar",Creature
Restless Apparition,{W/B}{W/B}{W/B},3,"W,B",Jeff Easley,196,Creature — Spirit,"{W/B}{W/B}{W/B}: Restless Apparition gets +3/+3 until end of turn.\nPersist (When this creature dies, if it had no -1/-1 counters on it, return it to the battlefield under its owner's control with a -1/-1 counter on it.)","EVE,MM2",,normal,397774,2,2,Uncommon,Spirit,Creature
Selesnya Guildmage,{G/W}{G/W},2,"W,G",Mark Zug,197,Creature — Elf Wizard,{3}{G}: Put a 1/1 green Saproling creature token onto the battlefield.\n{3}{W}: Creatures you control get +1/+1 until end of turn.,"RAV,ARC,CMD,C13,MM2",,normal,397808,2,2,Uncommon,"Elf,Wizard",Creature
Shrewd Hatchling,{3}{U/R},4,"U,R",Carl Frank,198,Creature — Elemental,"Shrewd Hatchling enters the battlefield with four -1/-1 counters on it.\n{U/R}: Target creature can't block Shrewd Hatchling this turn.\nWhenever you cast a blue spell, remove a -1/-1 counter from Shrewd Hatchling.\nWhenever you cast a red spell, remove a -1/-1 counter from Shrewd Hatchling.","EVE,DDJ,MM2",,normal,397898,6,6,Uncommon,Elemental,Creature
Swans of Bryn Argoll,{2}{W/U}{W/U},4,"W,U",Eric Fortune,199,Creature — Bird Spirit,"Flying\nIf a source would deal damage to Swans of Bryn Argoll, prevent that damage. The source's controller draws cards equal to the damage prevented this way.","SHM,MM2",Any being that harms them quickly learns its lesson.,normal,397778,4,3,Rare,"Bird,Spirit",Creature
Wilt-Leaf Liege,{1}{G/W}{G/W}{G/W},4,"W,G",Jason Chan,200,Creature — Elf Knight,"Other green creatures you control get +1/+1.\nOther white creatures you control get +1/+1.\nIf a spell or ability an opponent controls causes you to discard Wilt-Leaf Liege, put it onto the battlefield instead of putting it into your graveyard.","SHM,MM2",,normal,397852,4,4,Rare,"Elf,Knight",Creature
Alloy Myr,{3},3,,Matt Cavotta,201,Artifact Creature — Myr,{T}: Add one mana of any color to your mana pool.,"NPH,MM2","With or without witnesses, the suns continued their prismatic dance.",normal,397796,2,2,Common,Myr,"Artifact,Creature"
Blinding Souleater,{3},3,W,Igor Kieryluk,202,Artifact Creature — Cleric,"{W/P}, {T}: Tap target creature. ({W/P} can be paid with either {W} or 2 life.)","NPH,MM2","""We thank the souleaters for inscribing our souls with subservience, to reinforce the sacred order.""\n—Drones' hymn of gratitude",normal,397810,1,3,Common,Cleric,"Artifact,Creature"
Cathodion,{3},3,,Izzy,203,Artifact Creature — Construct,"When Cathodion dies, add {C}{C}{C} to your mana pool.","USG,MRD,C14,MM2","Instead of creating a tool that would be damaged by heat, the Thran built one that was charged by it.",normal,397827,3,3,Common,Construct,"Artifact,Creature"
Chimeric Mass,{X},,,David Palumbo,204,Artifact,"Chimeric Mass enters the battlefield with X charge counters on it.\n{1}: Until end of turn, Chimeric Mass becomes a Construct artifact creature with ""This creature's power and toughness are each equal to the number of charge counters on it.""","SOM,MM2",,normal,397782,,,Rare,,Artifact
Copper Carapace,{1},1,,Franz Vohwinkel,205,Artifact — Equipment,Equipped creature gets +2/+2 and can't block.\nEquip {3} ({3}: Attach to target creature you control. Equip only as a sorcery.),"MBS,MM2","""We will fight as they do: our flesh protected behind metal.""\n—Tae Aquil, Viridian weaponsmith",normal,397849,,,Common,Equipment,Artifact
Cranial Plating,{2},2,B,Adam Rex,206,Artifact — Equipment,Equipped creature gets +1/+0 for each artifact you control.\n{B}{B}: Attach Cranial Plating to target creature you control.\nEquip {1} ({1}: Attach to target creature you control. Equip only as a sorcery.),"5DN,HOP,MM2",,normal,397869,,,Uncommon,Equipment,Artifact
Culling Dais,{2},2,,Anthony Palumbo,207,Artifact,"{T}, Sacrifice a creature: Put a charge counter on Culling Dais.\n{1}, Sacrifice Culling Dais: Draw a card for each charge counter on Culling Dais.","SOM,MM2","""Forswear the flesh and you will truly see.""\n—Jin-Gitaxias, Core Augur",normal,397780,,,Uncommon,,Artifact
Darksteel Axe,{1},1,,Daniel Ljunggren,208,Artifact — Equipment,"Indestructible (Effects that say ""destroy"" don't destroy this artifact.)\nEquipped creature gets +2/+0.\nEquip {2}","SOM,MM2","Heavier than it looks, tricky to wield, guaranteed to last.",normal,397685,,,Uncommon,Equipment,Artifact
Etched Champion,{3},3,,Igor Kieryluk,209,Artifact Creature — Soldier,Metalcraft — Etched Champion has protection from all colors as long as you control three or more artifacts.,"SOM,MM2",Its predecessors were etched with the wisdom of ancients; its own etchings bear warnings of a future fraught with war.,normal,397710,2,2,Rare,Soldier,"Artifact,Creature"
Etched Monstrosity,{5},5,"W,U,B,R,G",Steven Belledin,210,Artifact Creature — Golem,"Etched Monstrosity enters the battlefield with five -1/-1 counters on it.\n{W}{U}{B}{R}{G}, Remove five -1/-1 counters from Etched Monstrosity: Target player draws three cards.","NPH,MM2",Now etched only with the scars of phyresis.,normal,397872,10,10,Rare,Golem,"Artifact,Creature"
Etched Oracle,{4},4,,Matt Cavotta,211,Artifact Creature — Wizard,"Sunburst (This enters the battlefield with a +1/+1 counter on it for each color of mana spent to cast it.)\n{1}, Remove four +1/+1 counters from Etched Oracle: Target player draws three cards.","5DN,HOP,MMA,MM2",,normal,397838,0,0,Uncommon,Wizard,"Artifact,Creature"
Everflowing Chalice,{0},,,Steve Argyle,212,Artifact,Multikicker {2} (You may pay an additional {2} any number of times as you cast this spell.)\nEverflowing Chalice enters the battlefield with a charge counter on it for each time it was kicked.\n{T}: Add {C} to your mana pool for each charge counter on Everflowing Chalice.,"pFNM,WWK,ARC,DDF,C14,MM2",,normal,397679,,,Uncommon,,Artifact
Expedition Map,{1},1,,Franz Vohwinkel,213,Artifact,"{2}, {T}, Sacrifice Expedition Map: Search your library for a land card, reveal it, and put it into your hand. Then shuffle your library.","ZEN,MM2","""I use maps to find out where explorers have already been. Then I go the other way.""\n—Javad Nasrin, Ondu relic hunter",normal,397742,,,Uncommon,,Artifact
Flayer Husk,{1},1,,Igor Kieryluk,214,Artifact — Equipment,"Living weapon (When this Equipment enters the battlefield, put a 0/0 black Germ creature token onto the battlefield, then attach this to it.)\nEquipped creature gets +1/+1.\nEquip {2}","MBS,PC2,MM2",,normal,397826,,,Common,Equipment,Artifact
Frogmite,{4},4,,Terese Nielsen,215,Artifact Creature — Frog,Affinity for artifacts (This spell costs {1} less to cast for each artifact you control.),"MRD,DDF,MMA,MM2","At first, vedalken observers thought blinkmoths naturally avoided certain places. Then they realized those places were frogmite feeding grounds.",normal,397893,2,2,Common,Frog,"Artifact,Creature"
Glint Hawk Idol,{2},2,W,Dave Allsop,216,Artifact,"Whenever another artifact enters the battlefield under your control, you may have Glint Hawk Idol become a 2/2 Bird artifact creature with flying until end of turn.\n{W}: Glint Hawk Idol becomes a 2/2 Bird artifact creature with flying until end of turn.","SOM,MM2",,normal,397876,,,Common,,Artifact
Gust-Skimmer,{2},2,U,Dan Scott,217,Artifact Creature — Insect,{U}: Gust-Skimmer gains flying until end of turn.,"MBS,MM2","Phyrexian smog clouds choked the skies, threatening creatures who couldn't comprehend the menace below.",normal,397669,2,1,Common,Insect,"Artifact,Creature"
Kitesail,{2},2,,Cyril Van Der Haegen,218,Artifact — Equipment,Equipped creature gets +1/+0 and has flying.\nEquip {2} ({2}: Attach to target creature you control. Equip only as a sorcery.),"WWK,M13,MM2","Kitesailing is a way of life—and without practice, the end of it.",normal,397896,,,Common,Equipment,Artifact
Lodestone Golem,{4},4,,Chris Rahn,219,Artifact Creature — Golem,Nonartifact spells cost {1} more to cast.,"WWK,ARC,MM2","""Somehow it warps the Æther. It brings a strange weight, a blockade in the flow of spellcraft.""\n—Noyan Dar, Tazeem lullmage",normal,397736,5,3,Rare,Golem,"Artifact,Creature"
Lodestone Myr,{4},4,,Greg Staples,220,Artifact Creature — Myr,Trample\nTap an untapped artifact you control: Lodestone Myr gets +1/+1 until end of turn.,"MRD,HOP,MM2","When necessary, myr can override and control any artificial object, as can their creator.",normal,397769,2,2,Rare,Myr,"Artifact,Creature"
Long-Forgotten Gohei,{3},3,,Alan Pollack,221,Artifact,Arcane spells you cast cost {1} less to cast.\nSpirit creatures you control get +1/+1.,"CHK,MM2","Long ago, the priests would wave the gohei to call down the gods. Now it lies forgotten, but the spirits still feel its pull.",normal,397711,,,Rare,,Artifact
Mortarpod,{2},2,,Eric Deschamps,222,Artifact — Equipment,"Living weapon (When this Equipment enters the battlefield, put a 0/0 black Germ creature token onto the battlefield, then attach this to it.)\nEquipped creature gets +0/+1 and has ""Sacrifice this creature: This creature deals 1 damage to target creature or player.""\nEquip {2}","MBS,MM2",,normal,397797,,,Uncommon,Equipment,Artifact
Mox Opal,{0},,,Volkan Baga,223,Legendary Artifact,Metalcraft — {T}: Add one mana of any color to your mana pool. Activate this ability only if you control three or more artifacts.,"SOM,MM2",The suns of Mirrodin have shone upon perfection only once.,normal,397719,,,Mythic Rare,,Artifact
Myr Enforcer,{7},7,,Jim Murray,224,Artifact Creature — Myr,Affinity for artifacts (This spell costs {1} less to cast for each artifact you control.),"pFNM,MRD,HOP,MMA,MM2",Most myr monitor other species. Some myr monitor other myr.,normal,397865,4,4,Common,Myr,"Artifact,Creature"
Precursor Golem,{5},5,,Chippy,225,Artifact Creature — Golem,"When Precursor Golem enters the battlefield, put two 3/3 colorless Golem artifact creature tokens onto the battlefield.\nWhenever a player casts an instant or sorcery spell that targets only a single Golem, that player copies that spell for each other Golem that spell could target. Each copy targets a different one of those Golems.","SOM,MM2",,normal,397708,3,3,Rare,Golem,"Artifact,Creature"
Runed Servitor,{2},2,,Mike Bierek,226,Artifact Creature — Construct,"When Runed Servitor dies, each player draws a card.","ROE,DDF,CNS,MM2,ORI,DDP",Scholars had puzzled for centuries over the ruins at Tal Terig. Its secrets had always lived within one rune-carved head.,normal,397772,2,2,Common,Construct,"Artifact,Creature"
Rusted Relic,{4},4,,Igor Kieryluk,227,Artifact,Metalcraft — Rusted Relic is a 5/5 Golem artifact creature as long as you control three or more artifacts.,"SOM,MM2","""We consider rust a curable disease.""\n—Tarrin, Hammer-Tribe shaman",normal,397837,,,Common,,Artifact
Sickleslicer,{3},3,,Jason Felix,228,Artifact — Equipment,"Living weapon (When this Equipment enters the battlefield, put a 0/0 black Germ creature token onto the battlefield, then attach this to it.)\nEquipped creature gets +2/+2.\nEquip {4}","NPH,MM2",,normal,397771,,,Common,Equipment,Artifact
Skyreach Manta,{5},5,,Christopher Moeller,229,Artifact Creature — Fish,Sunburst (This enters the battlefield with a +1/+1 counter on it for each color of mana spent to cast it.)\nFlying,"5DN,MMA,MM2","As the dawns break, the manta soars.",normal,397702,0,0,Common,Fish,"Artifact,Creature"
Spellskite,{2},2,U,Chippy,230,Artifact Creature — Horror,{U/P}: Change a target of target spell or ability to Spellskite. ({U/P} can be paid with either {U} or 2 life.),"NPH,MM2","""Let's show Vorinclex that progress doesn't always need teeth or claws.""\n—Malcator, Executor of Synthesis",normal,397743,0,4,Rare,Horror,"Artifact,Creature"
Sphere of the Suns,{2},2,,Jana Schirmer & Johannes Voss,231,Artifact,"Sphere of the Suns enters the battlefield tapped and with three charge counters on it.\n{T}, Remove a charge counter from Sphere of the Suns: Add one mana of any color to your mana pool.","MBS,MM2",,normal,397904,,,Common,,Artifact
Sunforger,{3},3,"R,W",Darrell Riche,232,Artifact — Equipment,"Equipped creature gets +4/+0.\n{R}{W}, Unattach Sunforger: Search your library for a red or white instant card with converted mana cost 4 or less and cast that card without paying its mana cost. Then shuffle your library.\nEquip {3}","RAV,MM2",,normal,397900,,,Rare,Equipment,Artifact
Tumble Magnet,{3},3,,Drew Baker,233,Artifact,"Tumble Magnet enters the battlefield with three charge counters on it.\n{T}, Remove a charge counter from Tumble Magnet: Tap target artifact or creature.","SOM,MM2",Magnetic devices that keep massive golems and structures standing can also be used for the opposite purpose.,normal,397755,,,Uncommon,,Artifact
Wayfarer's Bauble,{1},1,,Darrell Riche,234,Artifact,"{2}, {T}, Sacrifice Wayfarer's Bauble: Search your library for a basic land card and put that card onto the battlefield tapped. Then shuffle your library.","5DN,DDI,C13,C14,MM2,C15","It is the forest beyond the horizon, the mountain waiting to be climbed, the new land across the endless sea.",normal,397703,,,Common,,Artifact
Azorius Chancery,,,"W,U",John Avon,235,Land,"Azorius Chancery enters the battlefield tapped.\nWhen Azorius Chancery enters the battlefield, return a land you control to its owner's hand.\n{T}: Add {W}{U} to your mana pool.","DIS,CMD,DDI,C13,MM2",,normal,397866,,,Uncommon,,Land
Blinkmoth Nexus,,,,Sam Burley,236,Land,"{T}: Add {C} to your mana pool.\n{1}: Blinkmoth Nexus becomes a 1/1 Blinkmoth artifact creature with flying until end of turn. It's still a land.\n{1}, {T}: Target Blinkmoth creature gets +1/+1 until end of turn.","DST,MMA,MM2",,normal,397660,,,Rare,,Land
Boros Garrison,,,"R,W",John Avon,237,Land,"Boros Garrison enters the battlefield tapped.\nWhen Boros Garrison enters the battlefield, return a land you control to its owner's hand.\n{T}: Add {R}{W} to your mana pool.","RAV,HOP,CMD,C13,MM2,C15",,normal,397817,,,Uncommon,,Land
Darksteel Citadel,,,,John Avon,238,Artifact Land,"Indestructible (Effects that say ""destroy"" don't destroy this land.)\n{T}: Add {C} to your mana pool.","DST,DDF,M15,C14,MM2",Structures built from darksteel yield to neither assault nor age.,normal,397853,,,Common,,"Artifact,Land"
Dimir Aqueduct,,,"U,B",John Avon,239,Land,"Dimir Aqueduct enters the battlefield tapped.\nWhen Dimir Aqueduct enters the battlefield, return a land you control to its owner's hand.\n{T}: Add {U}{B} to your mana pool.","RAV,CMD,PC2,MM2",,normal,397672,,,Uncommon,,Land
Eldrazi Temple,,,,James Paick,240,Land,{T}: Add {C} to your mana pool.\n{T}: Add {C}{C} to your mana pool. Spend this mana only to cast colorless Eldrazi spells or activate abilities of colorless Eldrazi.,"ROE,MM2,DDP",Each temple is a door to a horrible future.,normal,397690,,,Uncommon,,Land
Evolving Wilds,,,,Steven Belledin,241,Land,"{T}, Sacrifice Evolving Wilds: Search your library for a basic land card and put it onto the battlefield tapped. Then shuffle your library.","pMEI,pFNM,ROE,CMD,DDH,DKA,M13,DDK,C13,M15,DDN,C14,DDO,DTK,MM2,ORI,DDP,BFZ,C15","Every world is an organism, able to grow new lands. Some just do it faster than others.",normal,397871,,,Common,,Land
Eye of Ugin,,,,James Paick,242,Legendary Land,"Colorless Eldrazi spells you cast cost {2} less to cast.\n{7}, {T}: Search your library for a colorless creature card, reveal it, and put it into your hand. Then shuffle your library.","WWK,MM2,EXP",An eye closes. A race awakens.,normal,397726,,,Rare,,Land
Golgari Rot Farm,,,"B,G",John Avon,243,Land,"Golgari Rot Farm enters the battlefield tapped.\nWhen Golgari Rot Farm enters the battlefield, return a land you control to its owner's hand.\n{T}: Add {B}{G} to your mana pool.","RAV,CMD,DDJ,C13,MM2,C15",,normal,397879,,,Uncommon,,Land
Gruul Turf,,,"R,G",John Avon,244,Land,"Gruul Turf enters the battlefield tapped.\nWhen Gruul Turf enters the battlefield, return a land you control to its owner's hand.\n{T}: Add {R}{G} to your mana pool.","GPT,HOP,CMD,PC2,MM2",,normal,397689,,,Uncommon,,Land
Izzet Boilerworks,,,"U,R",John Avon,245,Land,"Izzet Boilerworks enters the battlefield tapped.\nWhen Izzet Boilerworks enters the battlefield, return a land you control to its owner's hand.\n{T}: Add {U}{R} to your mana pool.","GPT,CMD,DDJ,C13,MM2,C15",,normal,397707,,,Uncommon,,Land
Orzhov Basilica,,,"W,B",John Avon,246,Land,"Orzhov Basilica enters the battlefield tapped.\nWhen Orzhov Basilica enters the battlefield, return a land you control to its owner's hand.\n{T}: Add {W}{B} to your mana pool.","GPT,CMD,C13,MM2,C15",,normal,397902,,,Uncommon,,Land
Rakdos Carnarium,,,"B,R",John Avon,247,Land,"Rakdos Carnarium enters the battlefield tapped.\nWhen Rakdos Carnarium enters the battlefield, return a land you control to its owner's hand.\n{T}: Add {B}{R} to your mana pool.","DIS,ARC,CMD,DDK,C13,MM2",,normal,397753,,,Uncommon,,Land
Selesnya Sanctuary,,,"G,W",John Avon,248,Land,"Selesnya Sanctuary enters the battlefield tapped.\nWhen Selesnya Sanctuary enters the battlefield, return a land you control to its owner's hand.\n{T}: Add {G}{W} to your mana pool.","RAV,DDG,CMD,PC2,C13,MM2",,normal,397734,,,Uncommon,,Land
Simic Growth Chamber,,,"G,U",John Avon,249,Land,"Simic Growth Chamber enters the battlefield tapped.\nWhen Simic Growth Chamber enters the battlefield, return a land you control to its owner's hand.\n{T}: Add {G}{U} to your mana pool.","DIS,CMD,MM2,C15",,normal,397757,,,Uncommon,,Land
