name,manaCost,cmc,colorIdentity,artist,number,type,text,printings,flavor,layout,multiverseid,power,toughness,rarity,subtypes,types
Adarkar Valkyrie,{4}{W}{W},6,W,Jeremy Jarvis,1,Snow Creature — Angel,"Flying, vigilance\n{T}: When target creature other than Adarkar Valkyrie dies this turn, return that card to the battlefield under your control.","CSP,MMA,C14","She doesn't escort the dead to the afterlife, but instead raises them to fight and die again.",normal,370543,4,5,Rare,Angel,Creature
Amrou Scout,{1}{W},2,W,Quinton Hoover,2,Creature — Kithkin Rebel Scout,"{4}, {T}: Search your library for a Rebel permanent card with converted mana cost 3 or less and put it onto the battlefield. Then shuffle your library.","TSP,MMA","The people of Amrou were scattered by war and driven into hiding. Scouts maintain the beacon fires that signal ""return"" and ""home.""",normal,370571,2,1,Common,"Kithkin,Rebel,Scout",Creature
Amrou Seekers,{2}{W},3,W,Quinton Hoover,3,Creature — Kithkin Rebel,Amrou Seekers can't be blocked except by artifact creatures and/or white creatures.,"TSP,MMA","The paradise of Amrou Haven had become a field of cinders. Its people struggled to survive, hoping to see visions of its past in the strange storms that quickly passed.",normal,370576,2,2,Common,"Kithkin,Rebel",Creature
Angel's Grace,{W},1,W,Mark Zug,4,Instant,"Split second (As long as this spell is on the stack, players can't cast spells or activate abilities that aren't mana abilities.)\nYou can't lose the game this turn and your opponents can't win the game this turn. Until end of turn, damage that would reduce your life total to less than 1 reduces it to 1 instead.","TSP,MMA",,normal,370545,,,Rare,,Instant
Auriok Salvagers,{3}{W},4,W,Randy Gallegos,5,Creature — Human Soldier,{1}{W}: Return target artifact card with converted mana cost 1 or less from your graveyard to your hand.,"5DN,MMA","""Memnarch or the vedalken salvage most of the large machines, leaving us only scraps. Scraps are enough.""",normal,370370,2,4,Rare,"Human,Soldier",Creature
Avian Changeling,{2}{W},3,W,Heather Hudson,6,Creature — Shapeshifter,Changeling (This card is every creature type.)\nFlying,"LRW,MMA","Today it flies with the flock. Tomorrow it may wake to find them gone, its body in an unfamiliar form.",normal,370489,2,2,Common,Shapeshifter,Creature
Blinding Beam,{2}{W},3,W,Doug Chaffee,7,Instant,Choose one —\n• Tap two target creatures.\n• Creatures don't untap during target player's next untap step.\nEntwine {1} (Choose both if you pay the entwine cost.),"MRD,DDF,MMA",,normal,370431,,,Common,,Instant
Bound in Silence,{2}{W},3,W,William Simpson,8,Tribal Enchantment — Rebel Aura,Enchant creature\nEnchanted creature can't attack or block.,"FUT,MMA",A fight put off forever is already won.,normal,370396,,,Common,"Rebel,Aura","Tribal,Enchantment"
Cenn's Enlistment,{3}{W},4,W,Matt Cavotta,9,Sorcery,Put two 1/1 white Kithkin Soldier creature tokens onto the battlefield.\nRetrace (You may cast this card from your graveyard by discarding a land card in addition to paying its other costs.),"EVE,MMA",The more the scarier.,normal,370373,,,Common,,Sorcery
Cloudgoat Ranger,{3}{W}{W},5,W,Adam Rex,10,Creature — Giant Warrior,"When Cloudgoat Ranger enters the battlefield, put three 1/1 white Kithkin Soldier creature tokens onto the battlefield.\nTap three untapped Kithkin you control: Cloudgoat Ranger gets +2/+0 and gains flying until end of turn.","LRW,MMA",,normal,370553,3,3,Uncommon,"Giant,Warrior",Creature
Court Homunculus,{W},1,W,Matt Cavotta,11,Artifact Creature — Homunculus,Court Homunculus gets +1/+1 as long as you control another artifact.,"CON,MMA,MM2",Mages of Esper measure their wealth and status by the number of servants in their retinues.,normal,370495,1,1,Common,Homunculus,"Artifact,Creature"
Dispeller's Capsule,{W},1,W,Franz Vohwinkel,12,Artifact,"{2}{W}, {T}, Sacrifice Dispeller's Capsule: Destroy target artifact or enchantment.","ALA,MMA","""I find its symmetry pleasing. It rids our world of offensive refuse while disposing of itself.""\n—Dolomarus, Proctor of the Clean",normal,370527,,,Common,,Artifact
"Elspeth, Knight-Errant",{2}{W}{W},4,W,Volkan Baga,13,Planeswalker — Elspeth,"+1: Put a 1/1 white Soldier creature token onto the battlefield.\n+1: Target creature gets +3/+3 and gains flying until end of turn.\n−8: You get an emblem with ""Artifacts, creatures, enchantments, and lands you control have indestructible.""","ALA,DDF,MMA,MD1",,normal,370551,,,Mythic Rare,Elspeth,Planeswalker
Ethersworn Canonist,{1}{W},2,W,Izzy,14,Artifact Creature — Human Cleric,Each player who has cast a nonartifact spell this turn can't cast additional nonartifact spells.,"ALA,MMA","""The noble work of our order is to infuse all life on Esper with etherium. Our goal will be reached more rapidly if new life is . . . suppressed.""",normal,370504,2,2,Rare,"Human,Cleric","Artifact,Creature"
Feudkiller's Verdict,{4}{W}{W},6,W,Dan Scott,15,Tribal Sorcery — Giant,"You gain 10 life. Then if you have more life than an opponent, put a 5/5 white Giant Warrior creature token onto the battlefield.","MOR,MMA","""There are all kinds of strengths, but if you have strength of soul, the others will follow.""\n—Galanda Feudkiller",normal,370438,,,Uncommon,Giant,"Tribal,Sorcery"
Flickerwisp,{1}{W}{W},3,W,Jeremy Enecio,16,Creature — Elemental,"Flying\nWhen Flickerwisp enters the battlefield, exile another target permanent. Return that card to the battlefield under its owner's control at the beginning of the next end step.","EVE,MMA,C13,C14",Its wings disturb more than air.,normal,370449,3,1,Uncommon,Elemental,Creature
Gleam of Resistance,{4}{W},5,W,Matt Stewart,17,Instant,"Creatures you control get +1/+2 until end of turn. Untap those creatures.\nBasic landcycling {1}{W} ({1}{W}, Discard this card: Search your library for a basic land card, reveal it, and put it into your hand. Then shuffle your library.)","CON,MMA",,normal,370371,,,Common,,Instant
Hillcomber Giant,{2}{W}{W},4,W,Ralph Horsley,18,Creature — Giant Scout,Mountainwalk (This creature can't be blocked as long as defending player controls a Mountain.),"LRW,MMA","The giants believe the fossils they find in Lorwyn's rocky heights are dreams frozen in time, and they treasure them.",normal,370386,3,3,Common,"Giant,Scout",Creature
Ivory Giant,{5}{W}{W},7,W,Zack Stella,19,Creature — Giant,"When Ivory Giant enters the battlefield, tap all nonwhite creatures.\nSuspend 5—{W} (Rather than cast this card from your hand, you may pay {W} and exile it with five time counters on it. At the beginning of your upkeep, remove a time counter. When the last is removed, cast it without paying its mana cost. It has haste.)","TSP,MMA",,normal,370415,3,4,Common,Giant,Creature
"Kataki, War's Wage",{1}{W},2,W,Matt Thompson,20,Legendary Creature — Spirit,"All artifacts have ""At the beginning of your upkeep, sacrifice this artifact unless you pay {1}.""","SOK,MMA,MD1","""Before the war, we prayed to Kataki to sharpen our swords and harden our armor. Without his blessing our weapons are all but useless against the kami hordes.""\n—Kenzo the Hardhearted",normal,370414,2,1,Rare,Spirit,Creature
Kithkin Greatheart,{1}{W},2,W,Greg Staples,21,Creature — Kithkin Soldier,"As long as you control a Giant, Kithkin Greatheart gets +1/+1 and has first strike.","LRW,MMA","Sometimes a curious giant singles out a ""little one"" to follow for a few days, never realizing the effect it will have on the little one's life.",normal,370422,2,1,Common,"Kithkin,Soldier",Creature
Meadowboon,{2}{W}{W},4,W,Steven Belledin,22,Creature — Elemental,"When Meadowboon leaves the battlefield, put a +1/+1 counter on each creature target player controls.\nEvoke {3}{W} (You may cast this spell for its evoke cost. If you do, it's sacrificed when it enters the battlefield.)","MOR,MMA",,normal,370513,3,3,Uncommon,Elemental,Creature
Otherworldly Journey,{1}{W},2,W,Vance Kovacs,23,Instant — Arcane,"Exile target creature. At the beginning of the next end step, return that card to the battlefield under its owner's control with a +1/+1 counter on it.","CHK,DDC,MMA,DD3_DVD,MM2","""The landscape shimmered and I felt a chill breeze. When my vision cleared, I found myself alone among the corpses of my fallen friends.""\n—Journal found in Numai",normal,370460,,,Common,Arcane,Instant
Pallid Mycoderm,{3}{W},4,W,Jim Nelson,24,Creature — Fungus,"At the beginning of your upkeep, put a spore counter on Pallid Mycoderm.\nRemove three spore counters from Pallid Mycoderm: Put a 1/1 green Saproling creature token onto the battlefield.\nSacrifice a Saproling: Each creature you control that's a Fungus or a Saproling gets +1/+1 until end of turn.","PLC,MMA",,normal,370348,2,4,Common,Fungus,Creature
Path to Exile,{W},1,W,Todd Lockwood,25,Instant,"Exile target creature. Its controller may search his or her library for a basic land card, put that card onto the battlefield tapped, then shuffle his or her library.","pWPN,CON,ARC,CMD,DDI,MMA,MD1",,normal,370408,,,Uncommon,,Instant
Reveillark,{4}{W},5,W,Jim Murray,26,Creature — Elemental,"Flying\nWhen Reveillark leaves the battlefield, return up to two target creature cards with power 2 or less from your graveyard to the battlefield.\nEvoke {5}{W} (You may cast this spell for its evoke cost. If you do, it's sacrificed when it enters the battlefield.)","MOR,MMA",,normal,370493,4,3,Rare,Elemental,Creature
Saltfield Recluse,{2}{W},3,W,Brian Despain,27,Creature — Human Rebel Cleric,{T}: Target creature gets -2/-0 until end of turn.,"PLC,MMA","He remembers a past of light and healing. But he lives the bitter present—parching salt, scouring wind, and the withering heat of the desert.",normal,370536,1,2,Common,"Human,Rebel,Cleric",Creature
Sanctum Gargoyle,{3}{W},4,W,Shelly Wan,28,Artifact Creature — Gargoyle,"Flying\nWhen Sanctum Gargoyle enters the battlefield, you may return target artifact card from your graveyard to your hand.","ALA,ARC,MMA","As their supplies of etherium dwindled, mechanists sent gargoyles farther and farther afield in search of salvage.",normal,370485,2,3,Common,Gargoyle,"Artifact,Creature"
Sandsower,{3}{W},4,W,Kev Walker,29,Creature — Spirit,Tap three untapped creatures you control: Tap target creature.,"RAV,MMA","It drifts through the streets as a breeze of collective sighs, wilting the bustle with dreams and heavy eyelids.",normal,370392,1,3,Uncommon,Spirit,Creature
Stir the Pride,{4}{W},5,W,Matt Cavotta,30,Instant,"Choose one —\n• Creatures you control get +2/+2 until end of turn.\n• Until end of turn, creatures you control gain ""Whenever this creature deals damage, you gain that much life.""\nEntwine {1}{W} (Choose both if you pay the entwine cost.)","DST,MMA",,normal,370507,,,Uncommon,,Instant
Stonehewer Giant,{3}{W}{W},5,W,Steve Prescott,31,Creature — Giant Warrior,"Vigilance\n{1}{W}, {T}: Search your library for an Equipment card and put it onto the battlefield. Attach it to a creature you control. Then shuffle your library.","MOR,MMA","""No matter how strong, an unarmed fighter is no more than a fool.""",normal,370515,4,4,Rare,"Giant,Warrior",Creature
Terashi's Grasp,{2}{W},3,W,Mark Tedin,32,Sorcery — Arcane,Destroy target artifact or enchantment. You gain life equal to its converted mana cost.,"BOK,MMA,MM2","""The jeweler, the potter, the smith . . . They all imbue a bit of their souls into their creations. The kami destroy that crafted mortal shell and absorb the soul within.""\n—Noboru, master kitemaker",normal,370555,,,Uncommon,Arcane,Sorcery
Test of Faith,{1}{W},2,W,Vance Kovacs,33,Instant,"Prevent the next 3 damage that would be dealt to target creature this turn. For each 1 damage prevented this way, put a +1/+1 counter on that creature.","DST,DDG,MMA",Those who survive the test bear a mark of power anyone can recognize.,normal,370554,,,Common,,Instant
Veteran Armorer,{1}{W},2,W,Kev Walker,34,Creature — Human Soldier,Other creatures you control get +0/+1.,"RAV,MMA","""Give me a sword and I'll kill a few enemies. But give me a hammer and a fiery forge, and I'll turn the tide of battle.""",normal,370361,2,2,Common,"Human,Soldier",Creature
"Yosei, the Morning Star",{4}{W}{W},6,W,Hiro Izawa,35,Legendary Creature — Dragon Spirit,"Flying\nWhen Yosei, the Morning Star dies, target player skips his or her next untap step. Tap up to five target permanents that player controls.","CHK,MMA",,normal,370574,5,5,Mythic Rare,"Dragon,Spirit",Creature
Æthersnipe,{5}{U},6,U,Zoltan Boros & Gabor Szikszai,36,Creature — Elemental,"When Æthersnipe enters the battlefield, return target nonland permanent to its owner's hand.\nEvoke {1}{U}{U} (You may cast this spell for its evoke cost. If you do, it's sacrificed when it enters the battlefield.)","LRW,DD2,CMD,MMA,DD3_JVC,MM2",,normal,370430,4,4,Common,Elemental,Creature
Careful Consideration,{2}{U}{U},4,U,Janine Johnston,37,Instant,"Target player draws four cards, then discards three cards. If you cast this spell during your main phase, instead that player draws four cards, then discards two cards.","TSP,MMA","""Sages who take the time to verify their sources are rewarded for their diligence.""\n—Jhoira, to Teferi",normal,370531,,,Uncommon,,Instant
Cryptic Command,{1}{U}{U}{U},4,U,Wayne England,38,Instant,Choose two —\n• Counter target spell.\n• Return target permanent to its owner's hand.\n• Tap all creatures your opponents control.\n• Draw a card.,"pMPR,LRW,MMA,MM2",,normal,370439,,,Rare,,Instant
Dampen Thought,{1}{U},2,U,Arnie Swekel,39,Instant — Arcane,"Target player puts the top four cards of his or her library into his or her graveyard.\nSplice onto Arcane {1}{U} (As you cast an Arcane spell, you may reveal this card from your hand and pay its splice cost. If you do, add this card's effects to that spell.)","CHK,MMA",,normal,370538,,,Common,Arcane,Instant
Echoing Truth,{1}{U},2,U,Greg Staples,40,Instant,Return target nonland permanent and all other permanents with the same name as that permanent to their owners' hands.,"DST,DDF,MMA,C15",A single lie unleashes a tide of disbelief.,normal,370394,,,Common,,Instant
Errant Ephemeron,{6}{U},7,U,Luca Zontini,41,Creature — Illusion,"Flying\nSuspend 4—{1}{U} (Rather than cast this card from your hand, you may pay {1}{U} and exile it with four time counters on it. At the beginning of your upkeep, remove a time counter. When the last is removed, cast it without paying its mana cost. It has haste.)","TSP,DD2,MMA,DDM,DD3_JVC",,normal,370491,4,4,Common,Illusion,Creature
Erratic Mutation,{2}{U},3,U,Zoltan Boros & Gabor Szikszai,42,Instant,"Choose target creature. Reveal cards from the top of your library until you reveal a nonland card. That creature gets +X/-X until end of turn, where X is that card's converted mana cost. Put all cards revealed this way on the bottom of your library in any order.","PLC,MMA",,normal,370575,,,Common,,Instant
Esperzoa,{2}{U},3,U,Warren Mahy,43,Artifact Creature — Jellyfish,"Flying\nAt the beginning of your upkeep, return an artifact you control to its owner's hand.","CON,DDF,MMA","The more metal it digests, the more its jelly will fetch on the alchemists' market.",normal,370498,4,3,Uncommon,Jellyfish,"Artifact,Creature"
Etherium Sculptor,{1}{U},2,U,Steven Belledin,44,Artifact Creature — Vedalken Artificer,Artifact spells you cast cost {1} less to cast.,"ALA,MMA","The greatest masters of the craft abandon tools altogether, shaping metal with hand and mind alone.",normal,370378,1,2,Common,"Vedalken,Artificer","Artifact,Creature"
Faerie Mechanist,{3}{U},4,U,Matt Cavotta,45,Artifact Creature — Faerie Artificer,"Flying\nWhen Faerie Mechanist enters the battlefield, look at the top three cards of your library. You may reveal an artifact card from among them and put it into your hand. Put the rest on the bottom of your library in any order.","CON,DDF,MMA,MM2",,normal,370421,2,2,Common,"Faerie,Artificer","Artifact,Creature"
Gifts Ungiven,{3}{U},4,U,D. Alexander Gregory,46,Instant,Search your library for up to four cards with different names and reveal them. Target opponent chooses two of those cards. Put the chosen cards into your graveyard and the rest into your hand. Then shuffle your library.,"CHK,V09,MMA",,normal,370368,,,Rare,,Instant
Glen Elendra Archmage,{3}{U},4,U,Warren Mahy,47,Creature — Faerie Wizard,"Flying\n{U}, Sacrifice Glen Elendra Archmage: Counter target noncreature spell.\nPersist (When this creature dies, if it had no -1/-1 counters on it, return it to the battlefield under its owner's control with a -1/-1 counter on it.)","EVE,MMA",,normal,370522,2,2,Rare,"Faerie,Wizard",Creature
"Keiga, the Tide Star",{5}{U},6,U,Ittoku,48,Legendary Creature — Dragon Spirit,"Flying\nWhen Keiga, the Tide Star dies, gain control of target creature.","CHK,MMA",,normal,370542,5,5,Mythic Rare,"Dragon,Spirit",Creature
"Kira, Great Glass-Spinner",{1}{U}{U},3,U,Kev Walker,49,Legendary Creature — Spirit,"Flying\nCreatures you control have ""Whenever this creature becomes the target of a spell or ability for the first time in a turn, counter that spell or ability.""","BOK,MMA","Each spell is an intricate tapestry, and Kira is the great unraveler.",normal,370349,2,2,Rare,Spirit,Creature
Latchkey Faerie,{3}{U},4,U,Warren Mahy,50,Creature — Faerie Rogue,"Flying\nProwl {2}{U} (You may cast this for its prowl cost if you dealt combat damage to a player this turn with a Faerie or Rogue.)\nWhen Latchkey Faerie enters the battlefield, if its prowl cost was paid, draw a card.","MOR,MMA",,normal,370382,3,1,Common,"Faerie,Rogue",Creature
Logic Knot,{X}{U}{U},2,U,Glen Angus,51,Instant,Delve (Each card you exile from your graveyard while casting this spell pays for {1}.)\nCounter target spell unless its controller pays {X}.,"FUT,MMA",,normal,370529,,,Common,,Instant
Meloku the Clouded Mirror,{4}{U},5,U,Scott M. Fischer,52,Legendary Creature — Moonfolk Wizard,"Flying\n{1}, Return a land you control to its owner's hand: Put a 1/1 blue Illusion creature token with flying onto the battlefield.","CHK,MMA","He loved his cities in the clouds. When he traveled to the lands below, he brought many reminders of his home.",normal,370385,2,4,Rare,"Moonfolk,Wizard",Creature
Mothdust Changeling,{U},1,U,Shelly Wan,53,Creature — Shapeshifter,Changeling (This card is every creature type.)\nTap an untapped creature you control: Mothdust Changeling gains flying until end of turn.,"MOR,MMA","""Ever seen a changeling fly into a lantern?""\n—Calydd, kithkin farmer",normal,370508,1,1,Common,Shapeshifter,Creature
Mulldrifter,{4}{U},5,U,Eric Fortune,54,Creature — Elemental,"Flying\nWhen Mulldrifter enters the battlefield, draw two cards.\nEvoke {2}{U} (You may cast this spell for its evoke cost. If you do, it's sacrificed when it enters the battlefield.)","pFNM,LRW,DD2,CMD,MMA,C14,DD3_JVC,MM2,C15",,normal,370535,2,2,Uncommon,Elemental,Creature
Narcomoeba,{1}{U},2,U,Matt Stewart,55,Creature — Illusion,"Flying\nWhen Narcomoeba is put into your graveyard from your library, you may put it onto the battlefield.","FUT,MMA",It was created by the Iquati as a living memory—one that objects to being forgotten.,normal,370359,1,1,Uncommon,Illusion,Creature
Pact of Negation,{0},,U,Jason Chan,56,Instant,"Counter target spell.\nAt the beginning of your next upkeep, pay {3}{U}{U}. If you don't, you lose the game.","FUT,MMA",Those who expect betrayal at every turn are seldom disappointed.,normal,370354,,,Rare,,Instant
Peer Through Depths,{1}{U},2,U,Anthony S. Waters,57,Instant — Arcane,Look at the top five cards of your library. You may reveal an instant or sorcery card from among them and put it into your hand. Put the rest on the bottom of your library in any order.,"CHK,MMA",,normal,370540,,,Common,Arcane,Instant
Perilous Research,{1}{U},2,U,Donato Giancola,58,Instant,"Draw two cards, then sacrifice a permanent.","CSP,CMD,MMA","When the School of the Unseen fell, so many magical treasures lay abandoned that no amount of death could deter the stream of thieves and desperate scholars.",normal,370487,,,Common,,Instant
Pestermite,{2}{U},3,U,Christopher Moeller,59,Creature — Faerie Rogue,"Flash\nFlying\nWhen Pestermite enters the battlefield, you may tap or untap target permanent.","LRW,MMA",The fae know when they're not wanted. That's precisely why they show up.,normal,370440,2,1,Common,"Faerie,Rogue",Creature
Petals of Insight,{4}{U},5,U,Anthony S. Waters,60,Sorcery — Arcane,"Look at the top three cards of your library. You may put those cards on the bottom of your library in any order. If you do, return Petals of Insight to its owner's hand. Otherwise, draw three cards.","CHK,MMA",,normal,370395,,,Common,Arcane,Sorcery
Reach Through Mists,{U},1,U,Anthony S. Waters,61,Instant — Arcane,Draw a card.,"CHK,MMA","""Know one part of the name, obsession begins. Know two parts, paranoia sets in. Know three parts, madness descends. Know all, and only the kami know what will become of you.""\n—Lady Azami",normal,370506,,,Common,Arcane,Instant
Riftwing Cloudskate,{3}{U}{U},5,U,Carl Critchlow,62,Creature — Illusion,"Flying\nWhen Riftwing Cloudskate enters the battlefield, return target permanent to its owner's hand.\nSuspend 3—{1}{U} (Rather than cast this card from your hand, you may pay {1}{U} and exile it with three time counters on it. At the beginning of your upkeep, remove a time counter. When the last is removed, cast it without paying its mana cost. It has haste.)","TSP,DD2,MMA,DDM,DD3_JVC",,normal,370350,2,2,Uncommon,Illusion,Creature
Scion of Oona,{2}{U},3,U,Eric Fortune,63,Creature — Faerie Soldier,Flash\nFlying\nOther Faerie creatures you control get +1/+1.\nOther Faeries you control have shroud. (They can't be the targets of spells or abilities.),"LRW,MMA",,normal,370572,1,1,Rare,"Faerie,Soldier",Creature
Spell Snare,{U},1,U,Hideaki Takamura,64,Instant,Counter target spell with converted mana cost 2.,"DIS,MMA","Every culture has its unlucky numbers. In a city where you're either alone, in a crowd, or being stabbed in the back, two is the worst number of all.",normal,370447,,,Uncommon,,Instant
Spellstutter Sprite,{1}{U},2,U,Rebecca Guay,65,Creature — Faerie Wizard,"Flash\nFlying\nWhen Spellstutter Sprite enters the battlefield, counter target spell with converted mana cost X or less, where X is the number of Faeries you control.","pFNM,LRW,MMA",,normal,370380,1,1,Common,"Faerie,Wizard",Creature
Take Possession,{5}{U}{U},7,U,Michael Phillippi,66,Enchantment — Aura,"Split second (As long as this spell is on the stack, players can't cast spells or activate abilities that aren't mana abilities.)\nEnchant permanent\nYou control enchanted permanent.","FUT,MMA",,normal,370453,,,Uncommon,Aura,Enchantment
Thirst for Knowledge,{2}{U},3,U,Anthony Francisco,67,Instant,Draw three cards. Then discard two cards unless you discard an artifact card.,"pFNM,MRD,HOP,DDF,MMA","""To truly know something, you must become it. The trick is to not lose yourself in the process.""",normal,370525,,,Uncommon,,Instant
Traumatic Visions,{3}{U}{U},5,U,Cyril Van Der Haegen,68,Instant,"Counter target spell.\nBasic landcycling {1}{U} ({1}{U}, Discard this card: Search your library for a basic land card, reveal it, and put it into your hand. Then shuffle your library.)","CON,MMA,DDN",,normal,370369,,,Common,,Instant
Vedalken Dismisser,{5}{U},6,U,Dan Scott,69,Creature — Vedalken Wizard,"When Vedalken Dismisser enters the battlefield, put target creature on top of its owner's library.","RAV,MMA","""I crept up on him, quiet as a guttermouse. And then suddenly I found myself facedown in a latrine pit behind Tin Street Market.""\n—Sirislav, Dimir spy",normal,370550,2,2,Common,"Vedalken,Wizard",Creature
Vendilion Clique,{1}{U}{U},3,U,Michael Sutfin,70,Legendary Creature — Faerie Wizard,"Flash\nFlying\nWhen Vendilion Clique enters the battlefield, look at target player's hand. You may choose a nonland card from it. If you do, that player reveals the chosen card, puts it on the bottom of his or her library, then draws a card.","pJGP,MOR,MMA,MM2",,normal,370390,3,1,Mythic Rare,"Faerie,Wizard",Creature
Absorb Vis,{6}{B},7,B,Brandon Kitkouski,71,Sorcery,"Target player loses 4 life and you gain 4 life.\nBasic landcycling {1}{B} ({1}{B}, Discard this card: Search your library for a basic land card, reveal it, and put it into your hand. Then shuffle your library.)","CON,DDK,MMA",,normal,370360,,,Common,,Sorcery
Auntie's Snitch,{2}{B},3,B,Warren Mahy,72,Creature — Goblin Rogue,"Auntie's Snitch can't block.\nProwl {1}{B} (You may cast this for its prowl cost if you dealt combat damage to a player this turn with a Goblin or Rogue.)\nWhenever a Goblin or Rogue you control deals combat damage to a player, if Auntie's Snitch is in your graveyard, you may return Auntie's Snitch to your hand.","MOR,MMA",,normal,370533,3,1,Uncommon,"Goblin,Rogue",Creature
Blightspeaker,{1}{B},2,B,Ron Spears,73,Creature — Human Rebel Cleric,"{T}: Target player loses 1 life.\n{4}, {T}: Search your library for a Rebel permanent card with converted mana cost 3 or less and put it onto the battlefield. Then shuffle your library.","PLC,MMA",One croaked sermon spreads propaganda and plague.,normal,370567,1,1,Common,"Human,Rebel,Cleric",Creature
Bridge from Below,{B}{B}{B},3,B,Daarken,74,Enchantment,"Whenever a nontoken creature is put into your graveyard from the battlefield, if Bridge from Below is in your graveyard, put a 2/2 black Zombie creature token onto the battlefield.\nWhen a creature is put into an opponent's graveyard from the battlefield, if Bridge from Below is in your graveyard, exile Bridge from Below.","FUT,MMA",,normal,370353,,,Rare,,Enchantment
Dark Confidant,{1}{B},2,B,Scott M. Fischer,75,Creature — Human Wizard,"At the beginning of your upkeep, reveal the top card of your library and put that card into your hand. You lose life equal to its converted mana cost.","pJGP,RAV,MMA,MM2","Greatness, at any cost.",normal,370413,2,1,Mythic Rare,"Human,Wizard",Creature
Death Cloud,{X}{B}{B}{B},3,B,Stephen Tappin,76,Sorcery,"Each player loses X life, discards X cards, sacrifices X creatures, then sacrifices X lands.","DST,MMA",The swarm's million wings stir the foulest of breezes.,normal,370381,,,Rare,,Sorcery
Death Denied,{X}{B}{B},2,B,James Paick,77,Instant — Arcane,Return X target creature cards from your graveyard to your hand.,"SOK,MMA,MM2","Takenuma was filled with a chorus of moans, shrieks, and wails. Some came from the living, some from the dying, and some, most horribly, from the dead.",normal,370492,,,Common,Arcane,Instant
Death Rattle,{5}{B},6,B,Vance Kovacs,78,Instant,Delve (Each card you exile from your graveyard while casting this spell pays for {1}.)\nDestroy target nongreen creature. It can't be regenerated.,"FUT,MMA",,normal,370477,,,Uncommon,,Instant
Deepcavern Imp,{2}{B},3,B,Scott Altmann,79,Creature — Imp Rebel,"Flying, haste\nEcho—Discard a card. (At the beginning of your upkeep, if this came under your control since the beginning of your last upkeep, sacrifice it unless you pay its echo cost.)","FUT,MMA",,normal,370569,2,2,Common,"Imp,Rebel",Creature
Drag Down,{2}{B},3,B,Trevor Claxton,80,Instant,Domain — Target creature gets -1/-1 until end of turn for each basic land type among lands you control.,"CON,MMA","The barbarians of Jund believe the bottomless tar pits extend forever into other, darker worlds.",normal,370391,,,Common,,Instant
Dreamspoiler Witches,{3}{B},4,B,Jeff Easley,81,Creature — Faerie Wizard,"Flying\nWhenever you cast a spell during an opponent's turn, you may have target creature get -1/-1 until end of turn.","LRW,MMA","At night, the faeries steal dreamstuff for their queen. At daybreak, countless creatures wake weak and hollow.",normal,370473,2,2,Common,"Faerie,Wizard",Creature
Earwig Squad,{3}{B}{B},5,B,Warren Mahy,82,Creature — Goblin Rogue,"Prowl {2}{B} (You may cast this for its prowl cost if you dealt combat damage to a player this turn with a Goblin or Rogue.)\nWhen Earwig Squad enters the battlefield, if its prowl cost was paid, search target opponent's library for three cards and exile them. Then that player shuffles his or her library.","MOR,pLPA,MMA",,normal,370530,5,3,Rare,"Goblin,Rogue",Creature
Executioner's Capsule,{B},1,B,Warren Mahy,83,Artifact,"{1}{B}, {T}, Sacrifice Executioner's Capsule: Destroy target nonblack creature.","ALA,MMA","There is always a moment of trepidation before opening a message capsule, for fear of the judgment that might be contained within.",normal,370462,,,Uncommon,,Artifact
Extirpate,{B},1,B,Jon Foster,84,Instant,"Split second (As long as this spell is on the stack, players can't cast spells or activate abilities that aren't mana abilities.)\nChoose target card in a graveyard other than a basic land card. Search its owner's graveyard, hand, and library for all cards with the same name as that card and exile them. Then that player shuffles his or her library.","PLC,MMA",,normal,370384,,,Rare,,Instant
Facevaulter,{B},1,B,Wayne Reynolds,85,Creature — Goblin Warrior,"{B}, Sacrifice a Goblin: Facevaulter gets +2/+2 until end of turn.","LRW,MMA",Boggarts get so excited when they find something new to smash that they really don't notice who gets underfoot.,normal,370499,1,1,Common,"Goblin,Warrior",Creature
Faerie Macabre,{1}{B}{B},3,B,rk post,86,Creature — Faerie Rogue,Flying\nDiscard Faerie Macabre: Exile up to two target cards from graveyards.,"SHM,DDD,MMA,DD3_GVL",The line between dream and death is gauzy and fragile. She leads those too near it from one side to the other.,normal,370410,2,2,Common,"Faerie,Rogue",Creature
Festering Goblin,{B},1,B,Thomas M. Baxa,87,Creature — Zombie Goblin,"When Festering Goblin dies, target creature gets -1/-1 until end of turn.","ONS,9ED,10E,HOP,ARC,MMA","In life, it was a fetid, disease-ridden thing. In death, not much changed.",normal,370358,1,1,Common,"Zombie,Goblin",Creature
Horobi's Whisper,{1}{B}{B},3,B,Aleksi Briclot,88,Instant — Arcane,"If you control a Swamp, destroy target nonblack creature.\nSplice onto Arcane—Exile four cards from your graveyard. (As you cast an Arcane spell, you may reveal this card from your hand and pay its splice cost. If you do, add this card's effects to that spell.)","BOK,MMA",,normal,370426,,,Uncommon,Arcane,Instant
"Kokusho, the Evening Star",{4}{B}{B},6,B,Tsutomu Kawade,89,Legendary Creature — Dragon Spirit,"Flying\nWhen Kokusho, the Evening Star dies, each opponent loses 5 life. You gain life equal to the life lost this way.","CHK,DRB,MMA",The fall of the evening star never heralds a gentle dawn.,normal,370502,5,5,Mythic Rare,"Dragon,Spirit",Creature
Mad Auntie,{2}{B},3,B,Wayne Reynolds,90,Creature — Goblin Shaman,Other Goblin creatures you control get +1/+1.\n{T}: Regenerate another target Goblin.,"pSUS,LRW,MMA","One part cunning, one part wise, and many, many parts demented.",normal,370496,2,2,Uncommon,"Goblin,Shaman",Creature
Marsh Flitter,{3}{B},4,B,Wayne Reynolds,91,Creature — Faerie Rogue,"Flying\nWhen Marsh Flitter enters the battlefield, put two 1/1 black Goblin Rogue creature tokens onto the battlefield.\nSacrifice a Goblin: Marsh Flitter has base power and toughness 3/3 until end of turn.","LRW,MMA",,normal,370374,1,1,Uncommon,"Faerie,Rogue",Creature
Peppersmoke,{B},1,B,Rebecca Guay,92,Tribal Instant — Faerie,"Target creature gets -1/-1 until end of turn. If you control a Faerie, draw a card.","LRW,MMA","Like being trapped in a perpetual sneeze, faerie-dust poisoning is both exhilarating and agonizing.",normal,370481,,,Common,Faerie,"Tribal,Instant"
Phthisis,{3}{B}{B}{B}{B},7,B,Carl Critchlow,93,Sorcery,"Destroy target creature. Its controller loses life equal to its power plus its toughness.\nSuspend 5—{1}{B} (Rather than cast this card from your hand, you may pay {1}{B} and exile it with five time counters on it. At the beginning of your upkeep, remove a time counter. When the last is removed, cast it without paying its mana cost.)","TSP,MMA,C13",,normal,370383,,,Uncommon,,Sorcery
Rathi Trapper,{1}{B},2,B,Pete Venters,94,Creature — Human Rebel Rogue,"{B}, {T}: Tap target creature.","PLC,MMA","Tangling vines, fetid murk, paralyzing poisons, and crawling dead. The swamp is nature's trap waiting to be exploited by unnatural minds.",normal,370570,1,2,Common,"Human,Rebel,Rogue",Creature
Raven's Crime,{B},1,B,Warren Mahy,95,Sorcery,Target player discards a card.\nRetrace (You may cast this card from your graveyard by discarding a land card in addition to paying its other costs.),"EVE,MMA",It plucks away memories like choice bits of carrion.,normal,370478,,,Common,,Sorcery
Skeletal Vampire,{4}{B}{B},6,B,Wayne Reynolds,96,Creature — Vampire Skeleton,"Flying\nWhen Skeletal Vampire enters the battlefield, put two 1/1 black Bat creature tokens with flying onto the battlefield.\n{3}{B}{B}, Sacrifice a Bat: Put two 1/1 black Bat creature tokens with flying onto the battlefield.\nSacrifice a Bat: Regenerate Skeletal Vampire.","GPT,DDD,MMA,DD3_GVL",,normal,370363,3,3,Rare,"Vampire,Skeleton",Creature
Slaughter Pact,{0},,B,Kev Walker,97,Instant,"Destroy target nonblack creature.\nAt the beginning of your next upkeep, pay {2}{B}. If you don't, you lose the game.","FUT,MMA",Death is only the beginning of the end.,normal,370457,,,Rare,,Instant
Stinkweed Imp,{2}{B},3,B,Nils Hamm,98,Creature — Imp,"Flying\nWhenever Stinkweed Imp deals combat damage to a creature, destroy that creature.\nDredge 5 (If you would draw a card, instead you may put exactly five cards from the top of your library into your graveyard. If you do, return this card from your graveyard to your hand. Otherwise, draw a card.)","RAV,DDC,DDJ,MMA,DD3_DVD",,normal,370450,1,2,Common,Imp,Creature
Street Wraith,{3}{B}{B},5,B,Cyril Van Der Haegen,99,Creature — Wraith,"Swampwalk (This creature can't be blocked as long as defending player controls a Swamp.)\nCycling—Pay 2 life. (Pay 2 life, Discard this card: Draw a card.)","FUT,MMA","The lamps on Wyndmoor Street snuff themselves at midnight and refuse to relight, afraid to illuminate what lies in the darkness.",normal,370428,3,4,Common,Wraith,Creature
Syphon Life,{1}{B}{B},3,B,Dan Seagrave,100,Sorcery,Target player loses 2 life and you gain 2 life.\nRetrace (You may cast this card from your graveyard by discarding a land card in addition to paying its other costs.),"EVE,MMA",Leeches never tire of feeding.,normal,370474,,,Common,,Sorcery
Thieving Sprite,{2}{B},3,B,Dan Scott,101,Creature — Faerie Rogue,"Flying\nWhen Thieving Sprite enters the battlefield, target player reveals X cards from his or her hand, where X is the number of Faeries you control. You choose one of those cards. That player discards that card.","LRW,MMA",,normal,370451,1,1,Common,"Faerie,Rogue",Creature
Tombstalker,{6}{B}{B},8,B,Aleksi Briclot,102,Creature — Demon,Flying\nDelve (Each card you exile from your graveyard while casting this spell pays for {1}.),"FUT,MMA",,normal,370539,5,5,Rare,Demon,Creature
Warren Pilferers,{4}{B},5,B,Wayne Reynolds,103,Creature — Goblin Rogue,"When Warren Pilferers enters the battlefield, return target creature card from your graveyard to your hand. If that card is a Goblin card, Warren Pilferers gains haste until end of turn.","LRW,MMA","""What do they need all this stuff for? They're dead. We're alive. Simple enough.""",normal,370357,3,3,Common,"Goblin,Rogue",Creature
Warren Weirding,{1}{B},2,B,Matt Cavotta,104,Tribal Sorcery — Goblin,"Target player sacrifices a creature. If a Goblin is sacrificed this way, that player puts two 1/1 black Goblin Rogue creature tokens onto the battlefield, and those tokens gain haste until end of turn.","MOR,MMA","""And that's when it was discovered that boggarts have just half a brain.""\n—The Book of Other Folk",normal,370488,,,Common,Goblin,"Tribal,Sorcery"
Blind-Spot Giant,{2}{R},3,R,Jim Murray,105,Creature — Giant Warrior,Blind-Spot Giant can't attack or block unless you control another Giant.,"LRW,MMA","Among the solitude-loving giantkind, teamwork is unusual. But he appreciates hearing the occasional ""Swing down and to your left.""",normal,370377,4,3,Common,"Giant,Warrior",Creature
Blood Moon,{2}{R},3,R,Franz Vohwinkel,106,Enchantment,Nonbasic lands are Mountains.,"DRK,CHR,8ED,9ED,MMA","Heavy light flooded across the landscape, cloaking everything in deep crimson.",normal,370419,,,Rare,,Enchantment
Brute Force,{R},1,R,Wayne Reynolds,107,Instant,Target creature gets +3/+3 until end of turn.,"PLC,MMA,MM2","Blood, bone, and sinew are magnified, as is the rage that drives them. The brain, however, remains unchanged—a little bean, swinging by a strand in a cavernous, raving head.",normal,370454,,,Common,,Instant
Countryside Crusher,{1}{R}{R},3,R,Volkan Baga,108,Creature — Giant Warrior,"At the beginning of your upkeep, reveal the top card of your library. If it's a land card, put it into your graveyard and repeat this process.\nWhenever a land card is put into your graveyard from anywhere, put a +1/+1 counter on Countryside Crusher.","MOR,MMA",,normal,370544,3,3,Rare,"Giant,Warrior",Creature
Crush Underfoot,{1}{R},2,R,Steven Belledin,109,Tribal Instant — Giant,Choose a Giant creature you control. It deals damage equal to its power to target creature.,"LRW,MMA","Five-toed grave\n—Kithkin phrase meaning\n""a giant's footprint""",normal,370446,,,Common,Giant,"Tribal,Instant"
Desperate Ritual,{1}{R},2,R,Darrell Riche,110,Instant — Arcane,"Add {R}{R}{R} to your mana pool.\nSplice onto Arcane {1}{R} (As you cast an Arcane spell, you may reveal this card from your hand and pay its splice cost. If you do, add this card's effects to that spell.)","CHK,MMA",,normal,370546,,,Uncommon,Arcane,Instant
Dragonstorm,{8}{R},9,R,Kev Walker,111,Sorcery,"Search your library for a Dragon permanent card and put it onto the battlefield. Then shuffle your library.\nStorm (When you cast this spell, copy it for each spell cast before it this turn.)","SCG,TSB,DRB,MMA",,normal,370537,,,Rare,,Sorcery
Empty the Warrens,{3}{R},4,R,Jasper Sandner,112,Sorcery,"Put two 1/1 red Goblin creature tokens onto the battlefield.\nStorm (When you cast this spell, copy it for each spell cast before it this turn.)","TSP,MMA","""They'd pour out of the warrens to make war (and to make room for the littering matrons).""\n—Sarpadian Empires, vol. IV",normal,370480,,,Common,,Sorcery
Fiery Fall,{5}{R},6,R,Daarken,113,Instant,"Fiery Fall deals 5 damage to target creature.\nBasic landcycling {1}{R} ({1}{R}, Discard this card: Search your library for a basic land card, reveal it, and put it into your hand. Then shuffle your library.)","CON,DDG,PC2,MMA,DDN,MM2",Jund feasts on the unprepared.,normal,370367,,,Common,,Instant
Fury Charm,{1}{R},2,R,John Avon,114,Instant,Choose one —\n• Destroy target artifact.\n• Target creature gets +1/+1 and gains trample until end of turn.\n• Remove two time counters from target permanent or suspended card.,"PLC,MMA",,normal,370465,,,Common,,Instant
Glacial Ray,{1}{R},2,R,Jim Murray,115,Instant — Arcane,"Glacial Ray deals 2 damage to target creature or player.\nSplice onto Arcane {1}{R} (As you cast an Arcane spell, you may reveal this card from your hand and pay its splice cost. If you do, add this card's effects to that spell.)","pARL,CHK,MMA",,normal,370552,,,Common,Arcane,Instant
Grapeshot,{1}{R},2,R,Clint Cearley,116,Sorcery,"Grapeshot deals 1 damage to target creature or player.\nStorm (When you cast this spell, copy it for each spell cast before it this turn. You may choose new targets for the copies.)","TSP,MMA",Mages often seek to emulate the powerful relics lost to time and apocalypse.,normal,370472,,,Common,,Sorcery
Greater Gargadon,{9}{R},10,R,Rob Alexander,117,Creature — Beast,"Suspend 10—{R}\nSacrifice an artifact, creature, or land: Remove a time counter from Greater Gargadon. Activate this ability only if Greater Gargadon is suspended.","TSP,MMA",,normal,370560,9,7,Rare,Beast,Creature
Grinning Ignus,{2}{R},3,R,James Kei,118,Creature — Elemental,"{R}, Return Grinning Ignus to its owner's hand: Add {C}{C}{R} to your mana pool. Activate this ability only any time you could cast a sorcery.","FUT,MMA","""Take care what you offer the ignus. Food, perhaps. Coins. But nothing flammable!""\n—Stovic, village eccentric",normal,370418,2,2,Uncommon,Elemental,Creature
Hammerheim Deadeye,{3}{R},4,R,Carl Critchlow,119,Creature — Giant Warrior,"Echo {5}{R} (At the beginning of your upkeep, if this came under your control since the beginning of your last upkeep, sacrifice it unless you pay its echo cost.)\nWhen Hammerheim Deadeye enters the battlefield, destroy target creature with flying.","PLC,MMA",,normal,370401,3,3,Common,"Giant,Warrior",Creature
"Kiki-Jiki, Mirror Breaker",{2}{R}{R}{R},5,R,Steven Belledin,120,Legendary Creature — Goblin Shaman,Haste\n{T}: Put a token that's a copy of target nonlegendary creature you control onto the battlefield. That token has haste. Sacrifice it at the beginning of the next end step.,"CHK,V11,MMA,MM2",,normal,370534,2,2,Mythic Rare,"Goblin,Shaman",Creature
Lava Spike,{R},1,R,Mark Tedin,121,Sorcery — Arcane,Lava Spike deals 3 damage to target player.,"CHK,MMA","Some kami attacks during the war were rife with trickery, subterfuge, and subtlety, draining hope and pride from the mortal world. Other attacks were a lot more straightforward.",normal,370409,,,Common,Arcane,Sorcery
Mogg War Marshal,{1}{R},2,R,Wayne England,122,Creature — Goblin Warrior,"Echo {1}{R} (At the beginning of your upkeep, if this came under your control since the beginning of your last upkeep, sacrifice it unless you pay its echo cost.)\nWhen Mogg War Marshal enters the battlefield or dies, put a 1/1 red Goblin creature token onto the battlefield.","TSP,EVG,MMA,DD3_EVG,EMA",,normal,370547,1,1,Common,"Goblin,Warrior",Creature
Molten Disaster,{X}{R}{R},2,R,Ittoku,123,Sorcery,"Kicker {R} (You may pay an additional {R} as you cast this spell.)\nIf Molten Disaster was kicked, it has split second. (As long as this spell is on the stack, players can't cast spells or activate abilities that aren't mana abilities.)\nMolten Disaster deals X damage to each creature without flying and each player.","FUT,MMA,C13",,normal,370437,,,Rare,,Sorcery
Pardic Dragon,{4}{R}{R},6,R,Zoltan Boros & Gabor Szikszai,124,Creature — Dragon,"Flying\n{R}: Pardic Dragon gets +1/+0 until end of turn.\nSuspend 2—{R}{R}\nWhenever an opponent casts a spell, if Pardic Dragon is suspended, that player may put a time counter on Pardic Dragon.","TSP,MMA",,normal,370464,4,4,Uncommon,Dragon,Creature
Pyromancer's Swath,{2}{R},3,R,Hideaki Takamura,125,Enchantment,"If an instant or sorcery source you control would deal damage to a creature or player, it deals that much damage plus 2 to that creature or player instead.\nAt the beginning of each end step, discard your hand.","FUT,MMA",,normal,370397,,,Rare,,Enchantment
Rift Bolt,{2}{R},3,R,Daniel Ljunggren,126,Sorcery,"Rift Bolt deals 3 damage to target creature or player.\nSuspend 1—{R} (Rather than cast this card from your hand, you may pay {R} and exile it with a time counter on it. At the beginning of your upkeep, remove a time counter. When the last is removed, cast it without paying its mana cost.)","pFNM,TSP,MMA",,normal,370469,,,Common,,Sorcery
Rift Elemental,{R},1,R,Ron Spears,127,Creature — Elemental,"{1}{R}, Remove a time counter from a permanent you control or suspended card you own: Rift Elemental gets +2/+0 until end of turn.","FUT,MMA","""It's difficult to heal a rift after it begins wandering about on its own.""\n—Teferi",normal,370468,1,1,Common,Elemental,Creature
"Ryusei, the Falling Star",{5}{R},6,R,Nottsuo,128,Legendary Creature — Dragon Spirit,"Flying\nWhen Ryusei, the Falling Star dies, it deals 5 damage to each creature without flying.","pPRE,CHK,ARC,MMA",,normal,370559,5,5,Mythic Rare,"Dragon,Spirit",Creature
Shrapnel Blast,{1}{R},2,R,Hideaki Takamura,129,Instant,"As an additional cost to cast Shrapnel Blast, sacrifice an artifact.\nShrapnel Blast deals 5 damage to target creature or player.","pFNM,MRD,MMA,M15",From trinket to trauma.,normal,370573,,,Uncommon,,Instant
"Squee, Goblin Nabob",{2}{R},3,R,Greg Staples,130,Legendary Creature — Goblin,"At the beginning of your upkeep, you may return Squee, Goblin Nabob from your graveyard to your hand.","MMQ,10E,MMA","""Some goblins are expendable. Some are impossible to get rid of. But he's both—at the same time!""\n—Starke",normal,370461,1,1,Rare,Goblin,Creature
Stingscourger,{1}{R},2,R,Wayne Reynolds,131,Creature — Goblin Warrior,"Echo {3}{R} (At the beginning of your upkeep, if this came under your control since the beginning of your last upkeep, sacrifice it unless you pay its echo cost.)\nWhen Stingscourger enters the battlefield, return target creature an opponent controls to its owner's hand.","PLC,MMA,EMA",,normal,370402,2,2,Common,"Goblin,Warrior",Creature
Stinkdrinker Daredevil,{2}{R},3,R,Pete Venters,132,Creature — Goblin Rogue,Giant spells you cast cost {2} less to cast.,"LRW,MMA,C15","Boggarts constantly strive to outdo each other with the things they bring back to the warren, each hoping the exploit will become as well-known as those of Auntie Grub.",normal,370483,1,3,Common,"Goblin,Rogue",Creature
Sudden Shock,{1}{R},2,R,Vance Kovacs,133,Instant,"Split second (As long as this spell is on the stack, players can't cast spells or activate abilities that aren't mana abilities.)\nSudden Shock deals 2 damage to target creature or player.","pREL,TSP,MMA",Arc mages aren't known for their patience.,normal,370388,,,Uncommon,,Instant
Tar Pitcher,{3}{R},4,R,Omar Rayyan,134,Creature — Goblin Shaman,"{T}, Sacrifice a Goblin: Tar Pitcher deals 2 damage to target creature or player.","LRW,EVG,MMA,DD3_EVG","""Auntie Grub had caught a goat, a bleating doe that still squirmed in her arms. At the same time, her warren decided to share with her a sensory greeting of hot tar . . . .""\n—A tale of Auntie Grub",normal,370467,2,2,Uncommon,"Goblin,Shaman",Creature
Thundercloud Shaman,{3}{R}{R},5,R,Greg Staples,135,Creature — Giant Shaman,"When Thundercloud Shaman enters the battlefield, it deals damage equal to the number of Giants you control to each non-Giant creature.","LRW,MMA,C15",He cares not for the disasters his storm brings as long as his path ahead is clear.,normal,370399,4,4,Uncommon,"Giant,Shaman",Creature
Thundering Giant,{3}{R}{R},5,R,Mark Zug,136,Creature — Giant,Haste (This creature can attack and {T} as soon as it comes under your control.),"USG,BTD,10E,MMA,M15",The giant was felt a few seconds before he was seen.,normal,370452,4,3,Common,Giant,Creature
Torrent of Stone,{3}{R},4,R,Greg Staples,137,Instant — Arcane,"Torrent of Stone deals 4 damage to target creature.\nSplice onto Arcane—Sacrifice two Mountains. (As you cast an Arcane spell, you may reveal this card from your hand and pay its splice cost. If you do, add this card's effects to that spell.)","BOK,MMA",,normal,370558,,,Common,Arcane,Instant
Tribal Flames,{1}{R},2,R,Zack Stella,138,Sorcery,"Domain — Tribal Flames deals X damage to target creature or player, where X is the number of basic land types among lands you control.","INV,TSB,DDE,MMA,MM2","""Fire is the universal language.""\n—Jhoira, master artificer",normal,370362,,,Uncommon,,Sorcery
War-Spike Changeling,{3}{R},4,R,Mark Poole,139,Creature — Shapeshifter,Changeling (This card is every creature type.)\n{R}: War-Spike Changeling gains first strike until end of turn.,"MOR,MMA","""Aren't there boggarts enough in Lorwyn? Couldn't it turn into a sheep? Or a sunflower?""\n—Olly of Goldmeadow",normal,370479,3,3,Common,Shapeshifter,Creature
Citanul Woodreaders,{2}{G},3,G,Steven Belledin,140,Creature — Human Druid,"Kicker {2}{G} (You may pay an additional {2}{G} as you cast this spell.)\nWhen Citanul Woodreaders enters the battlefield, if it was kicked, draw two cards.","PLC,MMA",They seek out living trees to glean age-old secrets from sap and wood.,normal,370501,1,4,Common,"Human,Druid",Creature
Doubling Season,{4}{G},5,G,Chuck Lukacs,141,Enchantment,"If an effect would put one or more tokens onto the battlefield under your control, it puts twice that many of those tokens onto the battlefield instead.\nIf an effect would place one or more counters on a permanent you control, it places twice that many of those counters on that permanent instead.","pJGP,RAV,MMA",,normal,370387,,,Rare,,Enchantment
Durkwood Baloth,{4}{G}{G},6,G,Dan Frazier,142,Creature — Beast,"Suspend 5—{G} (Rather than cast this card from your hand, you may pay {G} and exile it with five time counters on it. At the beginning of your upkeep, remove a time counter. When the last is removed, cast it without paying its mana cost. It has haste.)","TSP,MMA",,normal,370482,5,5,Common,Beast,Creature
Echoing Courage,{1}{G},2,G,Greg Staples,143,Instant,Target creature and all other creatures with the same name as that creature get +2/+2 until end of turn.,"DST,MMA,CNS",A single seed unleashes a flurry of growth.,normal,370393,,,Common,,Instant
Eternal Witness,{1}{G}{G},3,G,Terese Nielsen,144,Creature — Human Shaman,"When Eternal Witness enters the battlefield, you may return target card from your graveyard to your hand.","pFNM,5DN,CMD,DDJ,MMA,C15","She remembers every word spoken, from the hero's oath to the baby's cry.",normal,370427,2,1,Uncommon,"Human,Shaman",Creature
Giant Dustwasp,{3}{G}{G},5,G,Greg Hildebrandt,145,Creature — Insect,"Flying\nSuspend 4—{1}{G} (Rather than cast this card from your hand, you may pay {1}{G} and exile it with four time counters on it. At the beginning of your upkeep, remove a time counter. When the last is removed, cast it without paying its mana cost. It has haste.)","PLC,MMA",,normal,370433,3,3,Common,Insect,Creature
Greater Mossdog,{3}{G},4,G,Chippy,146,Creature — Plant Hound,"Dredge 3 (If you would draw a card, instead you may put exactly three cards from the top of your library into your graveyard. If you do, return this card from your graveyard to your hand. Otherwise, draw a card.)","RAV,DDJ,MMA",Man's best fungus.,normal,370511,3,3,Common,"Plant,Hound",Creature
Hana Kami,{G},1,G,Rebecca Guay,147,Creature — Spirit,"{1}{G}, Sacrifice Hana Kami: Return target Arcane card from your graveyard to your hand.","CHK,MMA",It grew in lands lit by pride and watered by tears.,normal,370475,1,1,Common,Spirit,Creature
Imperiosaur,{2}{G}{G},4,G,Lars Grant-West,148,Creature — Lizard,Spend only mana produced by basic lands to cast Imperiosaur.,"FUT,MMA","""An ancient, powerful force has overtaken the valley. I sympathize for its former inhabitants, but I rejoice for the land itself.""\n—Olanti, Muraganda druid",normal,370561,5,5,Common,Lizard,Creature
Incremental Growth,{3}{G}{G},5,G,Chuck Lukacs,149,Sorcery,"Put a +1/+1 counter on target creature, two +1/+1 counters on another target creature, and three +1/+1 counters on a third target creature.","LRW,MMA,KTK,W16","""Tie a mouse under a bridge, and your cabbages will triple in size.""\n—Kithkin superstition",normal,370541,,,Uncommon,,Sorcery
"Jugan, the Rising Star",{3}{G}{G}{G},6,G,Shishizaru,150,Legendary Creature — Dragon Spirit,"Flying\nWhen Jugan, the Rising Star dies, you may distribute five +1/+1 counters among any number of target creatures.","CHK,MMA",,normal,370564,5,5,Mythic Rare,"Dragon,Spirit",Creature
Kodama's Reach,{2}{G},3,G,Heather Hudson,151,Sorcery — Arcane,"Search your library for up to two basic land cards, reveal those cards, and put one onto the battlefield tapped and the other into your hand. Then shuffle your library.","CHK,CMD,MMA,C15","""The land grows only where the kami will it.""\n—Dosan the Falling Leaf",normal,370417,,,Common,Arcane,Sorcery
Krosan Grip,{2}{G},3,G,Zoltan Boros & Gabor Szikszai,152,Instant,"Split second (As long as this spell is on the stack, players can't cast spells or activate abilities that aren't mana abilities.)\nDestroy target artifact or enchantment.","pFNM,TSP,MMA,C13,C15","""Give up these unnatural weapons, these scrolls. Heart and mind and fist are enough.""\n—Zyd, Kamahlite druid",normal,370557,,,Uncommon,,Instant
Life from the Loam,{1}{G},2,G,Terese Nielsen,153,Sorcery,"Return up to three target land cards from your graveyard to your hand.\nDredge 3 (If you would draw a card, instead you may put exactly three cards from the top of your library into your graveyard. If you do, return this card from your graveyard to your hand. Otherwise, draw a card.)","RAV,DDJ,MMA",,normal,370398,,,Rare,,Sorcery
Masked Admirers,{2}{G}{G},4,G,Eric Fortune,154,Creature — Elf Shaman,"When Masked Admirers enters the battlefield, draw a card.\nWhenever you cast a creature spell, you may pay {G}{G}. If you do, return Masked Admirers from your graveyard to your hand.","LRW,MMA,C14","""Beauty determines value, and we determine beauty.""",normal,370416,3,2,Uncommon,"Elf,Shaman",Creature
Moldervine Cloak,{2}{G},3,G,Wayne England,155,Enchantment — Aura,"Enchant creature\nEnchanted creature gets +3/+3.\nDredge 2 (If you would draw a card, instead you may put exactly two cards from the top of your library into your graveyard. If you do, return this card from your graveyard to your hand. Otherwise, draw a card.)","RAV,MMA",,normal,370444,,,Common,Aura,Enchantment
Nantuko Shaman,{2}{G},3,G,Daren Bader,156,Creature — Insect Shaman,"When Nantuko Shaman enters the battlefield, if you control no tapped lands, draw a card.\nSuspend 1—{2}{G}{G} (Rather than cast this card from your hand, you may pay {2}{G}{G} and exile it with a time counter on it. At the beginning of your upkeep, remove a time counter. When the last is removed, cast it without paying its mana cost. It has haste.)","TSP,MMA",,normal,370484,3,2,Common,"Insect,Shaman",Creature
Penumbra Spider,{2}{G}{G},4,G,Jeff Easley,157,Creature — Spider,"Reach\nWhen Penumbra Spider dies, put a 2/4 black Spider creature token with reach onto the battlefield.","TSP,CMD,PC2,MMA","When it snared a passing cockatrice, its own soul darkly doubled.",normal,370516,2,4,Common,Spider,Creature
Reach of Branches,{4}{G},5,G,Zack Stella,158,Tribal Instant — Treefolk,"Put a 2/5 green Treefolk Shaman creature token onto the battlefield.\nWhenever a Forest enters the battlefield under your control, you may return Reach of Branches from your graveyard to your hand.","MOR,MMA",Growth has no limits.,normal,370412,,,Uncommon,Treefolk,"Tribal,Instant"
Riftsweeper,{1}{G},2,G,Brian Despain,159,Creature — Elf Shaman,"When Riftsweeper enters the battlefield, choose target face-up exiled card. Its owner shuffles it into his or her library.","FUT,MMA","""Beings of the rifts are not natural. No longer will these abominations tread upon the body of Gaea.""",normal,370365,2,2,Uncommon,"Elf,Shaman",Creature
Rude Awakening,{4}{G},5,G,Ittoku,160,Sorcery,"Choose one —\n• Untap all lands you control.\n• Until end of turn, lands you control become 2/2 creatures that are still lands.\nEntwine {2}{G} (Choose both if you pay the entwine cost.)","5DN,DDD,MMA,DD3_GVL",,normal,370470,,,Rare,,Sorcery
Search for Tomorrow,{2}{G},3,G,Randy Gallegos,161,Sorcery,"Search your library for a basic land card and put it onto the battlefield. Then shuffle your library.\nSuspend 2—{G} (Rather than cast this card from your hand, you may pay {G} and exile it with two time counters on it. At the beginning of your upkeep, remove a time counter. When the last is removed, cast it without paying its mana cost.)","TSP,HOP,MMA",,normal,370526,,,Common,,Sorcery
Sporesower Thallid,{2}{G}{G},4,G,Ron Spencer,162,Creature — Fungus,"At the beginning of your upkeep, put a spore counter on each Fungus you control.\nRemove three spore counters from Sporesower Thallid: Put a 1/1 green Saproling creature token onto the battlefield.","TSP,MMA",,normal,370441,4,4,Uncommon,Fungus,Creature
Sporoloth Ancient,{3}{G}{G},5,G,James Kei,163,Creature — Fungus,"At the beginning of your upkeep, put a spore counter on Sporoloth Ancient.\nCreatures you control have ""Remove two spore counters from this creature: Put a 1/1 green Saproling creature token onto the battlefield.""","FUT,MMA",,normal,370503,4,4,Common,Fungus,Creature
Summoner's Pact,{0},,G,Chippy,164,Instant,"Search your library for a green creature card, reveal it, and put it into your hand. Then shuffle your library.\nAt the beginning of your next upkeep, pay {2}{G}{G}. If you don't, you lose the game.","FUT,MMA",,normal,370563,,,Rare,,Instant
Sylvan Bounty,{5}{G},6,G,Chris Rahn,165,Instant,"Target player gains 8 life.\nBasic landcycling {1}{G} ({1}{G}, Discard this card: Search your library for a basic land card, reveal it, and put it into your hand. Then shuffle your library.)","CON,DDH,MMA,MM2",Some who scouted new lands chose to stay.,normal,370372,,,Common,,Instant
Tarmogoyf,{1}{G},2,G,Ryan Barger,166,Creature — Lhurgoyf,Tarmogoyf's power is equal to the number of card types among cards in all graveyards and its toughness is equal to that number plus 1.,"FUT,MMA,MM2","What doesn't grow, dies. And what dies grows the tarmogoyf.",normal,370404,*,1+*,Mythic Rare,Lhurgoyf,Creature
Thallid,{G},1,G,Trevor Claxton,167,Creature — Fungus,"At the beginning of your upkeep, put a spore counter on Thallid.\nRemove three spore counters from Thallid: Put a 1/1 green Saproling creature token onto the battlefield.","FEM,TSB,ME2,MMA",,normal,370352,1,1,Common,Fungus,Creature
Thallid Germinator,{2}{G},3,G,Marco Nelor,168,Creature — Fungus,"At the beginning of your upkeep, put a spore counter on Thallid Germinator.\nRemove three spore counters from Thallid Germinator: Put a 1/1 green Saproling creature token onto the battlefield.\nSacrifice a Saproling: Target creature gets +1/+1 until end of turn.","TSP,MMA",,normal,370500,2,2,Common,Fungus,Creature
Thallid Shell-Dweller,{1}{G},2,G,Carl Critchlow,169,Creature — Fungus,"Defender\nAt the beginning of your upkeep, put a spore counter on Thallid Shell-Dweller.\nRemove three spore counters from Thallid Shell-Dweller: Put a 1/1 green Saproling creature token onto the battlefield.","TSP,MMA",,normal,370486,0,5,Common,Fungus,Creature
Tooth and Nail,{5}{G}{G},7,G,Jesper Ejsing,170,Sorcery,"Choose one —\n• Search your library for up to two creature cards, reveal them, put them into your hand, then shuffle your library.\n• Put up to two creature cards from your hand onto the battlefield.\nEntwine {2} (Choose both if you pay the entwine cost.)","MRD,MMA",,normal,370432,,,Rare,,Sorcery
Tromp the Domains,{5}{G},6,G,Mike Dringenberg,171,Sorcery,"Domain — Until end of turn, creatures you control gain trample and get +1/+1 for each basic land type among lands you control.","TSP,MMA","Ground into the footprints of the ravaging herd were clumps of salt from Benalia, moss from Llanowar, dust from Hurloon, and ash from as far as Urborg.",normal,370364,,,Uncommon,,Sorcery
Verdeloth the Ancient,{4}{G}{G},6,G,Daren Bader,172,Legendary Creature — Treefolk,"Kicker {X} (You may pay an additional {X} as you cast this spell.)\nSaproling creatures and other Treefolk creatures get +1/+1.\nWhen Verdeloth the Ancient enters the battlefield, if it was kicked, put X 1/1 green Saproling creature tokens onto the battlefield.","INV,TSB,ARC,MMA",,normal,370494,4,7,Rare,Treefolk,Creature
Walker of the Grove,{6}{G}{G},8,G,Todd Lockwood,173,Creature — Elemental,"When Walker of the Grove leaves the battlefield, put a 4/4 green Elemental creature token onto the battlefield.\nEvoke {4}{G} (You may cast this spell for its evoke cost. If you do, it's sacrificed when it enters the battlefield.)","MOR,MMA,C13",,normal,370519,7,7,Common,Elemental,Creature
Woodfall Primus,{5}{G}{G}{G},8,G,Adam Rex,174,Creature — Treefolk Shaman,"Trample\nWhen Woodfall Primus enters the battlefield, destroy target noncreature permanent.\nPersist (When this creature dies, if it had no -1/-1 counters on it, return it to the battlefield under its owner's control with a -1/-1 counter on it.)","SHM,MMA",,normal,370406,6,6,Rare,"Treefolk,Shaman",Creature
Electrolyze,{1}{U}{R},3,"U,R",Zoltan Boros & Gabor Szikszai,175,Instant,Electrolyze deals 2 damage divided as you choose among one or two target creatures and/or players.\nDraw a card.,"pMEI,GPT,pCMP,CMD,MMA,MM2",The Izzet learn something from every lesson they teach.,normal,370376,,,Uncommon,,Instant
Grand Arbiter Augustin IV,{2}{W}{U},4,"W,U",Zoltan Boros & Gabor Szikszai,176,Legendary Creature — Human Advisor,White spells you cast cost {1} less to cast.\nBlue spells you cast cost {1} less to cast.\nSpells your opponents cast cost {1} more to cast.,"DIS,MMA","The Arbiter is a conduit of justice, a will so disciplined that it dispenses justice without ego or remorse.",normal,370420,2,3,Rare,"Human,Advisor",Creature
Jhoira of the Ghitu,{1}{U}{R},3,"U,R",Kev Walker,177,Legendary Creature — Human Wizard,"{2}, Exile a nonland card from your hand: Put four time counters on the exiled card. If it doesn't have suspend, it gains suspend. (At the beginning of your upkeep, remove a time counter from that card. When the last is removed, cast it without paying its mana cost. If it's a creature, it has haste.)","FUT,MMA",,normal,370548,2,2,Rare,"Human,Wizard",Creature
Knight of the Reliquary,{1}{G}{W},3,"W,G",Michael Komarck,178,Creature — Human Knight,"Knight of the Reliquary gets +1/+1 for each land card in your graveyard.\n{T}, Sacrifice a Forest or Plains: Search your library for a land card, put it onto the battlefield, then shuffle your library.","CON,DDG,MMA","""Knowledge of Bant's landscape and ruins is a weapon that the invaders can't comprehend.""\n—Elspeth",normal,370379,2,2,Rare,"Human,Knight",Creature
Lightning Helix,{R}{W},2,"W,R",Raymond Swanland,179,Instant,Lightning Helix deals 3 damage to target creature or player and you gain 3 life.,"pMPR,RAV,HOP,DDH,MMA,DDN","""Rage is not the answer. Rage followed by fitting vengeance is the answer.""\n—Ajani",normal,370528,,,Uncommon,,Instant
Maelstrom Pulse,{1}{B}{G},3,"B,G",John Avon,180,Sorcery,Destroy target nonland permanent and all other permanents with the same name as that permanent.,"pGPX,ARB,MMA","During the collision of the shards, entire ways of life disappeared without a trace.",normal,370521,,,Rare,,Sorcery
Mind Funeral,{1}{U}{B},3,"U,B",rk post,181,Sorcery,Target opponent reveals cards from the top of his or her library until four land cards are revealed. That player puts all cards revealed this way into his or her graveyard.,"ARB,MMA","""The soul is only as eternal as I say it is.""\n—Sharuum the Hegemon",normal,370509,,,Uncommon,,Sorcery
Progenitus,{W}{W}{U}{U}{B}{B}{R}{R}{G}{G},10,"W,U,B,R,G",Jaime Jones,182,Legendary Creature — Hydra Avatar,"Protection from everything\nIf Progenitus would be put into a graveyard from anywhere, reveal Progenitus and shuffle it into its owner's library instead.","CON,V11,MMA",The Soul of the World has returned.,normal,370405,10,10,Mythic Rare,"Hydra,Avatar",Creature
Sarkhan Vol,{2}{R}{G},4,"R,G",Daarken,183,Planeswalker — Sarkhan,+1: Creatures you control get +1/+1 and gain haste until end of turn.\n−2: Gain control of target creature until end of turn. Untap that creature. It gains haste until end of turn.\n−6: Put five 4/4 red Dragon creature tokens with flying onto the battlefield.,"ALA,MMA",,normal,370566,,,Mythic Rare,Sarkhan,Planeswalker
Tidehollow Sculler,{W}{B},2,"W,B",rk post,184,Artifact Creature — Zombie,"When Tidehollow Sculler enters the battlefield, target opponent reveals his or her hand and you choose a nonland card from it. Exile that card.\nWhen Tidehollow Sculler leaves the battlefield, return the exiled card to its owner's hand.","pFNM,ALA,MMA,MD1",,normal,370375,2,2,Uncommon,Zombie,"Artifact,Creature"
Trygon Predator,{1}{G}{U},3,"U,G",Jack Wang,185,Creature — Beast,"Flying\nWhenever Trygon Predator deals combat damage to a player, you may destroy target artifact or enchantment that player controls.","DIS,MMA,C15,EMA","Held aloft by metabolized magic, trygons are ravenous for sources of mystic fuel.",normal,370476,2,3,Uncommon,Beast,Creature
Cold-Eyed Selkie,{1}{G/U}{G/U},3,"U,G",Jaime Jones,186,Creature — Merfolk Rogue,"Islandwalk (This creature can't be blocked as long as defending player controls an Island.)\nWhenever Cold-Eyed Selkie deals combat damage to a player, you may draw that many cards.","EVE,MMA,C15",She follows the old tributaries built when merrows still shaped the tides.,normal,370505,1,1,Rare,"Merfolk,Rogue",Creature
Demigod of Revenge,{B/R}{B/R}{B/R}{B/R}{B/R},5,"B,R",Jim Murray,187,Creature — Spirit Avatar,"Flying, haste\nWhen you cast Demigod of Revenge, return all cards named Demigod of Revenge from your graveyard to the battlefield.","pPRE,SHM,MMA","""His laugh, a bellowing, deathly din, slices through the heavens, making them bleed.""\n—The Seer's Parables",normal,370463,5,4,Rare,"Spirit,Avatar",Creature
Divinity of Pride,{W/B}{W/B}{W/B}{W/B}{W/B},5,"W,B",Greg Staples,188,Creature — Spirit Avatar,"Flying, lifelink\nDivinity of Pride gets +4/+4 as long as you have 25 or more life.","EVE,MMA,C13","""She spoke of mystery and portent, of such unfathomable things that my mind screamed for pity.""\n—The Seer's Parables",normal,370565,4,4,Rare,"Spirit,Avatar",Creature
Figure of Destiny,{R/W},1,"W,R",Scott M. Fischer,189,Creature — Kithkin,"{R/W}: Figure of Destiny becomes a Kithkin Spirit with base power and toughness 2/2.\n{R/W}{R/W}{R/W}: If Figure of Destiny is a Spirit, it becomes a Kithkin Spirit Warrior with base power and toughness 4/4.\n{R/W}{R/W}{R/W}{R/W}{R/W}{R/W}: If Figure of Destiny is a Warrior, it becomes a Kithkin Spirit Warrior Avatar with base power and toughness 8/8, flying, and first strike.","pLPA,EVE,PD2,MMA,DDL",,normal,370466,1,1,Rare,Kithkin,Creature
Kitchen Finks,{1}{G/W}{G/W},3,"W,G",Kev Walker,190,Creature — Ouphe,"When Kitchen Finks enters the battlefield, you gain 2 life.\nPersist (When this creature dies, if it had no -1/-1 counters on it, return it to the battlefield under its owner's control with a -1/-1 counter on it.)","pFNM,SHM,MMA","Accept one favor from an ouphe, and you're doomed to accept another.",normal,370458,3,2,Uncommon,Ouphe,Creature
Manamorphose,{1}{R/G},2,"R,G",Adam Paquette,191,Instant,Add two mana in any combination of colors to your mana pool.\nDraw a card.,"SHM,MMA","""Master the chaotic forces of nature, and you shall master magic.""\n—Yare-Tiva, warden of Gramur forest",normal,370568,,,Uncommon,,Instant
Murderous Redcap,{2}{B/R}{B/R},4,"B,R",Dave Allsop,192,Creature — Goblin Assassin,"When Murderous Redcap enters the battlefield, it deals damage equal to its power to target creature or player.\nPersist (When this creature dies, if it had no -1/-1 counters on it, return it to the battlefield under its owner's control with a -1/-1 counter on it.)","pFNM,SHM,MMA",,normal,370518,2,2,Uncommon,"Goblin,Assassin",Creature
"Oona, Queen of the Fae",{3}{U/B}{U/B}{U/B},6,"U,B",Adam Rex,193,Legendary Creature — Faerie Wizard,"Flying\n{X}{U/B}: Choose a color. Target opponent exiles the top X cards of his or her library. For each card of the chosen color exiled this way, put a 1/1 blue and black Faerie Rogue creature token with flying onto the battlefield.","SHM,V11,MMA",,normal,370429,5,5,Rare,"Faerie,Wizard",Creature
Plumeveil,{W/U}{W/U}{W/U},3,"W,U",Nils Hamm,194,Creature — Elemental,"Flash\nDefender, flying","SHM,CMD,MMA","""It was vast, a great sheet of soaring wings, and equally silent. It caught us unawares and blocked our view of the kithkin stronghold.""\n—Grensch, merrow cutthroat",normal,370423,4,4,Uncommon,Elemental,Creature
Worm Harvest,{2}{B/G}{B/G}{B/G},5,"B,G",Chuck Lukacs,195,Sorcery,Put a 1/1 black and green Worm creature token onto the battlefield for each land card in your graveyard.\nRetrace (You may cast this card from your graveyard by discarding a land card in addition to paying its other costs.),"EVE,MMA",,normal,370532,,,Uncommon,,Sorcery
Æther Spellbomb,{1},1,U,Jim Nelson,196,Artifact,"{U}, Sacrifice Æther Spellbomb: Return target creature to its owner's hand.\n{1}, Sacrifice Æther Spellbomb: Draw a card.","MRD,ARC,DDF,MMA","""Release that which was never caged.""\n—Spellbomb inscription",normal,370524,,,Common,,Artifact
Æther Vial,{1},1,,Karl Kopinski,197,Artifact,"At the beginning of your upkeep, you may put a charge counter on Æther Vial.\n{T}: You may put a creature card with converted mana cost equal to the number of charge counters on Æther Vial from your hand onto the battlefield.","DST,V10,MMA",,normal,370514,,,Rare,,Artifact
Arcbound Ravager,{2},2,,Kev Walker,198,Artifact Creature — Beast,"Sacrifice an artifact: Put a +1/+1 counter on Arcbound Ravager.\nModular 1 (This enters the battlefield with a +1/+1 counter on it. When it dies, you may put its +1/+1 counters on target artifact creature.)","DST,MMA",,normal,370510,0,0,Rare,Beast,"Artifact,Creature"
Arcbound Stinger,{2},2,,Darrell Riche,199,Artifact Creature — Insect,"Flying\nModular 1 (This enters the battlefield with a +1/+1 counter on it. When it dies, you may put its +1/+1 counters on target artifact creature.)","DST,MMA",,normal,370443,0,0,Common,Insect,"Artifact,Creature"
Arcbound Wanderer,{6},6,,Christopher Moeller,200,Artifact Creature — Golem,"Modular—Sunburst (This enters the battlefield with a +1/+1 counter on it for each color of mana spent to cast it. When it dies, you may put its +1/+1 counters on target artifact creature.)","5DN,MMA",,normal,370523,0,0,Common,Golem,"Artifact,Creature"
Arcbound Worker,{1},1,,Darrell Riche,201,Artifact Creature — Construct,"Modular 1 (This enters the battlefield with a +1/+1 counter on it. When it dies, you may put its +1/+1 counters on target artifact creature.)","DST,DDF,MMA",The parts are as strong as the whole.,normal,370517,0,0,Common,Construct,"Artifact,Creature"
Bonesplitter,{1},1,,Darrell Riche,202,Artifact — Equipment,Equipped creature gets +2/+0.\nEquip {1},"pARL,MRD,MMA","""It puts an end to what ails you.""\n—Jeorg, Valla battlemaster",normal,370442,,,Common,Equipment,Artifact
Chalice of the Void,{X}{X},,,Mark Zug,203,Artifact,"Chalice of the Void enters the battlefield with X charge counters on it.\nWhenever a player casts a spell with converted mana cost equal to the number of charge counters on Chalice of the Void, counter that spell.","MRD,MMA",,normal,370411,,,Rare,,Artifact
Engineered Explosives,{X},,,Lars Grant-West,204,Artifact,"Sunburst (This enters the battlefield with a charge counter on it for each color of mana spent to cast it.)\n{2}, Sacrifice Engineered Explosives: Destroy each nonland permanent with converted mana cost equal to the number of charge counters on Engineered Explosives.","5DN,MMA",,normal,370549,,,Rare,,Artifact
Epochrasite,{2},2,,Michael Bruinsma,205,Artifact Creature — Construct,"Epochrasite enters the battlefield with three +1/+1 counters on it if you didn't cast it from your hand.\nWhen Epochrasite dies, exile it with three time counters on it and it gains suspend. (At the beginning of your upkeep, remove a time counter. When the last is removed, cast this card without paying its mana cost. It has haste.)","FUT,MMA,C14",,normal,370497,1,1,Uncommon,Construct,"Artifact,Creature"
Etched Oracle,{4},4,,Matt Cavotta,206,Artifact Creature — Wizard,"Sunburst (This enters the battlefield with a +1/+1 counter on it for each color of mana spent to cast it.)\n{1}, Remove four +1/+1 counters from Etched Oracle: Target player draws three cards.","5DN,HOP,MMA,MM2",,normal,370435,0,0,Uncommon,Wizard,"Artifact,Creature"
Frogmite,{4},4,,Terese Nielsen,207,Artifact Creature — Frog,Affinity for artifacts (This spell costs {1} less to cast for each artifact you control.),"MRD,DDF,MMA,MM2","At first, vedalken observers thought blinkmoths naturally avoided certain places. Then they realized those places were frogmite feeding grounds.",normal,370434,2,2,Common,Frog,"Artifact,Creature"
Lotus Bloom,,,,Mark Zug,208,Artifact,"Suspend 3—{0} (Rather than cast this card from your hand, pay {0} and exile it with three time counters on it. At the beginning of your upkeep, remove a time counter. When the last is removed, cast it without paying its mana cost.)\n{T}, Sacrifice Lotus Bloom: Add three mana of any one color to your mana pool.","pPRE,TSP,MMA",,normal,370562,,,Rare,,Artifact
Myr Enforcer,{7},7,,Jim Murray,209,Artifact Creature — Myr,Affinity for artifacts (This spell costs {1} less to cast for each artifact you control.),"pFNM,MRD,HOP,MMA,MM2",Most myr monitor other species. Some myr monitor other myr.,normal,370436,4,4,Common,Myr,"Artifact,Creature"
Myr Retriever,{2},2,,Trevor Hairsine,210,Artifact Creature — Myr,"When Myr Retriever dies, return another target artifact card from your graveyard to your hand.","MRD,MMA,C14",Mephidross gives up treasure easily . . . as long as you take its place.,normal,370520,1,1,Uncommon,Myr,"Artifact,Creature"
Paradise Mantle,{0},,,Greg Hildebrandt,211,Artifact — Equipment,"Equipped creature has ""{T}: Add one mana of any color to your mana pool.""\nEquip {1}","5DN,MMA","""It contains the wisdom of generations of our people. We permit only a chosen few to don the raiment.""\n—Imran, Viridian elder",normal,370448,,,Uncommon,Equipment,Artifact
Pyrite Spellbomb,{1},1,R,Jim Nelson,212,Artifact,"{R}, Sacrifice Pyrite Spellbomb: Pyrite Spellbomb deals 2 damage to target creature or player.\n{1}, Sacrifice Pyrite Spellbomb: Draw a card.","MRD,MMA","""Melt that which was never frozen.""\n—Spellbomb inscription",normal,370512,,,Common,,Artifact
Relic of Progenitus,{1},1,,Jean-Sébastien Rossbach,213,Artifact,"{T}: Target player exiles a card from his or her graveyard.\n{1}, Exile Relic of Progenitus: Exile all cards from all graveyards. Draw a card.","ALA,HOP,MMA,MD1,EMA","Elves believe the hydra-god Progenitus sleeps beneath Naya, feeding on forgotten magics.",normal,370556,,,Uncommon,,Artifact
Runed Stalactite,{1},1,,Jim Pavelec,214,Artifact — Equipment,Equipped creature gets +1/+1 and is every creature type.\nEquip {2},"LRW,MMA","When a changeling adopts a form no other changeling has taken, a rune appears in the caverns of Velis Vel to mark the event.",normal,370445,,,Common,Equipment,Artifact
Skyreach Manta,{5},5,,Christopher Moeller,215,Artifact Creature — Fish,Sunburst (This enters the battlefield with a +1/+1 counter on it for each color of mana spent to cast it.)\nFlying,"5DN,MMA,MM2","As the dawns break, the manta soars.",normal,370356,0,0,Common,Fish,"Artifact,Creature"
Sword of Fire and Ice,{3},3,,Chris Rahn,216,Artifact — Equipment,"Equipped creature gets +2/+2 and has protection from red and from blue.\nWhenever equipped creature deals combat damage to a player, Sword of Fire and Ice deals 2 damage to target creature or player and you draw a card.\nEquip {2}","pJGP,DST,MMA",,normal,370471,,,Mythic Rare,Equipment,Artifact
Sword of Light and Shadow,{3},3,,Chris Rahn,217,Artifact — Equipment,"Equipped creature gets +2/+2 and has protection from white and from black.\nWhenever equipped creature deals combat damage to a player, you gain 3 life and you may return up to one target creature card from your graveyard to your hand.\nEquip {2}","pJGP,DST,MMA",,normal,370455,,,Mythic Rare,Equipment,Artifact
Vedalken Shackles,{3},3,,Svetlin Velinov,218,Artifact,"You may choose not to untap Vedalken Shackles during your untap step.\n{2}, {T}: Gain control of target creature with power less than or equal to the number of Islands you control for as long as Vedalken Shackles remains tapped.","5DN,MMA",,normal,370366,,,Mythic Rare,,Artifact
Academy Ruins,,,U,Zoltan Boros & Gabor Szikszai,219,Legendary Land,"{T}: Add {C} to your mana pool.\n{1}{U}, {T}: Put target artifact card from your graveyard on top of your library.","TSP,MMA",Its secrets once wrought the greatest artifice ever known. Now crabs loot the rubble to decorate their shells.,normal,370424,,,Rare,,Land
Blinkmoth Nexus,,,,Sam Burley,220,Land,"{T}: Add {C} to your mana pool.\n{1}: Blinkmoth Nexus becomes a 1/1 Blinkmoth artifact creature with flying until end of turn. It's still a land.\n{1}, {T}: Target Blinkmoth creature gets +1/+1 until end of turn.","DST,MMA,MM2",,normal,370407,,,Rare,,Land
City of Brass,,,,Jung Park,221,Land,"Whenever City of Brass becomes tapped, it deals 1 damage to you.\n{T}: Add one mana of any color to your mana pool.","ARN,CHR,5ED,6ED,pSUS,7ED,8ED,ME4,MMA,MD1","""There is much to learn here, but few can endure the ringing of the spires.""\n—Nulakam the Archivist",normal,370490,,,Rare,,Land
Dakmor Salvage,,,B,John Avon,222,Land,"Dakmor Salvage enters the battlefield tapped.\n{T}: Add {B} to your mana pool.\nDredge 2 (If you would draw a card, instead you may put exactly two cards from the top of your library into your graveyard. If you do, return this card from your graveyard to your hand. Otherwise, draw a card.)","FUT,DDJ,MMA",,normal,370456,,,Uncommon,,Land
Glimmervoid,,,,Lars Grant-West,223,Land,"At the beginning of the end step, if you control no artifacts, sacrifice Glimmervoid.\n{T}: Add one mana of any color to your mana pool.","MRD,MMA",An empty canvas holds infinite possibilities.,normal,370425,,,Rare,,Land
Terramorphic Expanse,,,,Dan Scott,224,Land,"{T}, Sacrifice Terramorphic Expanse: Search your library for a basic land card and put it onto the battlefield tapped. Then shuffle your library.","TSP,10E,M10,HOP,H09,DDE,ARC,M11,CMD,DDH,PC2,MMA,C13,DDN,C14,C15","Take two steps north into the unsettled future, south into the unquiet past, east into the present day, or west into the great unknown.",normal,370459,,,Common,,Land
Vivid Crag,,,R,Martina Pilcerova,225,Land,"Vivid Crag enters the battlefield tapped with two charge counters on it.\n{T}: Add {R} to your mana pool.\n{T}, Remove a charge counter from Vivid Crag: Add one mana of any color to your mana pool.","LRW,CMD,MMA,C13,C15",,normal,370400,,,Uncommon,,Land
Vivid Creek,,,U,Fred Fields,226,Land,"Vivid Creek enters the battlefield tapped with two charge counters on it.\n{T}: Add {U} to your mana pool.\n{T}, Remove a charge counter from Vivid Creek: Add one mana of any color to your mana pool.","LRW,H09,CMD,PC2,MMA,C13,C15",,normal,370355,,,Uncommon,,Land
Vivid Grove,,,G,Howard Lyon,227,Land,"Vivid Grove enters the battlefield tapped with two charge counters on it.\n{T}: Add {G} to your mana pool.\n{T}, Remove a charge counter from Vivid Grove: Add one mana of any color to your mana pool.","LRW,H09,CMD,MMA,C13,C15",,normal,370403,,,Uncommon,,Land
Vivid Marsh,,,B,John Avon,228,Land,"Vivid Marsh enters the battlefield tapped with two charge counters on it.\n{T}: Add {B} to your mana pool.\n{T}, Remove a charge counter from Vivid Marsh: Add one mana of any color to your mana pool.","LRW,CMD,MMA,C13,C15",,normal,370389,,,Uncommon,,Land
Vivid Meadow,,,W,Rob Alexander,229,Land,"Vivid Meadow enters the battlefield tapped with two charge counters on it.\n{T}: Add {W} to your mana pool.\n{T}, Remove a charge counter from Vivid Meadow: Add one mana of any color to your mana pool.","LRW,CMD,MMA,C15",,normal,370351,,,Uncommon,,Land
