name,manaCost,cmc,colorIdentity,artist,number,type,text,printings,flavor,layout,multiverseid,power,toughness,rarity,subtypes,types
Altar's Light,{2}{W}{W},4,W,Daren Bader,1,Instant,Exile target artifact or enchantment.,MRD,"""The altar does nothing; the device is crushed under the weight of its own impurity.""\n—Ushanti, leonin seer",normal,48383,,,Uncommon,,Instant
Arrest,{2}{W},3,W,Tim Hildebrandt,2,Enchantment — Aura,"Enchant creature\nEnchanted creature can't attack or block, and its activated abilities can't be activated.","pMEI,MMQ,MRD,SOM,RTR,MM2","""Unfortunately, it doesn't restrain the beast's smell.""\n—Glissa Sunseeker",normal,48432,,,Common,Aura,Enchantment
Auriok Bladewarden,{1}{W},2,W,Dave Dorman,3,Creature — Human Soldier,"{T}: Target creature gets +X/+X until end of turn, where X is Auriok Bladewarden's power.",MRD,The Auriok have learned through constant struggle that allies are more precious than water.,normal,48433,1,1,Uncommon,"Human,Soldier",Creature
Auriok Steelshaper,{1}{W},2,W,Dany Orizio,4,Creature — Human Soldier,"Equip costs you pay cost {1} less.\nAs long as Auriok Steelshaper is equipped, each creature you control that's a Soldier or a Knight gets +1/+1.",MRD,They put their safety in his hands. He puts sharpened steel in theirs.,normal,46081,1,1,Rare,"Human,Soldier",Creature
Auriok Transfixer,{W},1,W,Stephen Tappin,5,Creature — Human Scout,"{W}, {T}: Tap target artifact.",MRD,"""My grandfather knew enough spells to fill a hundred scrolls. Nowadays, if a spell cannot fight the levelers, it is not even taught to our young.""",normal,45963,1,1,Common,"Human,Scout",Creature
Awe Strike,{W},1,W,Scott M. Fischer,6,Instant,"The next time target creature would deal damage this turn, prevent that damage. You gain life equal to the damage prevented this way.",MRD,"Stunned by the mere presence of the leonin kha, the nim raider quickly fell to its knees.",normal,48074,,,Common,,Instant
Blinding Beam,{2}{W},3,W,Doug Chaffee,7,Instant,Choose one —\n• Tap two target creatures.\n• Creatures don't untap during target player's next untap step.\nEntwine {1} (Choose both if you pay the entwine cost.),"MRD,DDF,MMA",,normal,48099,,,Common,,Instant
Leonin Abunas,{3}{W},4,W,Darrell Riche,8,Creature — Cat Cleric,Artifacts you control have hexproof. (They can't be the targets of spells or abilities your opponents control.),"MRD,ARC",Only leonin clerics who can survive the Razor Fields for one turning of the suns can stand in the Cave of Light.,normal,46550,2,5,Rare,"Cat,Cleric",Creature
Leonin Den-Guard,{1}{W},2,W,Todd Lockwood,9,Creature — Cat Soldier,"As long as Leonin Den-Guard is equipped, it gets +1/+1 and has vigilance.",MRD,No one under the four suns can elude the watchful eye of the den-guard.,normal,45958,1,3,Common,"Cat,Soldier",Creature
Leonin Elder,{W},1,W,Todd Lockwood,10,Creature — Cat Cleric,"Whenever an artifact enters the battlefield, you may gain 1 life.",MRD,"""The wisdom of the elders is just as much a weapon as a sword or spear. We must learn to wield it.""\n—Ushanti, leonin seer",normal,46072,1,1,Common,"Cat,Cleric",Creature
Leonin Skyhunter,{W}{W},2,W,Kev Walker,11,Creature — Cat Knight,Flying,"MRD,9ED,MBS,DDG",The skyhunters were born when the first leonin gazed at the heavens and wished to hunt the birds overhead.,normal,45960,2,2,Uncommon,"Cat,Knight",Creature
Loxodon Mender,{5}{W},6,W,Heather Hudson,12,Creature — Elephant Cleric,"{W}, {T}: Regenerate target artifact.",MRD,"The Auriok believe that in the hands of a loxodon, no weapon can be broken.",normal,46071,3,3,Common,"Elephant,Cleric",Creature
Loxodon Peacekeeper,{1}{W},2,W,Michael Sutfin,13,Creature — Elephant Soldier,"At the beginning of your upkeep, the player with the lowest life total gains control of Loxodon Peacekeeper. If two or more players are tied for lowest life total, you choose one of them, and that player gains control of Loxodon Peacekeeper.",MRD,,normal,48180,4,4,Rare,"Elephant,Soldier",Creature
Loxodon Punisher,{3}{W},4,W,Terese Nielsen,14,Creature — Elephant Soldier,Loxodon Punisher gets +2/+2 for each Equipment attached to it.,MRD,The loxodons believe punishment comes in two steps: pain and atonement. They carry a weapon for each.,normal,46105,2,2,Rare,"Elephant,Soldier",Creature
Luminous Angel,{4}{W}{W}{W},7,W,Matthew D. Wilson,15,Creature — Angel,"Flying\nAt the beginning of your upkeep, you may put a 1/1 white Spirit creature token with flying onto the battlefield.","MRD,DDC,DD3_DVD",,normal,46546,4,4,Rare,Angel,Creature
Raise the Alarm,{1}{W},2,W,John Matson,16,Instant,Put two 1/1 white Soldier creature tokens onto the battlefield.,"MRD,DDF,MD1,M15,DDO,MM2,EMA","""The nim raid our homes without warning. We must defend our homes without hesitation.""",normal,48103,,,Common,,Instant
Razor Barrier,{1}{W},2,W,Ron Spencer,17,Instant,Target permanent you control gains protection from artifacts or from the color of your choice until end of turn.,"MRD,DDF","""We protect our homelands. Why should they not protect us?""",normal,47935,,,Common,,Instant
Roar of the Kha,{1}{W},2,W,Matt Cavotta,18,Instant,Choose one —\n• Creatures you control get +1/+1 until end of turn.\n• Untap all creatures you control.\nEntwine {1}{W} (Choose both if you pay the entwine cost.),MRD,,normal,48092,,,Uncommon,,Instant
Rule of Law,{2}{W},3,W,Scott M. Fischer,19,Enchantment,Each player can't cast more than one spell each turn.,"MRD,10E","Appointed by the kha himself, members of the tribunal ensure all disputes are settled with the utmost fairness.",normal,48112,,,Rare,,Enchantment
Second Sunrise,{1}{W}{W},3,W,Greg Staples,20,Instant,"Each player returns to the battlefield all artifact, creature, enchantment, and land cards in his or her graveyard that were put there from the battlefield this turn.",MRD,The bright tunnel sometimes leads back to life.,normal,49009,,,Rare,,Instant
Skyhunter Cub,{2}{W},3,W,Pete Venters,21,Creature — Cat Knight,"As long as Skyhunter Cub is equipped, it gets +1/+1 and has flying.",MRD,"Every young leonin wishes to become a skyhunter, for they soar closest to the suns.",normal,48046,2,2,Common,"Cat,Knight",Creature
Skyhunter Patrol,{2}{W}{W},4,W,Matt Cavotta,22,Creature — Cat Knight,"Flying, first strike (This creature can't be blocked except by creatures with flying or reach, and it deals combat damage before creatures without first strike.)","MRD,10E,DDG","""They are the first to raise the alarm when the levelers attack, and the first to risk their lives to defend the pride.""\n—Raksha Golden Cub, leonin kha",normal,48431,2,3,Common,"Cat,Knight",Creature
Slith Ascendant,{1}{W}{W},3,W,Justin Sweet,23,Creature — Slith,"Flying\nWhenever Slith Ascendant deals combat damage to a player, put a +1/+1 counter on it.",MRD,"Instinctively drawn to the light of its ""mother-sun,"" each slith follows that sun's path around Mirrodin.",normal,46069,1,1,Uncommon,Slith,Creature
Solar Tide,{4}{W}{W},6,W,Dave Dorman,24,Sorcery,Choose one —\n• Destroy all creatures with power 2 or less.\n• Destroy all creatures with power 3 or greater.\nEntwine—Sacrifice two lands. (Choose both if you pay the entwine cost.),MRD,,normal,48437,,,Rare,,Sorcery
Soul Nova,{3}{W}{W},5,W,Keith Garletts,25,Instant,Exile target attacking creature and all Equipment attached to it.,MRD,"Within seconds, the nim was consumed in blinding sunfire. Afterwards, only a puddle of molten iron remained.",normal,48101,,,Uncommon,,Instant
Sphere of Purity,{3}{W},4,W,Thomas Gianni,26,Enchantment,"If an artifact would deal damage to you, prevent 1 of that damage.",MRD,Purity rejects artifice.,normal,45968,,,Common,,Enchantment
Taj-Nar Swordsmith,{3}{W},4,W,Todd Lockwood,27,Creature — Cat Soldier,"When Taj-Nar Swordsmith enters the battlefield, you may pay {X}. If you do, search your library for an Equipment card with converted mana cost X or less and put that card onto the battlefield. Then shuffle your library.","MRD,MM2",,normal,46079,2,3,Uncommon,"Cat,Soldier",Creature
Tempest of Light,{2}{W},3,W,Wayne England,28,Instant,Destroy all enchantments.,"MRD,9ED,10E,M10","""This world reeks of another's hand. Someone or something is defying the power of the gods and shaping this planet. I intend for it to stop.""\n—Glissa Sunseeker",normal,46075,,,Uncommon,,Instant
Annul,{U},1,U,Brian Snõddy,29,Instant,Counter target artifact or enchantment spell.,"USG,MRD,THS","""Murder of the living is tragic, but murder of the idea is unforgivable.""\n—Janus, speaker of the synod",normal,45976,,,Common,,Instant
Assert Authority,{5}{U}{U},7,U,Greg Hildebrandt,30,Instant,"Affinity for artifacts (This spell costs {1} less to cast for each artifact you control.)\nCounter target spell. If that spell is countered this way, exile it instead of putting it into its owner's graveyard.",MRD,,normal,49062,,,Uncommon,,Instant
Broodstar,{8}{U}{U},10,U,Glen Angus,31,Creature — Beast,Affinity for artifacts (This spell costs {1} less to cast for each artifact you control.)\nFlying\nBroodstar's power and toughness are each equal to the number of artifacts you control.,"MRD,HOP",,normal,46556,*,*,Rare,Beast,Creature
Disarm,{U},1,U,Alex Horley-Orlandelli,32,Instant,Unattach all Equipment from target creature.,MRD,"""Be thankful I left you your clothes.""",normal,46084,,,Common,,Instant
Domineer,{1}{U}{U},3,U,Jon Foster,33,Enchantment — Aura,Enchant artifact creature\nYou control enchanted artifact creature.,MRD,"Since they haven't seen their original master for millennia, golems are eager to take orders from anyone.",normal,48571,,,Uncommon,Aura,Enchantment
Dream's Grip,{U},1,U,Jim Nelson,34,Instant,Choose one —\n• Tap target permanent.\n• Untap target permanent.\nEntwine {1} (Choose both if you pay the entwine cost.),MRD,,normal,48159,,,Common,,Instant
Fabricate,{2}{U},3,U,Glen Angus,35,Sorcery,"Search your library for an artifact card, reveal it, and put it into your hand. Then shuffle your library.","MRD,M10,HOP","""The secret to invention is to see something in your mind, then find where it hides in the world.""",normal,48568,,,Uncommon,,Sorcery
Fatespinner,{1}{U}{U},3,U,rk post,36,Creature — Human Wizard,"At the beginning of each opponent's upkeep, that player chooses draw step, main phase, or combat phase. The player skips each instance of the chosen step or phase this turn.",MRD,"No one knows what she is watching, but she never takes her eyes off it.",normal,45970,1,2,Rare,"Human,Wizard",Creature
Inertia Bubble,{1}{U},2,U,Hugh Jamieson,37,Enchantment — Aura,Enchant artifact\nEnchanted artifact doesn't untap during its controller's untap step.,MRD,"""I wouldn't want you to hurt yourself.""\n—Bruenna, Neurok leader",normal,49443,,,Common,Aura,Enchantment
Looming Hoverguard,{4}{U}{U},6,U,Scott M. Fischer,38,Creature — Drone,"Flying\nWhen Looming Hoverguard enters the battlefield, put target artifact on top of its owner's library.",MRD,"Although mute, hoverguards get their message across loud and clear.",normal,48114,3,3,Uncommon,Drone,Creature
Lumengrid Augur,{3}{U},4,U,rk post,39,Creature — Vedalken Wizard,"{1}, {T}: Target player draws a card, then discards a card. If that player discards an artifact card this way, untap Lumengrid Augur.",MRD,Information pumps like blood through vedalken society.,normal,47791,2,2,Rare,"Vedalken,Wizard",Creature
Lumengrid Sentinel,{2}{U},3,U,Scott M. Fischer,40,Creature — Human Wizard,"Flying\nWhenever an artifact enters the battlefield under your control, you may tap target permanent.",MRD,"The vedalken order their Neurok sentinels to watch over the shores of the Quicksilver Sea, as if they know of intruders yet to come.",normal,45972,1,2,Uncommon,"Human,Wizard",Creature
Lumengrid Warden,{1}{U},2,U,Matt Thompson,41,Creature — Human Wizard,,"MRD,9ED,10E","The Neurok, like the vedalken, are on a constant quest for knowledge. It is their currency, their trade, their life.",normal,48438,1,3,Common,"Human,Wizard",Creature
March of the Machines,{3}{U},4,U,Ben Thompson,42,Enchantment,Each noncreature artifact is an artifact creature with power and toughness each equal to its converted mana cost. (Equipment that's a creature can't equip a creature.),"MRD,10E,ARC",,normal,46699,,,Rare,,Enchantment
Neurok Familiar,{1}{U},2,U,"Edward P. Beard, Jr.",43,Creature — Bird,"Flying\nWhen Neurok Familiar enters the battlefield, reveal the top card of your library. If it's an artifact card, put it into your hand. Otherwise, put it into your graveyard.",MRD,,normal,46082,1,1,Common,Bird,Creature
Neurok Spy,{2}{U},3,U,Daren Bader,44,Creature — Human Rogue,Neurok Spy can't be blocked as long as defending player controls an artifact.,MRD,"From the murk of Mephidross to the heart of Kuldotha, the vedalken send their servants forth to gather knowledge from every inch of Mirrodin.",normal,45974,2,2,Common,"Human,Rogue",Creature
Override,{2}{U},3,U,Hugh Jamieson,45,Instant,Counter target spell unless its controller pays {1} for each artifact you control.,MRD,"""The Knowledge Pool has all the answers—especially ‘No.'""",normal,46089,,,Common,,Instant
Psychic Membrane,{2}{U},3,U,Tony Szczudlo,46,Creature — Wall,"Defender (This creature can't attack.)\nWhenever Psychic Membrane blocks, you may draw a card.",MRD,The vedalken always put their best thought forward.,normal,48167,0,3,Uncommon,Wall,Creature
Quicksilver Elemental,{3}{U}{U},5,U,Tony Szczudlo,47,Creature — Elemental,"{U}: Quicksilver Elemental gains all activated abilities of target creature until end of turn. (If any of the abilities use that creature's name, use this creature's name instead.)\nYou may spend blue mana as though it were mana of any color to pay the activation costs of Quicksilver Elemental's abilities.",MRD,,normal,46559,3,4,Rare,Elemental,Creature
Regress,{2}{U},3,U,Randy Gallegos,48,Instant,Return target permanent to its owner's hand.,"MRD,ROE","""Once cast, a spell can be undone. But once revealed, a secret can never again be kept.""\n—Pontifex, elder researcher",normal,49061,,,Common,,Instant
Shared Fate,{4}{U},5,U,Matt Cavotta,49,Enchantment,"If a player would draw a card, that player exiles the top card of one of his or her opponents' libraries face down instead.\nEach player may look at and play cards he or she exiled with Shared Fate.",MRD,,normal,49764,,,Rare,,Enchantment
Slith Strider,{1}{U}{U},3,U,Justin Sweet,50,Creature — Slith,"Whenever Slith Strider becomes blocked, draw a card.\nWhenever Slith Strider deals combat damage to a player, put a +1/+1 counter on it.","MRD,DDI",A slith's form and function are determined by the color of the sun under which it's born.,normal,46080,1,1,Uncommon,Slith,Creature
Somber Hoverguard,{5}{U},6,U,Adam Rex,51,Creature — Drone,Affinity for artifacts (This spell costs {1} less to cast for each artifact you control.)\nFlying,"MRD,MM2",The vedalken interrogate all intruders—once the hoverguards are done with them.,normal,45973,3,2,Common,Drone,Creature
Temporal Cascade,{5}{U}{U},7,U,Puddnhead,52,Sorcery,Choose one —\n• Each player shuffles his or her hand and graveyard into his or her library.\n• Each player draws seven cards.\nEntwine {2} (Choose both if you pay the entwine cost.),MRD,,normal,49055,,,Rare,,Sorcery
Thirst for Knowledge,{2}{U},3,U,Ben Thompson,53,Instant,Draw three cards. Then discard two cards unless you discard an artifact card.,"pFNM,MRD,HOP,DDF,MMA","Lymph, the fluid essence of blinkmoths, is prized by wizards for the rush of intellect it provides.",normal,45978,,,Uncommon,,Instant
Thoughtcast,{4}{U},5,U,Greg Hildebrandt,54,Sorcery,Affinity for artifacts (This spell costs {1} less to cast for each artifact you control.)\nDraw two cards.,"MRD,DDF,MM2",Vedalken eyes don't see the beauty in things. They see only what those things can teach.,normal,46085,,,Common,,Sorcery
Vedalken Archmage,{2}{U}{U},4,U,Kev Walker,55,Creature — Vedalken Wizard,"Whenever you cast an artifact spell, draw a card.",MRD,"""The Knowledge Pool knows. Memnarch understands.""\n—Janus, speaker of the synod",normal,46557,0,2,Rare,"Vedalken,Wizard",Creature
Wanderguard Sentry,{4}{U},5,U,Luca Zontini,56,Creature — Drone,"When Wanderguard Sentry enters the battlefield, look at target opponent's hand.","MRD,9ED","Created by the vedalken to guard Lumengrid, the drones' empty eyes look beyond the Quicksilver Sea.",normal,48439,3,3,Common,Drone,Creature
Barter in Blood,{2}{B}{B},4,B,Paolo Parente,57,Sorcery,Each player sacrifices two creatures.,"MRD,DDC,AVR,DD3_DVD,C15,DDQ","""In the game of conquest, who cares about the pawns if the king yet reigns?""\n—Geth, keeper of the Vault",normal,48591,,,Uncommon,,Sorcery
Betrayal of Flesh,{5}{B},6,B,Wayne England,58,Instant,Choose one —\n• Destroy target creature.\n• Return target creature card from your graveyard to the battlefield.\nEntwine—Sacrifice three lands. (Choose both if you pay the entwine cost.),MRD,,normal,48588,,,Uncommon,,Instant
Chimney Imp,{4}{B},5,B,Christopher Moeller,59,Creature — Imp,"Flying\nWhen Chimney Imp dies, target opponent puts a card from his or her hand on top of his or her library.",MRD,,normal,45985,1,2,Common,Imp,Creature
Consume Spirit,{X}{1}{B},2,B,Matt Thompson,60,Sorcery,Spend only black mana on X.\nConsume Spirit deals X damage to target creature or player and you gain X life.,"pMEI,MRD,9ED,10E,DDC,M10,HOP,DPA,M12,DD3_DVD","Mephidross changes all who dwell there, taking their lives and adding them to its own.",normal,45987,,,Common,,Sorcery
Contaminated Bond,{1}{B},2,B,Thomas M. Baxa,61,Enchantment — Aura,"Enchant creature (Target a creature as you cast this. This card enters the battlefield attached to that creature.)\nWhenever enchanted creature attacks or blocks, its controller loses 3 life.","MRD,9ED,10E",This leash disciplines the master.,normal,49444,,,Common,Aura,Enchantment
Disciple of the Vault,{B},1,B,Matt Thompson,62,Creature — Human Cleric,"Whenever an artifact is put into a graveyard from the battlefield, you may have target opponent lose 1 life.",MRD,"He stands in the shadow of his lord, Geth, drinking in the dark energies of the Vault.",normal,49090,1,1,Common,"Human,Cleric",Creature
Dross Harvester,{1}{B}{B},3,B,Michael Sutfin,63,Creature — Horror,"Protection from white\nAt the beginning of your end step, you lose 4 life.\nWhenever a creature dies, you gain 2 life.",MRD,,normal,50537,4,4,Rare,Horror,Creature
Dross Prowler,{2}{B},3,B,Michael Sutfin,64,Creature — Zombie,Fear (This creature can't be blocked except by artifact creatures and/or black creatures.),MRD,"""I would never have believed that on a world with four suns there could exist a place so dark.""\n—Glissa Sunseeker",normal,48570,2,1,Common,Zombie,Creature
Flayed Nim,{3}{B},4,B,Trevor Hairsine,65,Creature — Skeleton,"Whenever Flayed Nim deals combat damage to a creature, that creature's controller loses that much life.\n{2}{B}: Regenerate Flayed Nim.",MRD,,normal,46094,2,2,Uncommon,Skeleton,Creature
Grim Reminder,{2}{B},3,B,Wayne England,66,Instant,Search your library for a nonland card and reveal it. Each opponent who cast a card this turn with the same name as that card loses 6 life. Then shuffle your library.\n{B}{B}: Return Grim Reminder from your graveyard to your hand. Activate this ability only during your upkeep.,MRD,,normal,49081,,,Rare,,Instant
Irradiate,{3}{B},4,B,Dave Dorman,67,Instant,Target creature gets -1/-1 until end of turn for each artifact you control.,MRD,The blast ignores the cage of metal but devours the flesh inside.,normal,48585,,,Common,,Instant
Moriok Scavenger,{3}{B},4,B,Puddnhead,68,Creature — Human Rogue,"When Moriok Scavenger enters the battlefield, you may return target artifact creature card from your graveyard to your hand.",MRD,Many go to Mephidross in search of lost riches. Most end up as part of the cache.,normal,45965,2,3,Common,"Human,Rogue",Creature
Necrogen Mists,{2}{B},3,B,Alex Horley-Orlandelli,69,Enchantment,"At the beginning of each player's upkeep, that player discards a card.",MRD,Mephidross filled with roars of fury and wails of despair as the leonin fought to keep their memories from being pulled into the mists.,normal,48589,,,Rare,,Enchantment
Nim Devourer,{3}{B}{B},5,B,Adam Rex,70,Creature — Zombie,"Nim Devourer gets +1/+0 for each artifact you control.\n{B}{B}: Return Nim Devourer from your graveyard to the battlefield, then sacrifice a creature. Activate this ability only during your upkeep.",MRD,,normal,46090,4,1,Rare,Zombie,Creature
Nim Lasher,{2}{B},3,B,Adam Rex,71,Creature — Zombie,Nim Lasher gets +1/+0 for each artifact you control.,MRD,"The rotting metal feeds the necrogen mists, and in turn the mists feed the nim.",normal,12394,1,1,Common,Zombie,Creature
Nim Shambler,{2}{B}{B},4,B,Adam Rex,72,Creature — Zombie,Nim Shambler gets +1/+0 for each artifact you control.\nSacrifice a creature: Regenerate Nim Shambler.,MRD,"Called ""the Dross"" by its inhabitants, Mephidross is home to the nim, Mirrodin's mindless, ravenous undead.",normal,48126,2,1,Uncommon,Zombie,Creature
Nim Shrieker,{3}{B},4,B,Adam Rex,73,Creature — Zombie,Flying\nNim Shrieker gets +1/+0 for each artifact you control.,MRD,As imps they were an annoyance. As nim they are a pestilence.,normal,48584,0,1,Common,Zombie,Creature
Promise of Power,{2}{B}{B}{B},5,B,Kev Walker,74,Sorcery,"Choose one —\n• You draw five cards and you lose 5 life.\n• Put an X/X black Demon creature token with flying onto the battlefield, where X is the number of cards in your hand.\nEntwine {4} (Choose both if you pay the entwine cost.)","MRD,DDC,C14,DD3_DVD",,normal,48096,,,Rare,,Sorcery
Reiver Demon,{4}{B}{B}{B}{B},8,B,Brom,75,Creature — Demon,"Flying\nWhen Reiver Demon enters the battlefield, if you cast it from your hand, destroy all nonartifact, nonblack creatures. They can't be regenerated.","MRD,DDC,CMD,DD3_DVD",,normal,48427,6,6,Rare,Demon,Creature
Relic Bane,{1}{B}{B},3,B,Eric Peterson,76,Enchantment — Aura,"Enchant artifact\nEnchanted artifact has ""At the beginning of your upkeep, you lose 2 life.""",MRD,A sword that has seen cowardice in battle exacts the price of honor from its wielder.,normal,48329,,,Uncommon,Aura,Enchantment
Slith Bloodletter,{B}{B},2,B,Justin Sweet,77,Creature — Slith,"Whenever Slith Bloodletter deals combat damage to a player, put a +1/+1 counter on it.\n{1}{B}: Regenerate Slith Bloodletter.",MRD,"Goblins fear the slith, believing they are children banished from the womb of the Steel Mother, deep within Kuldotha.",normal,46091,1,1,Uncommon,Slith,Creature
Spoils of the Vault,{B},1,B,Thomas M. Baxa,78,Instant,"Name a card. Reveal cards from the top of your library until you reveal the named card, then put that card into your hand. Exile all other cards revealed this way, and you lose 1 life for each of the exiled cards.",MRD,,normal,46572,,,Rare,,Instant
Terror,{1}{B},2,B,Puddnhead,79,Instant,"Destroy target nonartifact, nonblack creature. It can't be regenerated.","LEA,LEB,2ED,CED,CEI,3ED,4ED,RQS,ITP,5ED,ATH,6ED,BRB,pFNM,S00,BTD,pMPR,MRD,10E,DPA,ME4","""A simple trap in a dark corner of the mind, and their nightmares catch up with them.""\n—Geth, keeper of the Vault",normal,45988,,,Common,,Instant
Vermiculos,{4}{B},5,B,Daren Bader,80,Creature — Horror,"Whenever an artifact enters the battlefield, Vermiculos gets +4/+4 until end of turn.",MRD,"Mirrodin's artificial environment requires its own predators, scavengers, and senseless forces of nature.",normal,47936,1,1,Rare,Horror,Creature
Wail of the Nim,{2}{B},3,B,John Matson,81,Instant,Choose one —\n• Regenerate each creature you control.\n• Wail of the Nim deals 1 damage to each creature and each player.\nEntwine {B} (Choose both if you pay the entwine cost.),MRD,,normal,48105,,,Common,,Instant
Wall of Blood,{2}{B},3,B,Tony Szczudlo,82,Creature — Wall,Defender (This creature can't attack.)\nPay 1 life: Wall of Blood gets +1/+1 until end of turn.,MRD,Blood is thicker than mortar.,normal,48184,0,2,Uncommon,Wall,Creature
Woebearer,{4}{B},5,B,Matt Thompson,83,Creature — Zombie,"Fear (This creature can't be blocked except by artifact creatures and/or black creatures.)\nWhenever Woebearer deals combat damage to a player, you may return target creature card from your graveyard to your hand.",MRD,,normal,46074,2,3,Uncommon,Zombie,Creature
Wrench Mind,{B}{B},2,B,Pete Venters,84,Sorcery,Target player discards two cards unless he or she discards an artifact card.,MRD,What is the sound of one head snapping?,normal,45990,,,Common,,Sorcery
Arc-Slogger,{3}{R}{R},5,R,Jeff Easley,85,Creature — Beast,"{R}, Exile the top ten cards of your library: Arc-Slogger deals 2 damage to target creature or player.",MRD,A shuffling sound and the smell of ozone follow the slogger as surely as its electric tail.,normal,48436,4,5,Rare,Beast,Creature
Atog,{1}{R},2,R,Puddnhead,86,Creature — Atog,Sacrifice an artifact: Atog gets +2/+2 until end of turn.,"ATQ,3ED,5ED,MRD,ME4","On Dominaria, a scavenger. On Mirrodin, a predator.",normal,46106,1,2,Uncommon,Atog,Creature
Confusion in the Ranks,{3}{R}{R},5,R,Ron Spencer,87,Enchantment,"Whenever an artifact, creature, or enchantment enters the battlefield, its controller chooses target permanent another player controls that shares a card type with it. Exchange control of those permanents.",MRD,,normal,49528,,,Rare,,Enchantment
Detonate,{X}{R},1,R,Dave Dorman,88,Sorcery,Destroy target artifact with converted mana cost X. It can't be regenerated. Detonate deals X damage to that artifact's controller.,"ATQ,4ED,RQS,ITP,5ED,MRD,ME4","The goblins have forty-two different words for ""ow.""",normal,46110,,,Uncommon,,Sorcery
Electrostatic Bolt,{R},1,R,Randy Gallegos,89,Instant,"Electrostatic Bolt deals 2 damage to target creature. If it's an artifact creature, Electrostatic Bolt deals 4 damage to it instead.",MRD,It's hard to avoid electric shock when the entire plane is metallic.,normal,49101,,,Common,,Instant
Fiery Gambit,{2}{R},3,R,Scott M. Fischer,90,Sorcery,"Flip a coin until you lose a flip or choose to stop flipping. If you lose a flip, Fiery Gambit has no effect. If you win one or more flips, Fiery Gambit deals 3 damage to target creature. If you win two or more flips, Fiery Gambit deals 6 damage to each opponent. If you win three or more flips, draw nine cards and untap all lands you control.",MRD,,normal,48073,,,Rare,,Sorcery
Fists of the Anvil,{1}{R},2,R,Pete Venters,91,Instant,Target creature gets +4/+0 until end of turn.,"MRD,10E","Gron's mind reeled with possibilities, most of which are best left unmentioned.",normal,48377,,,Common,,Instant
Forge Armor,{4}{R},5,R,Tony Szczudlo,92,Instant,"As an additional cost to cast Forge Armor, sacrifice an artifact.\nPut X +1/+1 counters on target creature, where X is the sacrificed artifact's converted mana cost.",MRD,,normal,46577,,,Uncommon,,Instant
Fractured Loyalty,{1}{R},2,R,Greg Staples,93,Enchantment — Aura,"Enchant creature\nWhenever enchanted creature becomes the target of a spell or ability, that spell or ability's controller gains control of that creature. (This effect lasts indefinitely.)",MRD,,normal,48390,,,Uncommon,Aura,Enchantment
Goblin Striker,{1}{R},2,R,Kevin Dobler,94,Creature — Goblin Berserker,"First strike, haste",MRD,"There's no word in the goblin language for ""strategy."" Then again, there's no word in the goblin language for ""word.""",normal,48592,1,1,Common,"Goblin,Berserker",Creature
Grab the Reins,{3}{R},4,R,Michael Sutfin,95,Instant,"Choose one —\n• Until end of turn, you gain control of target creature and it gains haste.\n• Sacrifice a creature. Grab the Reins deals damage equal to that creature's power to target creature or player.\nEntwine {2}{R} (Choose both if you pay the entwine cost.)",MRD,,normal,49435,,,Uncommon,,Instant
Incite War,{2}{R},3,R,Alex Horley-Orlandelli,96,Instant,Choose one —\n• Creatures target player controls attack this turn if able.\n• Creatures you control gain first strike until end of turn.\nEntwine {2} (Choose both if you pay the entwine cost.),MRD,,normal,48138,,,Common,,Instant
Krark-Clan Grunt,{2}{R},3,R,Thomas M. Baxa,97,Creature — Goblin Warrior,Sacrifice an artifact: Krark-Clan Grunt gets +1/+0 and gains first strike until end of turn.,MRD,"The more weapons a goblin breaks in battle, the more respected he becomes.",normal,45992,2,2,Common,"Goblin,Warrior",Creature
Krark-Clan Shaman,{R},1,R,Thomas M. Baxa,98,Creature — Goblin Shaman,Sacrifice an artifact: Krark-Clan Shaman deals 1 damage to each creature without flying.,MRD,"""What do you mean, we're out of stuff to melt down? Give me your leg.""",normal,45994,1,1,Common,"Goblin,Shaman",Creature
Mass Hysteria,{R},1,R,Adam Rex,99,Enchantment,All creatures have haste.,MRD,"The sooner you see the whites of their eyes, the sooner you'll spill the red of their blood.",normal,48191,,,Rare,,Enchantment
Megatog,{4}{R}{R},6,R,Pete Venters,100,Creature — Atog,Sacrifice an artifact: Megatog gets +3/+3 and gains trample until end of turn.,MRD,"In an ironic bit of evolution, the megatog's dozens of teeth are mainly ornamental. It prefers swallowing things whole.",normal,46579,3,4,Rare,Atog,Creature
Molten Rain,{1}{R}{R},3,R,Hugh Jamieson,101,Sorcery,"Destroy target land. If that land was nonbasic, Molten Rain deals 2 damage to the land's controller.",MRD,"When the molten rains fall, entire landscapes melt and flow away in rivulets of fire.",normal,46000,,,Common,,Sorcery
Ogre Leadfoot,{4}{R},5,R,Heather Hudson,102,Creature — Ogre,"Whenever Ogre Leadfoot becomes blocked by an artifact creature, destroy that creature.",MRD,"When the goblins need more scrap for the Great Furnace, they simply let the ogres loose and follow in their wake.",normal,45993,3,3,Common,Ogre,Creature
Rustmouth Ogre,{4}{R}{R},6,R,Brian Snõddy,103,Creature — Ogre,"Whenever Rustmouth Ogre deals combat damage to a player, you may destroy target artifact that player controls.",MRD,It has an iron stomach. Literally.,normal,46118,5,4,Uncommon,Ogre,Creature
Seething Song,{2}{R},3,R,Martina Pilcerova,104,Instant,Add {R}{R}{R}{R}{R} to your mana pool.,"MRD,9ED,ARC,DDG",Vulshok mana rituals echo the day when the red sun burst through Mirrodin's surface to take its place in the heavens.,normal,34945,,,Common,,Instant
Shatter,{1}{R},2,R,Tim Hildebrandt,105,Instant,Destroy target artifact.,"LEA,LEB,2ED,CED,CEI,3ED,4ED,ICE,5ED,TMP,6ED,7ED,DKM,8ED,MRD,9ED,M10,SOM,KTK,TPR",Days of planning. Weeks of building. Months of perfecting. Seconds of smashing.,normal,45999,,,Common,,Instant
Shrapnel Blast,{1}{R},2,R,Dave Dorman,106,Instant,"As an additional cost to cast Shrapnel Blast, sacrifice an artifact.\nShrapnel Blast deals 5 damage to target creature or player.","pFNM,MRD,MMA,M15",From trinket to trauma.,normal,49835,,,Uncommon,,Instant
Slith Firewalker,{R}{R},2,R,Justin Sweet,107,Creature — Slith,"Haste\nWhenever Slith Firewalker deals combat damage to a player, put a +1/+1 counter on it.","pSUS,MRD,DD2,DD3_JVC","The slith incubate in the Great Furnace's heat, emerging on Mirrodin's surface only when the four suns have aligned overhead.",normal,46102,1,1,Uncommon,Slith,Creature
Spikeshot Goblin,{2}{R},3,R,Alan Pollack,108,Creature — Goblin Shaman,"{R}, {T}: Spikeshot Goblin deals damage equal to its power to target creature or player.",MRD,The path of a goblin shaman is a journey through a thousand ways of hurting people.,normal,46103,1,2,Common,"Goblin,Shaman",Creature
Trash for Treasure,{2}{R},3,R,Lars Grant-West,109,Sorcery,"As an additional cost to cast Trash for Treasure, sacrifice an artifact.\nReturn target artifact card from your graveyard to the battlefield.",MRD,Goblins generally have two possessions: one per hand.,normal,48586,,,Rare,,Sorcery
Vulshok Battlemaster,{4}{R},5,R,Kev Walker,110,Creature — Human Warrior,"Haste\nWhen Vulshok Battlemaster enters the battlefield, attach all Equipment on the battlefield to it. (Control of the Equipment doesn't change.)",MRD,"""I could demonstrate how the leonin sunsplicer works, but then you'd be too dead to buy one.""",normal,48125,2,2,Rare,"Human,Warrior",Creature
Vulshok Berserker,{3}{R},4,R,Pete Venters,111,Creature — Human Berserker,Haste (This creature can attack and {T} as soon as it comes under your control.),"MRD,M11,DDI",He experiences every emotion with passion and repays every slight with vengeance.,normal,5585,3,2,Common,"Human,Berserker",Creature
War Elemental,{R}{R}{R},3,R,Anthony S. Waters,112,Creature — Elemental,"When War Elemental enters the battlefield, sacrifice it unless an opponent was dealt damage this turn.\nWhenever an opponent is dealt damage, put that many +1/+1 counters on War Elemental.",MRD,,normal,43614,1,1,Rare,Elemental,Creature
Battlegrowth,{G},1,G,John Matson,113,Instant,Put a +1/+1 counter on target creature.,MRD,"""I would gladly die for the forest, but I'm much better at killing for it.""",normal,48116,,,Common,,Instant
Bloodscent,{3}{G},4,G,Matt Cavotta,114,Instant,All creatures able to block target creature this turn do so.,MRD,"To study the predators of the Tangle, two people are required: one to watch from above, and one to run like hell.",normal,48597,,,Uncommon,,Instant
Brown Ouphe,{G},1,G,Greg Hildebrandt,115,Creature — Ouphe,"{1}{G}, {T}: Counter target activated ability from an artifact source. (Mana abilities can't be targeted.)","ICE,MRD","In a strange twist of fate, one of the most annoying creatures in the multiverse was brought to the place where it could cause the most damage.",normal,46010,1,1,Uncommon,Ouphe,Creature
Copperhoof Vorrac,{3}{G}{G},5,G,Matt Cavotta,116,Creature — Boar Beast,Copperhoof Vorrac gets +1/+1 for each untapped permanent your opponents control.,MRD,"Like all forest beasts, it lives by one rule: if there's no room to grow, make some.",normal,48603,2,2,Rare,"Boar,Beast",Creature
Creeping Mold,{2}{G}{G},4,G,Dany Orizio,117,Sorcery,"Destroy target artifact, enchantment, or land.","pARL,VIS,6ED,7ED,8ED,MRD,9ED,10E",The deadliest force on Mirrodin isn't the largest organism—it's the smallest.,normal,49108,,,Uncommon,,Sorcery
Deconstruct,{2}{G},3,G,D. Alexander Gregory,118,Sorcery,Destroy target artifact. Add {G}{G}{G} to your mana pool.,MRD,"""Nothing in this world, not even magic, likes to be caged.""",normal,49060,,,Common,,Sorcery
Fangren Hunter,{3}{G}{G},5,G,Darrell Riche,119,Creature — Beast,Trample,MRD,"Big ones hunt the elves, so the elves hunt the small ones to keep them from getting big.",normal,46115,4,4,Common,Beast,Creature
Glissa Sunseeker,{2}{G}{G},4,G,Brom,120,Legendary Creature — Elf,First strike\n{T}: Destroy target artifact if its converted mana cost is equal to the amount of mana in your mana pool.,MRD,"""There's a secret at the heart of this world, and I will unlock it.""",normal,48386,3,2,Rare,Elf,Creature
Groffskithur,{5}{G},6,G,John Matson,121,Creature — Beast,"Whenever Groffskithur becomes blocked, you may return target card named Groffskithur from your graveyard to your hand.",MRD,"It growls not to threaten, but to summon.",normal,48600,3,3,Common,Beast,Creature
Hum of the Radix,{2}{G}{G},4,G,John Avon,122,Enchantment,Each artifact spell costs {1} more to cast for each artifact its controller controls.,MRD,The elves learned long ago that anything left here slowly vanishes. Now it is a sacred site where the dead are laid to rest and where unnatural magic is erased forever.,normal,48082,,,Rare,,Enchantment
Journey of Discovery,{2}{G},3,G,John Matson,123,Sorcery,"Choose one —\n• Search your library for up to two basic land cards, reveal them, put them into your hand, then shuffle your library.\n• You may play up to two additional lands this turn.\nEntwine {2}{G} (Choose both if you pay the entwine cost.)",MRD,,normal,49437,,,Common,,Sorcery
Living Hive,{6}{G}{G},8,G,Anthony S. Waters,124,Creature — Elemental Insect,"Trample\nWhenever Living Hive deals combat damage to a player, put that many 1/1 green Insect creature tokens onto the battlefield.","MRD,HOP","In its center is a single red ant, a queen that regulates the hive's movements.",normal,46694,6,6,Rare,"Elemental,Insect",Creature
Molder Slug,{3}{G}{G},5,G,Heather Hudson,125,Creature — Slug Beast,"At the beginning of each player's upkeep, that player sacrifices an artifact.",MRD,"Fortunately for it, Mirrodin is a plane without salt.",normal,48083,4,6,Rare,"Slug,Beast",Creature
One Dozen Eyes,{5}{G},6,G,Darrell Riche,126,Sorcery,Choose one —\n• Put a 5/5 green Beast creature token onto the battlefield.\n• Put five 1/1 green Insect creature tokens onto the battlefield.\nEntwine {G}{G}{G} (Choose both if you pay the entwine cost.),"MRD,C13",,normal,48385,,,Uncommon,,Sorcery
Plated Slagwurm,{4}{G}{G}{G},7,G,Justin Sweet,127,Creature — Wurm,Hexproof (This creature can't be the target of spells or abilities your opponents control.),"MRD,DDD,DD3_GVL","Beneath the Tangle, the wurm tunnels stretch . . . wide as a stone's throw, long as forever, deep as you dare.",normal,47781,8,8,Rare,Wurm,Creature
Predator's Strike,{1}{G},2,G,Tony Szczudlo,128,Instant,Target creature gets +3/+3 and gains trample until end of turn.,MRD,"If you hear it coming, you're not its prey.",normal,48595,,,Common,,Instant
Slith Predator,{G}{G},2,G,Justin Sweet,129,Creature — Slith,"Trample\nWhenever Slith Predator deals combat damage to a player, put a +1/+1 counter on it.",MRD,"Born amid the molten metal of the Great Furnace, the slith have more than adapted to the perils of a metal world.",normal,46113,1,1,Uncommon,Slith,Creature
Sylvan Scrying,{1}{G},2,G,Scott M. Fischer,130,Sorcery,"Search your library for a land card, reveal it, and put it into your hand. Then shuffle your library.","MRD,10E,BFZ",One glimpse of an elf's home lasts her weeks away in the wild.,normal,49529,,,Uncommon,,Sorcery
Tel-Jilad Archers,{4}{G},5,G,Marcelo Vignali,131,Creature — Elf Archer,Protection from artifacts; reach (This creature can block creatures with flying.),MRD,"They are extensions of the Tangle, stretching its vines into the furthest reaches of the sky.",normal,46004,2,4,Common,"Elf,Archer",Creature
Tel-Jilad Chosen,{1}{G},2,G,Matthew D. Wilson,132,Creature — Elf Warrior,Protection from artifacts,MRD,"""It is my honor to keep safe Tel-Jilad's secrets, not to know them.""",normal,46003,2,1,Common,"Elf,Warrior",Creature
Tel-Jilad Exile,{3}{G},4,G,Justin Sweet,133,Creature — Troll Warrior,{1}{G}: Regenerate Tel-Jilad Exile.,MRD,"For his crimes, he was made to forget all the trolls' secrets. Now he knows only that he is outcast, but not why.",normal,49436,2,3,Common,"Troll,Warrior",Creature
Tooth and Nail,{5}{G}{G},7,G,Greg Hildebrandt,134,Sorcery,"Choose one —\n• Search your library for up to two creature cards, reveal them, put them into your hand, then shuffle your library.\n• Put up to two creature cards from your hand onto the battlefield.\nEntwine {2} (Choose both if you pay the entwine cost.)","MRD,MMA",,normal,48122,,,Rare,,Sorcery
Troll Ascetic,{1}{G}{G},3,G,Puddnhead,135,Creature — Troll Shaman,Hexproof (This creature can't be the target of spells or abilities your opponents control.)\n{1}{G}: Regenerate Troll Ascetic.,"MRD,10E,DPA,CMD,DDL",It's no coincidence that the oldest trolls are also the angriest.,normal,49828,3,2,Rare,"Troll,Shaman",Creature
Trolls of Tel-Jilad,{5}{G}{G},7,G,Marcelo Vignali,136,Creature — Troll Shaman,{1}{G}: Regenerate target green creature.,MRD,"""The secret of this world weighs upon us, and we have been shaped by time and duty to bear it.""",normal,46117,5,6,Uncommon,"Troll,Shaman",Creature
Turn to Dust,{G},1,G,Wayne England,137,Instant,Destroy target Equipment. Add {G} to your mana pool.,MRD,Mirrodin's inhabitants must be prepared for anything—including suddenly being unprepared.,normal,48594,,,Common,,Instant
Viridian Joiner,{2}{G},3,G,Daren Bader,138,Creature — Elf Druid,{T}: Add to your mana pool an amount of {G} equal to Viridian Joiner's power.,MRD,"""The Tangle reaches out to itself constantly, forming new connections. We must follow its example.""",normal,46114,1,2,Common,"Elf,Druid",Creature
Viridian Shaman,{2}{G},3,G,Scott M. Fischer,139,Creature — Elf Shaman,"When Viridian Shaman enters the battlefield, destroy target artifact.","MRD,9ED,10E,C15","Because the elves are so in touch with Mirrodin's nature, they understand best how to dismantle it.",normal,46119,2,2,Uncommon,"Elf,Shaman",Creature
Wurmskin Forger,{5}{G}{G},7,G,Justin Sweet,140,Creature — Elf Warrior,"When Wurmskin Forger enters the battlefield, distribute three +1/+1 counters among one, two, or three target creatures.",MRD,It takes three weeks for a patrol of hunters to down a slagwurm. It takes just as long to make a single cut in its hide.,normal,48599,2,2,Common,"Elf,Warrior",Creature
Æther Spellbomb,{1},1,U,Jim Nelson,141,Artifact,"{U}, Sacrifice Æther Spellbomb: Return target creature to its owner's hand.\n{1}, Sacrifice Æther Spellbomb: Draw a card.","MRD,ARC,DDF,MMA","""Release that which was never caged.""\n—Spellbomb inscription",normal,48113,,,Common,,Artifact
Alpha Myr,{2},2,,Dany Orizio,142,Artifact Creature — Myr,,MRD,"First to charge, first to fight.",normal,49045,2,1,Common,Myr,"Artifact,Creature"
Altar of Shadows,{7},7,B,Sam Wood,143,Artifact,"At the beginning of your precombat main phase, add {B} to your mana pool for each charge counter on Altar of Shadows.\n{7}, {T}: Destroy target creature. Then put a charge counter on Altar of Shadows.",MRD,,normal,48156,,,Rare,,Artifact
Banshee's Blade,{2},2,,Bradley Williams,144,Artifact — Equipment,"Equipped creature gets +1/+1 for each charge counter on Banshee's Blade.\nWhenever equipped creature deals combat damage, put a charge counter on Banshee's Blade.\nEquip {2} ({2}: Attach to target creature you control. Equip only as a sorcery. This card enters the battlefield unattached and stays on the battlefield if the creature leaves.)",MRD,,normal,48194,,,Uncommon,Equipment,Artifact
Blinkmoth Urn,{5},5,,David Martin,145,Artifact,"At the beginning of each player's precombat main phase, if Blinkmoth Urn is untapped, that player adds {C} to his or her mana pool for each artifact he or she controls.",MRD,The vedalken embed such urns in their living artifact creations.,normal,46714,,,Rare,,Artifact
Bonesplitter,{1},1,,Darrell Riche,146,Artifact — Equipment,Equipped creature gets +2/+0.\nEquip {1},"pARL,MRD,MMA",,normal,47442,,,Common,Equipment,Artifact
"Bosh, Iron Golem",{8},8,R,Brom,147,Legendary Artifact Creature — Golem,"Trample\n{3}{R}, Sacrifice an artifact: Bosh, Iron Golem deals damage equal to the sacrificed artifact's converted mana cost to target creature or player.","MRD,HOP,C14","As Glissa searches for the truth about Memnarch, Bosh searches to unearth the secrets buried deep in his memory.",normal,48581,6,7,Rare,Golem,"Artifact,Creature"
Bottle Gnomes,{3},3,,Ben Thompson,148,Artifact Creature — Gnome,Sacrifice Bottle Gnomes: You gain 3 life.,"TMP,pFNM,MRD,9ED,10E,DD2,C14,DD3_JVC,TPR",Reinforcements . . . or refreshments?,normal,46017,1,3,Uncommon,Gnome,"Artifact,Creature"
Cathodion,{3},3,,Eric Peterson,149,Artifact Creature — Construct,"When Cathodion dies, add {C}{C}{C} to your mana pool.","USG,MRD,C14,MM2","Cathodions repair the Great Furnace by soldering parts of themselves to the mechanism. Eventually, they become one with the machine.",normal,48195,3,3,Uncommon,Construct,"Artifact,Creature"
Chalice of the Void,{X}{X},,,Mark Zug,150,Artifact,"Chalice of the Void enters the battlefield with X charge counters on it.\nWhenever a player casts a spell with converted mana cost equal to the number of charge counters on Chalice of the Void, counter that spell.","MRD,MMA",,normal,48326,,,Rare,,Artifact
Chromatic Sphere,{1},1,,Brian Snõddy,151,Artifact,"{1}, {T}, Sacrifice Chromatic Sphere: Add one mana of any color to your mana pool. Draw a card.","INV,MRD","""As expected, this sphere's design reflects the colors of the four moons . . . plus another?""\n—Pontifex, elder researcher",normal,46046,,,Common,,Artifact
Chrome Mox,{0},,,Donato Giancola,152,Artifact,"Imprint — When Chrome Mox enters the battlefield, you may exile a nonartifact, nonland card from your hand.\n{T}: Add one mana of any of the exiled card's colors to your mana pool.","MRD,pGPX,EMA",,normal,47446,,,Rare,,Artifact
Clockwork Beetle,{1},1,,Arnie Swekel,153,Artifact Creature — Insect,"Clockwork Beetle enters the battlefield with two +1/+1 counters on it.\nWhenever Clockwork Beetle attacks or blocks, remove a +1/+1 counter from it at end of combat.",MRD,,normal,48119,0,0,Common,Insect,"Artifact,Creature"
Clockwork Condor,{4},4,,Arnie Swekel,154,Artifact Creature — Bird,"Flying\nClockwork Condor enters the battlefield with three +1/+1 counters on it.\nWhenever Clockwork Condor attacks or blocks, remove a +1/+1 counter from it at end of combat.","MRD,DDF",,normal,46124,0,0,Common,Bird,"Artifact,Creature"
Clockwork Dragon,{7},7,,Arnie Swekel,155,Artifact Creature — Dragon,"Flying\nClockwork Dragon enters the battlefield with six +1/+1 counters on it.\nWhenever Clockwork Dragon attacks or blocks, remove a +1/+1 counter from it at end of combat.\n{3}: Put a +1/+1 counter on Clockwork Dragon.",MRD,,normal,46704,0,0,Rare,Dragon,"Artifact,Creature"
Clockwork Vorrac,{5},5,,Arnie Swekel,156,Artifact Creature — Boar Beast,"Trample\nClockwork Vorrac enters the battlefield with four +1/+1 counters on it.\nWhenever Clockwork Vorrac attacks or blocks, remove a +1/+1 counter from it at end of combat.\n{T}: Put a +1/+1 counter on Clockwork Vorrac.",MRD,,normal,46123,0,0,Uncommon,"Boar,Beast","Artifact,Creature"
Cobalt Golem,{4},4,U,Paolo Parente,157,Artifact Creature — Golem,{1}{U}: Cobalt Golem gains flying until end of turn.,MRD,"Centuries before the first tides of the Quicksilver Sea rose to meet each new sun, Mirrodin's light shone on the golems alone.",normal,48053,2,3,Common,Golem,"Artifact,Creature"
Copper Myr,{2},2,G,Kev Walker,158,Artifact Creature — Myr,{T}: Add {G} to your mana pool.,"MRD,HOP,SOM","The elves thought of the myr as minor threats, just as the myr thought of the elves.",normal,46056,1,1,Common,Myr,"Artifact,Creature"
Crystal Shard,{3},3,U,Doug Chaffee,159,Artifact,"{3}, {T} or {U}, {T}: Return target creature to its owner's hand unless its controller pays {1}.",MRD,"The vedalken know it is not of this world, so they know that this world is not the only one.",normal,46035,,,Uncommon,,Artifact
Culling Scales,{3},3,,Daren Bader,160,Artifact,"At the beginning of your upkeep, destroy target nonland permanent with the lowest converted mana cost. (If two or more permanents are tied for lowest cost, target any one of them.)",MRD,,normal,47445,,,Rare,,Artifact
Damping Matrix,{3},3,,Mike Dringenberg,161,Artifact,Activated abilities of artifacts and creatures can't be activated unless they're mana abilities.,MRD,"The priests tried cursing it. The mages tried dispelling it. In the end, they all obeyed it.",normal,46727,,,Rare,,Artifact
Dead-Iron Sledge,{1},1,,Ray Lago,162,Artifact — Equipment,"Whenever equipped creature blocks or becomes blocked by a creature, destroy both creatures.\nEquip {2} ({2}: Attach to target creature you control. Equip only as a sorcery. This card enters the battlefield unattached and stays on the battlefield if the creature leaves.)",MRD,,normal,48139,,,Uncommon,Equipment,Artifact
Dragon Blood,{3},3,,Ron Spencer,163,Artifact,"{3}, {T}: Put a +1/+1 counter on target creature.","USG,MRD,DDL",A single drop turns skin to scale and fist to claw.,normal,48325,,,Uncommon,,Artifact
Dross Scorpion,{4},4,,Jim Nelson,164,Artifact Creature — Scorpion,"Whenever Dross Scorpion or another artifact creature dies, you may untap target artifact.",MRD,They skitter out of the mists to consume fresh kill before Mephidross has a chance to corrode it away.,normal,46434,3,1,Common,Scorpion,"Artifact,Creature"
Duplicant,{6},6,,Thomas M. Baxa,165,Artifact Creature — Shapeshifter,"Imprint — When Duplicant enters the battlefield, you may exile target nontoken creature.\nAs long as a card exiled with Duplicant is a creature card, Duplicant has the power, toughness, and creature types of the last creature card exiled with Duplicant. It's still a Shapeshifter.","MRD,ARC,CM1,EMA",,normal,49439,2,4,Rare,Shapeshifter,"Artifact,Creature"
Duskworker,{4},4,,Greg Staples,166,Artifact Creature — Construct,"Whenever Duskworker becomes blocked, regenerate it.\n{3}: Duskworker gets +1/+0 until end of turn.",MRD,"At the setting of each sun, it emerges to clean Mirrodin's floor of the day's carrion.",normal,46014,2,2,Uncommon,Construct,"Artifact,Creature"
Elf Replica,{3},3,G,Carl Critchlow,167,Artifact Creature — Elf,"{1}{G}, Sacrifice Elf Replica: Destroy target enchantment.",MRD,It hunts with unnerving ferocity.,normal,46057,2,2,Common,Elf,"Artifact,Creature"
Empyrial Plate,{2},2,,Paolo Parente,168,Artifact — Equipment,Equipped creature gets +1/+1 for each card in your hand.\nEquip {2} ({2}: Attach to target creature you control. Equip only as a sorcery. This card enters the battlefield unattached and stays on the battlefield if the creature leaves.),MRD,,normal,49430,,,Rare,Equipment,Artifact
Extraplanar Lens,{3},3,,Lars Grant-West,169,Artifact,"Imprint — When Extraplanar Lens enters the battlefield, you may exile target land you control.\nWhenever a land with the same name as the exiled card is tapped for mana, its controller adds one mana to his or her mana pool of any type that land produced.",MRD,,normal,49440,,,Rare,,Artifact
Farsight Mask,{5},5,,Ben Thompson,170,Artifact,"Whenever a source an opponent controls deals damage to you, if Farsight Mask is untapped, you may draw a card.","MRD,PC2",It turns the adversity of the moment into the knowledge of a lifetime.,normal,46135,,,Uncommon,,Artifact
Fireshrieker,{3},3,,Christopher Moeller,171,Artifact — Equipment,Equipped creature has double strike. (It deals both first-strike and regular combat damage.)\nEquip {2} ({2}: Attach to target creature you control. Equip only as a sorcery.),"MRD,M14,CNS",,normal,48203,,,Uncommon,Equipment,Artifact
Frogmite,{4},4,,Terese Nielsen,172,Artifact Creature — Frog,Affinity for artifacts (This spell costs {1} less to cast for each artifact you control.),"MRD,DDF,MMA,MM2","At first, vedalken observers thought blinkmoths naturally avoided certain places. Then they realized those places were frogmite feeding grounds.",normal,49429,2,2,Common,Frog,"Artifact,Creature"
Galvanic Key,{2},2,,Tony Szczudlo,173,Artifact,"Flash\n{3}, {T}: Untap target artifact.",MRD,A solution in search of a problem.,normal,48399,,,Common,,Artifact
Gate to the Æther,{6},6,,Pete Venters,174,Artifact,"At the beginning of each player's upkeep, that player reveals the top card of his or her library. If it's an artifact, creature, enchantment, or land card, the player may put it onto the battlefield.",MRD,,normal,46721,,,Rare,,Artifact
Gilded Lotus,{5},5,,Martina Pilcerova,175,Artifact,{T}: Add three mana of any one color to your mana pool.,"MRD,M13,V13","Over such beauty, wars are fought. With such power, wars are won.",normal,48189,,,Rare,,Artifact
Goblin Charbelcher,{4},4,,Stephen Tappin,176,Artifact,"{3}, {T}: Reveal cards from the top of your library until you reveal a land card. Goblin Charbelcher deals damage equal to the number of nonland cards revealed this way to target creature or player. If the revealed land card was a Mountain, Goblin Charbelcher deals double that damage instead. Put the revealed cards on the bottom of your library in any order.","MRD,EMA",,normal,49771,,,Rare,,Artifact
Goblin Dirigible,{6},6,,Michael Sutfin,177,Artifact Creature — Construct,"Flying\nGoblin Dirigible doesn't untap during your untap step.\nAt the beginning of your upkeep, you may pay {4}. If you do, untap Goblin Dirigible.",MRD,,normal,48077,4,4,Uncommon,Construct,"Artifact,Creature"
Goblin Replica,{3},3,R,Carl Critchlow,178,Artifact Creature — Goblin,"{3}{R}, Sacrifice Goblin Replica: Destroy target artifact.",MRD,It destroys with unthinking glee.,normal,46049,2,2,Common,Goblin,"Artifact,Creature"
Goblin War Wagon,{4},4,,Doug Chaffee,179,Artifact Creature — Juggernaut,"Goblin War Wagon doesn't untap during your untap step.\nAt the beginning of your upkeep, you may pay {2}. If you do, untap Goblin War Wagon.",MRD,,normal,46044,3,3,Common,Juggernaut,"Artifact,Creature"
Gold Myr,{2},2,W,Kev Walker,180,Artifact Creature — Myr,{T}: Add {W} to your mana pool.,"MRD,HOP,SOM","The leonin thought of the myr as omens, never imagining the sinister fate they foretold.",normal,46024,1,1,Common,Myr,"Artifact,Creature"
Golem-Skin Gauntlets,{1},1,,Alan Pollack,181,Artifact — Equipment,Equipped creature gets +1/+0 for each Equipment attached to it.\nEquip {2} ({2}: Attach to target creature you control. Equip only as a sorcery. This card enters the battlefield unattached and stays on the battlefield if the creature leaves.),MRD,,normal,46061,,,Uncommon,Equipment,Artifact
Granite Shard,{3},3,R,Doug Chaffee,182,Artifact,"{3}, {T} or {R}, {T}: Granite Shard deals 1 damage to target creature or player.",MRD,It's a piece of a world the goblins have never seen but would dearly like to blow up.,normal,46051,,,Uncommon,,Artifact
Grid Monitor,{4},4,,Arnie Swekel,183,Artifact Creature — Construct,You can't cast creature spells.,MRD,The vedalken protect the Knowledge Pool at any cost.,normal,48178,4,6,Rare,Construct,"Artifact,Creature"
Heartwood Shard,{3},3,G,Doug Chaffee,184,Artifact,"{3}, {T} or {G}, {T}: Target creature gains trample until end of turn.",MRD,"Like all other relics, it was left on the Radix by the elves to be destroyed. Unlike all other relics, it persisted.",normal,46059,,,Uncommon,,Artifact
Hematite Golem,{4},4,R,Paolo Parente,185,Artifact Creature — Golem,{1}{R}: Hematite Golem gets +2/+0 until end of turn.,MRD,"Centuries before the first peaks of the Oxidda Chain rewrote the laws of magnetism, the golems patrolled Mirrodin's featureless surface unhindered.",normal,48055,1,4,Common,Golem,"Artifact,Creature"
Icy Manipulator,{4},4,,Mark Zug,186,Artifact,"{1}, {T}: Tap target artifact, creature, or land.","LEA,LEB,2ED,CED,CEI,ICE,pFNM,DKM,MRD,9ED,10E,ME4,DDH",A model of Mirrodin in both shape and spirit.,normal,46728,,,Uncommon,,Artifact
Iron Myr,{2},2,R,Kev Walker,187,Artifact Creature — Myr,{T}: Add {R} to your mana pool.,"MRD,HOP,SOM","The goblins didn't think of the myr at all, which allowed the myr to observe everywhere unhindered.",normal,46048,1,1,Common,Myr,"Artifact,Creature"
Isochron Scepter,{2},2,,Mark Harrison,188,Artifact,"Imprint — When Isochron Scepter enters the battlefield, you may exile an instant card with converted mana cost 2 or less from your hand.\n{2}, {T}: You may copy the exiled card. If you do, you may cast the copy without paying its mana cost.","pFNM,MRD,V10,DDJ,EMA",,normal,46741,,,Uncommon,,Artifact
Jinxed Choker,{3},3,,Mike Dringenberg,189,Artifact,"At the beginning of your end step, target opponent gains control of Jinxed Choker and puts a charge counter on it.\nAt the beginning of your upkeep, Jinxed Choker deals damage to you equal to the number of charge counters on it.\n{3}: Put a charge counter on Jinxed Choker or remove one from it.",MRD,,normal,46760,,,Rare,,Artifact
Krark's Thumb,{2},2,,Ron Spencer,190,Legendary Artifact,"If you would flip a coin, instead flip two coins and ignore one.",MRD,"""I can think of one goblin it ain't so lucky for.""\n—Slobad, goblin tinkerer",normal,48923,,,Rare,,Artifact
Leaden Myr,{2},2,B,Kev Walker,191,Artifact Creature — Myr,{T}: Add {B} to your mana pool.,"MRD,HOP,SOM","The Moriok saw the myr as fellow scavengers, never knowing just who the myr were scavenging for.",normal,46040,1,1,Common,Myr,"Artifact,Creature"
Leonin Bladetrap,{3},3,,Randy Gallegos,192,Artifact,"Flash (You may cast this spell any time you could cast an instant.)\n{2}, Sacrifice Leonin Bladetrap: Leonin Bladetrap deals 2 damage to each attacking creature without flying.","MRD,C13",,normal,48378,,,Uncommon,,Artifact
Leonin Scimitar,{1},1,,Doug Chaffee,193,Artifact — Equipment,Equipped creature gets +1/+1.\nEquip {1} ({1}: Attach to target creature you control. Equip only as a sorcery.),"MRD,10E",,normal,46029,,,Common,Equipment,Artifact
Leonin Sun Standard,{2},2,W,Jim Nelson,194,Artifact,{1}{W}: Creatures you control get +1/+1 until end of turn.,MRD,"The commander tells the troops where to go, but the standard reminds them why they're there.",normal,49768,,,Rare,,Artifact
Leveler,{5},5,,Carl Critchlow,195,Artifact Creature — Juggernaut,"When Leveler enters the battlefield, exile all cards from your library.",MRD,"Once a century, the levelers rip through every corner of Mirrodin, obeying the commands of an unseen master.",normal,46708,10,10,Rare,Juggernaut,"Artifact,Creature"
Liar's Pendulum,{1},1,,Christopher Moeller,196,Artifact,"{2}, {T}: Name a card. Target opponent guesses whether a card with that name is in your hand. You may reveal your hand. If you do and your opponent guessed wrong, draw a card.",MRD,,normal,46733,,,Rare,,Artifact
Lifespark Spellbomb,{1},1,G,Jim Nelson,197,Artifact,"{G}, Sacrifice Lifespark Spellbomb: Until end of turn, target land becomes a 3/3 creature that's still a land.\n{1}, Sacrifice Lifespark Spellbomb: Draw a card.",MRD,"""Awaken that which was never asleep.""\n—Spellbomb inscription",normal,48108,,,Common,,Artifact
Lightning Coils,{3},3,,Brian Snõddy,198,Artifact,"Whenever a nontoken creature you control dies, put a charge counter on Lightning Coils.\nAt the beginning of your upkeep, if Lightning Coils has five or more charge counters on it, remove all of them from it and put that many 3/1 red Elemental creature tokens with haste onto the battlefield. Exile them at the beginning of the next end step.",MRD,,normal,46109,,,Rare,,Artifact
Lightning Greaves,{2},2,,Jeremy Jarvis,199,Artifact — Equipment,Equipped creature has haste and shroud. (It can't be the target of spells or abilities.)\nEquip {0},"pFNM,MRD,DDE,ARC,CMD,C15",,normal,46021,,,Uncommon,Equipment,Artifact
Lodestone Myr,{4},4,,Greg Staples,200,Artifact Creature — Myr,Trample\nTap an untapped artifact you control: Lodestone Myr gets +1/+1 until end of turn.,"MRD,HOP,MM2","When necessary, myr can override and control any artificial object, as can their creator.",normal,46128,2,2,Rare,Myr,"Artifact,Creature"
Loxodon Warhammer,{3},3,,Jeremy Jarvis,201,Artifact — Equipment,Equipped creature gets +3/+0 and has trample and lifelink.\nEquip {3},"MRD,9ED,10E,HOP,DPA,DDG,C14,C15",,normal,49759,,,Uncommon,Equipment,Artifact
Malachite Golem,{6},6,G,Paolo Parente,202,Artifact Creature — Golem,{1}{G}: Malachite Golem gains trample until end of turn.,MRD,"Centuries before the first branches of the Tangle gave shelter from the suns' cold light, the shadows of golems were Mirrodin's only shade.",normal,48056,5,3,Common,Golem,"Artifact,Creature"
Mask of Memory,{2},2,,Alan Pollack,203,Artifact — Equipment,"Whenever equipped creature deals combat damage to a player, you may draw two cards. If you do, discard a card.\nEquip {1}","MRD,HOP,C14",,normal,46153,,,Uncommon,Equipment,Artifact
Mesmeric Orb,{2},2,,David Martin,204,Artifact,"Whenever a permanent becomes untapped, that permanent's controller puts the top card of his or her library into his or her graveyard.",MRD,A step in one direction is two steps away from another.,normal,30008,,,Rare,,Artifact
Mind's Eye,{5},5,,"Edward P. Beard, Jr.",205,Artifact,"Whenever an opponent draws a card, you may pay {1}. If you do, draw a card.","MRD,CM1","""Ideas drift like petals on the wind. I have only to lift my face to the breeze.""",normal,48919,,,Rare,,Artifact
Mindslaver,{6},6,,Glen Angus,206,Legendary Artifact,"{4}, {T}, Sacrifice Mindslaver: You control target player during that player's next turn. (You see all cards that player could see and make all decisions for the player.)","MRD,SOM",,normal,46724,,,Rare,,Artifact
Mindstorm Crown,{3},3,,Ben Thompson,207,Artifact,"At the beginning of your upkeep, draw a card if you had no cards in hand at the beginning of this turn. If you had a card in hand, Mindstorm Crown deals 1 damage to you.",MRD,,normal,46715,,,Uncommon,,Artifact
Mirror Golem,{6},6,,Franz Vohwinkel,208,Artifact Creature — Golem,"Imprint — When Mirror Golem enters the battlefield, you may exile target card from a graveyard.\nMirror Golem has protection from each of the exiled card's card types. (Artifact, creature, enchantment, instant, land, planeswalker, sorcery, and tribal are card types.)",MRD,,normal,48210,3,4,Uncommon,Golem,"Artifact,Creature"
Mourner's Shield,{4},4,,Carl Critchlow,209,Artifact,"Imprint — When Mourner's Shield enters the battlefield, you may exile target card from a graveyard.\n{2}, {T}: Prevent all damage that would be dealt this turn by a source of your choice that shares a color with the exiled card.",MRD,,normal,50538,,,Uncommon,,Artifact
Myr Adapter,{3},3,,Ben Thompson,210,Artifact Creature — Myr,Myr Adapter gets +1/+1 for each Equipment attached to it.,MRD,"""The simplest way to plan ahead is merely to be ready for everything.""\n—Pontifex, elder researcher",normal,46013,1,1,Common,Myr,"Artifact,Creature"
Myr Enforcer,{7},7,,Greg Staples,211,Artifact Creature — Myr,Affinity for artifacts (This spell costs {1} less to cast for each artifact you control.),"pFNM,MRD,HOP,MMA,MM2",Most myr monitor other species. Some myr monitor other myr.,normal,46015,4,4,Common,Myr,"Artifact,Creature"
Myr Incubator,{6},6,,Alex Horley-Orlandelli,212,Artifact,"{6}, {T}, Sacrifice Myr Incubator: Search your library for any number of artifact cards, exile them, then put that many 1/1 colorless Myr artifact creature tokens onto the battlefield. Then shuffle your library.",MRD,,normal,47450,,,Rare,,Artifact
Myr Mindservant,{1},1,,Dave Dorman,213,Artifact Creature — Myr,"{2}, {T}: Shuffle your library.",MRD,"It knows what you are planning, and does not approve.",normal,48925,1,1,Uncommon,Myr,"Artifact,Creature"
Myr Prototype,{5},5,,Dave Dorman,214,Artifact Creature — Myr,"At the beginning of your upkeep, put a +1/+1 counter on Myr Prototype.\nMyr Prototype can't attack or block unless you pay {1} for each +1/+1 counter on it.",MRD,,normal,49046,2,2,Uncommon,Myr,"Artifact,Creature"
Myr Retriever,{2},2,,Trevor Hairsine,215,Artifact Creature — Myr,"When Myr Retriever dies, return another target artifact card from your graveyard to your hand.","MRD,MMA,C14",Mephidross gives up treasure easily . . . as long as you take its place.,normal,46126,1,1,Uncommon,Myr,"Artifact,Creature"
Necrogen Spellbomb,{1},1,B,Jim Nelson,216,Artifact,"{B}, Sacrifice Necrogen Spellbomb: Target player discards a card.\n{1}, Sacrifice Necrogen Spellbomb: Draw a card.",MRD,"""Forget that which was never known.""\n—Spellbomb inscription",normal,46055,,,Common,,Artifact
Needlebug,{4},4,,Paolo Parente,217,Artifact Creature — Insect,Flash\nProtection from artifacts,MRD,"Near Tel-Jilad, the Tangle is almost silent, save for the trolls' chants and the skittering of needlebugs.",normal,48930,2,2,Uncommon,Insect,"Artifact,Creature"
Neurok Hoversail,{1},1,,Alan Pollack,218,Artifact — Equipment,Equipped creature has flying.\nEquip {2} ({2}: Attach to target creature you control. Equip only as a sorcery. This card enters the battlefield unattached and stays on the battlefield if the creature leaves.),MRD,,normal,46037,,,Common,Equipment,Artifact
Nightmare Lash,{4},4,,Puddnhead,219,Artifact — Equipment,Equipped creature gets +1/+1 for each Swamp you control.\nEquip—Pay 3 life. (Pay 3 life: Attach to target creature you control. Equip only as a sorcery. This card enters the battlefield unattached and stays on the battlefield if the creature leaves.),MRD,,normal,49770,,,Rare,Equipment,Artifact
Nim Replica,{3},3,B,Carl Critchlow,220,Artifact Creature — Zombie,"{2}{B}, Sacrifice Nim Replica: Target creature gets -1/-1 until end of turn.",MRD,It kills with unfeeling malice.,normal,46041,3,1,Common,Zombie,"Artifact,Creature"
Nuisance Engine,{3},3,,Stephen Tappin,221,Artifact,"{2}, {T}: Put a 0/1 colorless Pest artifact creature token onto the battlefield.","MRD,HOP","All Auriok children know the tale, ""Bolgri and the Long Day of Squashing.""",normal,50104,,,Uncommon,,Artifact
Oblivion Stone,{3},3,,Sam Wood,222,Artifact,"{4}, {T}: Put a fate counter on target permanent.\n{5}, {T}, Sacrifice Oblivion Stone: Destroy each nonland permanent without a fate counter on it, then remove all fate counters from all permanents.","MRD,CMD",,normal,34901,,,Rare,,Artifact
Omega Myr,{2},2,,Dany Orizio,223,Artifact Creature — Myr,,MRD,"Last to charge, last to fall.",normal,48605,1,2,Common,Myr,"Artifact,Creature"
Ornithopter,{0},,,Dana Knutson,224,Artifact Creature — Thopter,Flying (This creature can't be blocked except by creatures with flying or reach.),"ATQ,3ED,4ED,5ED,6ED,MRD,9ED,10E,M10,M11,M15","Regardless of the century, plane, or species, developing artificers never fail to invent the ornithopter.",normal,46016,0,2,Uncommon,Thopter,"Artifact,Creature"
Pearl Shard,{3},3,W,Doug Chaffee,225,Artifact,"{3}, {T} or {W}, {T}: Prevent the next 2 damage that would be dealt to target creature or player this turn.",MRD,Leonin folktales claim it was brought from beyond the sky by the first kha.,normal,46027,,,Uncommon,,Artifact
Pentavus,{7},7,,Greg Staples,226,Artifact Creature — Construct,"Pentavus enters the battlefield with five +1/+1 counters on it.\n{1}, Remove a +1/+1 counter from Pentavus: Put a 1/1 colorless Pentavite artifact creature token with flying onto the battlefield.\n{1}, Sacrifice a Pentavite: Put a +1/+1 counter on Pentavus.","MRD,HOP,DDF,M12,C14",,normal,46703,0,0,Rare,Construct,"Artifact,Creature"
Pewter Golem,{5},5,B,Paolo Parente,227,Artifact Creature — Golem,{1}{B}: Regenerate Pewter Golem.,MRD,"Centuries before the first chimneys of Mephidross belched clouds of toxic gas, only the golems' movements stirred the air of Mirrodin.",normal,48054,4,2,Common,Golem,"Artifact,Creature"
Platinum Angel,{7},7,,Brom,228,Artifact Creature — Angel,Flying\nYou can't lose the game and your opponents can't win the game.,"MRD,10E,M10,M11,V15",In its heart lies the secret of immortality.,normal,48580,4,4,Rare,Angel,"Artifact,Creature"
Power Conduit,{2},2,,Todd Lockwood,229,Artifact,"{T}, Remove a counter from a permanent you control: Choose one —\n• Put a charge counter on target artifact.\n• Put a +1/+1 counter on target creature.",MRD,"Never content, vedalken artificers continually tinker with their creations.",normal,49047,,,Uncommon,,Artifact
Proteus Staff,{3},3,U,Trevor Hairsine,230,Artifact,"{2}{U}, {T}: Put target creature on the bottom of its owner's library. That creature's controller reveals cards from the top of his or her library until he or she reveals a creature card. The player puts that card onto the battlefield and the rest on the bottom of his or her library in any order. Activate this ability only any time you could cast a sorcery.",MRD,,normal,49769,,,Rare,,Artifact
Psychogenic Probe,{2},2,,Jeremy Jarvis,231,Artifact,"Whenever a spell or ability causes a player to shuffle his or her library, Psychogenic Probe deals 2 damage to him or her.",MRD,The same devices sold as surgeons' tools in Lumengrid are sold as implements of torture in Mephidross.,normal,46582,,,Rare,,Artifact
Pyrite Spellbomb,{1},1,R,Jim Nelson,232,Artifact,"{R}, Sacrifice Pyrite Spellbomb: Pyrite Spellbomb deals 2 damage to target creature or player.\n{1}, Sacrifice Pyrite Spellbomb: Draw a card.","MRD,MMA","""Melt that which was never frozen.""\n—Spellbomb inscription",normal,48110,,,Common,,Artifact
Quicksilver Fountain,{3},3,,Trevor Hairsine,233,Artifact,"At the beginning of each player's upkeep, that player puts a flood counter on target non-Island land he or she controls of his or her choice. That land is an Island for as long as it has a flood counter on it.\nAt the beginning of each end step, if all lands on the battlefield are Islands, remove all flood counters from them.",MRD,,normal,49772,,,Rare,,Artifact
Rust Elemental,{4},4,,Arnie Swekel,234,Artifact Creature — Elemental,"Flying\nAt the beginning of your upkeep, sacrifice an artifact other than Rust Elemental. If you can't, tap Rust Elemental and you lose 4 life.",MRD,,normal,48174,4,4,Uncommon,Elemental,"Artifact,Creature"
Rustspore Ram,{4},4,,Arnie Swekel,235,Artifact Creature — Sheep,"When Rustspore Ram enters the battlefield, destroy target Equipment.",MRD,"Where herds have passed, the dented ground is lined with piles of rust.",normal,46138,1,3,Uncommon,Sheep,"Artifact,Creature"
Scale of Chiss-Goria,{3},3,,Alan Pollack,236,Artifact,Flash\nAffinity for artifacts (This spell costs {1} less to cast for each artifact you control.)\n{T}: Target creature gets +0/+1 until end of turn.,MRD,,normal,48400,,,Common,,Artifact
Scrabbling Claws,{1},1,,Thomas M. Baxa,237,Artifact,"{T}: Target player exiles a card from his or her graveyard.\n{1}, Sacrifice Scrabbling Claws: Exile target card from a graveyard. Draw a card.",MRD,,normal,49763,,,Uncommon,,Artifact
Sculpting Steel,{3},3,,Heather Hudson,238,Artifact,You may have Sculpting Steel enter the battlefield as a copy of any artifact on the battlefield.,"MRD,10E",An artificer once dropped one in a vault full of coins. She has yet to find it.,normal,46720,,,Rare,,Artifact
Scythe of the Wretched,{2},2,,Matt Cavotta,239,Artifact — Equipment,"Equipped creature gets +2/+2.\nWhenever a creature dealt damage by equipped creature this turn dies, return that card to the battlefield under your control. Attach Scythe of the Wretched to that creature.\nEquip {4}",MRD,,normal,49048,,,Rare,Equipment,Artifact
Serum Tank,{3},3,,Corey D. Macourek,240,Artifact,"Whenever Serum Tank or another artifact enters the battlefield, put a charge counter on Serum Tank.\n{3}, {T}, Remove a charge counter from Serum Tank: Draw a card.","MRD,HOP",,normal,46156,,,Uncommon,,Artifact
Silver Myr,{2},2,U,Kev Walker,241,Artifact Creature — Myr,{T}: Add {U} to your mana pool.,"MRD,HOP,DDF,SOM","The vedalken saw the myr as toys, unaware of the intelligence lurking behind their empty eyes.",normal,46032,1,1,Common,Myr,"Artifact,Creature"
Skeleton Shard,{3},3,B,Doug Chaffee,242,Artifact,"{3}, {T} or {B}, {T}: Return target artifact creature card from your graveyard to your hand.","MRD,HOP",Metal permeates the marrow of every bone in Mephidross—except one.,normal,49774,,,Uncommon,,Artifact
Slagwurm Armor,{1},1,,Justin Sweet,243,Artifact — Equipment,Equipped creature gets +0/+6.\nEquip {3} ({3}: Attach to target creature you control. Equip only as a sorcery. This card enters the battlefield unattached and stays on the battlefield if the creature leaves.),MRD,,normal,46028,,,Common,Equipment,Artifact
Soldier Replica,{3},3,W,Carl Critchlow,244,Artifact Creature — Soldier,"{1}{W}, Sacrifice Soldier Replica: Soldier Replica deals 3 damage to target attacking or blocking creature.",MRD,It fights with inhuman vigor.,normal,46025,1,3,Common,Soldier,"Artifact,Creature"
Solemn Simulacrum,{4},4,,Greg Staples,245,Artifact Creature — Golem,"When Solemn Simulacrum enters the battlefield, you may search your library for a basic land card, put that card onto the battlefield tapped, then shuffle your library.\nWhen Solemn Simulacrum dies, you may draw a card.","MRD,CMD,M12,C14,C15",,normal,49434,2,2,Rare,Golem,"Artifact,Creature"
Soul Foundry,{4},4,,Arnie Swekel,246,Artifact,"Imprint — When Soul Foundry enters the battlefield, you may exile a creature card from your hand.\n{X}, {T}: Put a token that's a copy of the exiled card onto the battlefield. X is the converted mana cost of that card.",MRD,,normal,46723,,,Rare,,Artifact
Spellweaver Helix,{3},3,,Luca Zontini,247,Artifact,"Imprint — When Spellweaver Helix enters the battlefield, you may exile two target sorcery cards from a single graveyard.\nWhenever a player casts a card, if it has the same name as one of the cards exiled with Spellweaver Helix, you may copy the other. If you do, you may cast the copy without paying its mana cost.",MRD,,normal,48047,,,Rare,,Artifact
Steel Wall,{1},1,,David Day,248,Artifact Creature — Wall,Defender (This creature can't attack.),"MRD,DDF","""We sculpt the land into what we need—homes, armament, fortresses of war. Our strength comes not only from knowing, but from commanding the terrain.""\n—Raksha Golden Cub, leonin kha",normal,48910,0,4,Common,Wall,"Artifact,Creature"
Sun Droplet,{2},2,,Tim Hildebrandt,249,Artifact,"Whenever you're dealt damage, put that many charge counters on Sun Droplet.\nAt the beginning of each upkeep, you may remove a charge counter from Sun Droplet. If you do, you gain 1 life.","MRD,ARC,C13",,normal,48931,,,Uncommon,,Artifact
Sunbeam Spellbomb,{1},1,W,Jim Nelson,250,Artifact,"{W}, Sacrifice Sunbeam Spellbomb: You gain 5 life.\n{1}, Sacrifice Sunbeam Spellbomb: Draw a card.",MRD,"""Cure that which was never ill.""\n—Spellbomb inscription",normal,48214,,,Common,,Artifact
Sword of Kaldra,{4},4,,Donato Giancola,251,Legendary Artifact — Equipment,"Equipped creature gets +5/+5.\nWhenever equipped creature deals damage to a creature, exile that creature.\nEquip {4} ({4}: Attach to target creature you control. Equip only as a sorcery. This card enters the battlefield unattached and stays on the battlefield if the creature leaves.)","pPRE,MRD",,normal,48583,,,Rare,Equipment,Artifact
Synod Sanctum,{1},1,,Dana Knutson,252,Artifact,"{2}, {T}: Exile target permanent you control.\n{2}, Sacrifice Synod Sanctum: Return all cards exiled with Synod Sanctum to the battlefield under your control.","MRD,ARC",,normal,46719,,,Uncommon,,Artifact
Talisman of Dominance,{2},2,"U,B",Mike Dringenberg,253,Artifact,{T}: Add {C} to your mana pool.\n{T}: Add {U} or {B} to your mana pool. Talisman of Dominance deals 1 damage to you.,MRD,,normal,39598,,,Uncommon,,Artifact
Talisman of Impulse,{2},2,"R,G",Mike Dringenberg,254,Artifact,{T}: Add {C} to your mana pool.\n{T}: Add {R} or {G} to your mana pool. Talisman of Impulse deals 1 damage to you.,MRD,,normal,39600,,,Uncommon,,Artifact
Talisman of Indulgence,{2},2,"B,R",Mike Dringenberg,255,Artifact,{T}: Add {C} to your mana pool.\n{T}: Add {B} or {R} to your mana pool. Talisman of Indulgence deals 1 damage to you.,MRD,,normal,39599,,,Uncommon,,Artifact
Talisman of Progress,{2},2,"W,U",Mike Dringenberg,256,Artifact,{T}: Add {C} to your mana pool.\n{T}: Add {W} or {U} to your mana pool. Talisman of Progress deals 1 damage to you.,MRD,,normal,39597,,,Uncommon,,Artifact
Talisman of Unity,{2},2,"G,W",Mike Dringenberg,257,Artifact,{T}: Add {C} to your mana pool.\n{T}: Add {G} or {W} to your mana pool. Talisman of Unity deals 1 damage to you.,MRD,,normal,39601,,,Uncommon,,Artifact
Tanglebloom,{1},1,,Val Mayerik,258,Artifact,"{1}, {T}: You gain 1 life.","MRD,9ED","Druids converted swaths of the Tangle into tanglebloom orchards. Though heavy tools are needed to cut a leaf in the Tangle, tanglebloom fruit is easily plucked by hand.",normal,48913,,,Common,,Artifact
Tangleroot,{3},3,G,Dana Knutson,259,Artifact,"Whenever a player casts a creature spell, that player adds {G} to his or her mana pool.",MRD,"As if there's glitch in the system, the Tangle sometimes folds in on itself, throwing off sparks of mana in a mystifying display.",normal,49767,,,Rare,,Artifact
Tel-Jilad Stylus,{1},1,,Darrell Riche,260,Artifact,{T}: Put target permanent you own on the bottom of your library.,MRD,Etched on Tel-Jilad's trunk is an entire history of Mirrodin—except for an expanse near the ground scrubbed smooth by an unknown hand.,normal,46729,,,Uncommon,,Artifact
Thought Prison,{5},5,,Glen Angus,261,Artifact,"Imprint — When Thought Prison enters the battlefield, you may have target player reveal his or her hand. If you do, choose a nonland card from it and exile that card.\nWhenever a player casts a spell that shares a color or converted mana cost with the exiled card, Thought Prison deals 2 damage to that player.",MRD,,normal,48915,,,Uncommon,,Artifact
Timesifter,{5},5,,Dany Orizio,262,Artifact,"At the beginning of each upkeep, each player exiles the top card of his or her library. The player who exiled the card with the highest converted mana cost takes an extra turn after this one. If two or more players' cards are tied for highest cost, the tied players repeat this process until the tie is broken.",MRD,,normal,49053,,,Rare,,Artifact
Titanium Golem,{5},5,W,Paolo Parente,263,Artifact Creature — Golem,{1}{W}: Titanium Golem gains first strike until end of turn.,MRD,"Centuries before the first blades of the Razor Fields chimed in the wind, Mirrodin echoed with the golems' footsteps.",normal,48052,3,3,Common,Golem,"Artifact,Creature"
Tooth of Chiss-Goria,{3},3,,Alan Pollack,264,Artifact,Flash\nAffinity for artifacts (This spell costs {1} less to cast for each artifact you control.)\n{T}: Target creature gets +1/+0 until end of turn.,MRD,,normal,48401,,,Common,,Artifact
Tower of Champions,{4},4,,Greg Staples,265,Artifact,"{8}, {T}: Target creature gets +6/+6 until end of turn.",MRD,The ur-golem runes tell of the transformation of Mirrodin's warden from silent guardian to merciless god.,normal,48155,,,Rare,,Artifact
Tower of Eons,{4},4,,John Avon,266,Artifact,"{8}, {T}: You gain 10 life.",MRD,Its etchings tell the ur-golems' stories of an entity able to force life into a lifeless plane.,normal,48914,,,Rare,,Artifact
Tower of Fortunes,{4},4,,Matt Cavotta,267,Artifact,"{8}, {T}: Draw four cards.","MRD,C13","The ur-golem etchings begin by celebrating Mirrodin's creator, a golem of almost limitless power. They end by cursing its protector, a being called Memnarch.",normal,35464,,,Rare,,Artifact
Tower of Murmurs,{4},4,,Glen Angus,268,Artifact,"{8}, {T}: Target player puts the top eight cards of his or her library into his or her graveyard.",MRD,Etched on its surface are warnings from a long-lost race of ur-golems pushed to the brink of extinction.,normal,46730,,,Rare,,Artifact
Triskelion,{6},6,,Christopher Moeller,269,Artifact Creature — Construct,Triskelion enters the battlefield with three +1/+1 counters on it.\nRemove a +1/+1 counter from Triskelion: Triskelion deals 1 damage to target creature or player.,"ATQ,4ED,MRD,M11,DDF",,normal,46702,1,1,Rare,Construct,"Artifact,Creature"
Viridian Longbow,{1},1,,Jeremy Jarvis,270,Artifact — Equipment,"Equipped creature has ""{T}: This creature deals 1 damage to target creature or player.""\nEquip {3} ({3}: Attach to target creature you control. Equip only as a sorcery. This card enters the battlefield unattached and stays on the battlefield if the creature leaves.)",MRD,,normal,46018,,,Common,Equipment,Artifact
Vorrac Battlehorns,{2},2,,David Martin,271,Artifact — Equipment,Equipped creature has trample and can't be blocked by more than one creature.\nEquip {1} ({1}: Attach to target creature you control. Equip only as a sorcery. This card enters the battlefield unattached and stays on the battlefield if the creature leaves.),MRD,,normal,46053,,,Common,Equipment,Artifact
Vulshok Battlegear,{3},3,,Kevin Dobler,272,Artifact — Equipment,Equipped creature gets +3/+3.\nEquip {3} ({3}: Attach to target creature you control. Equip only as a sorcery. This card enters the battlefield unattached and stays on the battlefield if the creature leaves.),"MRD,DDI",,normal,48121,,,Uncommon,Equipment,Artifact
Vulshok Gauntlets,{2},2,,Richard Sardinha,273,Artifact — Equipment,Equipped creature gets +4/+2 and doesn't untap during its controller's untap step.\nEquip {3} ({3}: Attach to target creature you control. Equip only as a sorcery. This card enters the battlefield unattached and stays on the battlefield if the creature leaves.),MRD,,normal,48397,,,Common,Equipment,Artifact
Welding Jar,{0},,,Mark Brill,274,Artifact,Sacrifice Welding Jar: Regenerate target artifact.,MRD,"The wires crawl over broken metal and heat themselves to melting, filling cracks quickly and efficiently.",normal,48328,,,Common,,Artifact
Wizard Replica,{3},3,U,Carl Critchlow,275,Artifact Creature — Wizard,"Flying\n{U}, Sacrifice Wizard Replica: Counter target spell unless its controller pays {2}.","MRD,HOP",It responds with unnatural precision.,normal,46033,1,3,Common,Wizard,"Artifact,Creature"
Worldslayer,{5},5,,Greg Staples,276,Artifact — Equipment,"Whenever equipped creature deals combat damage to a player, destroy all permanents other than Worldslayer.\nEquip {5} ({5}: Attach to target creature you control. Equip only as a sorcery.)","MRD,M12",,normal,46791,,,Rare,Equipment,Artifact
Yotian Soldier,{3},3,,Luca Zontini,277,Artifact Creature — Soldier,Vigilance,"ATQ,4ED,MRD,ME4",Poets dream the verses of otherworldly stories. Artificers dream the blueprints of otherplanar artifacts.,normal,46026,1,4,Common,Soldier,"Artifact,Creature"
Ancient Den,,,W,Rob Alexander,278,Artifact Land,(Ancient Den isn't a spell.)\n{T}: Add {W} to your mana pool.,"MRD,HOP","Taj-Nar, throne of Raksha Golden Cub, destined leader of the leonin prides.",normal,46063,,,Common,,"Artifact,Land"
Blinkmoth Well,,,,David Martin,279,Land,"{T}: Add {C} to your mana pool.\n{2}, {T}: Tap target noncreature artifact.",MRD,"When dictated by blinkmoth migratory patterns, clouds of tiny lights well up from Mirrodin's core.",normal,48916,,,Uncommon,,Land
Cloudpost,,,,Martina Pilcerova,280,Land — Locus,Cloudpost enters the battlefield tapped.\n{T}: Add {C} to your mana pool for each Locus on the battlefield.,"pFNM,MRD","""He watches from above. He watches from below. He watches from within.""\n—Inscription on Tel-Jilad, the Tree of Tales",normal,49050,,,Common,Locus,Land
Glimmervoid,,,,Lars Grant-West,281,Land,"At the beginning of the end step, if you control no artifacts, sacrifice Glimmervoid.\n{T}: Add one mana of any color to your mana pool.","MRD,MMA",An empty canvas holds infinite possibilities.,normal,48132,,,Rare,,Land
Great Furnace,,,R,Rob Alexander,282,Artifact Land,{T}: Add {R} to your mana pool.,"MRD,HOP,C14","Kuldotha, wellspring of molten metal, temple of the goblin horde.",normal,46066,,,Common,,"Artifact,Land"
Seat of the Synod,,,U,John Avon,283,Artifact Land,(Seat of the Synod isn't a spell.)\n{T}: Add {U} to your mana pool.,"MRD,HOP,DDF","Lumengrid, site of the Knowledge Pool, source of vedalken arcana.",normal,46064,,,Common,,"Artifact,Land"
Stalking Stones,,,,David Day,284,Land,{T}: Add {C} to your mana pool.\n{6}: Stalking Stones becomes a 3/3 Elemental artifact creature that's still a land. (This effect lasts indefinitely.),"TMP,MRD,DDF,TPR",,normal,48917,,,Uncommon,,Land
Tree of Tales,,,G,John Avon,285,Artifact Land,(Tree of Tales isn't a spell.)\n{T}: Add {G} to your mana pool.,"MRD,HOP","Tel-Jilad, sanctum of the ancient trolls, keepers of the secret of Mirrodin's origin.",normal,46067,,,Common,,"Artifact,Land"
Vault of Whispers,,,B,Rob Alexander,286,Artifact Land,(Vault of Whispers isn't a spell.)\n{T}: Add {B} to your mana pool.,"MRD,HOP","Ish Sah, den of the warlord Geth, commander of countless nim.",normal,46065,,,Common,,"Artifact,Land"
Plains,,,W,Mark Tedin,287,Basic Land — Plains,,"LEA,LEB,2ED,CED,CEI,3ED,4ED,ICE,RQS,pARL,MIR,ITP,5ED,POR,pPRE,TMP,pJGP,PO2,UGL,pALP,USG,ATH,6ED,PTK,S99,pGRU,MMQ,BRB,pELP,S00,INV,7ED,ODY,ONS,8ED,MRD,CHK,UNH,9ED,RAV,CST,TSP,10E,MED,LRW,SHM,ALA,DDC,M10,HOP,ME3,ZEN,H09,DDE,ROE,ARC,M11,DDF,SOM,MBS,DDG,NPH,CMD,M12,DDH,ISD,DDI,AVR,PC2,M13,RTR,DDK,M14,DDL,THS,C13,MD1,M15,DDN,KTK,C14,DD3_DVD,FRF,DDO,DTK,TPR,ORI,DDP,BFZ,C15,DDQ,SOI",,normal,48406,,,Basic Land,Plains,Land
Plains,,,W,Rob Alexander,288,Basic Land — Plains,,"LEA,LEB,2ED,CED,CEI,3ED,4ED,ICE,RQS,pARL,MIR,ITP,5ED,POR,pPRE,TMP,pJGP,PO2,UGL,pALP,USG,ATH,6ED,PTK,S99,pGRU,MMQ,BRB,pELP,S00,INV,7ED,ODY,ONS,8ED,MRD,CHK,UNH,9ED,RAV,CST,TSP,10E,MED,LRW,SHM,ALA,DDC,M10,HOP,ME3,ZEN,H09,DDE,ROE,ARC,M11,DDF,SOM,MBS,DDG,NPH,CMD,M12,DDH,ISD,DDI,AVR,PC2,M13,RTR,DDK,M14,DDL,THS,C13,MD1,M15,DDN,KTK,C14,DD3_DVD,FRF,DDO,DTK,TPR,ORI,DDP,BFZ,C15,DDQ,SOI",,normal,48407,,,Basic Land,Plains,Land
Plains,,,W,Martina Pilcerova,289,Basic Land — Plains,,"LEA,LEB,2ED,CED,CEI,3ED,4ED,ICE,RQS,pARL,MIR,ITP,5ED,POR,pPRE,TMP,pJGP,PO2,UGL,pALP,USG,ATH,6ED,PTK,S99,pGRU,MMQ,BRB,pELP,S00,INV,7ED,ODY,ONS,8ED,MRD,CHK,UNH,9ED,RAV,CST,TSP,10E,MED,LRW,SHM,ALA,DDC,M10,HOP,ME3,ZEN,H09,DDE,ROE,ARC,M11,DDF,SOM,MBS,DDG,NPH,CMD,M12,DDH,ISD,DDI,AVR,PC2,M13,RTR,DDK,M14,DDL,THS,C13,MD1,M15,DDN,KTK,C14,DD3_DVD,FRF,DDO,DTK,TPR,ORI,DDP,BFZ,C15,DDQ,SOI",,normal,48408,,,Basic Land,Plains,Land
Plains,,,W,John Avon,290,Basic Land — Plains,,"LEA,LEB,2ED,CED,CEI,3ED,4ED,ICE,RQS,pARL,MIR,ITP,5ED,POR,pPRE,TMP,pJGP,PO2,UGL,pALP,USG,ATH,6ED,PTK,S99,pGRU,MMQ,BRB,pELP,S00,INV,7ED,ODY,ONS,8ED,MRD,CHK,UNH,9ED,RAV,CST,TSP,10E,MED,LRW,SHM,ALA,DDC,M10,HOP,ME3,ZEN,H09,DDE,ROE,ARC,M11,DDF,SOM,MBS,DDG,NPH,CMD,M12,DDH,ISD,DDI,AVR,PC2,M13,RTR,DDK,M14,DDL,THS,C13,MD1,M15,DDN,KTK,C14,DD3_DVD,FRF,DDO,DTK,TPR,ORI,DDP,BFZ,C15,DDQ,SOI",,normal,48409,,,Basic Land,Plains,Land
Island,,,U,Mark Tedin,291,Basic Land — Island,,"LEA,LEB,2ED,CED,CEI,3ED,4ED,ICE,RQS,pARL,MIR,ITP,5ED,POR,TMP,pJGP,PO2,UGL,pALP,USG,6ED,PTK,S99,pGRU,MMQ,BRB,pELP,S00,BTD,INV,7ED,ODY,ONS,8ED,MRD,CHK,UNH,9ED,RAV,CST,TSP,10E,MED,LRW,SHM,ALA,DD2,M10,HOP,ME3,ZEN,H09,DDE,ROE,DPA,ARC,M11,DDF,SOM,MBS,NPH,CMD,M12,DDH,ISD,DDI,AVR,PC2,M13,DDJ,RTR,M14,THS,C13,DDM,M15,DDN,KTK,C14,DD3_JVC,FRF,DDO,DTK,TPR,ORI,BFZ,C15,DDQ,SOI",,normal,48410,,,Basic Land,Island,Land
Island,,,U,Rob Alexander,292,Basic Land — Island,,"LEA,LEB,2ED,CED,CEI,3ED,4ED,ICE,RQS,pARL,MIR,ITP,5ED,POR,TMP,pJGP,PO2,UGL,pALP,USG,6ED,PTK,S99,pGRU,MMQ,BRB,pELP,S00,BTD,INV,7ED,ODY,ONS,8ED,MRD,CHK,UNH,9ED,RAV,CST,TSP,10E,MED,LRW,SHM,ALA,DD2,M10,HOP,ME3,ZEN,H09,DDE,ROE,DPA,ARC,M11,DDF,SOM,MBS,NPH,CMD,M12,DDH,ISD,DDI,AVR,PC2,M13,DDJ,RTR,M14,THS,C13,DDM,M15,DDN,KTK,C14,DD3_JVC,FRF,DDO,DTK,TPR,ORI,BFZ,C15,DDQ,SOI",,normal,48411,,,Basic Land,Island,Land
Island,,,U,Martina Pilcerova,293,Basic Land — Island,,"LEA,LEB,2ED,CED,CEI,3ED,4ED,ICE,RQS,pARL,MIR,ITP,5ED,POR,TMP,pJGP,PO2,UGL,pALP,USG,6ED,PTK,S99,pGRU,MMQ,BRB,pELP,S00,BTD,INV,7ED,ODY,ONS,8ED,MRD,CHK,UNH,9ED,RAV,CST,TSP,10E,MED,LRW,SHM,ALA,DD2,M10,HOP,ME3,ZEN,H09,DDE,ROE,DPA,ARC,M11,DDF,SOM,MBS,NPH,CMD,M12,DDH,ISD,DDI,AVR,PC2,M13,DDJ,RTR,M14,THS,C13,DDM,M15,DDN,KTK,C14,DD3_JVC,FRF,DDO,DTK,TPR,ORI,BFZ,C15,DDQ,SOI",,normal,48412,,,Basic Land,Island,Land
Island,,,U,John Avon,294,Basic Land — Island,,"LEA,LEB,2ED,CED,CEI,3ED,4ED,ICE,RQS,pARL,MIR,ITP,5ED,POR,TMP,pJGP,PO2,UGL,pALP,USG,6ED,PTK,S99,pGRU,MMQ,BRB,pELP,S00,BTD,INV,7ED,ODY,ONS,8ED,MRD,CHK,UNH,9ED,RAV,CST,TSP,10E,MED,LRW,SHM,ALA,DD2,M10,HOP,ME3,ZEN,H09,DDE,ROE,DPA,ARC,M11,DDF,SOM,MBS,NPH,CMD,M12,DDH,ISD,DDI,AVR,PC2,M13,DDJ,RTR,M14,THS,C13,DDM,M15,DDN,KTK,C14,DD3_JVC,FRF,DDO,DTK,TPR,ORI,BFZ,C15,DDQ,SOI",,normal,48413,,,Basic Land,Island,Land
Swamp,,,B,Mark Tedin,295,Basic Land — Swamp,,"LEA,LEB,2ED,CED,CEI,3ED,4ED,ICE,RQS,pARL,MIR,ITP,5ED,POR,TMP,pJGP,PO2,UGL,pALP,USG,ATH,6ED,PTK,S99,pGRU,MMQ,BRB,pELP,S00,BTD,INV,7ED,ODY,DKM,ONS,8ED,MRD,CHK,UNH,9ED,RAV,CST,TSP,10E,MED,LRW,SHM,ALA,DDC,M10,HOP,ME3,ZEN,DDD,H09,DDE,ROE,DPA,ARC,M11,SOM,MBS,NPH,CMD,M12,DDH,ISD,PD3,AVR,PC2,M13,DDJ,RTR,DDK,M14,THS,C13,DDM,MD1,M15,DDN,KTK,C14,DD3_DVD,DD3_GVL,FRF,DTK,TPR,ORI,DDP,BFZ,C15,DDQ,SOI",,normal,48414,,,Basic Land,Swamp,Land
Swamp,,,B,Rob Alexander,296,Basic Land — Swamp,,"LEA,LEB,2ED,CED,CEI,3ED,4ED,ICE,RQS,pARL,MIR,ITP,5ED,POR,TMP,pJGP,PO2,UGL,pALP,USG,ATH,6ED,PTK,S99,pGRU,MMQ,BRB,pELP,S00,BTD,INV,7ED,ODY,DKM,ONS,8ED,MRD,CHK,UNH,9ED,RAV,CST,TSP,10E,MED,LRW,SHM,ALA,DDC,M10,HOP,ME3,ZEN,DDD,H09,DDE,ROE,DPA,ARC,M11,SOM,MBS,NPH,CMD,M12,DDH,ISD,PD3,AVR,PC2,M13,DDJ,RTR,DDK,M14,THS,C13,DDM,MD1,M15,DDN,KTK,C14,DD3_DVD,DD3_GVL,FRF,DTK,TPR,ORI,DDP,BFZ,C15,DDQ,SOI",,normal,48415,,,Basic Land,Swamp,Land
Swamp,,,B,Martina Pilcerova,297,Basic Land — Swamp,,"LEA,LEB,2ED,CED,CEI,3ED,4ED,ICE,RQS,pARL,MIR,ITP,5ED,POR,TMP,pJGP,PO2,UGL,pALP,USG,ATH,6ED,PTK,S99,pGRU,MMQ,BRB,pELP,S00,BTD,INV,7ED,ODY,DKM,ONS,8ED,MRD,CHK,UNH,9ED,RAV,CST,TSP,10E,MED,LRW,SHM,ALA,DDC,M10,HOP,ME3,ZEN,DDD,H09,DDE,ROE,DPA,ARC,M11,SOM,MBS,NPH,CMD,M12,DDH,ISD,PD3,AVR,PC2,M13,DDJ,RTR,DDK,M14,THS,C13,DDM,MD1,M15,DDN,KTK,C14,DD3_DVD,DD3_GVL,FRF,DTK,TPR,ORI,DDP,BFZ,C15,DDQ,SOI",,normal,48416,,,Basic Land,Swamp,Land
Swamp,,,B,John Avon,298,Basic Land — Swamp,,"LEA,LEB,2ED,CED,CEI,3ED,4ED,ICE,RQS,pARL,MIR,ITP,5ED,POR,TMP,pJGP,PO2,UGL,pALP,USG,ATH,6ED,PTK,S99,pGRU,MMQ,BRB,pELP,S00,BTD,INV,7ED,ODY,DKM,ONS,8ED,MRD,CHK,UNH,9ED,RAV,CST,TSP,10E,MED,LRW,SHM,ALA,DDC,M10,HOP,ME3,ZEN,DDD,H09,DDE,ROE,DPA,ARC,M11,SOM,MBS,NPH,CMD,M12,DDH,ISD,PD3,AVR,PC2,M13,DDJ,RTR,DDK,M14,THS,C13,DDM,MD1,M15,DDN,KTK,C14,DD3_DVD,DD3_GVL,FRF,DTK,TPR,ORI,DDP,BFZ,C15,DDQ,SOI",,normal,48425,,,Basic Land,Swamp,Land
Mountain,,,R,Mark Tedin,299,Basic Land — Mountain,,"LEA,LEB,2ED,ARN,CED,CEI,3ED,4ED,ICE,RQS,pARL,MIR,ITP,5ED,POR,TMP,pJGP,PO2,UGL,pALP,USG,ATH,6ED,PTK,S99,pGRU,MMQ,BRB,pELP,S00,BTD,INV,7ED,ODY,DKM,ONS,8ED,MRD,CHK,UNH,9ED,RAV,CST,TSP,10E,MED,LRW,EVG,SHM,ALA,DD2,M10,HOP,ME3,ZEN,H09,DDE,ROE,DPA,ARC,M11,SOM,PD2,MBS,DDG,NPH,CMD,M12,DDH,ISD,DDI,AVR,PC2,M13,DDJ,RTR,DDK,M14,DDL,THS,C13,M15,DDN,KTK,C14,DD3_EVG,DD3_JVC,FRF,DTK,TPR,ORI,DDP,BFZ,C15,SOI",,normal,48417,,,Basic Land,Mountain,Land
Mountain,,,R,Rob Alexander,300,Basic Land — Mountain,,"LEA,LEB,2ED,ARN,CED,CEI,3ED,4ED,ICE,RQS,pARL,MIR,ITP,5ED,POR,TMP,pJGP,PO2,UGL,pALP,USG,ATH,6ED,PTK,S99,pGRU,MMQ,BRB,pELP,S00,BTD,INV,7ED,ODY,DKM,ONS,8ED,MRD,CHK,UNH,9ED,RAV,CST,TSP,10E,MED,LRW,EVG,SHM,ALA,DD2,M10,HOP,ME3,ZEN,H09,DDE,ROE,DPA,ARC,M11,SOM,PD2,MBS,DDG,NPH,CMD,M12,DDH,ISD,DDI,AVR,PC2,M13,DDJ,RTR,DDK,M14,DDL,THS,C13,M15,DDN,KTK,C14,DD3_EVG,DD3_JVC,FRF,DTK,TPR,ORI,DDP,BFZ,C15,SOI",,normal,48418,,,Basic Land,Mountain,Land
Mountain,,,R,Martina Pilcerova,301,Basic Land — Mountain,,"LEA,LEB,2ED,ARN,CED,CEI,3ED,4ED,ICE,RQS,pARL,MIR,ITP,5ED,POR,TMP,pJGP,PO2,UGL,pALP,USG,ATH,6ED,PTK,S99,pGRU,MMQ,BRB,pELP,S00,BTD,INV,7ED,ODY,DKM,ONS,8ED,MRD,CHK,UNH,9ED,RAV,CST,TSP,10E,MED,LRW,EVG,SHM,ALA,DD2,M10,HOP,ME3,ZEN,H09,DDE,ROE,DPA,ARC,M11,SOM,PD2,MBS,DDG,NPH,CMD,M12,DDH,ISD,DDI,AVR,PC2,M13,DDJ,RTR,DDK,M14,DDL,THS,C13,M15,DDN,KTK,C14,DD3_EVG,DD3_JVC,FRF,DTK,TPR,ORI,DDP,BFZ,C15,SOI",,normal,48419,,,Basic Land,Mountain,Land
Mountain,,,R,John Avon,302,Basic Land — Mountain,,"LEA,LEB,2ED,ARN,CED,CEI,3ED,4ED,ICE,RQS,pARL,MIR,ITP,5ED,POR,TMP,pJGP,PO2,UGL,pALP,USG,ATH,6ED,PTK,S99,pGRU,MMQ,BRB,pELP,S00,BTD,INV,7ED,ODY,DKM,ONS,8ED,MRD,CHK,UNH,9ED,RAV,CST,TSP,10E,MED,LRW,EVG,SHM,ALA,DD2,M10,HOP,ME3,ZEN,H09,DDE,ROE,DPA,ARC,M11,SOM,PD2,MBS,DDG,NPH,CMD,M12,DDH,ISD,DDI,AVR,PC2,M13,DDJ,RTR,DDK,M14,DDL,THS,C13,M15,DDN,KTK,C14,DD3_EVG,DD3_JVC,FRF,DTK,TPR,ORI,DDP,BFZ,C15,SOI",,normal,48420,,,Basic Land,Mountain,Land
Forest,,,G,Mark Tedin,303,Basic Land — Forest,,"LEA,LEB,2ED,CED,CEI,3ED,4ED,ICE,RQS,pARL,MIR,ITP,5ED,POR,TMP,pJGP,PO2,UGL,pALP,USG,ATH,6ED,PTK,S99,pGRU,MMQ,BRB,pELP,S00,BTD,INV,7ED,ODY,DKM,ONS,8ED,MRD,CHK,UNH,9ED,RAV,CST,TSP,10E,MED,LRW,EVG,SHM,ALA,M10,HOP,ME3,ZEN,DDD,H09,DDE,ROE,DPA,ARC,M11,SOM,MBS,DDG,NPH,CMD,M12,DDH,ISD,AVR,PC2,M13,DDJ,RTR,M14,DDL,THS,C13,DDM,M15,KTK,C14,DD3_EVG,DD3_GVL,FRF,DDO,DTK,TPR,ORI,DDP,BFZ,C15,SOI",,normal,48421,,,Basic Land,Forest,Land
Forest,,,G,Rob Alexander,304,Basic Land — Forest,,"LEA,LEB,2ED,CED,CEI,3ED,4ED,ICE,RQS,pARL,MIR,ITP,5ED,POR,TMP,pJGP,PO2,UGL,pALP,USG,ATH,6ED,PTK,S99,pGRU,MMQ,BRB,pELP,S00,BTD,INV,7ED,ODY,DKM,ONS,8ED,MRD,CHK,UNH,9ED,RAV,CST,TSP,10E,MED,LRW,EVG,SHM,ALA,M10,HOP,ME3,ZEN,DDD,H09,DDE,ROE,DPA,ARC,M11,SOM,MBS,DDG,NPH,CMD,M12,DDH,ISD,AVR,PC2,M13,DDJ,RTR,M14,DDL,THS,C13,DDM,M15,KTK,C14,DD3_EVG,DD3_GVL,FRF,DDO,DTK,TPR,ORI,DDP,BFZ,C15,SOI",,normal,48422,,,Basic Land,Forest,Land
Forest,,,G,Martina Pilcerova,305,Basic Land — Forest,,"LEA,LEB,2ED,CED,CEI,3ED,4ED,ICE,RQS,pARL,MIR,ITP,5ED,POR,TMP,pJGP,PO2,UGL,pALP,USG,ATH,6ED,PTK,S99,pGRU,MMQ,BRB,pELP,S00,BTD,INV,7ED,ODY,DKM,ONS,8ED,MRD,CHK,UNH,9ED,RAV,CST,TSP,10E,MED,LRW,EVG,SHM,ALA,M10,HOP,ME3,ZEN,DDD,H09,DDE,ROE,DPA,ARC,M11,SOM,MBS,DDG,NPH,CMD,M12,DDH,ISD,AVR,PC2,M13,DDJ,RTR,M14,DDL,THS,C13,DDM,M15,KTK,C14,DD3_EVG,DD3_GVL,FRF,DDO,DTK,TPR,ORI,DDP,BFZ,C15,SOI",,normal,48423,,,Basic Land,Forest,Land
Forest,,,G,John Avon,306,Basic Land — Forest,,"LEA,LEB,2ED,CED,CEI,3ED,4ED,ICE,RQS,pARL,MIR,ITP,5ED,POR,TMP,pJGP,PO2,UGL,pALP,USG,ATH,6ED,PTK,S99,pGRU,MMQ,BRB,pELP,S00,BTD,INV,7ED,ODY,DKM,ONS,8ED,MRD,CHK,UNH,9ED,RAV,CST,TSP,10E,MED,LRW,EVG,SHM,ALA,M10,HOP,ME3,ZEN,DDD,H09,DDE,ROE,DPA,ARC,M11,SOM,MBS,DDG,NPH,CMD,M12,DDH,ISD,AVR,PC2,M13,DDJ,RTR,M14,DDL,THS,C13,DDM,M15,KTK,C14,DD3_EVG,DD3_GVL,FRF,DDO,DTK,TPR,ORI,DDP,BFZ,C15,SOI",,normal,48424,,,Basic Land,Forest,Land
