name,manaCost,cmc,colorIdentity,artist,number,type,text,printings,flavor,layout,multiverseid,power,toughness,rarity,subtypes,types
Deceiver of Form,{6}{C},7,,Viktor Titov,1,Creature — Eldrazi,"({C} represents colorless mana.)\nAt the beginning of combat on your turn, reveal the top card of your library. If a creature card is revealed this way, you may have creatures you control other than Deceiver of Form become copies of that card until end of turn. You may put that card on the bottom of your library.",OGW,,normal,407511,8,8,Rare,Eldrazi,Creature
Eldrazi Mimic,{2},2,,Craig J Spearing,2,Creature — Eldrazi,"Whenever another colorless creature enters the battlefield under your control, you may change Eldrazi Mimic's base power and toughness to that creature's power and toughness until end of turn.",OGW,It is consistently inconsistent.,normal,407512,2,1,Rare,Eldrazi,Creature
Endbringer,{5}{C},6,,Vincent Proce,3,Creature — Eldrazi,"Untap Endbringer during each other player's untap step.\n{T}: Endbringer deals 1 damage to target creature or player.\n{C}, {T}: Target creature can't attack or block this turn.\n{C}{C}, {T}: Draw a card.",OGW,,normal,407513,5,5,Rare,Eldrazi,Creature
"Kozilek, the Great Distortion",{8}{C}{C},10,,Aleksi Briclot,4,Legendary Creature — Eldrazi,"When you cast Kozilek, the Great Distortion, if you have fewer than seven cards in hand, draw cards equal to the difference.\nMenace\nDiscard a card with converted mana cost X: Counter target spell with converted mana cost X.",OGW,A void as cryptic as reality itself.,normal,407514,12,12,Mythic Rare,Eldrazi,Creature
Kozilek's Pathfinder,{6},6,,James Zapata,5,Creature — Eldrazi,{C}: Target creature can't block Kozilek's Pathfinder this turn. ({C} represents colorless mana.),OGW,"""We didn't know where it came from or where it was going. All we knew was that we did not matter.""\n—Akiri, kor line-slinger",normal,407515,5,5,Common,Eldrazi,Creature
Matter Reshaper,{2}{C},3,,Chris Rahn,6,Creature — Eldrazi,"({C} represents colorless mana.)\nWhen Matter Reshaper dies, reveal the top card of your library. You may put that card onto the battlefield if it's a permanent card with converted mana cost 3 or less. Otherwise, put that card into your hand.",OGW,,normal,407516,3,2,Rare,Eldrazi,Creature
Reality Smasher,{4}{C},5,,Jason Rainville,7,Creature — Eldrazi,"({C} represents colorless mana.)\nTrample, haste\nWhenever Reality Smasher becomes the target of a spell an opponent controls, counter that spell unless its controller discards a card.",OGW,As easy to stop as it is to comprehend.,normal,407517,5,5,Rare,Eldrazi,Creature
Spatial Contortion,{1}{C},2,,Daarken,8,Instant,({C} represents colorless mana.)\nTarget creature gets +3/-3 until end of turn.,OGW,"""For those without the Planeswalker spark, the merest touch of the Blind Eternities can kill.""\n—Ugin",normal,407518,,,Uncommon,,Instant
Thought-Knot Seer,{3}{C},4,,Svetlin Velinov,9,Creature — Eldrazi,"({C} represents colorless mana.)\nWhen Thought-Knot Seer enters the battlefield, target opponent reveals his or her hand. You choose a nonland card from it and exile that card.\nWhen Thought-Knot Seer leaves the battlefield, target opponent draws a card.",OGW,,normal,407519,4,4,Rare,Eldrazi,Creature
Walker of the Wastes,{4}{C},5,,Joseph Meehan,10,Creature — Eldrazi,({C} represents colorless mana.)\nTrample\nWalker of the Wastes gets +1/+1 for each land you control named Wastes.,OGW,"In the absence of life, something yet grows.",normal,407520,4,4,Uncommon,Eldrazi,Creature
Warden of Geometries,{4},4,,Jason Felix,11,Creature — Eldrazi Drone,Vigilance\n{T}: Add {C} to your mana pool. ({C} represents colorless mana.),OGW,"The wastelands disorient even the most experienced scouts, making them easy prey for Kozilek's drones.",normal,407521,2,3,Common,"Eldrazi,Drone",Creature
Warping Wail,{1}{C},2,,Jason Felix,12,Instant,"({C} represents colorless mana.)\nChoose one —\n• Exile target creature with power or toughness 1 or less.\n• Counter target sorcery spell.\n• Put a 1/1 colorless Eldrazi Scion creature token onto the battlefield. It has ""Sacrifice this creature: Add {C} to your mana pool.""",OGW,,normal,407522,,,Uncommon,,Instant
Eldrazi Displacer,{2}{W},3,W,Daarken,13,Creature — Eldrazi,"Devoid (This card has no color.)\n{2}{C}: Exile another target creature, then return it to the battlefield tapped under its owner's control. ({C} represents colorless mana.)",OGW,,normal,407523,3,3,Rare,Eldrazi,Creature
Affa Protector,{2}{W},3,W,Izzy,14,Creature — Human Soldier Ally,Vigilance,OGW,"""Through all the terrors we face, I hold on to the memory of the world before the Eldrazi came. I'd like to see that world again.""",normal,407524,1,4,Common,"Human,Soldier,Ally",Creature
Allied Reinforcements,{3}{W},4,W,Matt Stewart,15,Sorcery,Put two 2/2 white Knight Ally creature tokens onto the battlefield.,OGW,"""Our formation was scattered after Sea Gate fell. If you're fighting the Eldrazi, consider us your newest recruits.""",normal,407525,,,Uncommon,,Sorcery
Call the Gatewatch,{2}{W},3,W,Yefim Kligerman,16,Sorcery,"Search your library for a planeswalker card, reveal it, and put it into your hand. Then shuffle your library.",OGW,"""I've heard it said that a Planeswalker is someone who can always run from danger. But Gideon's right: we're also the ones who can choose to stay.""\n—Jace Beleren",normal,407526,,,Rare,,Sorcery
Dazzling Reflection,{1}{W},2,W,David Palumbo,17,Instant,"You gain life equal to target creature's power. The next time that creature would deal damage this turn, prevent that damage.",OGW,"""The light of a felidar's horns can give even an Eldrazi pause.""\n—Zarra, lullmage",normal,407527,,,Common,,Instant
Expedition Raptor,{3}{W}{W},5,W,Johann Bodin,18,Creature — Bird,"Flying\nWhen Expedition Raptor enters the battlefield, support 2. (Put a +1/+1 counter on each of up to two other target creatures.)",OGW,,normal,407528,2,2,Common,Bird,Creature
General Tazri,{4}{W},5,"W,U,B,R,G",Chris Rahn,19,Legendary Creature — Human Ally,"When General Tazri enters the battlefield, you may search your library for an Ally creature card, reveal it, put it into your hand, then shuffle your library.\n{W}{U}{B}{R}{G}: Ally creatures you control get +X/+X until end of turn, where X is the number of colors among those creatures.",OGW,,normal,407529,3,4,Mythic Rare,"Human,Ally",Creature
Immolating Glare,{1}{W},2,W,Daarken,20,Instant,Destroy target attacking creature.,OGW,"""The sun can warm your skin or blister it, nurture your crops or wither them, light your path or blind you. She is a fickle friend, but a far worse enemy.""\n—Nazra of the Stone Havens",normal,407530,,,Uncommon,,Instant
Iona's Blessing,{3}{W},4,W,David Gaillet,21,Enchantment — Aura,"Enchant creature\nEnchanted creature gets +2/+2, has vigilance, and can block an additional creature.",OGW,"""Walk now in my light. When the rest of the world closes its eyes, you will still see.""\n—Iona",normal,407531,,,Uncommon,Aura,Enchantment
Isolation Zone,{2}{W}{W},4,W,Chris Rallis,22,Enchantment,"When Isolation Zone enters the battlefield, exile target creature or enchantment an opponent controls until Isolation Zone leaves the battlefield. (That permanent returns under its owner's control.)",OGW,"When properly aligned, hedrons become powerful tools of binding.",normal,407532,,,Common,,Enchantment
Kor Scythemaster,{2}{W},3,W,Ryan Pancoast,23,Creature — Kor Soldier Ally,Kor Scythemaster has first strike as long as it's attacking.,OGW,The kor of Zendikar are known for quiet determination in the face of overwhelming odds.,normal,407533,3,1,Common,"Kor,Soldier,Ally",Creature
Kor Sky Climber,{2}{W},3,W,Victor Adame Minguez,24,Creature — Kor Soldier Ally,{1}{W}: Kor Sky Climber gains flying until end of turn.,OGW,"""With rope, I can fly as far as the rope can reach. But with light, the sky is the limit.""",normal,407534,3,2,Common,"Kor,Soldier,Ally",Creature
"Linvala, the Preserver",{4}{W}{W},6,W,Magali Villeneuve,25,Legendary Creature — Angel,"Flying\nWhen Linvala, the Preserver enters the battlefield, if an opponent has more life than you, you gain 5 life.\nWhen Linvala enters the battlefield, if an opponent controls more creatures than you, put a 3/3 white Angel creature token with flying onto the battlefield.",OGW,,normal,407535,5,5,Mythic Rare,Angel,Creature
Make a Stand,{2}{W},3,W,Magali Villeneuve,26,Instant,"Creatures you control get +1/+0 and gain indestructible until end of turn. (Damage and effects that say ""destroy"" don't destroy them.)",OGW,"For a moment they stood tall, all fear forgotten.",normal,407536,,,Uncommon,,Instant
Makindi Aeronaut,{1}{W},2,W,Matt Stewart,27,Creature — Kor Scout Ally,Flying,OGW,"""The Eldrazi have surprised us before. It's my job to make sure that never happens again.""",normal,407537,1,3,Common,"Kor,Scout,Ally",Creature
Mighty Leap,{1}{W},2,W,Winona Nelson,28,Instant,Target creature gets +2/+2 and gains flying until end of turn.,"M11,DDF,DDG,M12,DDO,MM2,ORI,OGW","""We may have lost faith in our gods, but we are far from losing faith in ourselves.""\n—Munda, ambush leader",normal,407538,,,Common,,Instant
Munda's Vanguard,{4}{W},5,W,Steve Prescott,29,Creature — Kor Knight Ally,"Cohort — {T}, Tap an untapped Ally you control: Put a +1/+1 counter on each creature you control.",OGW,"""Do not let yourselves fall now. Zendikar is depending on us—on you!""",normal,407539,3,3,Rare,"Kor,Knight,Ally",Creature
Oath of Gideon,{2}{W},3,W,Wesley Burt,30,Legendary Enchantment,"When Oath of Gideon enters the battlefield, put two 1/1 white Kor Ally creature tokens onto the battlefield.\nEach planeswalker you control enters the battlefield with an additional loyalty counter on it.",OGW,"""For justice and peace, I will keep watch.""",normal,407540,,,Rare,,Enchantment
Ondu War Cleric,{1}{W},2,W,Ben Maier,31,Creature — Human Cleric Ally,"Cohort — {T}, Tap an untapped Ally you control: You gain 2 life.",OGW,"""I will follow the light of Iona into battle, and I will know no fear.""",normal,407541,2,2,Common,"Human,Cleric,Ally",Creature
Relief Captain,{2}{W}{W},4,W,Anastasia Ovchinnikova,32,Creature — Kor Knight Ally,"When Relief Captain enters the battlefield, support 3. (Put a +1/+1 counter on each of up to three other target creatures.)",OGW,Sometimes gestures of support are small. Sometimes not.,normal,407542,3,2,Uncommon,"Kor,Knight,Ally",Creature
Searing Light,{W},1,W,Marco Nelor,33,Instant,Destroy target attacking or blocking creature with power 2 or less.,OGW,"""Light can lay bare our fears. It can also make them go away.""\n—Nazra of the Stone Havens",normal,407543,,,Common,,Instant
Shoulder to Shoulder,{2}{W},3,W,Chris Rallis,34,Sorcery,Support 2. (Put a +1/+1 counter on each of up to two target creatures.)\nDraw a card.,OGW,"""Sea Gate may have fallen, but we still stand. We still fight.""\n—Gideon Jura",normal,407544,,,Common,,Sorcery
Spawnbinder Mage,{3}{W},4,W,Dan Scott,35,Creature — Human Wizard Ally,"Cohort — {T}, Tap an untapped Ally you control: Tap target creature.",OGW,"""Follow me. Step lightly. And resist the urge to kick them.""",normal,407545,2,4,Common,"Human,Wizard,Ally",Creature
Steppe Glider,{4}{W},5,W,John Severin Brassell,36,Creature — Elemental,"Flying, vigilance\n{1}{W}: Target creature with a +1/+1 counter on it gains flying and vigilance until end of turn.",OGW,It glides over the landscape. It also happens to be one.,normal,407546,2,4,Uncommon,Elemental,Creature
Stone Haven Outfitter,{1}{W},2,W,Jason Rainville,37,Creature — Kor Artificer Ally,"Equipped creatures you control get +1/+1.\nWhenever an equipped creature you control dies, draw a card.",OGW,The makers and menders are the first called to battle and the last to leave.,normal,407547,2,2,Rare,"Kor,Artificer,Ally",Creature
Stoneforge Acolyte,{W},1,W,Chris Rallis,38,Creature — Kor Artificer Ally,"Cohort — {T}, Tap an untapped Ally you control: Look at the top four cards of your library. You may reveal an Equipment card from among them and put it into your hand. Put the rest on the bottom of your library in any order.",OGW,"""The stone speaks. We are merely interpreters.""",normal,407548,1,2,Uncommon,"Kor,Artificer,Ally",Creature
Wall of Resurgence,{2}{W},3,W,Daniel Ljunggren,39,Creature — Wall,"Defender\nWhen Wall of Resurgence enters the battlefield, you may put three +1/+1 counters on target land you control. If you do, that land becomes a 0/0 Elemental creature with haste that's still a land.",OGW,,normal,407549,0,6,Uncommon,Wall,Creature
Abstruse Interference,{2}{U},3,U,Igor Kieryluk,40,Instant,"Devoid (This card has no color.)\nCounter target spell unless its controller pays {1}. You put a 1/1 colorless Eldrazi Scion creature token onto the battlefield. It has ""Sacrifice this creature: Add {C} to your mana pool."" ({C} represents colorless mana.)",OGW,,normal,407550,,,Common,,Instant
Blinding Drone,{1}{U},2,U,Lake Hurwitz,41,Creature — Eldrazi Drone,"Devoid (This card has no color.)\n{C}, {T}: Tap target creature. ({C} represents colorless mana.)",OGW,"""Zendikar's true gods have risen. Whether in reverence or agony, all the world will kneel.""\n—Ayli, high priest of the Eternal Pilgrims",normal,407551,1,3,Common,"Eldrazi,Drone",Creature
Cultivator Drone,{2}{U},3,U,Slawomir Maniak,42,Creature — Eldrazi Drone,"Devoid (This card has no color.)\n{T}: Add {C} to your mana pool. Spend this mana only to cast a colorless spell, activate an ability of a colorless permanent, or pay a cost that contains {C}. ({C} represents colorless mana.)",OGW,,normal,407552,2,3,Common,"Eldrazi,Drone",Creature
Deepfathom Skulker,{5}{U},6,U,Joseph Meehan,43,Creature — Eldrazi,"Devoid (This card has no color.)\nWhenever a creature you control deals combat damage to a player, you may draw a card.\n{3}{C}: Target creature can't be blocked this turn. ({C} represents colorless mana.)",OGW,,normal,407553,4,4,Rare,Eldrazi,Creature
Dimensional Infiltrator,{1}{U},2,U,Chase Stone,44,Creature — Eldrazi,"Devoid (This card has no color.)\nFlash\nFlying\n{1}{C}: Target opponent exiles the top card of his or her library. If it's a land card, you may return Dimensional Infiltrator to its owner's hand. ({C} represents colorless mana.)",OGW,,normal,407554,2,1,Rare,Eldrazi,Creature
Gravity Negator,{3}{U},4,U,Chase Stone,45,Creature — Eldrazi Drone,"Devoid (This card has no color.)\nFlying\nWhenever Gravity Negator attacks, you may pay {C}. If you do, another target creature gains flying until end of turn. ({C} represents colorless mana.)",OGW,,normal,407555,2,3,Common,"Eldrazi,Drone",Creature
Prophet of Distortion,{U},1,U,Lius Lasahido,46,Creature — Eldrazi Drone,Devoid (This card has no color.)\n{3}{C}: Draw a card. ({C} represents colorless mana.),OGW,It doesn't twist words. It twists worlds.,normal,407556,1,2,Uncommon,"Eldrazi,Drone",Creature
Slip Through Space,{U},1,U,Raymond Swanland,47,Sorcery,Devoid (This card has no color.)\nTarget creature can't be blocked this turn.\nDraw a card.,OGW,"The Eldrazi twisted in a direction that had no name, and a frontal assault became a panicked rout.",normal,407557,,,Common,,Sorcery
Thought Harvester,{3}{U},4,U,Winona Nelson,48,Creature — Eldrazi Drone,"Devoid (This card has no color.)\nFlying\nWhenever you cast a colorless spell, target opponent exiles the top card of his or her library.",OGW,"""I never thought I'd miss the gomazoa.""\n—Trinda, Hada spy patrol",normal,407558,2,4,Uncommon,"Eldrazi,Drone",Creature
Void Shatter,{1}{U}{U},3,U,Jason Felix,49,Instant,"Devoid (This card has no color.)\nCounter target spell. If that spell is countered this way, exile it instead of putting it into its owner's graveyard.",OGW,Eldrazi break concentration like glass.,normal,407559,,,Uncommon,,Instant
Ancient Crab,{1}{U}{U},3,U,Steve Prescott,50,Creature — Crab,,OGW,"After the fall of Sea Gate and the draining of the Halimar basin, the crab set off to find a new home.",normal,407560,1,5,Common,Crab,Creature
Comparative Analysis,{3}{U},4,U,Willian Murai,51,Instant,Surge {2}{U} (You may cast this spell for its surge cost if you or a teammate has cast another spell this turn.)\nTarget player draws two cards.,OGW,"""Our time grows short. If we wish to vanquish the Eldrazi, we must unlock the hedrons' secrets.""\n—Jace Beleren",normal,407561,,,Common,,Instant
Containment Membrane,{2}{U},3,U,Daarken,52,Enchantment — Aura,Surge {U} (You may cast this spell for its surge cost if you or a teammate has cast another spell this turn.)\nEnchant creature\nEnchanted creature doesn't untap during its controller's untap step.,OGW,,normal,407562,,,Common,Aura,Enchantment
Crush of Tentacles,{4}{U}{U},6,U,Jama Jurabaev,53,Sorcery,"Surge {3}{U}{U} (You may cast this spell for its surge cost if you or a teammate has cast another spell this turn.)\nReturn all nonland permanents to their owners' hands. If Crush of Tentacles's surge cost was paid, put an 8/8 blue Octopus creature token onto the battlefield.",OGW,,normal,407563,,,Mythic Rare,,Sorcery
Cyclone Sire,{4}{U},5,U,Igor Kieryluk,54,Creature — Elemental,"Flying\nWhen Cyclone Sire dies, you may put three +1/+1 counters on target land you control. If you do, that land becomes a 0/0 Elemental creature with haste that's still a land.",OGW,The rampaging Roil creates life out of the most volatile elements.,normal,407564,3,4,Uncommon,Elemental,Creature
Gift of Tusks,{U},1,U,Kev Walker,55,Instant,"Until end of turn, target creature loses all abilities and becomes a green Elephant with base power and toughness 3/3.",OGW,It's an experience you'll never forget.,normal,407565,,,Uncommon,,Instant
Grip of the Roil,{2}{U},3,U,Volkan Baga,56,Instant,Surge {1}{U} (You may cast this spell for its surge cost if you or a teammate has cast another spell this turn.)\nTap target creature. It doesn't untap during its controller's next untap step.\nDraw a card.,OGW,,normal,407566,,,Uncommon,,Instant
Hedron Alignment,{2}{U},3,U,Craig J Spearing,57,Enchantment,"Hexproof\nAt the beginning of your upkeep, you may reveal your hand. If you do, you win the game if you own a card named Hedron Alignment in exile, in your hand, in your graveyard, and on the battlefield.\n{1}{U}: Scry 1.",OGW,,normal,407567,,,Rare,,Enchantment
Jwar Isle Avenger,{4}{U},5,U,Ryan Pancoast,58,Creature — Sphinx,Surge {2}{U} (You may cast this spell for its surge cost if you or a teammate has cast another spell this turn.)\nFlying,OGW,"Though solitary by nature, the sphinxes did not hesitate to join in the fight against the Eldrazi.",normal,407568,3,3,Common,Sphinx,Creature
Negate,{1}{U},2,U,Ryan Pancoast,59,Instant,Counter target noncreature spell.,"pMPR,MOR,M10,DPA,M11,M12,M13,M14,M15,DTK,ORI,OGW","""Eventually, everything returns to silence.""\n—Zarra, lullmage",normal,407569,,,Common,,Instant
Oath of Jace,{2}{U},3,U,Wesley Burt,60,Legendary Enchantment,"When Oath of Jace enters the battlefield, draw three cards, then discard two cards.\nAt the beginning of your upkeep, scry X, where X is the number of planeswalkers you control.",OGW,"""For the sake of the Multiverse, I will keep watch.""",normal,407570,,,Rare,,Enchantment
Overwhelming Denial,{2}{U}{U},4,U,Jama Jurabaev,61,Instant,Surge {U}{U} (You may cast this spell for its surge cost if you or a teammate has cast another spell this turn.)\nOverwhelming Denial can't be countered by spells or abilities.\nCounter target spell.,OGW,,normal,407571,,,Rare,,Instant
Roiling Waters,{5}{U}{U},7,U,David Gaillet,62,Sorcery,Return up to two target creatures your opponents control to their owners' hands. Target player draws two cards.,OGW,"""The Roil may be unpredictable, but it is not uncontrollable.""\n—Noyan Dar, Tazeem roilmage",normal,407572,,,Uncommon,,Sorcery
Sphinx of the Final Word,{5}{U}{U},7,U,Lius Lasahido,63,Creature — Sphinx,"Sphinx of the Final Word can't be countered.\nFlying, hexproof\nInstant and sorcery spells you control can't be countered by spells or abilities.",OGW,"He answers questions as readily as he asks them, but his answer is always ""no.""",normal,407573,5,5,Mythic Rare,Sphinx,Creature
Sweep Away,{2}{U},3,U,Winona Nelson,64,Instant,"Return target creature to its owner's hand. If that creature is attacking, you may put it on top of its owner's library instead.",OGW,The Roil takes many forms. It also takes many victims.,normal,407574,,,Common,,Instant
Umara Entangler,{1}{U},2,U,James Ryman,65,Creature — Merfolk Rogue Ally,"Prowess (Whenever you cast a noncreature spell, this creature gets +1/+1 until end of turn.)",OGW,"""Sea Gate is gone, the Halimar basin empty. But rebuild the seawall and give these waters time, and they will fill the basin anew.""",normal,407575,2,1,Common,"Merfolk,Rogue,Ally",Creature
Unity of Purpose,{3}{U},4,U,Jason Felix,66,Instant,Support 2. (Put a +1/+1 counter on each of up to two target creatures.)\nUntap each creature you control with a +1/+1 counter on it.,OGW,"Faced with the novel problem of inspiring an army, Jace asked himself: ""What would Gideon say?""",normal,407576,,,Uncommon,,Instant
Bearer of Silence,{1}{B},2,B,Tyler Jacobson,67,Creature — Eldrazi,"Devoid (This card has no color.)\nWhen you cast Bearer of Silence, you may pay {1}{C}. If you do, target opponent sacrifices a creature. ({C} represents colorless mana.)\nFlying\nBearer of Silence can't block.",OGW,,normal,407577,2,1,Rare,Eldrazi,Creature
Dread Defiler,{6}{B},7,B,Slawomir Maniak,68,Creature — Eldrazi,"Devoid (This card has no color.)\n{3}{C}, Exile a creature card from your graveyard: Target opponent loses life equal to the exiled card's power. ({C} represents colorless mana.)",OGW,It left behind an echoing emptiness more horrible than the grave.,normal,407578,6,8,Rare,Eldrazi,Creature
Essence Depleter,{2}{B},3,B,Chase Stone,69,Creature — Eldrazi Drone,Devoid (This card has no color.)\n{1}{C}: Target opponent loses 1 life and you gain 1 life. ({C} represents colorless mana.),OGW,"When Kozilek emerged at Sea Gate, his brood lineage swarmed to the surface.",normal,407579,2,3,Uncommon,"Eldrazi,Drone",Creature
Flaying Tendrils,{1}{B}{B},3,B,Slawomir Maniak,70,Sorcery,"Devoid (This card has no color.)\nAll creatures get -2/-2 until end of turn. If a creature would die this turn, exile it instead.",OGW,"Only one Eldrazi stood against them, yet the defenders were outnumbered.",normal,407580,,,Uncommon,,Sorcery
Havoc Sower,{3}{B},4,B,Svetlin Velinov,71,Creature — Eldrazi Drone,Devoid (This card has no color.)\n{1}{C}: Havoc Sower gets +2/+1 until end of turn. ({C} represents colorless mana.),OGW,It grew with a terrible swiftness.,normal,407581,3,3,Uncommon,"Eldrazi,Drone",Creature
Inverter of Truth,{2}{B}{B},4,B,Chase Stone,72,Creature — Eldrazi,"Devoid (This card has no color.)\nFlying\nWhen Inverter of Truth enters the battlefield, exile all cards from your library face down, then shuffle all cards from your graveyard into your library.",OGW,"In its shadow, everything changed.",normal,407582,6,6,Mythic Rare,Eldrazi,Creature
Kozilek's Shrieker,{2}{B},3,B,Jason Felix,73,Creature — Eldrazi Drone,Devoid (This card has no color.)\n{C}: Kozilek's Shrieker gets +1/+0 and gains menace until end of turn. (It can't be blocked except by two or more creatures. {C} represents colorless mana.),OGW,Listen to the sound of defeat.,normal,407583,3,2,Common,"Eldrazi,Drone",Creature
Kozilek's Translator,{4}{B},5,B,Izzy,74,Creature — Eldrazi Drone,Devoid (This card has no color.)\nPay 1 life: Add {C} to your mana pool. Activate this ability only once each turn. ({C} represents colorless mana.),OGW,"From nothingness, sustenance.",normal,407584,3,5,Common,"Eldrazi,Drone",Creature
Oblivion Strike,{3}{B},4,B,Daniel Ljunggren,75,Sorcery,Devoid (This card has no color.)\nExile target creature.,OGW,It's bad enough to be torn to pieces. It's worse by far to be torn from the world itself.,normal,407585,,,Common,,Sorcery
Reaver Drone,{B},1,B,Chris Rallis,76,Creature — Eldrazi Drone,"Devoid (This card has no color.)\nAt the beginning of your upkeep, you lose 1 life unless you control another colorless creature.",OGW,Kozilek's brood infiltrates and deceives. The spawn of Ulamog mindlessly consume.,normal,407586,2,1,Uncommon,"Eldrazi,Drone",Creature
Sifter of Skulls,{3}{B},4,B,Slawomir Maniak,77,Creature — Eldrazi,"Devoid (This card has no color.)\nWhenever another nontoken creature you control dies, put a 1/1 colorless Eldrazi Scion creature token onto the battlefield. It has ""Sacrifice this creature: Add {C} to your mana pool."" ({C} represents colorless mana.)",OGW,,normal,407587,4,3,Rare,Eldrazi,Creature
Sky Scourer,{1}{B},2,B,Winona Nelson,78,Creature — Eldrazi Drone,"Devoid (This card has no color.)\nFlying\nWhenever you cast a colorless spell, Sky Scourer gets +1/+0 until end of turn.",OGW,"""The Eldrazi are nothing if not thorough.""\n—Jace Beleren",normal,407588,1,2,Common,"Eldrazi,Drone",Creature
Slaughter Drone,{1}{B},2,B,Dan Scott,79,Creature — Eldrazi Drone,Devoid (This card has no color.)\n{C}: Slaughter Drone gains deathtouch until end of turn. (Any amount of damage it deals to a creature is enough to destroy it. {C} represents colorless mana.),OGW,"It kills what is, making way for what should not be.",normal,407589,2,2,Common,"Eldrazi,Drone",Creature
Unnatural Endurance,{B},1,B,Mathias Kollros,80,Instant,Devoid (This card has no color.)\nTarget creature gets +2/+0 until end of turn. Regenerate it.,OGW,"""Eldrazi don't die easy. Sometimes they don't die at all.""\n—Yon Basrel, Oran-Rief survivalist",normal,407590,,,Common,,Instant
Visions of Brutality,{1}{B},2,B,Jama Jurabaev,81,Enchantment — Aura,"Devoid (This card has no color.)\nEnchant creature\nEnchanted creature can't block.\nWhenever enchanted creature deals damage, its controller loses that much life.",OGW,,normal,407591,,,Uncommon,Aura,Enchantment
Witness the End,{3}{B},4,B,Igor Kieryluk,82,Sorcery,Devoid (This card has no color.)\nTarget opponent exiles two cards from his or her hand and loses 2 life.,OGW,"""Ulamog stood before us at Sea Gate, ready to succumb . . . and then Kozilek arose. Whatever hope I had for our world died.""\n—Vandri, Kalastria emissary",normal,407592,,,Common,,Sorcery
Corpse Churn,{1}{B},2,B,Magali Villeneuve,83,Instant,"Put the top three cards of your library into your graveyard, then you may return a creature card from your graveyard to your hand.",OGW,"""The distraction of your life has ended. Now your service begins.""\n—Kalitas, thrall of Ulamog",normal,407593,,,Common,,Instant
Drana's Chosen,{3}{B},4,B,Deruchenko Alexander,84,Creature — Vampire Shaman Ally,"Cohort — {T}, Tap an untapped Ally you control: Put a 2/2 black Zombie creature token onto the battlefield tapped.",OGW,"""Drana commands me. I command my nulls. And so her bidding is done.""",normal,407594,2,2,Rare,"Vampire,Shaman,Ally",Creature
Grasp of Darkness,{B}{B},2,B,Daarken,85,Instant,Target creature gets -4/-4 until end of turn.,"SOM,OGW","""I welcome the use of even the foulest magic if it will rid us of the monstrosities that plague our world.""\n—Munda, ambush leader",normal,407595,,,Uncommon,,Instant
"Kalitas, Traitor of Ghet",{2}{B}{B},4,B,Todd Lockwood,86,Legendary Creature — Vampire Warrior,"Lifelink\nIf a nontoken creature an opponent controls would die, instead exile that card and put a 2/2 black Zombie creature token onto the battlefield.\n{2}{B}, Sacrifice another Vampire or Zombie: Put two +1/+1 counters on Kalitas, Traitor of Ghet.",OGW,,normal,407596,3,4,Mythic Rare,"Vampire,Warrior",Creature
Malakir Soothsayer,{4}{B},5,B,Greg Opalinski,87,Creature — Vampire Shaman Ally,"Cohort — {T}, Tap an untapped Ally you control: You draw a card and you lose 1 life.",OGW,"""Your blood whispers secrets your mind could never comprehend.""",normal,407597,4,4,Uncommon,"Vampire,Shaman,Ally",Creature
Null Caller,{3}{B},4,B,Darek Zabrocki,88,Creature — Vampire Shaman,"{3}{B}, Exile a creature card from your graveyard: Put a 2/2 black Zombie creature token onto the battlefield tapped.",OGW,"Zendikar's defenders include both healers and vampires. One way or another, the fallen will return to the fight.",normal,407598,2,4,Uncommon,"Vampire,Shaman",Creature
Remorseless Punishment,{3}{B}{B},5,B,Ryan Barger,89,Sorcery,Target opponent loses 5 life unless that player discards two cards or sacrifices a creature or planeswalker. Repeat this process once.,OGW,"""I have suffered a thousand lifetimes of agony on this wretched world. I've far less time to share with you, but I assure you, no less pain.""\n—Ob Nixilis",normal,407599,,,Rare,,Sorcery
Tar Snare,{2}{B},3,B,Karl Kopinski,90,Instant,Target creature gets -3/-2 until end of turn.,OGW,"The amorphous, magically animated residue known as the Fathom Sludge lurks in the Hagra Cistern, attacking its prey with pseudopods and dragging it down to be digested.",normal,407600,,,Common,,Instant
Untamed Hunger,{2}{B},3,B,Willian Murai,91,Enchantment — Aura,Enchant creature\nEnchanted creature gets +2/+1 and has menace. (It can't be blocked except by two or more creatures.),OGW,"""Mindlessness is not weakness. When we are lost to hunger we are unstoppable.""\n—Drana, Kalastria bloodchief",normal,407601,,,Common,Aura,Enchantment
Vampire Envoy,{2}{B},3,B,Johannes Voss,92,Creature — Vampire Cleric Ally,"Flying\nWhenever Vampire Envoy becomes tapped, you gain 1 life.",OGW,"""Zendikar will fight until it has bled its last.""",normal,407602,1,4,Common,"Vampire,Cleric,Ally",Creature
Zulaport Chainmage,{3}{B},4,B,Chris Rallis,93,Creature — Human Shaman Ally,"Cohort — {T}, Tap an untapped Ally you control: Target opponent loses 2 life.",OGW,The chains obey her. Everything else would do best to get out of her way.,normal,407603,4,2,Common,"Human,Shaman,Ally",Creature
Consuming Sinkhole,{3}{R},4,R,Igor Kieryluk,94,Instant,Devoid (This card has no color.)\nChoose one —\n• Exile target land creature.\n• Consuming Sinkhole deals 4 damage to target player.,OGW,"""What will not yield will be consumed.""\n—Ayli, high priest of the Eternal Pilgrims",normal,407604,,,Common,,Instant
Eldrazi Aggressor,{2}{R},3,R,Mathias Kollros,95,Creature — Eldrazi Drone,Devoid (This card has no color.)\nEldrazi Aggressor has haste as long as you control another colorless creature.,OGW,"""They employ a foul sort of teamwork.""\n—General Tazri, allied commander",normal,407605,2,3,Common,"Eldrazi,Drone",Creature
Eldrazi Obligator,{2}{R},3,R,Jason Felix,96,Creature — Eldrazi,"Devoid (This card has no color.)\nWhen you cast Eldrazi Obligator, you may pay {1}{C}. If you do, gain control of target creature until end of turn, untap that creature, and it gains haste until end of turn. ({C} represents colorless mana.)\nHaste",OGW,,normal,407606,3,1,Rare,Eldrazi,Creature
Immobilizer Eldrazi,{1}{R},2,R,Svetlin Velinov,97,Creature — Eldrazi Drone,Devoid (This card has no color.)\n{2}{C}: Each creature with toughness greater than its power can't block this turn. ({C} represents colorless mana.),OGW,It denied the Zendikari the chance to stand and die fighting.,normal,407607,2,1,Uncommon,"Eldrazi,Drone",Creature
Kozilek's Return,{2}{R},3,R,Lius Lasahido,98,Instant,"Devoid (This card has no color.)\nKozilek's Return deals 2 damage to each creature.\nWhenever you cast an Eldrazi creature spell with converted mana cost 7 or greater, you may exile Kozilek's Return from your graveyard. If you do, Kozilek's Return deals 5 damage to each creature.",OGW,,normal,407608,,,Mythic Rare,,Instant
Maw of Kozilek,{3}{R},4,R,Daarken,99,Creature — Eldrazi Drone,Devoid (This card has no color.)\n{C}: Maw of Kozilek gets +2/-2 until end of turn. ({C} represents colorless mana.),OGW,"""The Eldrazi make worse than ruins—they make a world where not even ruins stand.""\n—Gideon Jura",normal,407609,2,5,Common,"Eldrazi,Drone",Creature
Reality Hemorrhage,{1}{R},2,R,Chris Rallis,100,Instant,Devoid (This card has no color.)\nReality Hemorrhage deals 2 damage to target creature or player.,OGW,Tarek could not tell whether he was losing his blood or his mind.,normal,407610,,,Common,,Instant
Akoum Flameseeker,{2}{R},3,R,Willian Murai,101,Creature — Human Shaman Ally,"Cohort — {T}, Tap an untapped Ally you control: Discard a card. If you do, draw a card.",OGW,"In the face of extinction, the most perilous endeavors can be cause for hope.",normal,407611,3,2,Common,"Human,Shaman,Ally",Creature
Boulder Salvo,{4}{R},5,R,Vincent Proce,102,Sorcery,Surge {1}{R} (You may cast this spell for its surge cost if you or a teammate has cast another spell this turn.)\nBoulder Salvo deals 4 damage to target creature.,OGW,"""If someone claims the sky is falling, I listen.""\n—Yon Basrel, Oran-Rief survivalist",normal,407612,,,Common,,Sorcery
Brute Strength,{1}{R},2,R,Wayne Reynolds,103,Instant,Target creature gets +3/+1 and gains trample until end of turn.,OGW,It's not the size of the rock. It's how badly you want to lift it.,normal,407613,,,Common,,Instant
"Chandra, Flamecaller",{4}{R}{R},6,R,Jason Rainville,104,Planeswalker — Chandra,"+1: Put two 3/1 red Elemental creature tokens with haste onto the battlefield. Exile them at the beginning of the next end step.\n0: Discard all the cards in your hand, then draw that many cards plus one.\n−X: Chandra, Flamecaller deals X damage to each creature.",OGW,,normal,407614,,,Mythic Rare,Chandra,Planeswalker
Cinder Hellion,{4}{R},5,R,Jason Kang,105,Creature — Hellion,"Trample\nWhen Cinder Hellion enters the battlefield, it deals 2 damage to target opponent.",OGW,Chandra used jets of flame to lure hellions into the path of oncoming Eldrazi.,normal,407615,4,4,Common,Hellion,Creature
Devour in Flames,{2}{R},3,R,Svetlin Velinov,106,Sorcery,"As an additional cost to cast Devour in Flames, return a land you control to its owner's hand.\nDevour in Flames deals 5 damage to target creature or planeswalker.",OGW,Ob Nixilis had prepared for every eventuality—except Chandra Nalaar.,normal,407616,,,Uncommon,,Sorcery
Embodiment of Fury,{3}{R},4,R,David Palumbo,107,Creature — Elemental,"Trample\nLand creatures you control have trample.\nLandfall — Whenever a land enters the battlefield under your control, you may have target land you control become a 3/3 Elemental creature with haste until end of turn. It's still a land.",OGW,,normal,407617,4,3,Uncommon,Elemental,Creature
Expedite,{R},1,R,Kieran Yanner,108,Instant,Target creature gains haste until end of turn.\nDraw a card.,OGW,"""I run, and thunder follows.""",normal,407618,,,Common,,Instant
Fall of the Titans,{X}{X}{R},1,R,Chris Rallis,109,Instant,Surge {X}{R} (You may cast this spell for its surge cost if you or a teammate has cast another spell this turn.)\nFall of the Titans deals X damage to each of up to two target creatures and/or players.,OGW,"As Gideon kept the brood lineages at bay, Chandra incinerated the bound Eldrazi titans.",normal,407619,,,Rare,,Instant
Goblin Dark-Dwellers,{3}{R}{R},5,R,Steven Belledin,110,Creature — Goblin,"Menace\nWhen Goblin Dark-Dwellers enters the battlefield, you may cast target instant or sorcery card with converted mana cost 3 or less from your graveyard without paying its mana cost. If that card would be put into your graveyard this turn, exile it instead.",OGW,,normal,407620,4,4,Rare,Goblin,Creature
Goblin Freerunner,{3}{R},4,R,Wayne Reynolds,111,Creature — Goblin Warrior Ally,Surge {1}{R} (You may cast this spell for its surge cost if you or a teammate has cast another spell this turn.)\nMenace (This creature can't be blocked except by two or more creatures.),OGW,"There are old goblins and ambitious goblins, but very few old, ambitious goblins.",normal,407621,3,2,Common,"Goblin,Warrior,Ally",Creature
Kazuul's Toll Collector,{2}{R},3,R,Greg Staples,112,Creature — Ogre Warrior,{0}: Attach target Equipment you control to Kazuul's Toll Collector. Activate this ability only any time you could cast a sorcery.,OGW,"Travelers are advised to bring extra swords, preferably shiny ones.",normal,407622,3,2,Uncommon,"Ogre,Warrior",Creature
Oath of Chandra,{1}{R},2,R,Wesley Burt,113,Legendary Enchantment,"When Oath of Chandra enters the battlefield, it deals 3 damage to target creature an opponent controls.\nAt the beginning of each end step, if a planeswalker entered the battlefield under your control this turn, Oath of Chandra deals 2 damage to each opponent.",OGW,"""If it means that people can live in freedom, yeah, I'll keep watch.""",normal,407623,,,Rare,,Enchantment
Press into Service,{4}{R},5,R,Steve Prescott,114,Sorcery,Support 2. (Put a +1/+1 counter on each of up to two target creatures.)\nGain control of target creature until end of turn. Untap that creature. It gains haste until end of turn.,OGW,,normal,407624,,,Uncommon,,Sorcery
Pyromancer's Assault,{3}{R},4,R,Todd Lockwood,115,Enchantment,"Whenever you cast your second spell each turn, Pyromancer's Assault deals 2 damage to target creature or player.",OGW,Never ask a pyromancer if that's the best she's got.,normal,407625,,,Uncommon,,Enchantment
Reckless Bushwhacker,{2}{R},3,R,Kieran Yanner,116,Creature — Goblin Warrior Ally,"Surge {1}{R} (You may cast this spell for its surge cost if you or a teammate has cast another spell this turn.)\nHaste\nWhen Reckless Bushwhacker enters the battlefield, if its surge cost was paid, other creatures you control get +1/+0 and gain haste until end of turn.",OGW,,normal,407626,2,1,Uncommon,"Goblin,Warrior,Ally",Creature
Sparkmage's Gambit,{1}{R},2,R,Mathias Kollros,117,Sorcery,Sparkmage's Gambit deals 1 damage to each of up to two target creatures. Those creatures can't block this turn.,OGW,"""A touch of lightning, and anyone can be taught to dance.""\n—Tobin, sparkmage",normal,407627,,,Common,,Sorcery
Tears of Valakut,{1}{R},2,R,Noah Bradley,118,Instant,Tears of Valakut can't be countered by spells or abilities.\nTears of Valakut deals 5 damage to target creature with flying.,OGW,"When Kozilek destroyed Sea Gate, distant Valakut could not contain its grief.",normal,407628,,,Uncommon,,Instant
Tyrant of Valakut,{5}{R}{R},7,R,Tyler Jacobson,119,Creature — Dragon,"Surge {3}{R}{R} (You may cast this spell for its surge cost if you or a teammate has cast another spell this turn.)\nFlying\nWhen Tyrant of Valakut enters the battlefield, if its surge cost was paid, it deals 3 damage to target creature or player.",OGW,,normal,407629,5,4,Rare,Dragon,Creature
Zada's Commando,{1}{R},2,R,Zack Stella,120,Creature — Goblin Archer Ally,"First strike\nCohort — {T}, Tap an untapped Ally you control: Zada's Commando deals 1 damage to target opponent.",OGW,"""There's a word for someone who brings too much gear to battle: ‘survivor.'""\n—Zada of Slab Haven",normal,407630,2,1,Common,"Goblin,Archer,Ally",Creature
Birthing Hulk,{6}{G},7,G,Jack Wang,121,Creature — Eldrazi Drone,"Devoid (This card has no color.)\nWhen Birthing Hulk enters the battlefield, put two 1/1 colorless Eldrazi Scion creature tokens onto the battlefield. They have ""Sacrifice this creature: Add {C} to your mana pool."" ({C} represents colorless mana.)\n{1}{C}: Regenerate Birthing Hulk.",OGW,,normal,407631,5,4,Uncommon,"Eldrazi,Drone",Creature
Ruin in Their Wake,{1}{G},2,G,Jason Felix,122,Sorcery,"Devoid (This card has no color.)\nSearch your library for a basic land card and reveal it. You may put that card onto the battlefield tapped if you control a land named Wastes. Otherwise, put that card into your hand. Then shuffle your library.",OGW,,normal,407632,,,Uncommon,,Sorcery
Scion Summoner,{2}{G},3,G,Johann Bodin,123,Creature — Eldrazi Drone,"Devoid (This card has no color.)\nWhen Scion Summoner enters the battlefield, put a 1/1 colorless Eldrazi Scion creature token onto the battlefield. It has ""Sacrifice this creature: Add {C} to your mana pool."" ({C} represents colorless mana.)",OGW,,normal,407633,2,2,Common,"Eldrazi,Drone",Creature
Stalking Drone,{1}{G},2,G,Slawomir Maniak,124,Creature — Eldrazi Drone,Devoid (This card has no color.)\n{C}: Stalking Drone gets +1/+2 until end of turn. Activate this ability only once each turn. ({C} represents colorless mana.),OGW,"As the Eldrazi adapted to the jungles of Zendikar, some took on the tactics of more familiar predators.",normal,407634,2,2,Common,"Eldrazi,Drone",Creature
Vile Redeemer,{2}{G},3,G,Jason Rainville,125,Creature — Eldrazi,"Devoid (This card has no color.)\nFlash\nWhen you cast Vile Redeemer, you may pay {C}. If you do, put a 1/1 colorless Eldrazi Scion creature token onto the battlefield for each nontoken creature that died under your control this turn. Those tokens have ""Sacrifice this creature: Add {C} to your mana pool.""",OGW,,normal,407635,3,3,Rare,Eldrazi,Creature
World Breaker,{6}{G},7,G,Jaime Jones,126,Creature — Eldrazi,"Devoid (This card has no color.)\nWhen you cast World Breaker, exile target artifact, enchantment, or land.\nReach\n{2}{C}, Sacrifice a land: Return World Breaker from your graveyard to your hand. ({C} represents colorless mana.)",OGW,,normal,407636,5,7,Mythic Rare,Eldrazi,Creature
Baloth Pup,{1}{G},2,G,Steve Prescott,127,Creature — Beast,Baloth Pup has trample as long as it has a +1/+1 counter on it.,OGW,"A young baloth channels its energy into playful destructiveness. Over time, it becomes less playful but no less destructive.",normal,407637,3,1,Uncommon,Beast,Creature
Bonds of Mortality,{1}{G},2,G,Chris Rallis,128,Enchantment,"When Bonds of Mortality enters the battlefield, draw a card.\n{G}: Creatures your opponents control lose hexproof and indestructible until end of turn.",OGW,"Jace discovered the leyline pattern needed to anchor Ulamog and Kozilek to reality, but it was Nissa who could trace it on her world.",normal,407638,,,Uncommon,,Enchantment
Canopy Gorger,{4}{G}{G},6,G,Lake Hurwitz,129,Creature — Wurm,,OGW,"The settlement's defenders were glad to have such a massive, ferocious creature join the fight—but less glad to see it flatten their homes along the way.",normal,407639,6,5,Common,Wurm,Creature
Elemental Uprising,{1}{G},2,G,Svetlin Velinov,130,Instant,Target land you control becomes a 4/4 Elemental creature with haste until end of turn. It's still a land. It must be blocked this turn if able.,OGW,"""My heart and Zendikar's beat as one. Together we will endure.""\n—Nissa Revane",normal,407640,,,Common,,Instant
Embodiment of Insight,{4}{G},5,G,Marco Nelor,131,Creature — Elemental,"Vigilance\nLand creatures you control have vigilance.\nLandfall — Whenever a land enters the battlefield under your control, you may have target land you control become a 3/3 Elemental creature with haste until end of turn. It's still a land.",OGW,,normal,407641,4,4,Uncommon,Elemental,Creature
Gladehart Cavalry,{5}{G}{G},7,G,Steven Belledin,132,Creature — Elf Knight,"When Gladehart Cavalry enters the battlefield, support 6. (Put a +1/+1 counter on each of up to six other target creatures.)\nWhenever a creature you control with a +1/+1 counter on it dies, you gain 2 life.",OGW,,normal,407642,6,6,Rare,"Elf,Knight",Creature
Harvester Troll,{3}{G},4,G,Greg Staples,133,Creature — Troll,"When Harvester Troll enters the battlefield, you may sacrifice a creature or land. If you do, put two +1/+1 counters on Harvester Troll.",OGW,"Having no interest in the greater conflict, the trolls continue to prey upon whatever wanders into their domain.",normal,407643,2,3,Uncommon,Troll,Creature
Lead by Example,{1}{G},2,G,Johannes Voss,134,Instant,Support 2. (Put a +1/+1 counter on each of up to two target creatures.),OGW,"Gideon and Nissa carved a path through the Eldrazi swarm, and their Zendikari allies charged into the fray behind them.",normal,407644,,,Common,,Instant
Loam Larva,{1}{G},2,G,Jason Kang,135,Creature — Insect,"When Loam Larva enters the battlefield, you may search your library for a basic land card, reveal it, then shuffle your library and put that card on top of it.",OGW,The forest floor of Murasa is home to life as diverse and vibrant as that of the canopy above.,normal,407645,1,3,Common,Insect,Creature
Natural State,{G},1,G,Volkan Baga,136,Instant,Destroy target artifact or enchantment with converted mana cost 3 or less.,OGW,"""Killing the Eldrazi is not enough. We must erase all memory of them from this world.""\n—Greenweaver Mina",normal,407646,,,Common,,Instant
Netcaster Spider,{2}{G},3,G,Zoltan Boros,137,Creature — Spider,"Reach (This creature can block creatures with flying.)\nWhenever Netcaster Spider blocks a creature with flying, Netcaster Spider gets +2/+0 until end of turn.","M15,DDO,OGW","In the jungles of Tazeem, aerial assault is not always advantageous.",normal,407647,2,3,Common,Spider,Creature
"Nissa, Voice of Zendikar",{1}{G}{G},3,G,Raymond Swanland,138,Planeswalker — Nissa,"+1: Put a 0/1 green Plant creature token onto the battlefield.\n−2: Put a +1/+1 counter on each creature you control.\n−7: You gain X life and draw X cards, where X is the number of lands you control.",OGW,,normal,407648,,,Mythic Rare,Nissa,Planeswalker
Nissa's Judgment,{4}{G},5,G,Tyler Jacobson,139,Sorcery,Support 2. (Put a +1/+1 counter on each of up to two target creatures.)\nChoose up to one target creature an opponent controls. Each creature you control with a +1/+1 counter on it deals damage equal to its power to that creature.,OGW,,normal,407649,,,Uncommon,,Sorcery
Oath of Nissa,{G},1,G,Wesley Burt,140,Legendary Enchantment,"When Oath of Nissa enters the battlefield, look at the top three cards of your library. You may reveal a creature, land, or planeswalker card from among them and put it into your hand. Put the rest on the bottom of your library in any order.\nYou may spend mana as though it were mana of any color to cast planeswalker spells.",OGW,"""For the life of every plane, I will keep watch.""",normal,407650,,,Rare,,Enchantment
Pulse of Murasa,{2}{G},3,G,Matt Stewart,141,Instant,Return target creature or land card from a graveyard to its owner's hand. You gain 6 life.,OGW,"""Little flower twirl and bloom, arise from this your rocky tomb. Little warrior slash and brawl, be born again to free us all.""",normal,407651,,,Common,,Instant
Saddleback Lagac,{3}{G},4,G,Jason Kang,142,Creature — Lizard,"When Saddleback Lagac enters the battlefield, support 2. (Put a +1/+1 counter on each of up to two other target creatures.)",OGW,"""A good lagac will carry you through thick and thin. A bad one . . . well, it's a tasty dinner.""\n—Raff Slugeater, goblin shortcutter",normal,407652,3,1,Common,Lizard,Creature
Seed Guardian,{2}{G}{G},4,G,Vincent Proce,143,Creature — Elemental,"Reach\nWhen Seed Guardian dies, put an X/X green Elemental creature token onto the battlefield, where X is the number of creature cards in your graveyard.",OGW,It is a reminder that spring will always follow winter.,normal,407653,3,4,Uncommon,Elemental,Creature
Sylvan Advocate,{1}{G},2,G,Volkan Baga,144,Creature — Elf Druid Ally,"Vigilance\nAs long as you control six or more lands, Sylvan Advocate and land creatures you control get +2/+2.",OGW,"""The land gives of itself. Its abundance provides, even in times of chaos.""",normal,407654,2,3,Rare,"Elf,Druid,Ally",Creature
Tajuru Pathwarden,{4}{G},5,G,Victor Adame Minguez,145,Creature — Elf Warrior Ally,"Vigilance, trample",OGW,"""My people blazed these pathways long ago, before the Eldrazi came. We will ride them long after the Eldrazi are gone.""",normal,407655,5,4,Common,"Elf,Warrior,Ally",Creature
Vines of the Recluse,{G},1,G,Dan Scott,146,Instant,Target creature gets +1/+2 and gains reach until end of turn. Untap it. (A creature with reach can block creatures with flying.),OGW,"""The most elegant solutions are found in nature. You just have to know where to look.""",normal,407656,,,Common,,Instant
Zendikar Resurgent,{5}{G}{G},7,G,Chris Rallis,147,Enchantment,"Whenever you tap a land for mana, add one mana to your mana pool of any type that land produced. (The types of mana are white, blue, black, red, green, and colorless.)\nWhenever you cast a creature spell, draw a card.",OGW,,normal,407657,,,Rare,,Enchantment
Flayer Drone,{1}{B}{R},3,"B,R",Lius Lasahido,148,Creature — Eldrazi Drone,"Devoid (This card has no color.)\nFirst strike\nWhenever another colorless creature enters the battlefield under your control, target opponent loses 1 life.",OGW,,normal,407658,3,1,Uncommon,"Eldrazi,Drone",Creature
Mindmelter,{1}{U}{B},3,"U,B",Jason Felix,149,Creature — Eldrazi Drone,Devoid (This card has no color.)\nMindmelter can't be blocked.\n{3}{C}: Target opponent exiles a card from his or her hand. Activate this ability only any time you could cast a sorcery. ({C} represents colorless mana.),OGW,,normal,407659,2,2,Uncommon,"Eldrazi,Drone",Creature
Void Grafter,{1}{G}{U},3,"U,G",Alejandro Mirabal,150,Creature — Eldrazi Drone,"Devoid (This card has no color.)\nFlash (You may cast this spell any time you could cast an instant.)\nWhen Void Grafter enters the battlefield, another target creature you control gains hexproof until end of turn.",OGW,,normal,407660,2,4,Uncommon,"Eldrazi,Drone",Creature
"Ayli, Eternal Pilgrim",{W}{B},2,"W,B",Cynthia Sheppard,151,Legendary Creature — Kor Cleric,"Deathtouch\n{1}, Sacrifice another creature: You gain life equal to the sacrificed creature's toughness.\n{1}{W}{B}, Sacrifice another creature: Exile target nonland permanent. Activate this ability only if you have at least 10 life more than your starting life total.",OGW,,normal,407661,2,3,Rare,"Kor,Cleric",Creature
Baloth Null,{4}{B}{G},6,"B,G",Jakub Kasper,152,Creature — Zombie Beast,"When Baloth Null enters the battlefield, return up to two target creature cards from your graveyard to your hand.",OGW,"""Humans use pigs to hunt for mushrooms, don't they? It's like that.""\n—Harak, Malakir bloodwitch",normal,407662,4,5,Uncommon,"Zombie,Beast",Creature
Cliffhaven Vampire,{2}{W}{B},4,"W,B",David Gaillet,153,Creature — Vampire Warrior Ally,"Flying\nWhenever you gain life, each opponent loses 1 life.",OGW,"""My people are no longer slaves to the Eldrazi, beholden to the past. We will determine our own future.""",normal,407663,2,4,Uncommon,"Vampire,Warrior,Ally",Creature
Joraga Auxiliary,{1}{G}{W},3,"W,G",David Gaillet,154,Creature — Elf Soldier Ally,{4}{G}{W}: Support 2. (Put a +1/+1 counter on each of up to two other target creatures.),OGW,"""Before the battle, I heard them take an oath near the ruins of Sea Gate. I hope they inspire others to keep watch.""",normal,407664,2,3,Uncommon,"Elf,Soldier,Ally",Creature
"Jori En, Ruin Diver",{1}{U}{R},3,"U,R",Igor Kieryluk,155,Legendary Creature — Merfolk Wizard,"Whenever you cast your second spell each turn, draw a card.",OGW,"""Some relic hunters have given up exploring and gone to fight the Eldrazi. But I know our work is more important than ever. The secrets we uncover could lead to the world's salvation.""",normal,407665,2,3,Rare,"Merfolk,Wizard",Creature
"Mina and Denn, Wildborn",{2}{R}{G},4,"R,G",Izzy,156,Legendary Creature — Elf Ally,"You may play an additional land on each of your turns.\n{R}{G}, Return a land you control to its owner's hand: Target creature gains trample until end of turn.",OGW,Greenweaver Mina and her twin brother Denn lead the last of the Mul Daya into an uncertain future.,normal,407666,4,4,Rare,"Elf,Ally",Creature
Reflector Mage,{1}{W}{U},3,"W,U",Willian Murai,157,Creature — Human Wizard,"When Reflector Mage enters the battlefield, return target creature an opponent controls to its owner's hand. That creature's owner can't cast spells with the same name as that creature until your next turn.",OGW,,normal,407667,2,3,Uncommon,"Human,Wizard",Creature
Relentless Hunter,{1}{R}{G},3,"R,G",Matt Stewart,158,Creature — Human Warrior,{1}{R}{G}: Relentless Hunter gets +1/+1 and gains trample until end of turn.,OGW,"""I swore to take one head for each member of my family they killed. My task is nowhere near its end.""",normal,407668,3,3,Uncommon,"Human,Warrior",Creature
Stormchaser Mage,{U}{R},2,"U,R",Clint Cearley,159,Creature — Human Wizard,"Flying, haste\nProwess (Whenever you cast a noncreature spell, this creature gets +1/+1 until end of turn.)",OGW,Roilmages' tactics are as chaotic as the energies they channel.,normal,407669,1,3,Uncommon,"Human,Wizard",Creature
Weapons Trainer,{R}{W},2,"W,R",Greg Opalinski,160,Creature — Human Soldier Ally,Other creatures you control get +1/+0 as long as you control an Equipment.,OGW,"""When I'm done training you, anything will be a deadly weapon.""",normal,407670,3,2,Uncommon,"Human,Soldier,Ally",Creature
Bone Saw,{0},,,Kev Walker,161,Artifact — Equipment,Equipped creature gets +1/+0.\nEquip {1} ({1}: Attach to target creature you control. Equip only as a sorcery.),"CON,OGW","Once a simple tool, it—like everything else on Zendikar—has been turned into a weapon against the Eldrazi.",normal,407671,,,Common,Equipment,Artifact
Captain's Claws,{2},2,,Anthony Palumbo,162,Artifact — Equipment,"Equipped creature gets +1/+0.\nWhenever equipped creature attacks, put a 1/1 white Kor Ally creature token onto the battlefield tapped and attacking.\nEquip {1}",OGW,Forged for victory in a time of despair.,normal,407672,,,Rare,Equipment,Artifact
Chitinous Cloak,{3},3,,Chris Rahn,163,Artifact — Equipment,Equipped creature gets +2/+2 and has menace. (It can't be blocked except by two or more creatures.)\nEquip {3},OGW,"""If we're going to survive, we have to use every tool at our disposal. Especially the disgusting ones.""\n—Ryza, Oran-Rief scout",normal,407673,,,Uncommon,Equipment,Artifact
Hedron Crawler,{2},2,,Daniel Ljunggren,164,Artifact Creature — Construct,{T}: Add {C} to your mana pool. ({C} represents colorless mana.),OGW,"""It's endearing, in a mystical, pointy sort of way.""\n—General Tazri, allied commander",normal,407674,0,1,Common,Construct,"Artifact,Creature"
Seer's Lantern,{3},3,,Jung Park,165,Artifact,"{T}: Add {C} to your mana pool. ({C} represents colorless mana.)\n{2}, {T}: Scry 1. (Look at the top card of your library. You may put that card on the bottom of your library.)",OGW,A light to bring hope in dark times.,normal,407675,,,Common,,Artifact
Stoneforge Masterwork,{1},1,,Ben Maier,166,Artifact — Equipment,Equipped creature gets +1/+1 for each other creature you control that shares a creature type with it.\nEquip {2},OGW,"The nomadic kor carry only necessities on their long treks. The coming of the Eldrazi redefined ""necessities.""",normal,407676,,,Rare,Equipment,Artifact
Strider Harness,{3},3,,Kev Walker,167,Artifact — Equipment,Equipped creature gets +1/+1 and has haste.\nEquip {1},"SOM,OGW","""Sometimes being fast is as important as being smart.""\n—Ryza, Oran-Rief scout",normal,407677,,,Uncommon,Equipment,Artifact
Cinder Barrens,,,"B,R",Cliff Childs,168,Land,Cinder Barrens enters the battlefield tapped.\n{T}: Add {B} or {R} to your mana pool.,OGW,A mudflow swallowed the lowlands years ago. All that remains are a bottomless mire and an endless rain of ash.,normal,407678,,,Uncommon,,Land
Corrupted Crossroads,,,,Ryan Pancoast,169,Land,"{T}: Add {C} to your mana pool. ({C} represents colorless mana.)\n{T}, Pay 1 life: Add one mana of any color to your mana pool. Spend this mana only to cast a spell with devoid.",OGW,"""Look, and see the future.""\n—Ayli, high priest of the Eternal Pilgrims",normal,407679,,,Rare,,Land
Crumbling Vestige,,,,Zack Stella,170,Land,"Crumbling Vestige enters the battlefield tapped.\nWhen Crumbling Vestige enters the battlefield, add one mana of any color to your mana pool.\n{T}: Add {C} to your mana pool. ({C} represents colorless mana.)",OGW,,normal,407680,,,Common,,Land
Hissing Quagmire,,,"B,G",Cliff Childs,171,Land,Hissing Quagmire enters the battlefield tapped.\n{T}: Add {B} or {G} to your mana pool.\n{1}{B}{G}: Hissing Quagmire becomes a 2/2 black and green Elemental creature with deathtouch until end of turn. It's still a land.,OGW,,normal,407681,,,Rare,,Land
Holdout Settlement,,,,Kieran Yanner,172,Land,"{T}: Add {C} to your mana pool. ({C} represents colorless mana.)\n{T}, Tap an untapped creature you control: Add one mana of any color to your mana pool.",OGW,"Even in areas of profound devastation, the hedrons remained intact.",normal,407682,,,Common,,Land
Meandering River,,,"W,U",Cliff Childs,173,Land,Meandering River enters the battlefield tapped.\n{T}: Add {W} or {U} to your mana pool.,OGW,The river split into many channels as it flowed to the Halimar Sea. Few travelers could follow the same one twice.,normal,407683,,,Uncommon,,Land
Mirrorpool,,,,Cliff Childs,174,Land,"Mirrorpool enters the battlefield tapped.\n{T}: Add {C} to your mana pool.\n{2}{C}, {T}, Sacrifice Mirrorpool: Copy target instant or sorcery spell you control. You may choose new targets for the copy.\n{4}{C}, {T}, Sacrifice Mirrorpool: Put a token onto the battlefield that's a copy of target creature you control.",OGW,,normal,407684,,,Mythic Rare,,Land
Needle Spires,,,"R,W",Jonas De Ro,175,Land,Needle Spires enters the battlefield tapped.\n{T}: Add {R} or {W} to your mana pool.\n{2}{R}{W}: Needle Spires becomes a 2/1 red and white Elemental creature with double strike until end of turn. It's still a land.,OGW,,normal,407685,,,Rare,,Land
Ruins of Oran-Rief,,,,Jason Felix,176,Land,Ruins of Oran-Rief enters the battlefield tapped.\n{T}: Add {C} to your mana pool. ({C} represents colorless mana.)\n{T}: Put a +1/+1 counter on target colorless creature that entered the battlefield this turn.,OGW,,normal,407686,,,Rare,,Land
Sea Gate Wreckage,,,,Zack Stella,177,Land,"{T}: Add {C} to your mana pool. ({C} represents colorless mana.)\n{2}{C}, {T}: Draw a card. Activate this ability only if you have no cards in hand.",OGW,"Once a center for knowledge, Sea Gate now serves as a reminder of what was lost.",normal,407687,,,Rare,,Land
Submerged Boneyard,,,"U,B",Cliff Childs,178,Land,Submerged Boneyard enters the battlefield tapped.\n{T}: Add {U} or {B} to your mana pool.,OGW,"""Long after the land has given up the last of its secrets, there will still be mysteries in the depths of the sea.""\n—Kiora",normal,407688,,,Uncommon,,Land
Timber Gorge,,,"R,G",Cliff Childs,179,Land,Timber Gorge enters the battlefield tapped.\n{T}: Add {R} or {G} to your mana pool.,OGW,"Tazeem's embrace is harsh, but for those that call it home, nothing else will do.",normal,407689,,,Uncommon,,Land
Tranquil Expanse,,,"G,W",Cliff Childs,180,Land,Tranquil Expanse enters the battlefield tapped.\n{T}: Add {G} or {W} to your mana pool.,OGW,"Despite the chaos of the Roil and the devastation of the Eldrazi, Zendikar is a world of breathtaking beauty.",normal,407690,,,Uncommon,,Land
Unknown Shores,,,,Jung Park,181,Land,"{T}: Add {C} to your mana pool. ({C} represents colorless mana.)\n{1}, {T}: Add one mana of any color to your mana pool.","THS,OGW","Kozilek's presence warped the land, stripping away layer after layer.",normal,407691,,,Common,,Land
Wandering Fumarole,,,"U,R",Florian de Gesincourt,182,Land,"Wandering Fumarole enters the battlefield tapped.\n{T}: Add {U} or {R} to your mana pool.\n{2}{U}{R}: Until end of turn, Wandering Fumarole becomes a 1/4 blue and red Elemental creature with ""{0}: Switch this creature's power and toughness until end of turn."" It's still a land.",OGW,,normal,407692,,,Rare,,Land
Wastes,,,,Jason Felix,183,Basic Land,,OGW,,normal,407693,,,Basic Land,,Land
Wastes,,,,Jason Felix,183,Basic Land,,OGW,,normal,407694,,,Basic Land,,Land
Wastes,,,,Raymond Swanland,184,Basic Land,,OGW,,normal,407695,,,Basic Land,,Land
Wastes,,,,Raymond Swanland,184,Basic Land,,OGW,,normal,407696,,,Basic Land,,Land
