name,manaCost,cmc,colorIdentity,artist,number,type,text,printings,flavor,layout,multiverseid,power,toughness,rarity,subtypes,types
Akroan Jailer,{W},1,W,Anastasia Ovchinnikova,1,Creature — Human Soldier,"{2}{W}, {T}: Tap target creature.",ORI,He ensures escape attempts are just that—attempts.,normal,398656,1,1,Common,"Human,Soldier",Creature
Ampryn Tactician,{2}{W}{W},4,W,Cynthia Sheppard,2,Creature — Human Soldier,"When Ampryn Tactician enters the battlefield, creatures you control get +1/+1 until end of turn.",ORI,"""It's all a game. You shouldn't get too attached to the pieces.""",normal,398603,3,3,Common,"Human,Soldier",Creature
Anointer of Champions,{W},1,W,Anna Steinbauer,3,Creature — Human Cleric,{T}: Target attacking creature gets +1/+1 until end of turn.,ORI,"""Arise. You have been anointed by the light. Go forth and fight without fear, for you shall be victorious.""",normal,398455,1,1,Uncommon,"Human,Cleric",Creature
Archangel of Tithes,{1}{W}{W}{W},4,W,Cynthia Sheppard,4,Creature — Angel,"Flying\nAs long as Archangel of Tithes is untapped, creatures can't attack you or a planeswalker you control unless their controller pays {1} for each of those creatures.\nAs long as Archangel of Tithes is attacking, creatures can't block unless their controller pays {1} for each of those creatures.",ORI,,normal,398571,3,5,Mythic Rare,Angel,Creature
Auramancer,{2}{W},3,W,Rebecca Guay,5,Creature — Human Wizard,"When Auramancer enters the battlefield, you may return target enchantment card from your graveyard to your hand.","ODY,pWPN,M12,PC2,M14,DDL,ORI","""In memories, we can find our deepest reserves of strength.""",normal,398678,2,2,Common,"Human,Wizard",Creature
Aven Battle Priest,{5}{W},6,W,John Severin Brassell,6,Creature — Bird Cleric,"Flying (This creature can't be blocked except by creatures with flying or reach.)\nWhen Aven Battle Priest enters the battlefield, you gain 3 life.",ORI,"When the shadow of the aven falls across the battlefield, hope rises in the hearts of the soldiers.",normal,398627,3,3,Common,"Bird,Cleric",Creature
Blessed Spirits,{2}{W},3,W,Anna Steinbauer,7,Creature — Spirit,"Flying\nWhenever you cast an enchantment spell, put a +1/+1 counter on Blessed Spirits.",ORI,Not all heroes die in armor.,normal,398628,2,2,Uncommon,Spirit,Creature
Celestial Flare,{W}{W},2,W,Clint Cearley,8,Instant,Target player sacrifices an attacking or blocking creature.,"M14,DDO,ORI","""You were defeated the moment you declared your aggression.""—Gideon Jura",normal,398488,,,Common,,Instant
Charging Griffin,{3}{W},4,W,Erica Yang,9,Creature — Griffin,"Flying (This creature can't be blocked except by creatures with flying or reach.)\nWhenever Charging Griffin attacks, it gets +1/+1 until end of turn.","M14,ORI","Four claws, two wings, one beak, no fear.",normal,398560,2,2,Common,Griffin,Creature
Cleric of the Forward Order,{1}{W},2,W,Chris Rallis,10,Creature — Human Cleric,"When Cleric of the Forward Order enters the battlefield, you gain 2 life for each creature you control named Cleric of the Forward Order.",ORI,"War after war, a healer's enemy is always the same—death itself.",normal,398451,2,2,Common,"Human,Cleric",Creature
Consul's Lieutenant,{W}{W},2,W,Daarken,11,Creature — Human Soldier,"First strike\nRenown 1 (When this creature deals combat damage to a player, if it isn't renowned, put a +1/+1 counter on it and it becomes renowned.)\nWhenever Consul's Lieutenant attacks, if it's renowned, other attacking creatures you control get +1/+1 until end of turn.",ORI,,normal,398446,2,1,Uncommon,"Human,Soldier",Creature
Enlightened Ascetic,{1}{W},2,W,James Zapata,12,Creature — Cat Monk,"When Enlightened Ascetic enters the battlefield, you may destroy target enchantment.",ORI,"""I do not reject the gods. I reject their authority, their pettiness, and their arrogance.""",normal,398414,1,1,Common,"Cat,Monk",Creature
Enshrouding Mist,{W},1,W,Howard Lyon,13,Instant,"Target creature gets +1/+1 until end of turn. Prevent all damage that would be dealt to it this turn. If it's renowned, untap it.",ORI,True faith is letting the blade fall without parry. True cunning is using that moment to strike a deadly blow.,normal,398654,,,Common,,Instant
Gideon's Phalanx,{5}{W}{W},7,W,James Ryman,14,Instant,"Put four 2/2 white Knight creature tokens with vigilance onto the battlefield.\nSpell mastery — If there are two or more instant and/or sorcery cards in your graveyard, creatures you control gain indestructible until end of turn.",ORI,,normal,398471,,,Rare,,Instant
Grasp of the Hieromancer,{1}{W},2,W,Igor Kieryluk,15,Enchantment — Aura,"Enchant creature\nEnchanted creature gets +1/+1 and has ""Whenever this creature attacks, tap target creature defending player controls.""",ORI,"""There is power in abandon, but far more in control.""—Warden Hixus, to Kytheon",normal,398558,,,Common,Aura,Enchantment
Hallowed Moonlight,{1}{W},2,W,Mike Bierek,16,Instant,"Until end of turn, if a creature would enter the battlefield and it wasn't cast, exile it instead.\nDraw a card.",ORI,Creatures of darkness instinctively hide from the light.,normal,398505,,,Rare,,Instant
Healing Hands,{2}{W},3,W,Josu Hernaiz,17,Sorcery,Target player gains 4 life.\nDraw a card.,ORI,The ethereal touch brings relief. The physical touch brings peace.,normal,398563,,,Common,,Sorcery
Heavy Infantry,{4}{W},5,W,David Gaillet,18,Creature — Human Soldier,"When Heavy Infantry enters the battlefield, tap target creature an opponent controls.",ORI,"Doors, walls, skulls . . . it matters not. All barriers will be broken.",normal,398408,3,4,Common,"Human,Soldier",Creature
"Hixus, Prison Warden",{3}{W}{W},5,W,Chris Rallis,19,Legendary Creature — Human Soldier,"Flash (You may cast this spell any time you could cast an instant.)\nWhenever a creature deals combat damage to you, if Hixus, Prison Warden entered the battlefield this turn, exile that creature until Hixus leaves the battlefield. (That creature returns under its owner's control.)",ORI,,normal,398611,4,4,Rare,"Human,Soldier",Creature
Knight of the Pilgrim's Road,{2}{W},3,W,David Gaillet,20,Creature — Human Knight,"Renown 1 (When this creature deals combat damage to a player, if it isn't renowned, put a +1/+1 counter on it and it becomes renowned.)",ORI,"""To be a knight, Gideon, is to be the shield for the meek against the cruel.""",normal,398420,3,2,Common,"Human,Knight",Creature
Knight of the White Orchid,{W}{W},2,W,Mark Zug,21,Creature — Human Knight,"First strike\nWhen Knight of the White Orchid enters the battlefield, if an opponent controls more lands than you, you may search your library for a Plains card, put it onto the battlefield, then shuffle your library.","ALA,DDG,ORI",,normal,398594,2,2,Rare,"Human,Knight",Creature
Knightly Valor,{4}{W},5,W,Matt Stewart,22,Enchantment — Aura,"Enchant creature\nWhen Knightly Valor enters the battlefield, put a 2/2 white Knight creature token with vigilance onto the battlefield. (Attacking doesn't cause it to tap.)\nEnchanted creature gets +2/+2 and has vigilance.","RTR,ORI",,normal,398622,,,Uncommon,Aura,Enchantment
"Kytheon, Hero of Akros",{W},1,W,Willian Murai,23a,Legendary Creature — Human Soldier,"At end of combat, if Kytheon, Hero of Akros and at least two other creatures attacked this combat, exile Kytheon, then return him to the battlefield transformed under his owner's control.\n{2}{W}: Kytheon gains indestructible until end of turn.",ORI,,double-faced,398428,2,1,Mythic Rare,"Human,Soldier",Creature
"Gideon, Battle-Forged",,1,W,Willian Murai,23b,Planeswalker — Gideon,"+2: Up to one target creature an opponent controls attacks Gideon, Battle-Forged during its controller's next turn if able.\n+1: Until your next turn, target creature gains indestructible. Untap that creature.\n0: Until end of turn, Gideon, Battle-Forged becomes a 4/4 Human Soldier creature with indestructible that's still a planeswalker. Prevent all damage that would be dealt to him this turn.",ORI,,double-faced,398429,,,Mythic Rare,Gideon,Planeswalker
Kytheon's Irregulars,{2}{W}{W},4,W,Mark Winters,24,Creature — Human Soldier,"Renown 1 (When this creature deals combat damage to a player, if it isn't renowned, put a +1/+1 counter on it and it becomes renowned.)\n{W}{W}: Tap target creature.",ORI,Kytheon and his irregulars worked outside the law to bring justice to the streets of Akros.,normal,398561,4,3,Rare,"Human,Soldier",Creature
Kytheon's Tactics,{1}{W}{W},3,W,Raymond Swanland,25,Sorcery,"Creatures you control get +2/+1 until end of turn.\nSpell mastery — If there are two or more instant and/or sorcery cards in your graveyard, those creatures also gain vigilance until end of turn. (Attacking doesn't cause them to tap.)",ORI,"""Seal the gate. This is our fight now.""",normal,398470,,,Common,,Sorcery
Mighty Leap,{1}{W},2,W,rk post,26,Instant,Target creature gets +2/+2 and gains flying until end of turn.,"M11,DDF,DDG,M12,DDO,MM2,ORI,OGW","""The southern fortress taken by invaders? Heh, sure . . . when elephants fly.""—Brezard Skeinbow, captain of the guard",normal,398630,,,Common,,Instant
Murder Investigation,{1}{W},2,W,Igor Kieryluk,27,Enchantment — Aura,"Enchant creature you control\nWhen enchanted creature dies, put X 1/1 white Soldier creature tokens onto the battlefield, where X is its power.","GTC,ORI","""Every death has a web of consequences. Our job is to find the spider.""",normal,398641,,,Uncommon,Aura,Enchantment
Patron of the Valiant,{3}{W}{W},5,W,Steve Argyle,28,Creature — Angel,"Flying\nWhen Patron of the Valiant enters the battlefield, put a +1/+1 counter on each creature you control with a +1/+1 counter on it.",ORI,"""Bant's most gallant knights wear my sigil, and for that I am humbled.""",normal,398631,4,4,Uncommon,Angel,Creature
Relic Seeker,{1}{W},2,W,Volkan Baga,29,Creature — Human Soldier,"Renown 1 (When this creature deals combat damage to a player, if it isn't renowned, put a +1/+1 counter on it and it becomes renowned.)\nWhen Relic Seeker becomes renowned, you may search your library for an Equipment card, reveal it, put it into your hand, then shuffle your library.",ORI,,normal,398476,2,2,Rare,"Human,Soldier",Creature
Sentinel of the Eternal Watch,{5}{W},6,W,Bastien L. Deharme,30,Creature — Giant Soldier,"Vigilance (Attacking doesn't cause this creature to tap.)\nAt the beginning of combat on each opponent's turn, tap target creature that player controls.",ORI,The portcullis is superfluous.,normal,398659,4,6,Uncommon,"Giant,Soldier",Creature
Sigil of the Empty Throne,{3}{W}{W},5,W,Cyril Van Der Haegen,31,Enchantment,"Whenever you cast an enchantment spell, put a 4/4 white Angel creature token with flying onto the battlefield.","CON,PC2,ORI,C15","When Asha left Bant, she ensured that the world would have protection and order in her absence.",normal,398524,,,Rare,,Enchantment
Stalwart Aven,{2}{W},3,W,Scott Murphy,32,Creature — Bird Soldier,"Flying (This creature can't be blocked except by creatures with flying or reach.)\nRenown 1 (When this creature deals combat damage to a player, if it isn't renowned, put a +1/+1 counter on it and it becomes renowned.)",ORI,,normal,398624,1,3,Common,"Bird,Soldier",Creature
Starfield of Nyx,{4}{W},5,W,Tyler Jacobson,33,Enchantment,"At the beginning of your upkeep, you may return target enchantment card from your graveyard to the battlefield.\nAs long as you control five or more enchantments, each other non-Aura enchantment you control is a creature in addition to its other types and has base power and base toughness each equal to its converted mana cost.",ORI,,normal,398475,,,Mythic Rare,,Enchantment
Suppression Bonds,{3}{W},4,W,Chris Rallis,34,Enchantment — Aura,"Enchant nonland permanent\nEnchanted permanent can't attack or block, and its activated abilities can't be activated.",ORI,"""A master of hieromancy can see the advantage in any scenario.""—Warden Hixus, to Kytheon",normal,398602,,,Common,Aura,Enchantment
Swift Reckoning,{1}{W},2,W,Chris Rahn,35,Sorcery,"Spell mastery — If there are two or more instant and/or sorcery cards in your graveyard, you may cast Swift Reckoning as though it had flash. (You may cast it any time you could cast an instant.)\nDestroy target tapped creature.",ORI,,normal,398481,,,Uncommon,,Sorcery
Topan Freeblade,{1}{W},2,W,Johannes Voss,36,Creature — Human Soldier,"Vigilance (Attacking doesn't cause this creature to tap.)\nRenown 1 (When this creature deals combat damage to a player, if it isn't renowned, put a +1/+1 counter on it and it becomes renowned.)",ORI,"""My scars are my sigils. I will wear them with pride long after you're gone.""",normal,398619,2,2,Common,"Human,Soldier",Creature
Totem-Guide Hartebeest,{4}{W},5,W,John Avon,37,Creature — Antelope,"When Totem-Guide Hartebeest enters the battlefield, you may search your library for an Aura card, reveal it, put it into your hand, then shuffle your library.","ROE,ORI","It is hunted, but not for the kill. The magic within draws others to its presence.",normal,398599,2,5,Uncommon,Antelope,Creature
Tragic Arrogance,{3}{W}{W},5,W,Winona Nelson,38,Sorcery,"For each player, you choose from among the permanents that player controls an artifact, a creature, an enchantment, and a planeswalker. Then each player sacrifices all other nonland permanents he or she controls.",ORI,The spear thrown by Kytheon's own hand was the weapon that felled his friends.,normal,398610,,,Rare,,Sorcery
Valor in Akros,{3}{W},4,W,Igor Kieryluk,39,Enchantment,"Whenever a creature enters the battlefield under your control, creatures you control get +1/+1 until end of turn.",ORI,"They became a single entity, a phalanx in the Temple of Triumph standing against a host of enemies.",normal,398529,,,Uncommon,,Enchantment
Vryn Wingmare,{2}{W},3,W,Seb McKinnon,40,Creature — Pegasus,Flying\nNoncreature spells cost {1} more to cast.,ORI,It's the favored mount of military commanders as well as anyone with a flair for the dramatic.,normal,398567,2,1,Rare,Pegasus,Creature
War Oracle,{2}{W}{W},4,W,Steve Prescott,41,Creature — Human Cleric,"Lifelink (Damage dealt by this creature also causes you to gain that much life.)\nRenown 1 (When this creature deals combat damage to a player, if it isn't renowned, put a +1/+1 counter on it and it becomes renowned.)",ORI,"""When you are felled by my mace, you shall know it was divine fate.""",normal,398621,3,3,Uncommon,"Human,Cleric",Creature
Yoked Ox,{W},1,W,Ryan Yee,42,Creature — Ox,,"THS,ORI","It was in fields of grain, not fields of battle, that the Champion learned to bear the yoke of duty to the gods. She worked the land long before she was called on to defend it.—The Theriad",normal,398671,0,4,Common,Ox,Creature
"Alhammarret, High Arbiter",{5}{U}{U},7,U,Richard Wright,43,Legendary Creature — Sphinx,"Flying\nAs Alhammarret, High Arbiter enters the battlefield, each opponent reveals his or her hand. You choose the name of a nonland card revealed this way.\nYour opponents can't cast spells with the chosen name (as long as this creature is on the battlefield).",ORI,,normal,398436,5,5,Rare,Sphinx,Creature
Anchor to the Æther,{2}{U},3,U,Zoltan Boros,44,Sorcery,Put target creature on top of its owner's library. Scry 1. (Look at the top card of your library. You may put that card on the bottom of your library.),ORI,,normal,398474,,,Uncommon,,Sorcery
Artificer's Epiphany,{2}{U},3,U,Kieran Yanner,45,Instant,"Draw two cards. If you control no artifacts, discard a card.",ORI,"The artificers of Kaladesh strive ceaselessly for perfection, progress, and the ultimate expression of elegance.",normal,398462,,,Common,,Instant
Aspiring Aeronaut,{3}{U},4,U,Willian Murai,46,Creature — Human Artificer,"Flying (This creature can't be blocked except by creatures with flying or reach.)\nWhen Aspiring Aeronaut enters the battlefield, put a 1/1 colorless Thopter artifact creature token with flying onto the battlefield.",ORI,,normal,398674,1,2,Common,"Human,Artificer",Creature
Bone to Ash,{2}{U}{U},4,U,Clint Cearley,47,Instant,Counter target creature spell.\nDraw a card.,"DKA,ORI","""I can think of worse ways to go. On second thought, maybe not.""—Ludevic, necro-alchemist",normal,398539,,,Common,,Instant
Calculated Dismissal,{2}{U},3,U,Karl Kopinski,48,Instant,"Counter target spell unless its controller pays {3}.\nSpell mastery — If there are two or more instant and/or sorcery cards in your graveyard, scry 2. (To scry 2, look at the top two cards of your library, then put any number of them on the bottom of your library and the rest on top in any order.)",ORI,,normal,398480,,,Common,,Instant
Clash of Wills,{X}{U},1,U,Yan Li,49,Instant,Counter target spell unless its controller pays {X}.,ORI,"Alhammarret rose to his feet, and the full force of his mind hit Jace like a storm front.",normal,398542,,,Uncommon,,Instant
Claustrophobia,{1}{U}{U},3,U,Ryan Pancoast,50,Enchantment — Aura,"Enchant creature\nWhen Claustrophobia enters the battlefield, tap enchanted creature.\nEnchanted creature doesn't untap during its controller's untap step.","ISD,M14,DDM,ORI",Six feet of earth muffled his cries.,normal,398607,,,Common,Aura,Enchantment
Day's Undoing,{2}{U},3,U,Jonas De Ro,51,Sorcery,"Each player shuffles his or her hand and graveyard into his or her library, then draws seven cards. If it's your turn, end the turn. (Exile all spells and abilities on the stack, including this card. Discard down to your maximum hand size. Damage wears off, and ""this turn"" and ""until end of turn"" effects end.)",ORI,,normal,398652,,,Mythic Rare,,Sorcery
Deep-Sea Terror,{4}{U}{U},6,U,Marco Nelor,52,Creature — Serpent,Deep-Sea Terror can't attack unless there are seven or more cards in your graveyard.,ORI,"After stripping the sunken ships, it rises to the surface for another helping.",normal,398605,6,6,Common,Serpent,Creature
Disciple of the Ring,{3}{U}{U},5,U,Clint Cearley,53,Creature — Human Wizard,"{1}, Exile an instant or sorcery card from your graveyard: Choose one —\n• Counter target noncreature spell unless its controller pays {2}.\n• Disciple of the Ring gets +1/+1 until end of turn.\n• Tap target creature.\n• Untap target creature.",ORI,,normal,398583,3,4,Mythic Rare,"Human,Wizard",Creature
Disperse,{1}{U},2,U,Ryan Yee,54,Instant,Return target nonland permanent to its owner's hand.,"MOR,SOM,M14,ORI,W16",It's pointless to hold on when you have nothing to hold on with.,normal,398528,,,Common,,Instant
Displacement Wave,{X}{U}{U},2,U,Seb McKinnon,55,Sorcery,Return all nonland permanents with converted mana cost X or less to their owners' hands.,ORI,"The sea respects no boundaries, least of all the coast.",normal,398580,,,Rare,,Sorcery
Dreadwaters,{3}{U},4,U,Cliff Childs,56,Sorcery,"Target player puts the top X cards of his or her library into his or her graveyard, where X is the number of lands you control.","AVR,ORI",Stray into the Morkrut and it may rise to claim you.,normal,398405,,,Common,,Sorcery
Faerie Miscreant,{U},1,U,Steven Belledin,57,Creature — Faerie Rogue,"Flying (This creature can't be blocked except by creatures with flying or reach.)\nWhen Faerie Miscreant enters the battlefield, if you control another creature named Faerie Miscreant, draw a card.",ORI,One faerie distracts the judge while a second steals the law.,normal,398459,1,1,Common,"Faerie,Rogue",Creature
Harbinger of the Tides,{U}{U},2,U,Svetlin Velinov,58,Creature — Merfolk Wizard,"You may cast Harbinger of the Tides as though it had flash if you pay {2} more to cast it. (You may cast it any time you could cast an instant.)\nWhen Harbinger of the Tides enters the battlefield, you may return target tapped creature an opponent controls to its owner's hand.",ORI,,normal,398569,2,2,Rare,"Merfolk,Wizard",Creature
Hydrolash,{2}{U},3,U,Clint Cearley,59,Instant,Attacking creatures get -2/-0 until end of turn.\nDraw a card.,ORI,"""I don't need your mage-rings or your mana equations. I call, and the sea answers.""—Keyta, rebel hydromancer",normal,398666,,,Uncommon,,Instant
"Jace, Vryn's Prodigy",{1}{U},2,U,Jaime Jones,60a,Legendary Creature — Human Wizard,"{T}: Draw a card, then discard a card. If there are five or more cards in your graveyard, exile Jace, Vryn's Prodigy, then return him to the battlefield transformed under his owner's control.",ORI,"""People's thoughts just come to me. Sometimes I don't know if it's them or me thinking.""",double-faced,398434,0,2,Mythic Rare,"Human,Wizard",Creature
"Jace, Telepath Unbound",,2,U,Jaime Jones,60b,Planeswalker — Jace,"+1: Up to one target creature gets -2/-0 until your next turn.\n−3: You may cast target instant or sorcery card from your graveyard this turn. If that card would be put into your graveyard this turn, exile it instead.\n−9: You get an emblem with ""Whenever you cast a spell, target opponent puts the top five cards of his or her library into his or her graveyard.""",ORI,,double-faced,398435,,,Mythic Rare,Jace,Planeswalker
Jace's Sanctum,{3}{U},4,U,Adam Paquette,61,Enchantment,"Instant and sorcery spells you cast cost {1} less to cast.\nWhenever you cast an instant or sorcery spell, scry 1. (Look at the top card of your library. You may put that card on the bottom of your library.)",ORI,,normal,398614,,,Rare,,Enchantment
Jhessian Thief,{2}{U},3,U,Miles Johnston,62,Creature — Human Rogue,"Prowess (Whenever you cast a noncreature spell, this creature gets +1/+1 until end of turn.)\nWhenever Jhessian Thief deals combat damage to a player, draw a card.",ORI,"""Where's the fun in an escape if it's not at least a little daring?""",normal,398536,1,3,Uncommon,"Human,Rogue",Creature
Maritime Guard,{1}{U},2,U,Allen Williams,63,Creature — Merfolk Soldier,,"M11,ORI","To stand as a guardian of the sea, one must possess the resolve of a mounting wave.",normal,398670,1,3,Common,"Merfolk,Soldier",Creature
Mizzium Meddler,{2}{U},3,U,Johann Bodin,64,Creature — Vedalken Wizard,"Flash (You may cast this spell any time you could cast an instant.)\nWhen Mizzium Meddler enters the battlefield, you may change a target of target spell or ability to Mizzium Meddler.",ORI,Energy surges in Izzet labs are opportunities for experimentation.,normal,398596,1,4,Rare,"Vedalken,Wizard",Creature
Negate,{1}{U},2,U,Jeremy Jarvis,65,Instant,Counter target noncreature spell.,"pMPR,MOR,M10,DPA,M11,M12,M13,M14,M15,DTK,ORI,OGW",Masters of the arcane savor a delicious irony. Their study of deep and complex arcana leads to such a simple end: the ability to say merely yes or no.,normal,398629,,,Common,,Instant
Nivix Barrier,{3}{U},4,U,Mathias Kollros,66,Creature — Illusion Wall,"Flash (You may cast this spell any time you could cast an instant.)\nDefender (This creature can't attack.)\nWhen Nivix Barrier enters the battlefield, target attacking creature gets -4/-0 until end of turn.",ORI,,normal,398465,0,4,Common,"Illusion,Wall",Creature
Psychic Rebuttal,{1}{U},2,U,Todd Lockwood,67,Instant,"Counter target instant or sorcery spell that targets you.\nSpell mastery — If there are two or more instant and/or sorcery cards in your graveyard, you may copy the spell countered this way. You may choose new targets for the copy.",ORI,"""I know what you're thinking,"" Jace whispered in the mage's mind. ""It's not going to work.""",normal,398479,,,Uncommon,,Instant
Ringwarden Owl,{3}{U}{U},5,U,Titus Lunter,68,Creature — Bird,"Flying (This creature can't be blocked except by creatures with flying or reach.)\nProwess (Whenever you cast a noncreature spell, this creature gets +1/+1 until end of turn.)",ORI,The owls learn of mana from the mages who know it best.,normal,398464,3,3,Common,Bird,Creature
Scrapskin Drake,{2}{U},3,U,Kev Walker,69,Creature — Zombie Drake,Flying (This creature can't be blocked except by creatures with flying or reach.)\nScrapskin Drake can block only creatures with flying.,"AVR,ORI,DDQ","""The cathars killed my skaabs down below. Let's see how high their swords can reach.""—Ludevic, necro-alchemist",normal,398478,2,3,Common,"Zombie,Drake",Creature
Screeching Skaab,{1}{U},2,U,Clint Cearley,70,Creature — Zombie,"When Screeching Skaab enters the battlefield, put the top two cards of your library into your graveyard.","DKA,ORI,DDQ,EMA",Its screeching is the sound of you losing your mind.,normal,398487,2,1,Common,Zombie,Creature
Send to Sleep,{1}{U},2,U,Cynthia Sheppard,71,Instant,"Tap up to two target creatures.\nSpell mastery — If there are two or more instant and/or sorcery cards in your graveyard, those creatures don't untap during their controllers' next untap steps.",ORI,,normal,398545,,,Common,,Instant
Separatist Voidmage,{3}{U},4,U,Jason Rainville,72,Creature — Human Wizard,"When Separatist Voidmage enters the battlefield, you may return target creature to its owner's hand.",ORI,"""As long as each side thinks it can win, the balance holds, and the mage-rings stand.""—Alhammarret",normal,398608,2,2,Common,"Human,Wizard",Creature
Sigiled Starfish,{1}{U},2,U,Nils Hamm,73,Creature — Starfish,{T}: Scry 1. (Look at the top card of your library. You may put that card on the bottom of your library.),"JOU,ORI",Kruphix hid the most dire prophecies about humankind where humans would never find them and tritons wouldn't care to read them.,normal,398592,0,3,Uncommon,Starfish,Creature
Skaab Goliath,{5}{U},6,U,Volkan Baga,74,Creature — Zombie Giant,"As an additional cost to cast Skaab Goliath, exile two creature cards from your graveyard.\nTrample (This creature can deal excess combat damage to defending player or planeswalker while attacking.)","ISD,ORI",Three heads are better than one.,normal,398559,6,9,Uncommon,"Zombie,Giant",Creature
Soulblade Djinn,{3}{U}{U},5,U,Viktor Titov,75,Creature — Djinn,"Flying\nWhenever you cast a noncreature spell, creatures you control get +1/+1 until end of turn.",ORI,"He grants endless wishes, as long as you always wish for a blade.",normal,398485,4,3,Rare,Djinn,Creature
Sphinx's Tutelage,{2}{U},3,U,Slawomir Maniak,76,Enchantment,"Whenever you draw a card, target opponent puts the top two cards of his or her library into his or her graveyard. If they're both nonland cards that share a color, repeat this process.\n{5}{U}: Draw a card, then discard a card.",ORI,"""You've never considered the implications of dealing with another telepath, Jace.""",normal,398520,,,Uncommon,,Enchantment
Stratus Walk,{1}{U},2,U,Aaron Miller,77,Enchantment — Aura,"Enchant creature\nWhen Stratus Walk enters the battlefield, draw a card.\nEnchanted creature has flying. (It can't be blocked except by creatures with flying or reach.)\nEnchanted creature can block only creatures with flying.","BNG,ORI",,normal,398549,,,Common,Aura,Enchantment
Talent of the Telepath,{2}{U}{U},4,U,Peter Mohrbacher,78,Sorcery,"Target opponent reveals the top seven cards of his or her library. You may cast an instant or sorcery card from among them without paying its mana cost. Then that player puts the rest into his or her graveyard.\nSpell mastery — If there are two or more instant and/or sorcery cards in your graveyard, you may cast up to two revealed instant and/or sorcery cards instead of one.",ORI,,normal,398483,,,Rare,,Sorcery
Thopter Spy Network,{2}{U}{U},4,U,Jung Park,79,Enchantment,"At the beginning of your upkeep, if you control an artifact, put a 1/1 colorless Thopter artifact creature token with flying onto the battlefield.\nWhenever one or more artifact creatures you control deal combat damage to a player, draw a card.",ORI,,normal,398519,,,Rare,,Enchantment
Tower Geist,{3}{U},4,U,Izzy,80,Creature — Spirit,"Flying\nWhen Tower Geist enters the battlefield, look at the top two cards of your library. Put one of them into your hand and the other into your graveyard.","DKA,ORI,DDQ",Jenrik's tower is served by those who once sought to enter it uninvited.,normal,398615,2,2,Uncommon,Spirit,Creature
Turn to Frog,{1}{U},2,U,Warren Mahy,81,Instant,"Until end of turn, target creature loses all abilities and becomes a blue Frog with base power and toughness 1/1.","M12,M15,C14,ORI","""Ribbit.""",normal,398463,,,Uncommon,,Instant
Watercourser,{2}{U},3,U,Mathias Kollros,82,Creature — Elemental,{U}: Watercourser gets +1/-1 until end of turn.,"M13,ORI","""Beware an eddy where there should be none or a stretch that flows too fast or too slow.""—Old Fishbones, Martyne river guide",normal,398540,2,3,Common,Elemental,Creature
Whirler Rogue,{2}{U}{U},4,U,Winona Nelson,83,Creature — Human Rogue Artificer,"When Whirler Rogue enters the battlefield, put two 1/1 colorless Thopter artifact creature tokens with flying onto the battlefield.\nTap two untapped artifacts you control: Target creature can't be blocked this turn.",ORI,,normal,398410,2,2,Uncommon,"Human,Rogue,Artificer",Creature
Willbreaker,{3}{U}{U},5,U,Dan Scott,84,Creature — Human Wizard,"Whenever a creature an opponent controls becomes the target of a spell or ability you control, gain control of that creature for as long as you control Willbreaker.",ORI,"""Master your mind, or I shall master it for you.""",normal,398502,2,3,Rare,"Human,Wizard",Creature
Blightcaster,{3}{B},4,B,Winona Nelson,85,Creature — Human Wizard,"Whenever you cast an enchantment spell, you may have target creature get -2/-2 until end of turn.","M14,ORI","""Your flesh is unprepared for my gifts.""",normal,398618,2,3,Uncommon,"Human,Wizard",Creature
Catacomb Slug,{4}{B},5,B,Nils Hamm,86,Creature — Slug,,"RTR,ORI","""The entire murder scene was covered in dripping, oozing slime. No need for a soothsayer to solve that one.""—Pel Javya, Wojek investigator",normal,398473,2,6,Common,Slug,Creature
Consecrated by Blood,{2}{B}{B},4,B,John Stanko,87,Enchantment — Aura,"Enchant creature\nEnchanted creature gets +2/+2 and has flying and ""Sacrifice two other creatures: Regenerate this creature."" (The next time the creature would be destroyed this turn, it isn't. Instead tap it, remove all damage from it, and remove it from combat.)",ORI,,normal,398512,,,Uncommon,Aura,Enchantment
Cruel Revival,{4}{B},5,B,Miles Johnston,88,Instant,Destroy target non-Zombie creature. It can't be regenerated. Return up to one target Zombie card from your graveyard to your hand.,"ONS,HOP,ORI","On Innistrad, Liliana embraced necromancy, honing her powers by practicing on scores of undead—and sometimes the living.",normal,398415,,,Uncommon,,Instant
Dark Dabbling,{2}{B},3,B,Bastien L. Deharme,89,Instant,"Regenerate target creature. Draw a card. (The next time the creature would be destroyed this turn, it isn't. Instead tap it, remove all damage from it, and remove it from combat.)\nSpell mastery — If there are two or more instant and/or sorcery cards in your graveyard, also regenerate each other creature you control.",ORI,,normal,398466,,,Common,,Instant
Dark Petition,{3}{B}{B},5,B,Igor Kieryluk,90,Sorcery,"Search your library for a card and put that card into your hand. Then shuffle your library.\nSpell mastery — If there are two or more instant and/or sorcery cards in your graveyard, add {B}{B}{B} to your mana pool.",ORI,,normal,398525,,,Rare,,Sorcery
Deadbridge Shaman,{2}{B},3,B,Nils Hamm,91,Creature — Elf Shaman,"When Deadbridge Shaman dies, target opponent discards a card.","ORI,EMA",Ending her life won't end the infestation.,normal,398500,3,1,Common,"Elf,Shaman",Creature
Demonic Pact,{2}{B}{B},4,B,Aleksi Briclot,92,Enchantment,"At the beginning of your upkeep, choose one that hasn't been chosen —\n• Demonic Pact deals 4 damage to target creature or player and you gain 4 life.\n• Target opponent discards two cards.\n• Draw two cards.\n• You lose the game.",ORI,,normal,398433,,,Mythic Rare,,Enchantment
Despoiler of Souls,{B}{B},2,B,Greg Staples,93,Creature — Horror,"Despoiler of Souls can't block.\n{B}{B}, Exile two other creature cards from your graveyard: Return Despoiler of Souls from your graveyard to the battlefield.",ORI,Rats and vultures devour. It desecrates.,normal,398587,3,1,Rare,Horror,Creature
Erebos's Titan,{1}{B}{B}{B},4,B,Peter Mohrbacher,94,Creature — Giant,"As long as your opponents control no creatures, Erebos's Titan has indestructible. (Damage and effects that say ""destroy"" don't destroy it.)\nWhenever a creature card leaves an opponent's graveyard, you may discard a card. If you do, return Erebos's Titan from your graveyard to your hand.",ORI,,normal,398584,5,5,Mythic Rare,Giant,Creature
Eyeblight Assassin,{2}{B},3,B,Dan Scott,95,Creature — Elf Assassin,"When Eyeblight Assassin enters the battlefield, target creature an opponent controls gets -1/-1 until end of turn.",ORI,"""Boggart blood disgusts me almost as much as the foul creatures themselves.""",normal,398535,2,2,Common,"Elf,Assassin",Creature
Eyeblight Massacre,{2}{B}{B},4,B,Igor Kieryluk,96,Sorcery,Non-Elf creatures get -2/-2 until end of turn.,ORI,"""I've already seen so much evil, so much darkness. Why do you insist on adding more?""—Nissa Revane, to Dwynen",normal,398645,,,Uncommon,,Sorcery
Fetid Imp,{1}{B},2,B,Nils Hamm,97,Creature — Imp,Flying (This creature can't be blocked except by creatures with flying or reach.)\n{B}: Fetid Imp gains deathtouch until end of turn. (Any amount of damage it deals to a creature is enough to destroy it.),ORI,,normal,398633,1,2,Common,Imp,Creature
Fleshbag Marauder,{2}{B},3,B,Mark Zug,98,Creature — Zombie Warrior,"When Fleshbag Marauder enters the battlefield, each player sacrifices a creature.","ALA,DDD,CMD,DDN,DD3_GVL,ORI","Grixis is a world where the only things found in abundance are death and decay. Corpses, whole or in part, are the standard currency among necromancers and demons.",normal,398625,3,1,Uncommon,"Zombie,Warrior",Creature
Gilt-Leaf Winnower,{3}{B}{B},5,B,Viktor Titov,99,Creature — Elf Warrior,"Menace (This creature can't be blocked except by two or more creatures.)\nWhen Gilt-Leaf Winnower enters the battlefield, you may destroy target non-Elf creature whose power and toughness aren't equal.",ORI,,normal,398495,4,3,Rare,"Elf,Warrior",Creature
Gnarlroot Trapper,{B},1,"B,G",Christopher Moeller,100,Creature — Elf Druid,"{T}, Pay 1 life: Add {G} to your mana pool. Spend this mana only to cast an Elf creature spell.\n{T}: Target attacking Elf you control gains deathtouch until end of turn. (Any amount of damage it deals to a creature is enough to destroy it.)",ORI,,normal,398413,1,1,Uncommon,"Elf,Druid",Creature
Graveblade Marauder,{2}{B},3,B,Jason Rainville,101,Creature — Human Warrior,"Deathtouch (Any amount of damage this deals to a creature is enough to destroy it.)\nWhenever Graveblade Marauder deals combat damage to a player, that player loses life equal to the number of creature cards in your graveyard.",ORI,,normal,398526,1,4,Rare,"Human,Warrior",Creature
Infernal Scarring,{1}{B},2,B,Mike Bierek,102,Enchantment — Aura,"Enchant creature\nEnchanted creature gets +2/+0 and has ""When this creature dies, draw a card.""",ORI,One who is marked by a demon in life is sure to be remembered as one in death.,normal,398638,,,Common,Aura,Enchantment
Infinite Obliteration,{1}{B}{B},3,B,Yeong-Hao Han,103,Sorcery,"Name a creature card. Search target opponent's graveyard, hand, and library for any number of cards with that name and exile them. Then that player shuffles his or her library.",ORI,,normal,398503,,,Rare,,Sorcery
"Kothophed, Soul Hoarder",{4}{B}{B},6,B,Jakub Kasper,104,Legendary Creature — Demon,"Flying\nWhenever a permanent owned by another player is put into a graveyard from the battlefield, you draw a card and you lose 1 life.",ORI,"""I will be your most demanding master, Liliana. But I have great things in mind for you.""",normal,398443,6,6,Rare,Demon,Creature
Languish,{2}{B}{B},4,B,Jeff Simpson,105,Sorcery,All creatures get -4/-4 until end of turn.,ORI,Life is such a fragile thing.,normal,398597,,,Rare,,Sorcery
"Liliana, Heretical Healer",{1}{B}{B},3,B,Karla Ortiz,106a,Legendary Creature — Human Cleric,"Lifelink\nWhenever another nontoken creature you control dies, exile Liliana, Heretical Healer, then return her to the battlefield transformed under her owner's control. If you do, put a 2/2 black Zombie creature token onto the battlefield.",ORI,,double-faced,398441,2,3,Mythic Rare,"Human,Cleric",Creature
"Liliana, Defiant Necromancer",,3,B,Karla Ortiz,106b,Planeswalker — Liliana,"+2: Each player discards a card.\n−X: Return target nonlegendary creature card with converted mana cost X from your graveyard to the battlefield.\n−8: You get an emblem with ""Whenever a creature dies, return it to the battlefield under your control at the beginning of the next end step.""",ORI,,double-faced,398442,,,Mythic Rare,Liliana,Planeswalker
Macabre Waltz,{1}{B},2,B,Jim Murray,107,Sorcery,"Return up to two target creature cards from your graveyard to your hand, then discard a card.","DIS,ORI,SOI","""All dead move to the hollow rhythm of necromancy.""—Savra",normal,398494,,,Common,,Sorcery
Malakir Cullblade,{1}{B},2,B,Igor Kieryluk,108,Creature — Vampire Warrior,"Whenever a creature an opponent controls dies, put a +1/+1 counter on Malakir Cullblade.",ORI,Each cut stains his blade with fresh blood that he samples to increase his strength.,normal,398556,1,1,Uncommon,"Vampire,Warrior",Creature
Nantuko Husk,{2}{B},3,B,Carl Critchlow,109,Creature — Zombie Insect,Sacrifice a creature: Nantuko Husk gets +2/+2 until end of turn.,"ONS,9ED,10E,CMD,ORI","""The soul sheds light, and death is its shadow. When the light dims, life and death embrace.""—Nantuko teaching",normal,398440,2,2,Common,"Zombie,Insect",Creature
Necromantic Summons,{4}{B},5,B,Ryan Yee,110,Sorcery,"Put target creature card from a graveyard onto the battlefield under your control.\nSpell mastery — If there are two or more instant and/or sorcery cards in your graveyard, that creature enters the battlefield with two additional +1/+1 counters on it.",ORI,,normal,398491,,,Uncommon,,Sorcery
Nightsnare,{3}{B},4,B,Min Yum,111,Sorcery,"Target opponent reveals his or her hand. You may choose a nonland card from it. If you do, that player discards that card. If you don't, that player discards two cards.",ORI,Ravnica would be safer if mere coin was all the Dimir could steal.,normal,398562,,,Common,,Sorcery
Priest of the Blood Rite,{3}{B}{B},5,B,David Palumbo,112,Creature — Human Cleric,"When Priest of the Blood Rite enters the battlefield, put a 5/5 black Demon creature token with flying onto the battlefield.\nAt the beginning of your upkeep, you lose 2 life.",ORI,Some will sacrifice everything for but a taste of power.,normal,398639,2,2,Rare,"Human,Cleric",Creature
Rabid Bloodsucker,{4}{B},5,B,Seb McKinnon,113,Creature — Vampire,"Flying (This creature can't be blocked except by creatures with flying or reach.)\nWhen Rabid Bloodsucker enters the battlefield, each player loses 2 life.",ORI,"She haunts the streets, wings spread wide, with carrion on her breath and blood in her eyes.",normal,398557,3,2,Common,Vampire,Creature
Read the Bones,{2}{B},3,B,Lars Grant-West,114,Sorcery,"Scry 2, then draw two cards. You lose 2 life. (To scry 2, look at the top two cards of your library, then put any number of them on the bottom of your library and the rest on top in any order.)","THS,C14,ORI,DDP",The dead know lessons the living haven't learned.,normal,398637,,,Common,,Sorcery
Reave Soul,{1}{B},2,B,David Palumbo,115,Sorcery,Destroy target creature with power 3 or less.,ORI,"""I was not convinced you had a soul until I saw it for myself.""—Liliana Vess",normal,398591,,,Common,,Sorcery
Returned Centaur,{3}{B},4,B,Lucas Graciano,116,Creature — Zombie Centaur,"When Returned Centaur enters the battlefield, target player puts the top four cards of his or her library into his or her graveyard.","THS,ORI","Driven away by his living kin, he wanders mourning through the wilderness, seeking the dead city of Asphodel.",normal,398468,2,4,Common,"Zombie,Centaur",Creature
Revenant,{4}{B},5,B,Terese Nielsen,117,Creature — Spirit,Flying\nRevenant's power and toughness are each equal to the number of creature cards in your graveyard.,"pPRE,STH,7ED,TPR,ORI","Born from the slaughter of an entire army, it bears the wrath of a hundred souls.",normal,398575,*,*,Uncommon,Spirit,Creature
Shadows of the Past,{1}{B},2,B,Ryan Yee,118,Enchantment,"Whenever a creature dies, scry 1. (Look at the top card of your library. You may put that card on the bottom of your library.)\n{4}{B}: Each opponent loses 2 life and you gain 2 life. Activate this ability only if there are four or more creature cards in your graveyard.",ORI,,normal,398522,,,Uncommon,,Enchantment
Shambling Ghoul,{1}{B},2,B,Joseph Meehan,119,Creature — Zombie,Shambling Ghoul enters the battlefield tapped.,ORI,"Once he gets up and going, he will forever shamble on.",normal,398552,2,3,Common,Zombie,Creature
Tainted Remedy,{2}{B},3,B,Izzy,120,Enchantment,"If an opponent would gain life, that player loses that much life instead.",ORI,"""Drink this, brother. It will bring you rest.""—Liliana Vess",normal,398612,,,Rare,,Enchantment
Thornbow Archer,{B},1,B,Kev Walker,121,Creature — Elf Archer,"Whenever Thornbow Archer attacks, each opponent who doesn't control an Elf loses 1 life.",ORI,"""I will not rest until the stench of eyeblights is eradicated from these woods.""",normal,398407,1,2,Common,"Elf,Archer",Creature
Tormented Thoughts,{2}{B},3,B,Allen Williams,122,Sorcery,"As an additional cost to cast Tormented Thoughts, sacrifice a creature.\nTarget player discards a number of cards equal to the sacrificed creature's power.","JOU,ORI","""Not all nightmares can be escaped by waking.""—Ashiok",normal,398623,,,Uncommon,,Sorcery
Touch of Moonglove,{B},1,B,Scott Murphy,123,Instant,"Target creature you control gets +1/+0 and gains deathtouch until end of turn. Whenever a creature dealt damage by that creature dies this turn, its controller loses 2 life. (Any amount of damage a creature with deathtouch deals to a creature is enough to destroy it.)",ORI,,normal,398600,,,Common,,Instant
Undead Servant,{3}{B},4,B,James Zapata,124,Creature — Zombie,"When Undead Servant enters the battlefield, put a 2/2 black Zombie creature token onto the battlefield for each card named Undead Servant in your graveyard.",ORI,"""Get up. You're not finished yet.""—Liliana Vess",normal,398484,3,2,Common,Zombie,Creature
Unholy Hunger,{3}{B}{B},5,B,Lius Lasahido,125,Instant,"Destroy target creature.\nSpell mastery — If there are two or more instant and/or sorcery cards in your graveyard, you gain 2 life.",ORI,"Liliana viewed the attention of the angels as a testament to her power. Even so, they were an annoyance.",normal,398452,,,Common,,Instant
Weight of the Underworld,{3}{B},4,B,Wesley Burt,126,Enchantment — Aura,Enchant creature\nEnchanted creature gets -3/-2.,"BNG,ORI","Proud Alkmenos, who would not bow to Erebos in death, is now bowed by his own hubris for all eternity.",normal,398544,,,Common,Aura,Enchantment
Abbot of Keral Keep,{1}{R},2,R,Deruchenko Alexander,127,Creature — Human Monk,"Prowess (Whenever you cast a noncreature spell, this creature gets +1/+1 until end of turn.)\nWhen Abbot of Keral Keep enters the battlefield, exile the top card of your library. Until end of turn, you may play that card.",ORI,,normal,398411,2,1,Rare,"Human,Monk",Creature
Acolyte of the Inferno,{2}{R},3,R,Joseph Meehan,128,Creature — Human Monk,"Renown 1 (When this creature deals combat damage to a player, if it isn't renowned, put a +1/+1 counter on it and it becomes renowned.)\nWhenever Acolyte of the Inferno becomes blocked by a creature, it deals 2 damage to that creature.",ORI,,normal,398574,3,1,Uncommon,"Human,Monk",Creature
Act of Treason,{2}{R},3,R,Eric Deschamps,129,Sorcery,Gain control of target creature until end of turn. Untap that creature. It gains haste until end of turn. (It can attack and {T} this turn.),"M10,DPA,M11,M12,GTC,M14,DDN,KTK,ORI",She learned a tragic lesson that day: even the purest can be corrupted when the heart's emotions are twisted.,normal,398578,,,Common,,Sorcery
Akroan Sergeant,{2}{R},3,R,Zack Stella,130,Creature — Human Soldier,"First strike (This creature deals combat damage before creatures without first strike.)\nRenown 1 (When this creature deals combat damage to a player, if it isn't renowned, put a +1/+1 counter on it and it becomes renowned.)",ORI,,normal,398604,2,2,Common,"Human,Soldier",Creature
Avaricious Dragon,{2}{R}{R},4,R,Chris Rahn,131,Creature — Dragon,"Flying\nAt the beginning of your draw step, draw an additional card.\nAt the beginning of your end step, discard your hand.",ORI,Waste follows want.,normal,398667,4,4,Mythic Rare,Dragon,Creature
Bellows Lizard,{R},1,R,Jack Wang,132,Creature — Lizard,{1}{R}: Bellows Lizard gets +1/+0 until end of turn.,"RTR,ORI","As the price of wood and coal rose, smiths found creative ways to keep their forges burning.",normal,398439,1,1,Common,Lizard,Creature
Boggart Brute,{2}{R},3,R,Igor Kieryluk,133,Creature — Goblin Warrior,Menace (This creature can't be blocked except by two or more creatures.),ORI,"He has the biggest bashing stick, so it's a safe bet he's the leader.",normal,398606,3,2,Common,"Goblin,Warrior",Creature
Call of the Full Moon,{1}{R},2,R,Nils Hamm,134,Enchantment — Aura,"Enchant creature\nEnchanted creature gets +3/+2 and has trample. (It can deal excess combat damage to defending player or planeswalker while attacking.)\nAt the beginning of each upkeep, if a player cast two or more spells last turn, sacrifice Call of the Full Moon.",ORI,,normal,398457,,,Uncommon,Aura,Enchantment
"Chandra, Fire of Kaladesh",{1}{R}{R},3,R,Eric Deschamps,135a,Legendary Creature — Human Shaman,"Whenever you cast a red spell, untap Chandra, Fire of Kaladesh.\n{T}: Chandra, Fire of Kaladesh deals 1 damage to target player. If Chandra has dealt 3 or more damage this turn, exile her, then return her to the battlefield transformed under her owner's control.",ORI,,double-faced,398422,2,2,Mythic Rare,"Human,Shaman",Creature
"Chandra, Roaring Flame",,3,R,Eric Deschamps,135b,Planeswalker — Chandra,"+1: Chandra, Roaring Flame deals 2 damage to target player.\n−2: Chandra, Roaring Flame deals 2 damage to target creature.\n−7: Chandra, Roaring Flame deals 6 damage to each opponent. Each player dealt damage this way gets an emblem with ""At the beginning of your upkeep, this emblem deals 3 damage to you.""",ORI,,double-faced,398423,,,Mythic Rare,Chandra,Planeswalker
Chandra's Fury,{4}{R},5,R,Volkan Baga,136,Instant,Chandra's Fury deals 4 damage to target player and 1 damage to each creature that player controls.,"pMEI,M13,ORI","""They started it.""",normal,398632,,,Common,,Instant
Chandra's Ignition,{3}{R}{R},5,R,Eric Deschamps,137,Sorcery,Target creature you control deals damage equal to its power to each other creature and each opponent.,ORI,"In the moment before her execution, she realized what it meant to be a pyromancer, to be alive, to be Chandra.",normal,398416,,,Rare,,Sorcery
Cobblebrute,{3}{R},4,R,Eytan Zana,138,Creature — Elemental,,"RTR,ORI",Ravnica's most ancient streets take on a life of their own. A few have decided to move to nicer neighborhoods.,normal,398616,5,2,Common,Elemental,Creature
Demolish,{3}{R},4,R,John Avon,139,Sorcery,Destroy target artifact or land.,"ODY,8ED,9ED,10E,ZEN,M11,AVR,M14,THS,ORI",Nothing of nature nor of mortals can stand forever.,normal,398486,,,Common,,Sorcery
Dragon Fodder,{1}{R},2,R,Jaime Jones,140,Sorcery,Put two 1/1 red Goblin creature tokens onto the battlefield.,"pMEI,ALA,ARC,DDG,DTK,ORI",Goblins journey to the sacrificial peaks in pairs so that the rare survivor might be able to relate the details of the other's grisly demise.,normal,398647,,,Common,,Sorcery
Embermaw Hellion,{3}{R}{R},5,R,James Paick,141,Creature — Hellion,"Trample (This creature can deal excess combat damage to defending player or planeswalker while attacking.)\nIf another red source you control would deal damage to a permanent or player, it deals that much damage plus 1 to that permanent or player instead.",ORI,,normal,398576,4,5,Rare,Hellion,Creature
Enthralling Victor,{3}{R},4,R,Winona Nelson,142,Creature — Human Warrior,"When Enthralling Victor enters the battlefield, gain control of target creature an opponent controls with power 2 or less until end of turn. Untap that creature. It gains haste until end of turn. (It can attack and {T} this turn.)",ORI,"If you stare at the sun for too long, you'll lose your ability to see clearly.",normal,398493,3,2,Uncommon,"Human,Warrior",Creature
Exquisite Firecraft,{1}{R}{R},3,R,Chase Stone,143,Sorcery,"Exquisite Firecraft deals 4 damage to target creature or player.\nSpell mastery — If there are two or more instant and/or sorcery cards in your graveyard, Exquisite Firecraft can't be countered by spells or abilities.",ORI,Chandra's gift set her apart and others aflame.,normal,398513,,,Rare,,Sorcery
Fiery Conclusion,{1}{R},2,R,Paolo Parente,144,Instant,"As an additional cost to cast Fiery Conclusion, sacrifice a creature.\nFiery Conclusion deals 5 damage to target creature.","RAV,PC2,ORI","The Boros legionnaire saw a noble sacrifice, the Rakdos thug a blazing suicide, and the Izzet alchemist an experiment gone awry.",normal,398497,,,Uncommon,,Instant
Fiery Impulse,{R},1,R,Daarken,145,Instant,"Fiery Impulse deals 2 damage to target creature.\nSpell mastery — If there are two or more instant and/or sorcery cards in your graveyard, Fiery Impulse deals 3 damage to that creature instead.",ORI,"""Well, this got out of hand.""",normal,398516,,,Common,,Instant
Firefiend Elemental,{3}{R},4,R,Torstein Nordstrand,146,Creature — Elemental,"Haste (This creature can attack and {T} as soon as it comes under your control.)\nRenown 1 (When this creature deals combat damage to a player, if it isn't renowned, put a +1/+1 counter on it and it becomes renowned.)",ORI,,normal,398590,3,2,Common,Elemental,Creature
Flameshadow Conjuring,{3}{R},4,R,Seb McKinnon,147,Enchantment,"Whenever a nontoken creature enters the battlefield under your control, you may pay {R}. If you do, put a token onto the battlefield that's a copy of that creature. That token gains haste. Exile it at the beginning of the next end step.",ORI,,normal,398547,,,Rare,,Enchantment
Ghirapur Æther Grid,{2}{R},3,R,Cynthia Sheppard,148,Enchantment,Tap two untapped artifacts you control: Ghirapur Æther Grid deals 1 damage to target creature or player.,ORI,"The city of Ghirapur is a living thing, and living things defend themselves.",normal,398517,,,Uncommon,,Enchantment
Ghirapur Gearcrafter,{2}{R},3,R,Victor Adame Minguez,149,Creature — Human Artificer,"When Ghirapur Gearcrafter enters the battlefield, put a 1/1 colorless Thopter artifact creature token with flying onto the battlefield. (A creature with flying can't be blocked except by creatures with flying or reach.)",ORI,The metal must be pure. The hand must be steady. The product must be perfect.,normal,398681,2,1,Common,"Human,Artificer",Creature
Goblin Glory Chaser,{R},1,R,Greg Staples,150,Creature — Goblin Warrior,"Renown 1 (When this creature deals combat damage to a player, if it isn't renowned, put a +1/+1 counter on it and it becomes renowned.)\nAs long as Goblin Glory Chaser is renowned, it has menace. (It can't be blocked except by two or more creatures.)",ORI,,normal,398598,1,1,Uncommon,"Goblin,Warrior",Creature
Goblin Piledriver,{1}{R},2,R,Matt Cavotta,151,Creature — Goblin Warrior,"Protection from blue (This creature can't be blocked, targeted, dealt damage, or enchanted by anything blue.)\nWhenever Goblin Piledriver attacks, it gets +2/+0 until end of turn for each other attacking Goblin.","pJGP,ONS,VMA,ORI",,normal,398537,1,2,Rare,"Goblin,Warrior",Creature
Infectious Bloodlust,{1}{R},2,R,Zoltan Boros,152,Enchantment — Aura,"Enchant creature\nEnchanted creature gets +2/+1, has haste, and attacks each turn if able.\nWhen enchanted creature dies, you may search your library for a card named Infectious Bloodlust, reveal it, put it into your hand, then shuffle your library.",ORI,,normal,398582,,,Common,Aura,Enchantment
Lightning Javelin,{3}{R},4,R,Seb McKinnon,153,Sorcery,Lightning Javelin deals 3 damage to target creature or player. Scry 1. (Look at the top card of your library. You may put that card on the bottom of your library.),ORI,"The harpies descended without mercy upon Akros, only to find their attack put them within range of the javelineers.",normal,398538,,,Common,,Sorcery
Mage-Ring Bully,{1}{R},2,R,Karl Kopinski,154,Creature — Human Warrior,"Prowess (Whenever you cast a noncreature spell, this creature gets +1/+1 until end of turn.)\nMage-Ring Bully attacks each turn if able.",ORI,"""Don't be rude, Beleren. We just want to enjoy the view with you.""",normal,398426,2,2,Common,"Human,Warrior",Creature
Magmatic Insight,{R},1,R,Ryan Barger,155,Sorcery,"As an additional cost to cast Magmatic Insight, discard a land card.\nDraw two cards.",ORI,Chief among the tenets of Purphoros is that one must destroy in order to create.,normal,398496,,,Uncommon,,Sorcery
Molten Vortex,{R},1,R,Philip Straub,156,Enchantment,"{R}, Discard a land card: Molten Vortex deals 2 damage to target creature or player.",ORI,"If you can't take the heat . . . well, that's going to be a problem.",normal,398649,,,Rare,,Enchantment
Pia and Kiran Nalaar,{2}{R}{R},4,R,Eric Deschamps,157,Legendary Creature — Human Artificer,"When Pia and Kiran Nalaar enters the battlefield, put two 1/1 colorless Thopter artifact creature tokens with flying onto the battlefield.\n{2}{R}, Sacrifice an artifact: Pia and Kiran Nalaar deals 2 damage to target creature or player.",ORI,,normal,398453,2,2,Rare,"Human,Artificer",Creature
Prickleboar,{4}{R},5,R,Jesper Ejsing,158,Creature — Boar,"As long as it's your turn, Prickleboar gets +2/+0 and has first strike. (It deals combat damage before creatures without first strike.)",ORI,"""Canyons in the Phoberos badlands are essentially gates to the Underworld.""—Mirinthes, Akroan captain",normal,398449,3,3,Common,Boar,Creature
Ravaging Blaze,{X}{R}{R},2,R,Aleksi Briclot,159,Instant,"Ravaging Blaze deals X damage to target creature. \nSpell mastery — If there are two or more instant and/or sorcery cards in your graveyard, Ravaging Blaze also deals X damage to that creature's controller.",ORI,"In time, not even the fire monks could keep up with Chandra.",normal,398601,,,Uncommon,,Instant
Scab-Clan Berserker,{1}{R}{R},3,R,Dave Kendall,160,Creature — Human Berserker,"Haste\nRenown 1 (When this creature deals combat damage to a player, if it isn't renowned, put a +1/+1 counter on it and it becomes renowned.)\nWhenever an opponent casts a noncreature spell, if Scab-Clan Berserker is renowned, Scab-Clan Berserker deals 2 damage to that player.",ORI,,normal,398461,2,2,Rare,"Human,Berserker",Creature
Seismic Elemental,{3}{R}{R},5,R,Jasper Sandner,161,Creature — Elemental,"When Seismic Elemental enters the battlefield, creatures without flying can't block this turn.",ORI,"""Trying to stop it would be foolish. If you feel it coming—run!""—Sergeant Ryda",normal,398579,4,4,Uncommon,Elemental,Creature
Skyraker Giant,{2}{R}{R},4,R,Anastasia Ovchinnikova,162,Creature — Giant,Reach (This creature can block creatures with flying.),ORI,She will not be content until hers is the highest head in the sky.,normal,398430,4,3,Uncommon,Giant,Creature
Smash to Smithereens,{1}{R},2,R,Pete Venters,163,Instant,Destroy target artifact. Smash to Smithereens deals 3 damage to that artifact's controller.,"SHM,MM2,ORI","The giant Tarvik dreamed that trinkets and machines caused all the world's woe. When he awoke from his troubled sleep, he took the name Tarvik Relicsmasher.",normal,398669,,,Common,,Instant
Subterranean Scout,{1}{R},2,R,Lucas Graciano,164,Creature — Goblin Scout,"When Subterranean Scout enters the battlefield, target creature with power 2 or less can't be blocked this turn.",ORI,"When things get ugly above ground, goblins resort to alternate routes of passage.",normal,398458,2,1,Common,"Goblin,Scout",Creature
Thopter Engineer,{2}{R},3,R,Steve Prescott,165,Creature — Human Artificer,"When Thopter Engineer enters the battlefield, put a 1/1 colorless Thopter artifact creature token with flying onto the battlefield.\nArtifact creatures you control have haste. (They can attack and {T} as soon as they come under your control.)",ORI,,normal,398514,1,3,Uncommon,"Human,Artificer",Creature
Titan's Strength,{R},1,R,Karl Kopinski,166,Instant,Target creature gets +3/+1 until end of turn. Scry 1. (Look at the top card of your library. You may put that card on the bottom of your library.),"THS,ORI",,normal,398680,,,Common,,Instant
Volcanic Rambler,{5}{R},6,R,Vincent Proce,167,Creature — Elemental,{2}{R}: Volcanic Rambler deals 1 damage to target player.,ORI,It moves through lava with the force of an erupting volcano.,normal,398636,6,4,Common,Elemental,Creature
Aerial Volley,{G},1,G,Lake Hurwitz,168,Instant,"Aerial Volley deals 3 damage divided as you choose among one, two, or three target creatures with flying.",ORI,"Drakes can swerve to avoid a single arrow, but they can't dodge the whole sky.",normal,398565,,,Common,,Instant
Animist's Awakening,{X}{G},1,G,Chris Rahn,169,Sorcery,"Reveal the top X cards of your library. Put all land cards from among them onto the battlefield tapped and the rest on the bottom of your library in a random order.\nSpell mastery — If there are two or more instant and/or sorcery cards in your graveyard, untap those lands.",ORI,,normal,398437,,,Rare,,Sorcery
Caustic Caterpillar,{G},1,G,Jack Wang,170,Creature — Insect,"{1}{G}, Sacrifice Caustic Caterpillar: Destroy target artifact or enchantment.",ORI,"""The rare and beautiful butterflies inspire the design of our thopters. The larvae, however, are a different story entirely.""—Kiran Nalaar, Ghirapur inventor",normal,398409,1,1,Common,Insect,Creature
Conclave Naturalists,{4}{G},5,G,Howard Lyon,171,Creature — Dryad,"When Conclave Naturalists enters the battlefield, you may destroy target artifact or enchantment.",ORI,"""Your swords and wards have no power here.""",normal,398419,4,4,Uncommon,Dryad,Creature
"Dwynen, Gilt-Leaf Daen",{2}{G}{G},4,G,Johannes Voss,172,Legendary Creature — Elf Warrior,"Reach\nOther Elf creatures you control get +1/+1.\nWhenever Dwynen, Gilt-Leaf Daen attacks, you gain 1 life for each attacking Elf you control.",ORI,"""This is our land. We will not allow eyeblights to poison its beauty.""",normal,398546,3,4,Rare,"Elf,Warrior",Creature
Dwynen's Elite,{1}{G},2,G,Lius Lasahido,173,Creature — Elf Warrior,"When Dwynen's Elite enters the battlefield, if you control another Elf, put a 1/1 green Elf Warrior creature token onto the battlefield.",ORI,"""Come, my beautiful brothers and sisters. Let us hunt.""—Dwynen, Gilt-Leaf daen",normal,398609,2,2,Uncommon,"Elf,Warrior",Creature
Elemental Bond,{2}{G},3,G,David Gaillet,174,Enchantment,"Whenever a creature with power 3 or greater enters the battlefield under your control, draw a card.",ORI,"""I want to help Zendikar. Show me the way.""—Nissa Revane",normal,398406,,,Uncommon,,Enchantment
Elvish Visionary,{1}{G},2,G,D. Alexander Gregory,175,Creature — Elf Shaman,"When Elvish Visionary enters the battlefield, draw a card.","pFNM,ALA,M10,DPA,M13,C14,ORI,C15","""From a tiny sprout, the greatest trees grow and flourish. May the seeds of your mind be equally fruitful.""",normal,398554,1,1,Common,"Elf,Shaman",Creature
Evolutionary Leap,{1}{G},2,G,Chris Rahn,176,Enchantment,"{G}, Sacrifice a creature: Reveal cards from the top of your library until you reveal a creature card. Put that card into your hand and the rest on the bottom of your library in a random order.",ORI,The essence of nature is change.,normal,398573,,,Rare,,Enchantment
Gaea's Revenge,{5}{G}{G},7,G,Kekai Kotaki,177,Creature — Elemental,Gaea's Revenge can't be countered.\nHaste\nGaea's Revenge can't be the target of nongreen spells or abilities from nongreen sources.,"M11,ORI",,normal,398501,8,5,Rare,Elemental,Creature
Gather the Pack,{1}{G},2,G,Igor Kieryluk,178,Sorcery,"Reveal the top five cards of your library. You may put a creature card from among them into your hand. Put the rest into your graveyard.\nSpell mastery — If there are two or more instant and/or sorcery cards in your graveyard, put up to two creature cards from among the revealed cards into your hand instead of one.",ORI,,normal,398448,,,Uncommon,,Sorcery
The Great Aurora,{6}{G}{G}{G},9,G,Sam Burley,179,Sorcery,"Each player shuffles all cards from his or her hand and all permanents he or she owns into his or her library, then draws that many cards. Each player may put any number of land cards from his or her hand onto the battlefield. Exile The Great Aurora.",ORI,,normal,398679,,,Mythic Rare,,Sorcery
Herald of the Pantheon,{1}{G},2,G,Jason A. Engle,180,Creature — Centaur Shaman,"Enchantment spells you cast cost {1} less to cast.\nWhenever you cast an enchantment spell, you gain 1 life.",ORI,The distinction of bearing the gods' banner is nothing compared to the glory of being closer to Nyx.,normal,398460,2,2,Rare,"Centaur,Shaman",Creature
Hitchclaw Recluse,{2}{G},3,G,Jeff Simpson,181,Creature — Spider,Reach (This creature can block creatures with flying.),ORI,Not all spiders need webs to catch their prey.,normal,398676,1,4,Common,Spider,Creature
Honored Hierarch,{G},1,G,Matt Stewart,182,Creature — Human Druid,"Renown 1 (When this creature deals combat damage to a player, if it isn't renowned, put a +1/+1 counter on it and it becomes renowned.)\nAs long as Honored Hierarch is renowned, it has vigilance and ""{T}: Add one mana of any color to your mana pool.""",ORI,,normal,398450,1,1,Rare,"Human,Druid",Creature
Joraga Invocation,{4}{G}{G},6,G,Kieran Yanner,183,Sorcery,Each creature you control gets +3/+3 until end of turn and must be blocked this turn if able.,ORI,"""A single tree does not a forest make. We are stronger when we stand together.""—Numa, Joraga chieftain",normal,398642,,,Uncommon,,Sorcery
Leaf Gilder,{1}{G},2,G,Quinton Hoover,184,Creature — Elf Druid,{T}: Add {G} to your mana pool.,"LRW,ARC,ORI","Eidren, perfect of Lys Alana, ordered hundreds of trees uprooted and rearranged into a pattern he deemed beautiful. Thus the Gilt-Leaf Wood was born.",normal,398634,2,1,Common,"Elf,Druid",Creature
Llanowar Empath,{3}{G},4,G,Warren Mahy,185,Creature — Elf Shaman,"When Llanowar Empath enters the battlefield, scry 2, then reveal the top card of your library. If it's a creature card, put it into your hand. (To scry 2, look at the top two cards of your library, then put any number of them on the bottom of your library and the rest on top in any order.)","FUT,ORI",,normal,398482,2,2,Common,"Elf,Shaman",Creature
Managorger Hydra,{2}{G},3,G,Lucas Graciano,186,Creature — Hydra,"Trample (This creature can deal excess combat damage to defending player or planeswalker while attacking.)\nWhenever a player casts a spell, put a +1/+1 counter on Managorger Hydra.",ORI,,normal,398456,1,1,Rare,Hydra,Creature
Mantle of Webs,{1}{G},2,G,Mathias Kollros,187,Enchantment — Aura,Enchant creature\nEnchanted creature gets +1/+3 and has reach. (It can block creatures with flying.),ORI,"""Why does everything the Golgari touch end up sticky?""—Arrester Lavinia, Tenth Precinct",normal,398577,,,Common,Aura,Enchantment
Might of the Masses,{G},1,G,Johann Bodin,188,Instant,Target creature gets +1/+1 until end of turn for each creature you control.,"ROE,ORI","The Joraga elves never need ask a troll to leave their territory. They merely grant it their combined strength, and it can't resist embarking on a merry rampage.",normal,398662,,,Common,,Instant
"Nissa, Vastwood Seer",{2}{G},3,G,Wesley Burt,189a,Legendary Creature — Elf Scout,"When Nissa, Vastwood Seer enters the battlefield, you may search your library for a basic Forest card, reveal it, put it into your hand, then shuffle your library.\nWhenever a land enters the battlefield under your control, if you control seven or more lands, exile Nissa, then return her to the battlefield transformed under her owner's control.",ORI,,double-faced,398438,2,2,Mythic Rare,"Elf,Scout",Creature
"Nissa, Sage Animist",,3,G,Wesley Burt,189b,Planeswalker — Nissa,"+1: Reveal the top card of your library. If it's a land card, put it onto the battlefield. Otherwise, put it into your hand.\n−2: Put a legendary 4/4 green Elemental creature token named Ashaya, the Awoken World onto the battlefield.\n−7: Untap up to six target lands. They become 6/6 Elemental creatures. They're still lands.",ORI,,double-faced,398432,,,Mythic Rare,Nissa,Planeswalker
Nissa's Pilgrimage,{2}{G},3,G,Matt Stewart,190,Sorcery,"Search your library for up to two basic Forest cards, reveal those cards, and put one onto the battlefield tapped and the rest into your hand. Then shuffle your library.\nSpell mastery — If there are two or more instant and/or sorcery cards in your graveyard, search your library for up to three basic Forest cards instead of two.",ORI,,normal,398593,,,Common,,Sorcery
Nissa's Revelation,{5}{G}{G},7,G,Izzy,191,Sorcery,"Scry 5, then reveal the top card of your library. If it's a creature card, you draw cards equal to its power and you gain life equal to its toughness.",ORI,The evil inside the mountain pulsed at Nissa in a shock wave of madness.,normal,398506,,,Rare,,Sorcery
Orchard Spirit,{2}{G},3,G,Howard Lyon,192,Creature — Spirit,Orchard Spirit can't be blocked except by creatures with flying or reach.,"ISD,ORI","""Pick not the rotten fruit, but neither touch the best. Leave those as an offering for our unseen guests.""—Radwick, farmer of Gatstaf",normal,398644,2,2,Common,Spirit,Creature
Outland Colossus,{3}{G}{G},5,G,Ryan Pancoast,193,Creature — Giant,"Renown 6 (When this creature deals combat damage to a player, if it isn't renowned, put six +1/+1 counters on it and it becomes renowned.)\nOutland Colossus can't be blocked by more than one creature.",ORI,,normal,398668,6,6,Rare,Giant,Creature
Pharika's Disciple,{3}{G},4,G,Karl Kopinski,194,Creature — Centaur Warrior,"Deathtouch (Any amount of damage this deals to a creature is enough to destroy it.)\nRenown 1 (When this creature deals combat damage to a player, if it isn't renowned, put a +1/+1 counter on it and it becomes renowned.)",ORI,,normal,398531,2,3,Common,"Centaur,Warrior",Creature
Reclaim,{G},1,G,Andrew Robinson,195,Instant,Put target card from your graveyard on top of your library.,"EXO,7ED,9ED,M12,ORI",The wise pay as much attention to what they throw away as to what they keep.,normal,398543,,,Common,,Instant
Rhox Maulers,{4}{G},5,G,Zoltan Boros,196,Creature — Rhino Soldier,"Trample (This creature can deal excess combat damage to defending player or planeswalker while attacking.)\nRenown 2 (When this creature deals combat damage to a player, if it isn't renowned, put two +1/+1 counters on it and it becomes renowned.)",ORI,,normal,398663,4,4,Common,"Rhino,Soldier",Creature
Skysnare Spider,{4}{G}{G},6,G,Filip Burburan,197,Creature — Spider,Vigilance (Attacking doesn't cause this creature to tap.)\nReach (This creature can block creatures with flying.),ORI,The only thing more ill-tempered than a griffin in a web is the spider that must subdue it.,normal,398650,6,6,Uncommon,Spider,Creature
Somberwald Alpha,{3}{G},4,G,Filip Burburan,198,Creature — Wolf,"Whenever a creature you control becomes blocked, it gets +1/+1 until end of turn.\n{1}{G}: Target creature you control gains trample until end of turn. (It can deal excess combat damage to defending player or planeswalker while attacking.)",ORI,,normal,398626,3,2,Uncommon,Wolf,Creature
Sylvan Messenger,{3}{G},4,G,Anthony Palumbo,199,Creature — Elf,"Trample (This creature can deal excess combat damage to defending player or planeswalker while attacking.)\nWhen Sylvan Messenger enters the battlefield, reveal the top four cards of your library. Put all Elf cards revealed this way into your hand and the rest on the bottom of your library in any order.","APC,EVG,DD3_EVG,ORI",,normal,398651,2,2,Uncommon,Elf,Creature
Timberpack Wolf,{1}{G},2,G,John Avon,200,Creature — Wolf,Timberpack Wolf gets +1/+1 for each other creature you control named Timberpack Wolf.,"M13,ORI",Their strength is no mere numbers game. An intangible force augments the wolves when they run together.,normal,398445,2,2,Common,Wolf,Creature
Titanic Growth,{1}{G},2,G,Ryan Pancoast,201,Instant,Target creature gets +4/+4 until end of turn.,"M12,M13,M15,ORI",The massive dominate through might. The tiny survive with guile. Beware the tiny who become massive.,normal,398648,,,Common,,Instant
Undercity Troll,{1}{G},2,G,Jason Felix,202,Creature — Troll,"Renown 1 (When this creature deals combat damage to a player, if it isn't renowned, put a +1/+1 counter on it and it becomes renowned.)\n{2}{G}: Regenerate Undercity Troll. (The next time this creature would be destroyed this turn, it isn't. Instead tap it, remove all damage from it, and remove it from combat.)",ORI,,normal,398568,2,2,Uncommon,Troll,Creature
Valeron Wardens,{2}{G},3,G,Howard Lyon,203,Creature — Human Monk,"Renown 2 (When this creature deals combat damage to a player, if it isn't renowned, put two +1/+1 counters on it and it becomes renowned.)\nWhenever a creature you control becomes renowned, draw a card.",ORI,,normal,398447,1,3,Uncommon,"Human,Monk",Creature
Vastwood Gorger,{5}{G},6,G,Kieran Yanner,204,Creature — Wurm,,"ZEN,M12,M13,ORI","""A long and difficult incision revealed that all vital organs are housed in the head, save for a long chain of stomachs, forty in all, leading from its throat to the end of the tail.""—Mulak Ffar, Vastwood Biodiversity",normal,398469,5,6,Common,Wurm,Creature
Vine Snare,{2}{G},3,G,Igor Kieryluk,205,Instant,Prevent all combat damage that would be dealt this turn by creatures with power 4 or less.,ORI,Nissa found that the vines of the marsh could ensnare just as well as forest vines could—maybe even better.,normal,398658,,,Common,,Instant
Wild Instincts,{3}{G},4,G,Igor Kieryluk,206,Sorcery,Target creature you control gets +2/+2 until end of turn. It fights target creature an opponent controls. (Each deals damage equal to its power to the other.),ORI,"Nissa had only the space of a heartbeat to react, her instincts steering her blade.",normal,398508,,,Common,,Sorcery
Woodland Bellower,{4}{G}{G},6,G,Jasper Sandner,207,Creature — Beast,"When Woodland Bellower enters the battlefield, you may search your library for a nonlegendary green creature card with converted mana cost 3 or less, put it onto the battlefield, then shuffle your library.",ORI,,normal,398511,6,5,Mythic Rare,Beast,Creature
Yeva's Forcemage,{2}{G},3,G,Eric Deschamps,208,Creature — Elf Shaman,"When Yeva's Forcemage enters the battlefield, target creature gets +2/+2 until end of turn.","M13,ORI","""Nature can't be stopped. It rips and tears at Ravnica's tallest buildings to claim its place in the sun.""",normal,398424,2,2,Common,"Elf,Shaman",Creature
Zendikar's Roil,{3}{G}{G},5,G,Sam Burley,209,Enchantment,"Whenever a land enters the battlefield under your control, put a 2/2 green Elemental creature token onto the battlefield.",ORI,"""I was wrong. Zendikar isn't after me. It isn't after any of us. It's not evil or vengeful. It's magnificent . . . but it's in pain.""—Nissa Revane",normal,398518,,,Uncommon,,Enchantment
Blazing Hellhound,{2}{B}{R},4,"B,R",Eric Velhagen,210,Creature — Elemental Hound,"{1}, Sacrifice another creature: Blazing Hellhound deals 1 damage to target creature or player.",ORI,It tears the flesh from your bones and then swallows the ash with its fiery maw.,normal,398660,4,3,Uncommon,"Elemental,Hound",Creature
Blood-Cursed Knight,{1}{W}{B},3,"W,B",Winona Nelson,211,Creature — Vampire Knight,"As long as you control an enchantment, Blood-Cursed Knight gets +1/+1 and has lifelink. (Damage dealt by this creature also causes you to gain that much life.)",ORI,"""The bloodlust shall not control me, for my oath is my greatest compulsion.""",normal,398527,3,2,Uncommon,"Vampire,Knight",Creature
Bounding Krasis,{1}{G}{U},3,"U,G",Jack Wang,212,Creature — Fish Lizard,"Flash (You may cast this spell any time you could cast an instant.)\nWhen Bounding Krasis enters the battlefield, you may tap or untap target creature.",ORI,Unpredictable as a storm and destructive as a tidal wave.,normal,398635,3,3,Uncommon,"Fish,Lizard",Creature
Citadel Castellan,{1}{G}{W},3,"W,G",Anastasia Ovchinnikova,213,Creature — Human Knight,"Vigilance (Attacking doesn't cause this creature to tap.)\nRenown 2 (When this creature deals combat damage to a player, if it isn't renowned, put two +1/+1 counters on it and it becomes renowned.)",ORI,"""I am the first line of defense. You will not encounter the second.""",normal,398672,2,3,Uncommon,"Human,Knight",Creature
Iroas's Champion,{1}{R}{W},3,"W,R",Marco Nelor,214,Creature — Human Soldier,Double strike (This creature deals both first-strike and regular combat damage.),ORI,"Accustomed to battling before an audience in the arena, Iroas's champions know how to put on a good show.",normal,398653,2,2,Uncommon,"Human,Soldier",Creature
Possessed Skaab,{3}{U}{B},5,"U,B",John Stanko,215,Creature — Zombie,"When Possessed Skaab enters the battlefield, return target instant, sorcery, or creature card from your graveyard to your hand.\nIf Possessed Skaab would die, exile it instead.",ORI,A stitcher's attempt at a skaab with a soul.,normal,398657,3,2,Uncommon,Zombie,Creature
Reclusive Artificer,{2}{U}{R},4,"U,R",Cynthia Sheppard,216,Creature — Human Artificer,"Haste (This creature can attack and {T} as soon as it comes under your control.)\nWhen Reclusive Artificer enters the battlefield, you may have it deal damage to target creature equal to the number of artifacts you control.",ORI,,normal,398521,2,3,Uncommon,"Human,Artificer",Creature
Shaman of the Pack,{1}{B}{G},3,"B,G",Dan Scott,217,Creature — Elf Shaman,"When Shaman of the Pack enters the battlefield, target opponent loses life equal to the number of Elves you control.","ORI,EMA","To the elves, her spear is a compass; to the boggarts, a harbinger of doom.",normal,398489,3,2,Uncommon,"Elf,Shaman",Creature
Thunderclap Wyvern,{2}{W}{U},4,"W,U",Jason Felix,218,Creature — Drake,Flash (You may cast this spell any time you could cast an instant.)\nFlying\nOther creatures you control with flying get +1/+1.,"ORI,EMA",Thunder doesn't always mean rain. Sometimes it means ruin.,normal,398655,2,3,Uncommon,Drake,Creature
Zendikar Incarnate,{2}{R}{G},4,"R,G",Lucas Graciano,219,Creature — Elemental,Zendikar Incarnate's power is equal to the number of lands you control.,ORI,"""Her people angered Zendikar, and they faced the land's wrath. That is why Nissa is the last of the animists.""—Numa, Joraga chieftain",normal,398661,*,4,Uncommon,Elemental,Creature
Alchemist's Vial,{2},2,,Lindsey Look,220,Artifact,"When Alchemist's Vial enters the battlefield, draw a card.\n{1}, {T}, Sacrifice Alchemist's Vial: Target creature can't attack or block this turn.",ORI,A weapon best suited for those with good aim and steady hands.,normal,398640,,,Common,,Artifact
Alhammarret's Archive,{5},5,,Richard Wright,221,Legendary Artifact,"If you would gain life, you gain twice that much life instead.\nIf you would draw a card except the first one you draw in each of your draw steps, draw two cards instead.",ORI,"It contains the totality of Alhammarret's notes, theories, and ponderings.",normal,398564,,,Mythic Rare,,Artifact
Angel's Tomb,{3},3,,Dan Scott,222,Artifact,"Whenever a creature enters the battlefield under your control, you may have Angel's Tomb become a 3/3 white Angel artifact creature with flying until end of turn.","AVR,ORI","""Faith can quicken the stones themselves with life.""—Writings of Mikaeus",normal,398418,,,Uncommon,,Artifact
Bonded Construct,{1},1,,Craig J Spearing,223,Artifact Creature — Construct,Bonded Construct can't attack alone.,ORI,"Loyal to a fault, it heeds its master's every command.",normal,398665,2,1,Common,Construct,"Artifact,Creature"
Brawler's Plate,{3},3,,Jung Park,224,Artifact — Equipment,Equipped creature gets +2/+2 and has trample. (It can deal excess combat damage to defending player or planeswalker while attacking.)\nEquip {4} ({4}: Attach to target creature you control. Equip only as a sorcery.),"M15,ORI",,normal,398532,,,Uncommon,Equipment,Artifact
Chief of the Foundry,{3},3,,Daniel Ljunggren,225,Artifact Creature — Construct,Other artifact creatures you control get +1/+1.,ORI,The foundries of Kaladesh run like clockwork under the supervision of their formidable overseers.,normal,398581,2,3,Uncommon,Construct,"Artifact,Creature"
Gold-Forged Sentinel,{6},6,,James Zapata,226,Artifact Creature — Chimera,Flying,"JOU,ORI",Blessed by the gods. Coveted by mortals. Beholden to neither.,normal,398585,4,4,Uncommon,Chimera,"Artifact,Creature"
Guardian Automaton,{4},4,,Vincent Proce,227,Artifact Creature — Construct,"When Guardian Automaton dies, you gain 3 life.",ORI,"The wealthy in the city of Ghirapur outfit their lives with grand machines, entrusting even their children to filigree and gears.",normal,398509,3,3,Common,Construct,"Artifact,Creature"
Guardians of Meletis,{3},3,,Magali Villeneuve,228,Artifact Creature — Golem,Defender (This creature can't attack.),"THS,ORI","The histories speak of two feuding rulers whose deaths were celebrated and whose monuments symbolized the end of their wars. In truth they were peaceful lovers, their story lost to the ages.",normal,398553,0,6,Common,Golem,"Artifact,Creature"
Hangarback Walker,{X}{X},,,Daarken,229,Artifact Creature — Construct,"Hangarback Walker enters the battlefield with X +1/+1 counters on it.\nWhen Hangarback Walker dies, put a 1/1 colorless Thopter artifact creature token with flying onto the battlefield for each +1/+1 counter on Hangarback Walker.\n{1}, {T}: Put a +1/+1 counter on Hangarback Walker.",ORI,,normal,398572,0,0,Rare,Construct,"Artifact,Creature"
Helm of the Gods,{1},1,,Anthony Palumbo,230,Artifact — Equipment,Equipped creature gets +1/+1 for each enchantment you control.\nEquip {1} ({1}: Attach to target creature you control. Equip only as a sorcery.),ORI,Its blessings are as numerous as the stars of Nyx.,normal,398588,,,Rare,Equipment,Artifact
Jayemdae Tome,{4},4,,Donato Giancola,231,Artifact,"{4}, {T}: Draw a card.","LEA,LEB,2ED,CED,CEI,3ED,4ED,RQS,ITP,5ED,6ED,7ED,8ED,10E,M13,ORI","A true scribe devotes an entire lifetime to the creation of a single volume, a masterpiece as unique as its maker.",normal,398530,,,Uncommon,,Artifact
Mage-Ring Responder,{7},7,,Adam Paquette,232,Artifact Creature — Golem,"Mage-Ring Responder doesn't untap during your untap step.\n{7}: Untap Mage-Ring Responder.\nWhenever Mage-Ring Responder attacks, it deals 7 damage to target creature defending player controls.",ORI,,normal,398620,7,7,Rare,Golem,"Artifact,Creature"
Meteorite,{5},5,,Scott Murphy,233,Artifact,"When Meteorite enters the battlefield, it deals 2 damage to target creature or player.\n{T}: Add one mana of any color to your mana pool.","M15,ORI","""And if I'm lying,"" he began . . .",normal,398499,,,Uncommon,,Artifact
Orbs of Warding,{5},5,,Johann Bodin,234,Artifact,"You have hexproof. (You can't be the target of spells or abilities your opponents control.)\nIf a creature would deal damage to you, prevent 1 of that damage.",ORI,"One orb to guard the body, one to protect the mind, and one to shield the soul.",normal,398551,,,Rare,,Artifact
Prism Ring,{1},1,,Daniel Ljunggren,235,Artifact,"As Prism Ring enters the battlefield, choose a color.\nWhenever you cast a spell of the chosen color, you gain 1 life.",ORI,Wear it on your dominant hand and it will follow your lead.,normal,398646,,,Uncommon,,Artifact
Pyromancer's Goggles,{5},5,R,James Paick,236,Legendary Artifact,"{T}: Add {R} to your mana pool. When that mana is spent to cast a red instant or sorcery spell, copy that spell and you may choose new targets for the copy.",ORI,"""I hope to meet Jaya Ballard someday. I think we'd get along.""—Chandra Nalaar",normal,398427,,,Mythic Rare,,Artifact
Ramroller,{3},3,,Craig J Spearing,237,Artifact Creature — Juggernaut,Ramroller attacks each turn if able.\nRamroller gets +2/+0 as long as you control another artifact.,ORI,As unstoppable as it is unsteerable.,normal,398467,2,3,Uncommon,Juggernaut,"Artifact,Creature"
Runed Servitor,{2},2,,Mike Bierek,238,Artifact Creature — Construct,"When Runed Servitor dies, each player draws a card.","ROE,DDF,CNS,MM2,ORI,DDP",Scholars had puzzled for centuries over the ruins at Tal Terig. Its secrets had always lived within one rune-carved head.,normal,398643,2,2,Uncommon,Construct,"Artifact,Creature"
Sigil of Valor,{2},2,,Dan Scott,239,Artifact — Equipment,"Whenever equipped creature attacks alone, it gets +1/+1 until end of turn for each other creature you control.\nEquip {1} ({1}: Attach to target creature you control. Equip only as a sorcery.)",ORI,"With each honor he earns, Gideon paves the path to his redemption.",normal,398515,,,Uncommon,Equipment,Artifact
Sword of the Animist,{2},2,,Daniel Ljunggren,240,Legendary Artifact — Equipment,"Equipped creature gets +1/+1.\nWhenever equipped creature attacks, you may search your library for a basic land card, put it onto the battlefield tapped, then shuffle your library.\nEquip {2}",ORI,The blade glows only for Zendikar's chosen.,normal,398492,,,Rare,Equipment,Artifact
Throwing Knife,{2},2,,Mathias Kollros,241,Artifact — Equipment,"Equipped creature gets +2/+0.\nWhenever equipped creature attacks, you may sacrifice Throwing Knife. If you do, Throwing Knife deals 2 damage to target creature or player.\nEquip {2} ({2}: Attach to target creature you control. Equip only as a sorcery.)",ORI,,normal,398595,,,Uncommon,Equipment,Artifact
Veteran's Sidearm,{2},2,,Aaron Miller,242,Artifact — Equipment,Equipped creature gets +1/+1.\nEquip {1} ({1}: Attach to target creature you control. Equip only as a sorcery.),ORI,"""I've broken three swords, eighteen lances, and countless shields, but this little blade has survived every battle, just like I have.""",normal,398498,,,Common,Equipment,Artifact
War Horn,{3},3,,Lars Grant-West,243,Artifact,Attacking creatures you control get +1/+0.,ORI,"The reverberations course through the warriors' veins, beat with their hearts, and pound with their footfalls as they charge into battle.",normal,398673,,,Uncommon,,Artifact
Battlefield Forge,,,"R,W",Darrell Riche,244,Land,{T}: Add {C} to your mana pool.\n{T}: Add {R} or {W} to your mana pool. Battlefield Forge deals 1 damage to you.,"APC,9ED,10E,M15,ORI",,normal,398417,,,Rare,,Land
Caves of Koilos,,,"W,B",Jim Nelson,245,Land,{T}: Add {C} to your mana pool.\n{T}: Add {W} or {B} to your mana pool. Caves of Koilos deals 1 damage to you.,"APC,9ED,10E,MD1,M15,ORI",,normal,398504,,,Rare,,Land
Evolving Wilds,,,,Steven Belledin,246,Land,"{T}, Sacrifice Evolving Wilds: Search your library for a basic land card and put it onto the battlefield tapped. Then shuffle your library.","pMEI,pFNM,ROE,CMD,DDH,DKA,M13,DDK,C13,M15,DDN,C14,DDO,DTK,MM2,ORI,DDP,BFZ,C15","Without the interfering hands of civilization, nature will always shape itself to its own needs.",normal,398548,,,Common,,Land
Foundry of the Consuls,,,,Sam Burley,247,Land,"{T}: Add {C} to your mana pool.\n{5}, {T}, Sacrifice Foundry of the Consuls: Put two 1/1 colorless Thopter artifact creature tokens with flying onto the battlefield.",ORI,"All around the foundry, automatons unhitched themselves from their mounts and pivoted to face Chandra.",normal,398613,,,Uncommon,,Land
Llanowar Wastes,,,"B,G",Rob Alexander,248,Land,{T}: Add {C} to your mana pool.\n{T}: Add {B} or {G} to your mana pool. Llanowar Wastes deals 1 damage to you.,"APC,9ED,10E,M15,ORI",,normal,398589,,,Rare,,Land
Mage-Ring Network,,,,Jung Park,249,Land,"{T}: Add {C} to your mana pool.\n{1}, {T}: Put a storage counter on Mage-Ring Network.\n{T}, Remove any number of storage counters from Mage-Ring Network: Add {C} to your mana pool for each storage counter removed this way.",ORI,,normal,398533,,,Uncommon,,Land
Rogue's Passage,,,,Christine Choi,250,Land,"{T}: Add {C} to your mana pool.\n{4}, {T}: Target creature can't be blocked this turn.","RTR,DDM,ORI,C15",Rumors quickly spread among thieves about a labyrinth without walls and a prize beyond all measures of worth.,normal,398523,,,Uncommon,,Land
Shivan Reef,,,"U,R",Rob Alexander,251,Land,{T}: Add {C} to your mana pool.\n{T}: Add {U} or {R} to your mana pool. Shivan Reef deals 1 damage to you.,"APC,9ED,10E,M15,ORI",,normal,398444,,,Rare,,Land
Yavimaya Coast,,,"G,U",Anthony S. Waters,252,Land,{T}: Add {C} to your mana pool.\n{T}: Add {G} or {U} to your mana pool. Yavimaya Coast deals 1 damage to you.,"APC,9ED,10E,M15,ORI",,normal,398566,,,Rare,,Land
Plains,,,W,Michael Komarck,253,Basic Land — Plains,,"LEA,LEB,2ED,CED,CEI,3ED,4ED,ICE,RQS,pARL,MIR,ITP,5ED,POR,pPRE,TMP,pJGP,PO2,UGL,pALP,USG,ATH,6ED,PTK,S99,pGRU,MMQ,BRB,pELP,S00,INV,7ED,ODY,ONS,8ED,MRD,CHK,UNH,9ED,RAV,CST,TSP,10E,MED,LRW,SHM,ALA,DDC,M10,HOP,ME3,ZEN,H09,DDE,ROE,ARC,M11,DDF,SOM,MBS,DDG,NPH,CMD,M12,DDH,ISD,DDI,AVR,PC2,M13,RTR,DDK,M14,DDL,THS,C13,MD1,M15,DDN,KTK,C14,DD3_DVD,FRF,DDO,DTK,TPR,ORI,DDP,BFZ,C15,DDQ,SOI",,normal,398534,,,Basic Land,Plains,Land
Plains,,,W,Michael Komarck,254,Basic Land — Plains,,"LEA,LEB,2ED,CED,CEI,3ED,4ED,ICE,RQS,pARL,MIR,ITP,5ED,POR,pPRE,TMP,pJGP,PO2,UGL,pALP,USG,ATH,6ED,PTK,S99,pGRU,MMQ,BRB,pELP,S00,INV,7ED,ODY,ONS,8ED,MRD,CHK,UNH,9ED,RAV,CST,TSP,10E,MED,LRW,SHM,ALA,DDC,M10,HOP,ME3,ZEN,H09,DDE,ROE,ARC,M11,DDF,SOM,MBS,DDG,NPH,CMD,M12,DDH,ISD,DDI,AVR,PC2,M13,RTR,DDK,M14,DDL,THS,C13,MD1,M15,DDN,KTK,C14,DD3_DVD,FRF,DDO,DTK,TPR,ORI,DDP,BFZ,C15,DDQ,SOI",,normal,398675,,,Basic Land,Plains,Land
Plains,,,W,Adam Paquette,255,Basic Land — Plains,,"LEA,LEB,2ED,CED,CEI,3ED,4ED,ICE,RQS,pARL,MIR,ITP,5ED,POR,pPRE,TMP,pJGP,PO2,UGL,pALP,USG,ATH,6ED,PTK,S99,pGRU,MMQ,BRB,pELP,S00,INV,7ED,ODY,ONS,8ED,MRD,CHK,UNH,9ED,RAV,CST,TSP,10E,MED,LRW,SHM,ALA,DDC,M10,HOP,ME3,ZEN,H09,DDE,ROE,ARC,M11,DDF,SOM,MBS,DDG,NPH,CMD,M12,DDH,ISD,DDI,AVR,PC2,M13,RTR,DDK,M14,DDL,THS,C13,MD1,M15,DDN,KTK,C14,DD3_DVD,FRF,DDO,DTK,TPR,ORI,DDP,BFZ,C15,DDQ,SOI",,normal,398550,,,Basic Land,Plains,Land
Plains,,,W,Raoul Vitale,256,Basic Land — Plains,,"LEA,LEB,2ED,CED,CEI,3ED,4ED,ICE,RQS,pARL,MIR,ITP,5ED,POR,pPRE,TMP,pJGP,PO2,UGL,pALP,USG,ATH,6ED,PTK,S99,pGRU,MMQ,BRB,pELP,S00,INV,7ED,ODY,ONS,8ED,MRD,CHK,UNH,9ED,RAV,CST,TSP,10E,MED,LRW,SHM,ALA,DDC,M10,HOP,ME3,ZEN,H09,DDE,ROE,ARC,M11,DDF,SOM,MBS,DDG,NPH,CMD,M12,DDH,ISD,DDI,AVR,PC2,M13,RTR,DDK,M14,DDL,THS,C13,MD1,M15,DDN,KTK,C14,DD3_DVD,FRF,DDO,DTK,TPR,ORI,DDP,BFZ,C15,DDQ,SOI",,normal,398541,,,Basic Land,Plains,Land
Island,,,U,Jung Park,257,Basic Land — Island,,"LEA,LEB,2ED,CED,CEI,3ED,4ED,ICE,RQS,pARL,MIR,ITP,5ED,POR,TMP,pJGP,PO2,UGL,pALP,USG,6ED,PTK,S99,pGRU,MMQ,BRB,pELP,S00,BTD,INV,7ED,ODY,ONS,8ED,MRD,CHK,UNH,9ED,RAV,CST,TSP,10E,MED,LRW,SHM,ALA,DD2,M10,HOP,ME3,ZEN,H09,DDE,ROE,DPA,ARC,M11,DDF,SOM,MBS,NPH,CMD,M12,DDH,ISD,DDI,AVR,PC2,M13,DDJ,RTR,M14,THS,C13,DDM,M15,DDN,KTK,C14,DD3_JVC,FRF,DDO,DTK,TPR,ORI,BFZ,C15,DDQ,SOI",,normal,398664,,,Basic Land,Island,Land
Island,,,U,Jung Park,258,Basic Land — Island,,"LEA,LEB,2ED,CED,CEI,3ED,4ED,ICE,RQS,pARL,MIR,ITP,5ED,POR,TMP,pJGP,PO2,UGL,pALP,USG,6ED,PTK,S99,pGRU,MMQ,BRB,pELP,S00,BTD,INV,7ED,ODY,ONS,8ED,MRD,CHK,UNH,9ED,RAV,CST,TSP,10E,MED,LRW,SHM,ALA,DD2,M10,HOP,ME3,ZEN,H09,DDE,ROE,DPA,ARC,M11,DDF,SOM,MBS,NPH,CMD,M12,DDH,ISD,DDI,AVR,PC2,M13,DDJ,RTR,M14,THS,C13,DDM,M15,DDN,KTK,C14,DD3_JVC,FRF,DDO,DTK,TPR,ORI,BFZ,C15,DDQ,SOI",,normal,398586,,,Basic Land,Island,Land
Island,,,U,Richard Wright,259,Basic Land — Island,,"LEA,LEB,2ED,CED,CEI,3ED,4ED,ICE,RQS,pARL,MIR,ITP,5ED,POR,TMP,pJGP,PO2,UGL,pALP,USG,6ED,PTK,S99,pGRU,MMQ,BRB,pELP,S00,BTD,INV,7ED,ODY,ONS,8ED,MRD,CHK,UNH,9ED,RAV,CST,TSP,10E,MED,LRW,SHM,ALA,DD2,M10,HOP,ME3,ZEN,H09,DDE,ROE,DPA,ARC,M11,DDF,SOM,MBS,NPH,CMD,M12,DDH,ISD,DDI,AVR,PC2,M13,DDJ,RTR,M14,THS,C13,DDM,M15,DDN,KTK,C14,DD3_JVC,FRF,DDO,DTK,TPR,ORI,BFZ,C15,DDQ,SOI",,normal,398431,,,Basic Land,Island,Land
Island,,,U,Richard Wright,260,Basic Land — Island,,"LEA,LEB,2ED,CED,CEI,3ED,4ED,ICE,RQS,pARL,MIR,ITP,5ED,POR,TMP,pJGP,PO2,UGL,pALP,USG,6ED,PTK,S99,pGRU,MMQ,BRB,pELP,S00,BTD,INV,7ED,ODY,ONS,8ED,MRD,CHK,UNH,9ED,RAV,CST,TSP,10E,MED,LRW,SHM,ALA,DD2,M10,HOP,ME3,ZEN,H09,DDE,ROE,DPA,ARC,M11,DDF,SOM,MBS,NPH,CMD,M12,DDH,ISD,DDI,AVR,PC2,M13,DDJ,RTR,M14,THS,C13,DDM,M15,DDN,KTK,C14,DD3_JVC,FRF,DDO,DTK,TPR,ORI,BFZ,C15,DDQ,SOI",,normal,398477,,,Basic Land,Island,Land
Swamp,,,B,Larry Elmore,261,Basic Land — Swamp,,"LEA,LEB,2ED,CED,CEI,3ED,4ED,ICE,RQS,pARL,MIR,ITP,5ED,POR,TMP,pJGP,PO2,UGL,pALP,USG,ATH,6ED,PTK,S99,pGRU,MMQ,BRB,pELP,S00,BTD,INV,7ED,ODY,DKM,ONS,8ED,MRD,CHK,UNH,9ED,RAV,CST,TSP,10E,MED,LRW,SHM,ALA,DDC,M10,HOP,ME3,ZEN,DDD,H09,DDE,ROE,DPA,ARC,M11,SOM,MBS,NPH,CMD,M12,DDH,ISD,PD3,AVR,PC2,M13,DDJ,RTR,DDK,M14,THS,C13,DDM,MD1,M15,DDN,KTK,C14,DD3_DVD,DD3_GVL,FRF,DTK,TPR,ORI,DDP,BFZ,C15,DDQ,SOI",,normal,398677,,,Basic Land,Swamp,Land
Swamp,,,B,Dan Frazier,262,Basic Land — Swamp,,"LEA,LEB,2ED,CED,CEI,3ED,4ED,ICE,RQS,pARL,MIR,ITP,5ED,POR,TMP,pJGP,PO2,UGL,pALP,USG,ATH,6ED,PTK,S99,pGRU,MMQ,BRB,pELP,S00,BTD,INV,7ED,ODY,DKM,ONS,8ED,MRD,CHK,UNH,9ED,RAV,CST,TSP,10E,MED,LRW,SHM,ALA,DDC,M10,HOP,ME3,ZEN,DDD,H09,DDE,ROE,DPA,ARC,M11,SOM,MBS,NPH,CMD,M12,DDH,ISD,PD3,AVR,PC2,M13,DDJ,RTR,DDK,M14,THS,C13,DDM,MD1,M15,DDN,KTK,C14,DD3_DVD,DD3_GVL,FRF,DTK,TPR,ORI,DDP,BFZ,C15,DDQ,SOI",,normal,398555,,,Basic Land,Swamp,Land
Swamp,,,B,James Paick,263,Basic Land — Swamp,,"LEA,LEB,2ED,CED,CEI,3ED,4ED,ICE,RQS,pARL,MIR,ITP,5ED,POR,TMP,pJGP,PO2,UGL,pALP,USG,ATH,6ED,PTK,S99,pGRU,MMQ,BRB,pELP,S00,BTD,INV,7ED,ODY,DKM,ONS,8ED,MRD,CHK,UNH,9ED,RAV,CST,TSP,10E,MED,LRW,SHM,ALA,DDC,M10,HOP,ME3,ZEN,DDD,H09,DDE,ROE,DPA,ARC,M11,SOM,MBS,NPH,CMD,M12,DDH,ISD,PD3,AVR,PC2,M13,DDJ,RTR,DDK,M14,THS,C13,DDM,MD1,M15,DDN,KTK,C14,DD3_DVD,DD3_GVL,FRF,DTK,TPR,ORI,DDP,BFZ,C15,DDQ,SOI",,normal,398507,,,Basic Land,Swamp,Land
Swamp,,,B,Jung Park,264,Basic Land — Swamp,,"LEA,LEB,2ED,CED,CEI,3ED,4ED,ICE,RQS,pARL,MIR,ITP,5ED,POR,TMP,pJGP,PO2,UGL,pALP,USG,ATH,6ED,PTK,S99,pGRU,MMQ,BRB,pELP,S00,BTD,INV,7ED,ODY,DKM,ONS,8ED,MRD,CHK,UNH,9ED,RAV,CST,TSP,10E,MED,LRW,SHM,ALA,DDC,M10,HOP,ME3,ZEN,DDD,H09,DDE,ROE,DPA,ARC,M11,SOM,MBS,NPH,CMD,M12,DDH,ISD,PD3,AVR,PC2,M13,DDJ,RTR,DDK,M14,THS,C13,DDM,MD1,M15,DDN,KTK,C14,DD3_DVD,DD3_GVL,FRF,DTK,TPR,ORI,DDP,BFZ,C15,DDQ,SOI",,normal,398472,,,Basic Land,Swamp,Land
Mountain,,,R,Noah Bradley,265,Basic Land — Mountain,,"LEA,LEB,2ED,ARN,CED,CEI,3ED,4ED,ICE,RQS,pARL,MIR,ITP,5ED,POR,TMP,pJGP,PO2,UGL,pALP,USG,ATH,6ED,PTK,S99,pGRU,MMQ,BRB,pELP,S00,BTD,INV,7ED,ODY,DKM,ONS,8ED,MRD,CHK,UNH,9ED,RAV,CST,TSP,10E,MED,LRW,EVG,SHM,ALA,DD2,M10,HOP,ME3,ZEN,H09,DDE,ROE,DPA,ARC,M11,SOM,PD2,MBS,DDG,NPH,CMD,M12,DDH,ISD,DDI,AVR,PC2,M13,DDJ,RTR,DDK,M14,DDL,THS,C13,M15,DDN,KTK,C14,DD3_EVG,DD3_JVC,FRF,DTK,TPR,ORI,DDP,BFZ,C15,SOI",,normal,398490,,,Basic Land,Mountain,Land
Mountain,,,R,Noah Bradley,266,Basic Land — Mountain,,"LEA,LEB,2ED,ARN,CED,CEI,3ED,4ED,ICE,RQS,pARL,MIR,ITP,5ED,POR,TMP,pJGP,PO2,UGL,pALP,USG,ATH,6ED,PTK,S99,pGRU,MMQ,BRB,pELP,S00,BTD,INV,7ED,ODY,DKM,ONS,8ED,MRD,CHK,UNH,9ED,RAV,CST,TSP,10E,MED,LRW,EVG,SHM,ALA,DD2,M10,HOP,ME3,ZEN,H09,DDE,ROE,DPA,ARC,M11,SOM,PD2,MBS,DDG,NPH,CMD,M12,DDH,ISD,DDI,AVR,PC2,M13,DDJ,RTR,DDK,M14,DDL,THS,C13,M15,DDN,KTK,C14,DD3_EVG,DD3_JVC,FRF,DTK,TPR,ORI,DDP,BFZ,C15,SOI",,normal,398510,,,Basic Land,Mountain,Land
Mountain,,,R,Sam Burley,267,Basic Land — Mountain,,"LEA,LEB,2ED,ARN,CED,CEI,3ED,4ED,ICE,RQS,pARL,MIR,ITP,5ED,POR,TMP,pJGP,PO2,UGL,pALP,USG,ATH,6ED,PTK,S99,pGRU,MMQ,BRB,pELP,S00,BTD,INV,7ED,ODY,DKM,ONS,8ED,MRD,CHK,UNH,9ED,RAV,CST,TSP,10E,MED,LRW,EVG,SHM,ALA,DD2,M10,HOP,ME3,ZEN,H09,DDE,ROE,DPA,ARC,M11,SOM,PD2,MBS,DDG,NPH,CMD,M12,DDH,ISD,DDI,AVR,PC2,M13,DDJ,RTR,DDK,M14,DDL,THS,C13,M15,DDN,KTK,C14,DD3_EVG,DD3_JVC,FRF,DTK,TPR,ORI,DDP,BFZ,C15,SOI",,normal,398412,,,Basic Land,Mountain,Land
Mountain,,,R,Sam Burley,268,Basic Land — Mountain,,"LEA,LEB,2ED,ARN,CED,CEI,3ED,4ED,ICE,RQS,pARL,MIR,ITP,5ED,POR,TMP,pJGP,PO2,UGL,pALP,USG,ATH,6ED,PTK,S99,pGRU,MMQ,BRB,pELP,S00,BTD,INV,7ED,ODY,DKM,ONS,8ED,MRD,CHK,UNH,9ED,RAV,CST,TSP,10E,MED,LRW,EVG,SHM,ALA,DD2,M10,HOP,ME3,ZEN,H09,DDE,ROE,DPA,ARC,M11,SOM,PD2,MBS,DDG,NPH,CMD,M12,DDH,ISD,DDI,AVR,PC2,M13,DDJ,RTR,DDK,M14,DDL,THS,C13,M15,DDN,KTK,C14,DD3_EVG,DD3_JVC,FRF,DTK,TPR,ORI,DDP,BFZ,C15,SOI",,normal,398425,,,Basic Land,Mountain,Land
Forest,,,G,John Avon,269,Basic Land — Forest,,"LEA,LEB,2ED,CED,CEI,3ED,4ED,ICE,RQS,pARL,MIR,ITP,5ED,POR,TMP,pJGP,PO2,UGL,pALP,USG,ATH,6ED,PTK,S99,pGRU,MMQ,BRB,pELP,S00,BTD,INV,7ED,ODY,DKM,ONS,8ED,MRD,CHK,UNH,9ED,RAV,CST,TSP,10E,MED,LRW,EVG,SHM,ALA,M10,HOP,ME3,ZEN,DDD,H09,DDE,ROE,DPA,ARC,M11,SOM,MBS,DDG,NPH,CMD,M12,DDH,ISD,AVR,PC2,M13,DDJ,RTR,M14,DDL,THS,C13,DDM,M15,KTK,C14,DD3_EVG,DD3_GVL,FRF,DDO,DTK,TPR,ORI,DDP,BFZ,C15,SOI",,normal,398421,,,Basic Land,Forest,Land
Forest,,,G,Jonas De Ro,270,Basic Land — Forest,,"LEA,LEB,2ED,CED,CEI,3ED,4ED,ICE,RQS,pARL,MIR,ITP,5ED,POR,TMP,pJGP,PO2,UGL,pALP,USG,ATH,6ED,PTK,S99,pGRU,MMQ,BRB,pELP,S00,BTD,INV,7ED,ODY,DKM,ONS,8ED,MRD,CHK,UNH,9ED,RAV,CST,TSP,10E,MED,LRW,EVG,SHM,ALA,M10,HOP,ME3,ZEN,DDD,H09,DDE,ROE,DPA,ARC,M11,SOM,MBS,DDG,NPH,CMD,M12,DDH,ISD,AVR,PC2,M13,DDJ,RTR,M14,DDL,THS,C13,DDM,M15,KTK,C14,DD3_EVG,DD3_GVL,FRF,DDO,DTK,TPR,ORI,DDP,BFZ,C15,SOI",,normal,398570,,,Basic Land,Forest,Land
Forest,,,G,Jonas De Ro,271,Basic Land — Forest,,"LEA,LEB,2ED,CED,CEI,3ED,4ED,ICE,RQS,pARL,MIR,ITP,5ED,POR,TMP,pJGP,PO2,UGL,pALP,USG,ATH,6ED,PTK,S99,pGRU,MMQ,BRB,pELP,S00,BTD,INV,7ED,ODY,DKM,ONS,8ED,MRD,CHK,UNH,9ED,RAV,CST,TSP,10E,MED,LRW,EVG,SHM,ALA,M10,HOP,ME3,ZEN,DDD,H09,DDE,ROE,DPA,ARC,M11,SOM,MBS,DDG,NPH,CMD,M12,DDH,ISD,AVR,PC2,M13,DDJ,RTR,M14,DDL,THS,C13,DDM,M15,KTK,C14,DD3_EVG,DD3_GVL,FRF,DDO,DTK,TPR,ORI,DDP,BFZ,C15,SOI",,normal,398454,,,Basic Land,Forest,Land
Forest,,,G,Vincent Proce,272,Basic Land — Forest,,"LEA,LEB,2ED,CED,CEI,3ED,4ED,ICE,RQS,pARL,MIR,ITP,5ED,POR,TMP,pJGP,PO2,UGL,pALP,USG,ATH,6ED,PTK,S99,pGRU,MMQ,BRB,pELP,S00,BTD,INV,7ED,ODY,DKM,ONS,8ED,MRD,CHK,UNH,9ED,RAV,CST,TSP,10E,MED,LRW,EVG,SHM,ALA,M10,HOP,ME3,ZEN,DDD,H09,DDE,ROE,DPA,ARC,M11,SOM,MBS,DDG,NPH,CMD,M12,DDH,ISD,AVR,PC2,M13,DDJ,RTR,M14,DDL,THS,C13,DDM,M15,KTK,C14,DD3_EVG,DD3_GVL,FRF,DDO,DTK,TPR,ORI,DDP,BFZ,C15,SOI",,normal,398617,,,Basic Land,Forest,Land
Aegis Angel,{4}{W}{W},6,W,Aleksi Briclot,273,Creature — Angel,"Flying (This creature can't be blocked except by creatures with flying or reach.)\nWhen Aegis Angel enters the battlefield, another target permanent gains indestructible for as long as you control Aegis Angel. (Effects that say ""destroy"" don't destroy it. A creature with indestructible can't be destroyed by damage.)","M12,M15,ORI,W16",,normal,401452,5,5,Rare,Angel,Creature
Divine Verdict,{3}{W},4,W,Kev Walker,274,Instant,Destroy target attacking or blocking creature.,"M10,M13,THS,M15,ORI","""Guilty.""",normal,401453,,,Common,,Instant
Eagle of the Watch,{2}{W},3,W,Scott Murphy,275,Creature — Bird,"Flying, vigilance","JOU,ORI","""Even from miles away, I could see our eagles circling. That's when I knew we were needed at home.""\n—Kanlos, Akroan captain",normal,401454,2,1,Common,Bird,Creature
Serra Angel,{3}{W}{W},5,W,Greg Staples,276,Creature — Angel,Flying (This creature can't be blocked except by creatures with flying or reach.)\nVigilance (Attacking doesn't cause this creature to tap.),"LEA,LEB,2ED,CED,CEI,3ED,4ED,ATH,pWOS,7ED,8ED,9ED,10E,DDC,M10,M11,ME4,CMD,M12,M13,M14,M15,DD3_DVD,ORI,V15,W16,EMA","Follow the light. In its absence, follow her.",normal,401455,4,4,Uncommon,Angel,Creature
Into the Void,{3}{U},4,U,Daarken,277,Sorcery,Return up to two target creatures to their owners' hands.,"AVR,M15,ORI","""The cathars have their swords, the inquisitors their axes. I prefer the ‘diplomatic' approach.""\n—Terhold, archmage of Drunau",normal,401456,,,Uncommon,,Sorcery
Mahamoti Djinn,{4}{U}{U},6,U,Greg Staples,278,Creature — Djinn,Flying (This creature can't be blocked except by creatures with flying or reach.),"LEA,LEB,2ED,CED,CEI,3ED,4ED,BTD,7ED,8ED,9ED,10E,DPA,ME4,M15,ORI","Of royal blood among the spirits of the air, the Mahamoti djinn rides on the wings of the winds. As dangerous in the gambling hall as he is in battle, he is a master of trickery and misdirection.",normal,401457,5,6,Rare,Djinn,Creature
Weave Fate,{3}{U},4,U,Zack Stella,279,Instant,Draw two cards.,"KTK,ORI",Destiny is a flickering path among tangled possibilities.,normal,401458,,,Common,,Instant
Flesh to Dust,{3}{B}{B},5,B,Julie Dillon,280,Instant,Destroy target creature. It can't be regenerated.,"M15,ORI","""Another day. Another avenging angel. Another clump of feathers to toss in the trash.""\n—Liliana Vess",normal,401459,,,Common,,Instant
Mind Rot,{2}{B},3,B,Steve Luke,281,Sorcery,Target player discards two cards.,"POR,PO2,S99,7ED,8ED,9ED,10E,M10,DPA,M11,M12,M13,RTR,M14,M15,DTK,ORI,W16","""It saddens me to lose a source of inspiration. This one seemed especially promising.""\n—Ashiok",normal,401460,,,Common,,Sorcery
Nightmare,{5}{B},6,B,Vance Kovacs,282,Creature — Nightmare Horse,Flying (This creature can't be blocked except by creatures with flying or reach.)\nNightmare's power and toughness are each equal to the number of Swamps you control.,"LEA,LEB,2ED,CED,CEI,3ED,4ED,5ED,6ED,7ED,8ED,9ED,10E,M10,M14,M15,ORI,W16",The thunder of its hooves beats dreams into despair.,normal,401461,*,*,Rare,"Nightmare,Horse",Creature
Sengir Vampire,{3}{B}{B},5,B,Kev Walker,283,Creature — Vampire,"Flying (This creature can't be blocked except by creatures with flying or reach.)\nWhenever a creature dealt damage by Sengir Vampire this turn dies, put a +1/+1 counter on Sengir Vampire.","LEA,LEB,2ED,CED,CEI,3ED,4ED,BRB,BTD,TOR,9ED,10E,DPA,ME4,M12,DDK,M14,M15,ORI,W16","Empires rise and fall, but evil is eternal.",normal,401462,4,4,Uncommon,Vampire,Creature
Fiery Hellhound,{1}{R}{R},3,R,Ted Galaday,284,Creature — Elemental Hound,{R}: Fiery Hellhound gets +1/+0 until end of turn.,"M10,M11,M12,DDI,ORI","""I had hoped to instill in it the loyalty of a guard dog, but with fire's power comes its unpredictability.""\n—Maggath, Sardian elementalist",normal,401463,2,2,Common,"Elemental,Hound",Creature
Shivan Dragon,{4}{R}{R},6,R,Donato Giancola,285,Creature — Dragon,Flying (This creature can't be blocked except by creatures with flying or reach.)\n{R}: Shivan Dragon gets +1/+0 until end of turn.,"LEA,LEB,2ED,CED,CEI,3ED,4ED,5ED,BTD,7ED,pREL,8ED,9ED,10E,DRB,M10,DPA,ME4,M14,M15,ORI,W16",The undisputed master of the mountains of Shiv.,normal,401464,5,5,Rare,Dragon,Creature
Plummet,{1}{G},2,G,Pete Venters,286,Instant,Destroy target creature with flying.,"ARC,M11,M12,M13,M14,CNS,M15,MM2,ORI,BFZ","""Let nothing own the skies but the wind.""\n—Dejara, Giltwood druid",normal,401465,,,Common,,Instant
Prized Unicorn,{3}{G},4,G,Sam Wood,287,Creature — Unicorn,All creatures able to block Prized Unicorn do so.,"M10,M11,ORI","""The desire for its magic horn inspires such bloodthirsty greed that all who see the unicorn will kill to possess it.""\n—Dionus, elvish archdruid",normal,401466,2,2,Uncommon,Unicorn,Creature
Terra Stomper,{3}{G}{G}{G},6,G,Goran Josic,288,Creature — Beast,Terra Stomper can't be countered.\nTrample (This creature can deal excess combat damage to defending player or planeswalker while attacking.),"ZEN,M15,ORI","Sometimes violent earthquakes, hurtling boulders, and unseasonable dust storms are wrongly attributed to the Roil.",normal,401467,8,8,Rare,Beast,Creature
