name,manaCost,cmc,colorIdentity,artist,number,type,text,printings,flavor,layout,multiverseid,power,toughness,rarity,subtypes,types
Chaotic Æther,,,,Dan Scott,1,Phenomenon,"When you encounter Chaotic Æther, each blank roll of the planar die is a CHAOS roll until a player planeswalks away from a plane. (Then planeswalk away from this phenomenon.)",PC2,,phenomenon,226509,,,Common,,Phenomenon
Armored Griffin,{3}{W},4,W,Brad Rigney,1,Creature — Griffin,"Flying, vigilance","PO2,ME2,PC2","When an order for griffin barding comes in, blacksmiths prepare their forges for months of exacting work. They know griffins always detect imperfections and never haggle.",normal,271234,2,3,Uncommon,Griffin,Creature
Interplanar Tunnel,,,,Chuck Lukacs,2,Phenomenon,"When you encounter Interplanar Tunnel, reveal cards from the top of your planar deck until you reveal five plane cards. Put a plane card from among them on top of your planar deck, then put the rest of the revealed cards on the bottom in a random order. (Then planeswalk away from this phenomenon.)",PC2,,phenomenon,226549,,,Common,,Phenomenon
Auramancer,{2}{W},3,W,Rebecca Guay,2,Creature — Human Wizard,"When Auramancer enters the battlefield, you may return target enchantment card from your graveyard to your hand.","ODY,pWPN,M12,PC2,M14,DDL,ORI","""In memories, we can find our deepest reserves of strength.""",normal,271171,2,2,Common,"Human,Wizard",Creature
Morphic Tide,,,,Brandon Kitkouski,3,Phenomenon,"When you encounter Morphic Tide, each player shuffles all permanents he or she owns into his or her library, then reveals that many cards from the top of his or her library. Each player puts all artifact, creature, land, and planeswalker cards revealed this way onto the battlefield, then does the same for enchantment cards, then puts all cards revealed this way that weren't put onto the battlefield on the bottom of his or her library in any order. (Then planeswalk away from this phenomenon.)",PC2,,phenomenon,226514,,,Common,,Phenomenon
Auratouched Mage,{5}{W},6,W,Jeff Miracola,3,Creature — Human Wizard,"When Auratouched Mage enters the battlefield, search your library for an Aura card that could enchant it. If Auratouched Mage is still on the battlefield, put that Aura card onto the battlefield attached to it. Otherwise, reveal the Aura card and put it into your hand. Then shuffle your library.","RAV,PC2",,normal,271207,3,3,Uncommon,"Human,Wizard",Creature
Mutual Epiphany,,,,Jason Felix,4,Phenomenon,"When you encounter Mutual Epiphany, each player draws four cards. (Then planeswalk away from this phenomenon.)",PC2,,phenomenon,226520,,,Common,,Phenomenon
Cage of Hands,{2}{W},3,W,Mark Tedin,4,Enchantment — Aura,Enchant creature\nEnchanted creature can't attack or block.\n{1}{W}: Return Cage of Hands to its owner's hand.,"CHK,PC2,C15",,normal,271205,,,Common,Aura,Enchantment
Planewide Disaster,,,,Dave Kendall,5,Phenomenon,"When you encounter Planewide Disaster, destroy all creatures. (Then planeswalk away from this phenomenon.)",PC2,,phenomenon,226545,,,Common,,Phenomenon
Celestial Ancient,{3}{W}{W},5,W,Mark Tedin,5,Creature — Elemental,"Flying\nWhenever you cast an enchantment spell, put a +1/+1 counter on each creature you control.","DIS,PC2,C15","""We thought the clouds had moved from the night sky. Then the night sky moved, and the horizon grew wings.""\n—Josuri",normal,271236,3,3,Rare,Elemental,Creature
Reality Shaping,,,,Dan Scott,6,Phenomenon,"When you encounter Reality Shaping, starting with you, each player may put a permanent card from his or her hand onto the battlefield. (Then planeswalk away from this phenomenon.)",PC2,,phenomenon,226508,,,Common,,Phenomenon
Felidar Umbra,{1}{W},2,W,Christopher Moeller,6,Enchantment — Aura,"Enchant creature\nEnchanted creature has lifelink.\n{1}{W}: Attach Felidar Umbra to target creature you control.\nTotem armor (If enchanted creature would be destroyed, instead remove all damage from it and destroy this Aura.)",PC2,,normal,270736,,,Uncommon,Aura,Enchantment
Spatial Merging,,,,Gabor Szikszai,7,Phenomenon,"When you encounter Spatial Merging, reveal cards from the top of your planar deck until you reveal two plane cards. Simultaneously planeswalk to both of them. Put all other cards revealed this way on the bottom of your planar deck in any order.",PC2,,phenomenon,226546,,,Common,,Phenomenon
Ghostly Prison,{2}{W},3,W,Wayne England,7,Enchantment,Creatures can't attack you unless their controller pays {2} for each creature he or she controls that's attacking you.,"pFNM,CHK,CMD,PC2","""May the memory of our fallen heroes ensnare the violent hearts of lesser men.""\n—Great Threshold of Monserkat inscription",normal,275264,,,Uncommon,,Enchantment
Time Distortion,,,,rk post,8,Phenomenon,"When you encounter Time Distortion, reverse the game's turn order. (For example, if play had proceeded clockwise around the table, it now goes counterclockwise. Then planeswalk away from this phenomenon.)",PC2,,phenomenon,226556,,,Common,,Phenomenon
Hyena Umbra,{W},1,W,Howard Lyon,8,Enchantment — Aura,"Enchant creature\nEnchanted creature gets +1/+1 and has first strike.\nTotem armor (If enchanted creature would be destroyed, instead remove all damage from it and destroy this Aura.)","ROE,PC2",,normal,271150,,,Common,Aura,Enchantment
Akoum,,,,Rob Alexander,9,Plane — Zendikar,"Players may cast enchantment cards as though they had flash.\nWhenever you roll CHAOS, destroy target creature that isn't enchanted.",PC2,,plane,226512,,,Common,Zendikar,Plane
Kor Spiritdancer,{1}{W},2,W,Scott Chou,9,Creature — Kor Wizard,"Kor Spiritdancer gets +2/+2 for each Aura attached to it.\nWhenever you cast an Aura spell, you may draw a card.","ROE,PC2","She reaches beyond the physical realm, touching the ideals from which all creatures draw their power.",normal,271151,0,2,Rare,"Kor,Wizard",Creature
Aretopolis,,,,Christopher Moeller,10,Plane — Kephalai,"When you planeswalk to Aretopolis or at the beginning of your upkeep, put a scroll counter on Aretopolis, then you gain life equal to the number of scroll counters on it.\nWhen Aretopolis has ten or more scroll counters on it, planeswalk.\nWhenever you roll CHAOS, put a scroll counter on Aretopolis, then draw cards equal to the number of scroll counters on it.",PC2,,plane,226517,,,Common,Kephalai,Plane
Mammoth Umbra,{4}{W},5,W,Howard Lyon,10,Enchantment — Aura,"Enchant creature\nEnchanted creature gets +3/+3 and has vigilance.\nTotem armor (If enchanted creature would be destroyed, instead remove all damage from it and destroy this Aura.)","ROE,PC2",,normal,271152,,,Uncommon,Aura,Enchantment
Astral Arena,,,,Sam Burley,11,Plane — Kolbahan,"No more than one creature can attack each combat.\nNo more than one creature can block each combat.\nWhenever you roll CHAOS, Astral Arena deals 2 damage to each creature.",PC2,,plane,226526,,,Common,Kolbahan,Plane
Sigil of the Empty Throne,{3}{W}{W},5,W,Cyril Van Der Haegen,11,Enchantment,"Whenever you cast an enchantment spell, put a 4/4 white Angel creature token with flying onto the battlefield.","CON,PC2,ORI,C15","When Asha left Bant, she ensured that the world would have protection and order in her absence.",normal,275258,,,Rare,,Enchantment
Bloodhill Bastion,,,,Mark Hyzer,12,Plane — Equilor,"Whenever a creature enters the battlefield, it gains double strike and haste until end of turn.\nWhenever you roll CHAOS, exile target nontoken creature you control, then return it to the battlefield under your control.",PC2,,plane,226539,,,Common,Equilor,Plane
Spirit Mantle,{1}{W},2,W,Izzy,12,Enchantment — Aura,Enchant creature\nEnchanted creature gets +1/+1 and has protection from creatures.,"M12,PC2",The shield of unimpeachable purity is as strong as any wrought on the anvil.,normal,275265,,,Uncommon,Aura,Enchantment
Edge of Malacol,,,,Goran Josic,13,Plane — Belenon,"If a creature you control would untap during your untap step, put two +1/+1 counters on it instead.\nWhenever you roll CHAOS, untap each creature you control.",PC2,,plane,226527,,,Common,Belenon,Plane
Three Dreams,{4}{W},5,W,Shishizaru,13,Sorcery,"Search your library for up to three Aura cards with different names, reveal them, and put them into your hand. Then shuffle your library.","RAV,PC2","""Choose one to heal, one to harm, and one to grant you the prudence to use them.""\n—Miotri, auratouched mage",normal,275260,,,Rare,,Sorcery
Furnace Layer,,,,Kekai Kotaki,14,Plane — New Phyrexia,"When you planeswalk to Furnace Layer or at the beginning of your upkeep, select target player at random. That player discards a card. If that player discards a land card this way, he or she loses 3 life.\nWhenever you roll CHAOS, you may destroy target nonland permanent.",PC2,,plane,226536,,,Common,New Phyrexia,Plane
Augury Owl,{1}{U},2,U,Jim Nelson,14,Creature — Bird,"Flying\nWhen Augury Owl enters the battlefield, scry 3. (Look at the top three cards of your library, then put any number of them on the bottom of your library and the rest on top in any order.)","M11,DDI,PC2",,normal,271192,1,1,Common,Bird,Creature
Gavony,,,,Dave Kendall,15,Plane — Innistrad,"All creatures have vigilance.\nWhenever you roll CHAOS, creatures you control gain indestructible until end of turn.",PC2,,plane,226542,,,Common,Innistrad,Plane
Cancel,{1}{U}{U},3,U,David Palumbo,15,Instant,Counter target spell.,"pMPR,TSP,10E,ALA,M10,ZEN,DPA,M11,M12,PC2,RTR,M14,M15,KTK","""What you are attempting is not against the law. It is, however, extremely foolish.""",normal,271172,,,Common,,Instant
Glen Elendra,,,,Omar Rayyan,16,Plane — Lorwyn,"At end of combat, you may exchange control of target creature you control that dealt combat damage to a player this combat and target creature that player controls.\nWhenever you roll CHAOS, gain control of target creature you own.",PC2,,plane,226535,,,Common,Lorwyn,Plane
Concentrate,{2}{U}{U},4,U,rk post,16,Sorcery,Draw three cards.,"ODY,8ED,PC2,C14","""The treasure in my mind is greater than any worldly glory.""",normal,271220,,,Uncommon,,Sorcery
Grand Ossuary,,,,Kekai Kotaki,17,Plane — Ravnica,"Whenever a creature dies, its controller distributes a number of +1/+1 counters equal to its power among any number of target creatures he or she controls.\nWhenever you roll CHAOS, each player exiles all creatures he or she controls and puts X 1/1 green Saproling creature tokens onto the battlefield, where X is the total power of the creatures he or she exiled this way. Then planeswalk.",PC2,,plane,226554,,,Common,Ravnica,Plane
Guard Gomazoa,{2}{U},3,U,Rob Alexander,17,Creature — Jellyfish,"Defender, flying\nPrevent all combat damage that would be dealt to Guard Gomazoa.","ROE,CMD,PC2,C13","It lingers near the outposts of the Makindi Trenches, inadvertently granting another layer of defense.",normal,279846,1,3,Uncommon,Jellyfish,Creature
Grove of the Dreampods,,,,Erica Yang,18,Plane — Fabacin,"When you planeswalk to Grove of the Dreampods or at the beginning of your upkeep, reveal cards from the top of your library until you reveal a creature card. Put that card onto the battlefield and the rest on the bottom of your library in a random order.\nWhenever you roll CHAOS, return target creature card from your graveyard to the battlefield.",PC2,,plane,226541,,,Common,Fabacin,Plane
"Higure, the Still Wind",{3}{U}{U},5,U,Christopher Moeller,18,Legendary Creature — Human Ninja,"Ninjutsu {2}{U}{U} ({2}{U}{U}, Return an unblocked attacker you control to hand: Put this card onto the battlefield from your hand tapped and attacking.)\nWhenever Higure, the Still Wind deals combat damage to a player, you may search your library for a Ninja card, reveal it, and put it into your hand. If you do, shuffle your library.\n{2}: Target Ninja creature can't be blocked this turn.","BOK,PC2",,normal,271181,3,4,Rare,"Human,Ninja",Creature
Hedron Fields of Agadeem,,,,Vincent Proce,19,Plane — Zendikar,"Creatures with power 7 or greater can't attack or block.\nWhenever you roll CHAOS, put a 7/7 colorless Eldrazi creature token with annihilator 1 onto the battlefield. (Whenever it attacks, defending player sacrifices a permanent.)",PC2,,plane,226544,,,Common,Zendikar,Plane
Illusory Angel,{2}{U},3,U,Allen Williams,19,Creature — Angel Illusion,Flying\nCast Illusory Angel only if you've cast another spell this turn.,"PC2,M15","""Yes, she is made of pure belief—but I hardly see why that makes her unique.""\n—Reith, master illusionist",normal,265143,4,4,Uncommon,"Angel,Illusion",Creature
Jund,,,,Aleksi Briclot,20,Plane — Alara,"Whenever a player casts a black, red, or green creature spell, it gains devour 5. (As the creature enters the battlefield, its controller may sacrifice any number of creatures. The creature enters the battlefield with five times that many +1/+1 counters on it.)\nWhenever you roll CHAOS, put two 1/1 red Goblin creature tokens onto the battlefield.",PC2,,plane,226551,,,Common,Alara,Plane
Mistblade Shinobi,{2}{U},3,U,Kev Walker,20,Creature — Human Ninja,"Ninjutsu {U} ({U}, Return an unblocked attacker you control to hand: Put this card onto the battlefield from your hand tapped and attacking.)\nWhenever Mistblade Shinobi deals combat damage to a player, you may return target creature that player controls to its owner's hand.","BOK,PC2",,normal,271183,1,1,Common,"Human,Ninja",Creature
Kessig,,,,Adam Paquette,21,Plane — Innistrad,"Prevent all combat damage that would be dealt by non-Werewolf creatures.\nWhenever you roll CHAOS, each creature you control gets +2/+2, gains trample, and becomes a Werewolf in addition to its other types until end of turn.",PC2,,plane,226537,,,Common,Innistrad,Plane
Ninja of the Deep Hours,{3}{U},4,U,Dan Scott,21,Creature — Human Ninja,"Ninjutsu {1}{U} ({1}{U}, Return an unblocked attacker you control to hand: Put this card onto the battlefield from your hand tapped and attacking.)\nWhenever Ninja of the Deep Hours deals combat damage to a player, you may draw a card.","BOK,PC2,C15",,normal,271184,2,2,Common,"Human,Ninja",Creature
Kharasha Foothills,,,,Trevor Claxton,22,Plane — Mongseng,"Whenever a creature you control attacks a player, for each other opponent, you may put a token that's a copy of that creature onto the battlefield tapped and attacking that opponent. Exile those tokens at the beginning of the next end step.\nWhenever you roll CHAOS, you may sacrifice any number of creatures. If you do, Kharasha Foothills deals that much damage to target creature.",PC2,,plane,226534,,,Common,Mongseng,Plane
Peregrine Drake,{4}{U},5,U,Bob Eggleton,22,Creature — Drake,"Flying\nWhen Peregrine Drake enters the battlefield, untap up to five lands.","USG,PC2,EMA",That the Tolarian mists parted for the drakes was warning enough to stay away.,normal,271190,2,3,Uncommon,Drake,Creature
Kilnspire District,,,R,John Avon,23,Plane — Ravnica,"When you planeswalk to Kilnspire District or at the beginning of your precombat main phase, put a charge counter on Kilnspire District, then add {R} to your mana pool for each charge counter on it.\nWhenever you roll CHAOS, you may pay {X}. If you do, Kilnspire District deals X damage to target creature or player.",PC2,,plane,226523,,,Common,Ravnica,Plane
Primal Plasma,{3}{U},4,U,Luca Zontini,23,Creature — Elemental Shapeshifter,"As Primal Plasma enters the battlefield, it becomes your choice of a 3/3 creature, a 2/2 creature with flying, or a 1/6 creature with defender.","PLC,DDI,PC2","Tocasia brushed the gears and cogs from the table. There, before two wide-eyed brothers, she began a lesson on raw elemental magic.",normal,271175,*,*,Common,"Elemental,Shapeshifter",Creature
Lair of the Ashen Idol,,,,Philip Straub,24,Plane — Azgol,"At the beginning of your upkeep, sacrifice a creature. If you can't, planeswalk.\nWhenever you roll CHAOS, any number of target players each put a 2/2 black Zombie creature token onto the battlefield.",PC2,,plane,226532,,,Common,Azgol,Plane
Sakashima's Student,{2}{U}{U},4,U,Brian Snõddy,24,Creature — Human Ninja,"Ninjutsu {1}{U} ({1}{U}, Return an unblocked attacker you control to hand: Put this card onto the battlefield from your hand tapped and attacking.)\nYou may have Sakashima's Student enter the battlefield as a copy of any creature on the battlefield, except it's still a Ninja in addition to its other creature types.",PC2,,normal,265159,0,0,Rare,"Human,Ninja",Creature
Mount Keralia,,,,Franz Vohwinkel,25,Plane — Regatha,"At the beginning of your end step, put a pressure counter on Mount Keralia.\nWhen you planeswalk away from Mount Keralia, it deals damage equal to the number of pressure counters on it to each creature and each planeswalker.\nWhenever you roll CHAOS, prevent all damage that planes named Mount Keralia would deal this game to permanents you control.",PC2,,plane,226515,,,Common,Regatha,Plane
See Beyond,{1}{U},2,U,Andrew Robinson,25,Sorcery,"Draw two cards, then shuffle a card from your hand into your library.","ROE,PC2",Ancient lore locked in a mind driven mad is just as safe as when it was locked deep underground.,normal,271154,,,Common,,Sorcery
Nephalia,,,,Daniel Ljunggren,26,Plane — Innistrad,"At the beginning of your end step, put the top seven cards of your library into your graveyard. Then return a card at random from your graveyard to your hand.\nWhenever you roll CHAOS, return target card from your graveyard to your hand.",PC2,,plane,226543,,,Common,Innistrad,Plane
Sunken Hope,{3}{U}{U},5,U,Volkan Baga,26,Enchantment,"At the beginning of each player's upkeep, that player returns a creature he or she controls to its owner's hand.","PLS,10E,PC2","""I don't concern myself with my enemy's hopes. Hopes follow the tides. They will retreat soon enough.""\n—Ambassador Laquatus",normal,271202,,,Rare,,Enchantment
Norn's Dominion,,,,Igor Kieryluk,27,Plane — New Phyrexia,"When you planeswalk away from Norn's Dominion, destroy each nonland permanent without a fate counter on it, then remove all fate counters from all permanents.\nWhenever you roll CHAOS, you may put a fate counter on target permanent.",PC2,,plane,226540,,,Common,New Phyrexia,Plane
Walker of Secret Ways,{2}{U},3,U,Scott M. Fischer,27,Creature — Human Ninja,"Ninjutsu {1}{U} ({1}{U}, Return an unblocked attacker you control to hand: Put this card onto the battlefield from your hand tapped and attacking.)\nWhenever Walker of Secret Ways deals combat damage to a player, look at that player's hand.\n{1}{U}: Return target Ninja you control to its owner's hand. Activate this ability only during your turn.","BOK,PC2",,normal,271188,1,2,Uncommon,"Human,Ninja",Creature
Onakke Catacomb,,,,Nic Klein,28,Plane — Shandalar,"All creatures are black and have deathtouch.\nWhenever you roll CHAOS, creatures you control get +1/+0 and gain first strike until end of turn.",PC2,,plane,226513,,,Common,Shandalar,Plane
Wall of Frost,{1}{U}{U},3,U,Mike Bierek,28,Creature — Wall,"Defender (This creature can't attack.)\nWhenever Wall of Frost blocks a creature, that creature doesn't untap during its controller's next untap step.","M10,M11,PC2,M14,M15","""I welcome it. The pasture is cleared of weeds and the wolves are frozen solid.""\n—Lumi, goatherd",normal,271197,0,7,Uncommon,Wall,Creature
Orochi Colony,,,,Charles Urbach,29,Plane — Kamigawa,"Whenever a creature you control deals combat damage to a player, you may search your library for a basic land card, put it onto the battlefield tapped, then shuffle your library.\nWhenever you roll CHAOS, target creature can't be blocked this turn.",PC2,,plane,226524,,,Common,Kamigawa,Plane
Whirlpool Warrior,{2}{U},3,"U,R",Kev Walker,29,Creature — Merfolk Warrior,"When Whirlpool Warrior enters the battlefield, shuffle the cards from your hand into your library, then draw that many cards.\n{R}, Sacrifice Whirlpool Warrior: Each player shuffles the cards from his or her hand into his or her library, then draws that many cards.","APC,PC2",,normal,271165,2,2,Rare,"Merfolk,Warrior",Creature
Orzhova,,,,Charles Urbach,30,Plane — Ravnica,"When you planeswalk away from Orzhova, each player returns all creature cards from his or her graveyard to the battlefield.\nWhenever you roll CHAOS, for each opponent, exile up to one target creature card from that player's graveyard.",PC2,,plane,226507,,,Common,Ravnica,Plane
Assassinate,{2}{B},3,B,Kev Walker,30,Sorcery,Destroy target tapped creature.,"TSP,10E,M10,M11,PC2,CNS","""This is how wars are won—not with armies of soldiers but with a single knife blade, artfully placed.""\n—Yurin, royal assassin",normal,271218,,,Common,,Sorcery
Prahv,,,,Drew Baker,31,Plane — Ravnica,"If you cast a spell this turn, you can't attack with creatures.\nIf you attacked with creatures this turn, you can't cast spells.\nWhenever you roll CHAOS, you gain life equal to the number of cards in your hand.",PC2,,plane,226552,,,Common,Ravnica,Plane
Cadaver Imp,{1}{B}{B},3,B,Dave Kendall,31,Creature — Imp,"Flying\nWhen Cadaver Imp enters the battlefield, you may return target creature card from your graveyard to your hand.","ROE,PC2,DDP",The mouth must be pried open before rigor mortis sets in. Otherwise the returning soul can find no ingress.,normal,271157,1,1,Common,Imp,Creature
Quicksilver Sea,,,,Charles Urbach,32,Plane — Mirrodin,"When you planeswalk to Quicksilver Sea or at the beginning of your upkeep, scry 4. (Look at the top four cards of your library, then put any number of them on the bottom of your library and the rest on top in any order.)\nWhenever you roll CHAOS, reveal the top card of your library. You may play it without paying its mana cost.",PC2,,plane,226518,,,Common,Mirrodin,Plane
Dark Hatchling,{4}{B}{B},6,B,Brad Rigney,32,Creature — Horror,"Flying\nWhen Dark Hatchling enters the battlefield, destroy target nonblack creature. It can't be regenerated.","USG,CMD,PC2,VMA",,normal,271217,3,3,Rare,Horror,Creature
Selesnya Loft Gardens,,,,Martina Pilcerova,33,Plane — Ravnica,"If an effect would put one or more tokens onto the battlefield, it puts twice that many of those tokens onto the battlefield instead.\nIf an effect would place one or more counters on a permanent, it places twice that many of those counters on that permanent instead.\nWhenever you roll CHAOS, until end of turn, whenever you tap a land for mana, add one mana to your mana pool of any type that land produced.",PC2,,plane,226538,,,Common,Ravnica,Plane
"Ink-Eyes, Servant of Oni",{4}{B}{B},6,B,Wayne Reynolds,33,Legendary Creature — Rat Ninja,"Ninjutsu {3}{B}{B} ({3}{B}{B}, Return an unblocked attacker you control to hand: Put this card onto the battlefield from your hand tapped and attacking.)\nWhenever Ink-Eyes, Servant of Oni deals combat damage to a player, you may put target creature card from that player's graveyard onto the battlefield under your control.\n{1}{B}: Regenerate Ink-Eyes.","pPRE,BOK,PC2,V13",,normal,271182,5,4,Rare,"Rat,Ninja",Creature
Stensia,,,,Vincent Proce,34,Plane — Innistrad,"Whenever a creature deals damage to one or more players for the first time in a turn, put a +1/+1 counter on it.\nWhenever you roll CHAOS, each creature you control gains ""{T}: This creature deals 1 damage to target player"" until end of turn.",PC2,,plane,226555,,,Common,Innistrad,Plane
Liliana's Specter,{1}{B}{B},3,B,Vance Kovacs,34,Creature — Specter,"Flying\nWhen Liliana's Specter enters the battlefield, each opponent discards a card.","pMGD,M11,PC2,CNS","""The finest minions know what I need without me ever saying a thing.""\n—Liliana Vess",normal,271194,2,1,Common,Specter,Creature
Takenuma,,,,Cliff Childs,35,Plane — Kamigawa,"Whenever a creature leaves the battlefield, its controller draws a card.\nWhenever you roll CHAOS, return target creature you control to its owner's hand.",PC2,,plane,226533,,,Common,Kamigawa,Plane
Okiba-Gang Shinobi,{3}{B}{B},5,B,Mark Zug,35,Creature — Rat Ninja,"Ninjutsu {3}{B} ({3}{B}, Return an unblocked attacker you control to hand: Put this card onto the battlefield from your hand tapped and attacking.)\nWhenever Okiba-Gang Shinobi deals combat damage to a player, that player discards two cards.","BOK,PC2",,normal,271185,3,2,Common,"Rat,Ninja",Creature
Talon Gates,,,,Chippy,36,Plane — Dominaria,"Any time you could cast a sorcery, you may exile a nonland card from your hand with X time counters on it, where X is its converted mana cost. If the exiled card doesn't have suspend, it gains suspend. (At the beginning of its owner's upkeep, he or she removes a time counter. When the last is removed, the player casts it without paying its mana cost. If it's a creature, it has haste.)\nWhenever you roll CHAOS, remove two time counters from each suspended card you own.",PC2,,plane,226525,,,Common,Dominaria,Plane
Skullsnatcher,{1}{B},2,B,Matt Cavotta,36,Creature — Rat Ninja,"Ninjutsu {B} ({B}, Return an unblocked attacker you control to hand: Put this card onto the battlefield from your hand tapped and attacking.)\nWhenever Skullsnatcher deals combat damage to a player, exile up to two target cards from that player's graveyard.","BOK,PC2",,normal,271186,2,1,Common,"Rat,Ninja",Creature
Trail of the Mage-Rings,,,,Vincent Proce,37,Plane — Vryn,"Instant and sorcery spells have rebound. (The spell's controller exiles the spell as it resolves if he or she cast it from his or her hand. At the beginning of that player's next upkeep, he or she may cast that card from exile without paying its mana cost.)\nWhenever you roll CHAOS, you may search your library for an instant or sorcery card, reveal it, put it into your hand, then shuffle your library.",PC2,,plane,226529,,,Common,Vryn,Plane
Throat Slitter,{4}{B},5,B,Paolo Parente,37,Creature — Rat Ninja,"Ninjutsu {2}{B} ({2}{B}, Return an unblocked attacker you control to hand: Put this card onto the battlefield from your hand tapped and attacking.)\nWhenever Throat Slitter deals combat damage to a player, destroy target nonblack creature that player controls.","BOK,PC2",,normal,271187,2,2,Uncommon,"Rat,Ninja",Creature
Truga Jungle,,,,Jim Nelson,38,Plane — Ergamon,"All lands have ""{T}: Add one mana of any color to your mana pool.""\nWhenever you roll CHAOS, reveal the top three cards of your library. Put all land cards revealed this way into your hand and the rest on the bottom of your library in any order.",PC2,,plane,226553,,,Common,Ergamon,Plane
Tormented Soul,{B},1,B,Karl Kopinski,38,Creature — Spirit,Tormented Soul can't block and can't be blocked.,"pWPN,M12,PC2,M13",Those who raged most bitterly at the world in life are cursed to roam the nether realms in death.,normal,271174,1,1,Common,Spirit,Creature
Windriddle Palaces,,,,Kekai Kotaki,39,Plane — Belenon,"Players play with the top card of their libraries revealed.\nYou may play the top card of any player's library.\nWhenever you roll CHAOS, each player puts the top card of his or her library into his or her graveyard.",PC2,,plane,226510,,,Common,Belenon,Plane
Arc Trail,{1}{R},2,R,Marc Simonetti,39,Sorcery,Arc Trail deals 2 damage to target creature or player and 1 damage to another target creature or player.,"SOM,PC2,DDN","""Don't try to hit your enemies. Concentrate on the space between them, and fill the air with doom.""\n—Spear-Tribe teaching",normal,275254,,,Uncommon,,Sorcery
The Zephyr Maze,,,,rk post,40,Plane — Kyneth,"Creatures with flying get +2/+0.\nCreatures without flying get -2/-0.\nWhenever you roll CHAOS, target creature gains flying until end of turn.",PC2,,plane,226528,,,Common,Kyneth,Plane
Beetleback Chief,{2}{R}{R},4,R,Wayne England,40,Creature — Goblin Warrior,"When Beetleback Chief enters the battlefield, put two 1/1 red Goblin creature tokens onto the battlefield.","PC2,VMA,DDN,C14,EMA","Whether trained, ridden, or eaten, few goblin military innovations have rivaled the bug.",normal,265145,2,2,Uncommon,"Goblin,Warrior",Creature
Erratic Explosion,{2}{R},3,R,Gary Ruddell,41,Sorcery,Choose target creature or player. Reveal cards from the top of your library until you reveal a nonland card. Erratic Explosion deals damage equal to that card's converted mana cost to that creature or player. Put the revealed cards on the bottom of your library in any order.,"ONS,PC2",,normal,271191,,,Common,,Sorcery
Fiery Conclusion,{1}{R},2,R,Paolo Parente,42,Instant,"As an additional cost to cast Fiery Conclusion, sacrifice a creature.\nFiery Conclusion deals 5 damage to target creature.","RAV,PC2,ORI","The Boros legionnaire saw a noble sacrifice, the Rakdos thug a blazing suicide, and the Izzet alchemist an experiment gone awry.",normal,275259,,,Common,,Instant
Fiery Fall,{5}{R},6,R,Daarken,43,Instant,"Fiery Fall deals 5 damage to target creature.\nBasic landcycling {1}{R} ({1}{R}, Discard this card: Search your library for a basic land card, reveal it, and put it into your hand. Then shuffle your library.)","CON,DDG,PC2,MMA,DDN,MM2",Jund feasts on the unprepared.,normal,271138,,,Common,,Instant
Fling,{1}{R},2,R,Paolo Parente,44,Instant,"As an additional cost to cast Fling, sacrifice a creature.\nFling deals damage equal to the sacrificed creature's power to target creature or player.","pARL,STH,pWPN,M11,M12,DKA,PC2","About halfway to the target, Snukk vowed that he had been tricked for the last time.",normal,271225,,,Common,,Instant
Hellion Eruption,{5}{R},6,R,Anthony Francisco,45,Sorcery,"Sacrifice all creatures you control, then put that many 4/4 red Hellion creature tokens onto the battlefield.","ROE,PC2,DDP","Just when you thought you'd be safe, in the middle of an open field with no Eldrazi around for miles.",normal,271158,,,Rare,,Sorcery
Hissing Iguanar,{2}{R},3,R,Brandon Kitkouski,46,Creature — Lizard,"Whenever another creature dies, you may have Hissing Iguanar deal 1 damage to target player.","ALA,PC2","Viashino thrashes keep iguanars as hunting companions, giving them wounded captives as playthings.",normal,271160,3,1,Common,Lizard,Creature
Mark of Mutiny,{2}{R},3,R,Mike Bierek,47,Sorcery,Gain control of target creature until end of turn. Put a +1/+1 counter on it and untap it. That creature gains haste until end of turn. (It can attack and {T} this turn.),"ZEN,PC2,M13",The flame of anger is hard to douse once lit.,normal,271135,,,Uncommon,,Sorcery
Mass Mutiny,{3}{R}{R},5,R,Carl Critchlow,48,Sorcery,"For each opponent, gain control of up to one target creature that player controls until end of turn. Untap those creatures. They gain haste until end of turn.","PC2,C13","""What say you, my most trusted advisors? . . . Advisors?""\n—Edra, merfolk sovereign",normal,270743,,,Rare,,Sorcery
Mudbutton Torchrunner,{2}{R},3,R,Steve Ellis,49,Creature — Goblin Warrior,"When Mudbutton Torchrunner dies, it deals 3 damage to target creature or player.","LRW,EVG,DDG,PC2,DD3_EVG",The oil sloshes against his skull as he nears his destination: the Frogtosser Games and the lighting of the Flaming Boggart.,normal,271222,1,1,Common,"Goblin,Warrior",Creature
Preyseizer Dragon,{4}{R}{R},6,R,Daarken,50,Creature — Dragon,"Flying\nDevour 2 (As this enters the battlefield, you may sacrifice any number of creatures. This creature enters the battlefield with twice that many +1/+1 counters on it.)\nWhenever Preyseizer Dragon attacks, it deals damage to target creature or player equal to the number of +1/+1 counters on Preyseizer Dragon.",PC2,,normal,265150,4,4,Rare,Dragon,Creature
Rivals' Duel,{3}{R},4,R,Zoltan Boros & Gabor Szikszai,51,Sorcery,Choose two target creatures that share no creature types. Those creatures fight each other. (Each deals damage equal to its power to the other.),"MOR,PC2",They could agree on one thing only: one of them must die.,normal,271200,,,Uncommon,,Sorcery
Thorn-Thrash Viashino,{3}{R},4,"R,G",Jon Foster,52,Creature — Viashino Warrior,"Devour 2 (As this enters the battlefield, you may sacrifice any number of creatures. This creature enters the battlefield with twice that many +1/+1 counters on it.)\n{G}: Thorn-Thrash Viashino gains trample until end of turn.","ALA,PC2",,normal,271162,2,2,Common,"Viashino,Warrior",Creature
Thunder-Thrash Elder,{2}{R},3,R,Brandon Kitkouski,53,Creature — Viashino Warrior,"Devour 3 (As this enters the battlefield, you may sacrifice any number of creatures. This creature enters the battlefield with three times that many +1/+1 counters on it.)","ALA,PC2",Viashino thrashes are led by elders who have survived countless challenges.,normal,271163,1,1,Uncommon,"Viashino,Warrior",Creature
Warstorm Surge,{5}{R},6,R,Raymond Swanland,54,Enchantment,"Whenever a creature enters the battlefield under your control, it deals damage equal to its power to target creature or player.","M12,PC2,C13,C15","""Listen to the roar! Feel the thunder! The Immersturm shouts its approval with every bolt of lightning!""",normal,271226,,,Rare,,Enchantment
Aura Gnarlid,{2}{G},3,G,Lars Grant-West,55,Creature — Beast,Creatures with power less than Aura Gnarlid's power can't block it.\nAura Gnarlid gets +1/+1 for each Aura on the battlefield.,"ROE,PC2","Kill a gnarlid with your first blow, or it'll cheerfully show you how it's done.",normal,271147,2,2,Common,Beast,Creature
Awakening Zone,{2}{G},3,G,Johann Bodin,56,Enchantment,"At the beginning of your upkeep, you may put a 0/1 colorless Eldrazi Spawn creature token onto the battlefield. It has ""Sacrifice this creature: Add {C} to your mana pool.""","ROE,CMD,PC2","The ground erupted in time with the hedron's thrum, a dirge of the last days.",normal,271156,,,Rare,,Enchantment
Beast Within,{2}{G},3,G,Dave Allsop,57,Instant,Destroy target permanent. Its controller puts a 3/3 green Beast creature token onto the battlefield.,"NPH,PC2,DDL","""Kill the weak so they can't drag the strong down to their level. This is true compassion.""\n—Benzir, archdruid of Temple Might",normal,275255,,,Uncommon,,Instant
Boar Umbra,{2}{G},3,G,Christopher Moeller,58,Enchantment — Aura,"Enchant creature\nEnchanted creature gets +3/+3.\nTotem armor (If enchanted creature would be destroyed, instead remove all damage from it and destroy this Aura.)","ROE,PC2","""From in here, everything looks like dinner.""",normal,271148,,,Uncommon,Aura,Enchantment
Bramble Elemental,{3}{G}{G},5,G,Tomas Giorello,59,Creature — Elemental,"Whenever an Aura becomes attached to Bramble Elemental, put two 1/1 green Saproling creature tokens onto the battlefield.","RAV,PC2","In abandoned corners of Ravnica, nature has begun to reclaim what it once owned.",normal,271208,4,4,Common,Elemental,Creature
Brindle Shoat,{1}{G},2,G,Steven Belledin,60,Creature — Boar,"When Brindle Shoat dies, put a 3/3 green Boar creature token onto the battlefield.","PC2,VMA","Hunters lure the stripling boar into the open, hoping to trap greater prey.",normal,265141,1,1,Uncommon,Boar,Creature
Brutalizer Exarch,{5}{G},6,G,Mark Zug,61,Creature — Cleric,"When Brutalizer Exarch enters the battlefield, choose one —\n• Search your library for a creature card, reveal it, then shuffle your library and put that card on top of it.\n• Put target noncreature permanent on the bottom of its owner's library.","NPH,PC2",,normal,275256,3,3,Uncommon,Cleric,Creature
Cultivate,{2}{G},3,G,Anthony Palumbo,62,Sorcery,"Search your library for up to two basic land cards, reveal those cards, and put one onto the battlefield tapped and the other into your hand. Then shuffle your library.","pFNM,M11,CMD,PC2,C13","All seeds share a common bond, calling to each other across infinity.",normal,271193,,,Common,,Sorcery
Dowsing Shaman,{4}{G},5,G,Wayne Reynolds,63,Creature — Centaur Shaman,"{2}{G}, {T}: Return target enchantment card from your graveyard to your hand.","RAV,PC2","He combs the streets looking for the lost light, the discarded enigmas of the city.",normal,271210,3,4,Uncommon,"Centaur,Shaman",Creature
Dreampod Druid,{1}{G},2,G,Wayne Reynolds,64,Creature — Human Druid,"At the beginning of each upkeep, if Dreampod Druid is enchanted, put a 1/1 green Saproling creature token onto the battlefield.","PC2,VMA","""Don't mistake my creations for mere vegetation. They are my children, loyal and fierce.""",normal,270742,2,2,Uncommon,"Human,Druid",Creature
Gluttonous Slime,{2}{G},3,G,Trevor Claxton,65,Creature — Ooze,"Flash\nDevour 1 (As this enters the battlefield, you may sacrifice any number of creatures. This creature enters the battlefield with that many +1/+1 counters on it.)","CON,PC2","On Jund, everything eventually ends up in something else's stomach.",normal,271140,2,2,Uncommon,Ooze,Creature
Lumberknot,{2}{G}{G},4,G,Jason A. Engle,66,Creature — Treefolk,"Hexproof (This creature can't be the target of spells or abilities your opponents control.)\nWhenever a creature dies, put a +1/+1 counter on Lumberknot.","ISD,PC2","Animated by geists fused in its oak, it hungers for more life to add to its core.",normal,271235,1,1,Uncommon,Treefolk,Creature
Mitotic Slime,{4}{G},5,G,Raymond Swanland,67,Creature — Ooze,"When Mitotic Slime dies, put two 2/2 green Ooze creature tokens onto the battlefield. They have ""When this creature dies, put two 1/1 green Ooze creature tokens onto the battlefield.""","pMGD,M11,PC2",,normal,271195,4,4,Rare,Ooze,Creature
Mycoloth,{3}{G}{G},5,G,Raymond Swanland,68,Creature — Fungus,"Devour 2 (As this enters the battlefield, you may sacrifice any number of creatures. This creature enters the battlefield with twice that many +1/+1 counters on it.)\nAt the beginning of your upkeep, put a 1/1 green Saproling creature token onto the battlefield for each +1/+1 counter on Mycoloth.","ALA,PC2,C15",,normal,271161,4,4,Rare,Fungus,Creature
Nest Invader,{1}{G},2,G,Trevor Claxton,69,Creature — Eldrazi Drone,"When Nest Invader enters the battlefield, put a 0/1 colorless Eldrazi Spawn creature token onto the battlefield. It has ""Sacrifice this creature: Add {C} to your mana pool.""","ROE,PC2,MM2",It nurtures its masters' glorious future.,normal,275261,2,2,Common,"Eldrazi,Drone",Creature
Nullmage Advocate,{2}{G},3,G,Darrell Riche,70,Creature — Insect Druid,{T}: Return two target cards from an opponent's graveyard to his or her hand. Destroy target artifact or enchantment.,"JUD,PC2","""Our unity unmasks your deceit.""",normal,271178,2,3,Common,"Insect,Druid",Creature
Ondu Giant,{3}{G},4,G,Igor Kieryluk,71,Creature — Giant Druid,"When Ondu Giant enters the battlefield, you may search your library for a basic land card, put it onto the battlefield tapped, then shuffle your library.","ROE,PC2,DDP",Some druids nurture gardens. Others nurture continents.,normal,271153,2,4,Common,"Giant,Druid",Creature
Overrun,{2}{G}{G}{G},5,G,Carl Critchlow,72,Sorcery,Creatures you control get +3/+3 and gain trample until end of turn.,"TMP,ATH,ODY,10E,M10,DDD,DPA,M12,PC2,C14,DD3_GVL,TPR,C15",Nature doesn't walk.,normal,271201,,,Uncommon,,Sorcery
Penumbra Spider,{2}{G}{G},4,G,Jeff Easley,73,Creature — Spider,"Reach\nWhen Penumbra Spider dies, put a 2/4 black Spider creature token with reach onto the battlefield.","TSP,CMD,PC2,MMA","When it snared a passing cockatrice, its own soul darkly doubled.",normal,271223,2,4,Common,Spider,Creature
Predatory Urge,{3}{G},4,G,Scott Chou,74,Enchantment — Aura,"Enchant creature\nEnchanted creature has ""{T}: This creature deals damage equal to its power to target creature. That creature deals damage equal to its power to this creature.""","ZEN,PC2",,normal,271136,,,Rare,Aura,Enchantment
Quiet Disrepair,{1}{G},2,G,Glen Angus,75,Enchantment — Aura,"Enchant artifact or enchantment\nAt the beginning of your upkeep, choose one —\n• Destroy enchanted permanent.\n• You gain 2 life.","FUT,PC2","""Artifice has always stood upon nature's shoulders. Let us watch nature take a turn.""\n—Freyalise",normal,271238,,,Common,Aura,Enchantment
Rancor,{G},1,G,Kev Walker,76,Enchantment — Aura,"Enchant creature\nEnchanted creature gets +2/+0 and has trample.\nWhen Rancor is put into a graveyard from the battlefield, return Rancor to its owner's hand.","ULG,pFNM,DDD,ARC,PC2,M13,DD3_GVL,EMA",,normal,275266,,,Common,Aura,Enchantment
Silhana Ledgewalker,{1}{G},2,G,James Wong,77,Creature — Elf Rogue,Hexproof (This creature can't be the target of spells or abilities your opponents control.)\nSilhana Ledgewalker can't be blocked except by creatures with flying.,"GPT,PC2","Street folk call them ""spire mice,"" but behind the mockery is an unspoken envy of the ledgewalkers' skill at avoiding harm.",normal,271230,1,1,Common,"Elf,Rogue",Creature
Snake Umbra,{2}{G},3,G,Christopher Moeller,78,Enchantment — Aura,"Enchant creature\nEnchanted creature gets +1/+1 and has ""Whenever this creature deals damage to an opponent, you may draw a card.""\nTotem armor (If enchanted creature would be destroyed, instead remove all damage from it and destroy this Aura.)","ROE,PC2",,normal,271155,,,Common,Aura,Enchantment
Tukatongue Thallid,{G},1,G,Vance Kovacs,79,Creature — Fungus,"When Tukatongue Thallid dies, put a 1/1 green Saproling creature token onto the battlefield.","CON,PC2,MM2",Jund's thallids tried to disguise their deliciousness by covering themselves in spines harvested from the tukatongue tree.,normal,271143,1,1,Common,Fungus,Creature
Viridian Emissary,{1}{G},2,G,Matt Stewart,80,Creature — Elf Scout,"When Viridian Emissary dies, you may search your library for a basic land card, put it onto the battlefield tapped, then shuffle your library.","MBS,PC2,C15",,normal,271146,2,1,Common,"Elf,Scout",Creature
Wall of Blossoms,{1}{G},2,G,Heather Hudson,81,Creature — Plant Wall,"Defender\nWhen Wall of Blossoms enters the battlefield, draw a card.","STH,pFNM,PC2,V13,TPR,C15","Each flower identical, every leaf and petal disturbingly exact.",normal,275262,0,4,Uncommon,"Plant,Wall",Creature
Baleful Strix,{U}{B},2,"U,B",Nils Hamm,82,Artifact Creature — Bird,"Flying, deathtouch\nWhen Baleful Strix enters the battlefield, draw a card.","PC2,C13,VMA,EMA","Its beak rends flesh and bone, exposing the tender marrow of dream.",normal,265156,1,1,Uncommon,Bird,"Artifact,Creature"
Bituminous Blast,{3}{B}{R},5,"B,R",Raymond Swanland,83,Instant,"Cascade (When you cast this spell, exile cards from the top of your library until you exile a nonland card that costs less. You may cast it without paying its mana cost. Put the exiled cards on the bottom in a random order.)\nBituminous Blast deals 4 damage to target creature.","pMPR,ARB,ARC,PC2",,normal,271166,,,Uncommon,,Instant
Bloodbraid Elf,{2}{R}{G},4,"R,G",Steve Argyle,84,Creature — Elf Berserker,"Haste\nCascade (When you cast this spell, exile cards from the top of your library until you exile a nonland card that costs less. You may cast it without paying its mana cost. Put the exiled cards on the bottom in a random order.)","pFNM,ARB,PC2,EMA",,normal,271167,3,2,Uncommon,"Elf,Berserker",Creature
Deny Reality,{3}{U}{B},5,"U,B",Jean-Sébastien Rossbach,85,Sorcery,"Cascade (When you cast this spell, exile cards from the top of your library until you exile a nonland card that costs less. You may cast it without paying its mana cost. Put the exiled cards on the bottom in a random order.)\nReturn target permanent to its owner's hand.","ARB,PC2",,normal,271168,,,Common,,Sorcery
Dimir Infiltrator,{U}{B},2,"U,B",Jim Nelson,86,Creature — Spirit,"Dimir Infiltrator can't be blocked.\nTransmute {1}{U}{B} ({1}{U}{B}, Discard this card: Search your library for a card with the same converted mana cost as this card, reveal it, and put it into your hand. Then shuffle your library. Transmute only as a sorcery.)","RAV,PC2",,normal,271214,1,3,Common,Spirit,Creature
Dragonlair Spider,{2}{R}{R}{G}{G},6,"R,G",Carl Critchlow,87,Creature — Spider,"Reach\nWhenever an opponent casts a spell, put a 1/1 green Insect creature token onto the battlefield.","PC2,CM1","Swarms thrive in its nest, feeding on leathery bits of discarded wing.",normal,270726,5,6,Rare,Spider,Creature
Elderwood Scion,{3}{G}{W},5,"W,G",Nils Hamm,88,Creature — Elemental,"Trample, lifelink\nSpells you cast that target Elderwood Scion cost {2} less to cast.\nSpells your opponents cast that target Elderwood Scion cost {2} more to cast.",PC2,The Sunbriar druids believe that every life begins in its heart and ends under its hooves.,normal,270725,4,4,Rare,Elemental,Creature
Enigma Sphinx,{4}{W}{U}{B},7,"W,U,B",Chris Rahn,89,Artifact Creature — Sphinx,"Flying\nWhen Enigma Sphinx is put into your graveyard from the battlefield, put it into your library third from the top.\nCascade (When you cast this spell, exile cards from the top of your library until you exile a nonland card that costs less. You may cast it without paying its mana cost. Put the exiled cards on the bottom in a random order.)","ARB,PC2",,normal,271169,5,4,Rare,Sphinx,"Artifact,Creature"
Enlisted Wurm,{4}{G}{W},6,"W,G",Steve Prescott,90,Creature — Wurm,"Cascade (When you cast this spell, exile cards from the top of your library until you exile a nonland card that costs less. You may cast it without paying its mana cost. Put the exiled cards on the bottom in a random order.)","ARB,PC2",A match for any army—even its own.,normal,271170,5,5,Uncommon,Wurm,Creature
Etherium-Horn Sorcerer,{4}{U}{R},6,"U,R",Franz Vohwinkel,91,Artifact Creature — Minotaur Wizard,"{1}{U}{R}: Return Etherium-Horn Sorcerer to its owner's hand.\nCascade (When you cast this spell, exile cards from the top of your library until you exile a nonland card that costs less. You may cast it without paying its mana cost. Put the exiled cards on the bottom in a random order.)","PC2,C15",,normal,265144,3,6,Rare,"Minotaur,Wizard","Artifact,Creature"
Fires of Yavimaya,{1}{R}{G},3,"R,G",Val Mayerik,92,Enchantment,Creatures you control have haste.\nSacrifice Fires of Yavimaya: Target creature gets +2/+2 until end of turn.,"INV,HOP,ARC,PC2,DDL,C13,CNS,VMA",,normal,276068,,,Uncommon,,Enchantment
Fusion Elemental,{W}{U}{B}{R}{G},5,"W,U,B,R,G",Michael Komarck,93,Creature — Elemental,,"CON,PC2","As the shards merged into the Maelstrom, their mana energies fused into new monstrosities.",normal,271139,8,8,Uncommon,Elemental,Creature
Glen Elendra Liege,{1}{U/B}{U/B}{U/B},4,"U,B",Kev Walker,94,Creature — Faerie Knight,Flying\nOther blue creatures you control get +1/+1.\nOther black creatures you control get +1/+1.,"SHM,PC2",Those who displease Oona soon learn the extent of the armies she commands.,normal,271215,2,3,Rare,"Faerie,Knight",Creature
Hellkite Hatchling,{2}{R}{G},4,"R,G",Daarken,95,Creature — Dragon,"Devour 1 (As this enters the battlefield, you may sacrifice any number of creatures. This creature enters the battlefield with that many +1/+1 counters on it.)\nHellkite Hatchling has flying and trample if it devoured a creature.","CON,PC2",A killing machine from birth.,normal,271141,2,2,Uncommon,Dragon,Creature
Indrik Umbra,{4}{G}{W},6,"W,G",Christopher Moeller,96,Enchantment — Aura,"Enchant creature\nEnchanted creature gets +4/+4 and has first strike, and all creatures able to block it do so.\nTotem armor (If enchanted creature would be destroyed, instead remove all damage from it and destroy this Aura.)",PC2,,normal,270724,,,Rare,Aura,Enchantment
Inkfathom Witch,{1}{U/B},2,"U,B",Larry MacDougall,97,Creature — Merfolk Wizard,Fear (This creature can't be blocked except by artifact creatures and/or black creatures.)\n{2}{U}{B}: Each unblocked creature has base power and toughness 4/1 until end of turn.,"SHM,PC2",The murk of the Wanderbrine concealed unseemly rituals designed to bring out the worst in merrowkind.,normal,271216,1,1,Uncommon,"Merfolk,Wizard",Creature
Kathari Remnant,{2}{U}{B},4,"U,B",Anthony S. Waters,98,Creature — Bird Skeleton,"Flying\n{B}: Regenerate Kathari Remnant.\nCascade (When you cast this spell, exile cards from the top of your library until you exile a nonland card that costs less. You may cast it without paying its mana cost. Put the exiled cards on the bottom in a random order.)","ARB,PC2",,normal,271189,0,1,Uncommon,"Bird,Skeleton",Creature
Krond the Dawn-Clad,{G}{G}{G}{W}{W}{W},6,"W,G",Zoltan Boros,99,Legendary Creature — Archon,"Flying, vigilance\nWhenever Krond the Dawn-Clad attacks, if it's enchanted, exile target permanent.",PC2,"Krond, the personification of the dawn's light, lives to exact justice on his nemesis Vela.",normal,270738,6,6,Mythic Rare,Archon,Creature
Last Stand,{W}{U}{B}{R}{G},5,"W,U,B,R,G",Ron Spencer,100,Sorcery,"Target opponent loses 2 life for each Swamp you control. Last Stand deals damage equal to the number of Mountains you control to target creature. Put a 1/1 green Saproling creature token onto the battlefield for each Forest you control. You gain 2 life for each Plains you control. Draw a card for each Island you control, then discard that many cards.","APC,PC2",,normal,271164,,,Rare,,Sorcery
Maelstrom Wanderer,{5}{U}{R}{G},8,"U,R,G",Thomas M. Baxa,101,Legendary Creature — Elemental,"Creatures you control have haste.\nCascade, cascade (When you cast this spell, exile cards from the top of your library until you exile a nonland card that costs less. You may cast it without paying its mana cost. Put the exiled cards on the bottom in a random order. Then do it again.)","PC2,CM1,EMA",,normal,265154,7,5,Mythic Rare,Elemental,Creature
Noggle Ransacker,{2}{U/R},3,"U,R",Alex Horley-Orlandelli,102,Creature — Noggle Rogue,"When Noggle Ransacker enters the battlefield, each player draws two cards, then discards a card at random.","EVE,PC2","Noggles live purely by what they can scavenge. There is not a single thing a noggle eats, wears, or uses that did not once belong to another.",normal,271144,2,1,Uncommon,"Noggle,Rogue",Creature
Pollenbright Wings,{4}{G}{W},6,"W,G",Terese Nielsen,103,Enchantment — Aura,"Enchant creature\nEnchanted creature has flying.\nWhenever enchanted creature deals combat damage to a player, put that many 1/1 green Saproling creature tokens onto the battlefield.","RAV,PC2",,normal,271211,,,Uncommon,Aura,Enchantment
Shardless Agent,{1}{G}{U},3,"U,G",Izzy,104,Artifact Creature — Human Rogue,"Cascade (When you cast this spell, exile cards from the top of your library until you exile a nonland card that costs less. You may cast it without paying its mana cost. Put the exiled cards on the bottom in a random order.)","PC2,EMA",,normal,270733,2,2,Uncommon,"Human,Rogue","Artifact,Creature"
Silent-Blade Oni,{3}{U}{U}{B}{B},7,"U,B",Steve Prescott,105,Creature — Demon Ninja,"Ninjutsu {4}{U}{B} ({4}{U}{B}, Return an unblocked attacker you control to hand: Put this card onto the battlefield from your hand tapped and attacking.)\nWhenever Silent-Blade Oni deals combat damage to a player, look at that player's hand. You may cast a nonland card in it without paying that card's mana cost.",PC2,,normal,270727,6,5,Rare,"Demon,Ninja",Creature
Thromok the Insatiable,{3}{R}{G},5,"R,G",Terese Nielsen,106,Legendary Creature — Hellion,"Devour X, where X is the number of creatures devoured this way (As this enters the battlefield, you may sacrifice any number of creatures. This creature enters the battlefield with X +1/+1 counters on it for each of those creatures.)",PC2,,normal,265155,0,0,Mythic Rare,Hellion,Creature
Vela the Night-Clad,{4}{U}{B},6,"U,B",Allen Williams,107,Legendary Creature — Human Wizard,"Intimidate (This creature can't be blocked except by artifact creatures and/or creatures that share a color with it.)\nOther creatures you control have intimidate.\nWhenever Vela the Night-Clad or another creature you control leaves the battlefield, each opponent loses 1 life.","PC2,CM1","Vela snuffs out every trace of Krond's reign, leaving pure nightfall in her wake.",normal,270729,4,4,Mythic Rare,"Human,Wizard",Creature
Armillary Sphere,{2},2,,Franz Vohwinkel,108,Artifact,"{2}, {T}, Sacrifice Armillary Sphere: Search your library for up to two basic land cards, reveal them, and put them into your hand. Then shuffle your library.","CON,DDG,CMD,DDI,PC2,C13",The mysterious purpose of two of the rings had eluded Esper mages—until now.,normal,271137,,,Common,,Artifact
Farsight Mask,{5},5,,Ben Thompson,109,Artifact,"Whenever a source an opponent controls deals damage to you, if Farsight Mask is untapped, you may draw a card.","MRD,PC2",It turns the adversity of the moment into the knowledge of a lifetime.,normal,275263,,,Uncommon,,Artifact
Flayer Husk,{1},1,,Igor Kieryluk,110,Artifact — Equipment,"Living weapon (When this Equipment enters the battlefield, put a 0/0 black Germ creature token onto the battlefield, then attach this to it.)\nEquipped creature gets +1/+1.\nEquip {2}","MBS,PC2,MM2",,normal,271145,,,Common,Equipment,Artifact
Fractured Powerstone,{2},2,,Rob Alexander,111,Artifact,{T}: Add {C} to your mana pool.\n{T}: Roll the planar die. Activate this ability only any time you could cast a sorcery.,PC2,"The Thran learned to capture mana, but power inevitably escapes its bonds.",normal,265151,,,Common,,Artifact
Quietus Spike,{3},3,,Mark Brill,112,Artifact — Equipment,"Equipped creature has deathtouch.\nWhenever equipped creature deals combat damage to a player, that player loses half his or her life, rounded up.\nEquip {3}","ALA,PC2",,normal,271219,,,Rare,Equipment,Artifact
Sai of the Shinobi,{1},1,,Brian Snõddy,113,Artifact — Equipment,"Equipped creature gets +1/+1.\nWhenever a creature enters the battlefield under your control, you may attach Sai of the Shinobi to it.\nEquip {2}",PC2,The passing of the sai presages the end of the old clan and the ascent of the new.,normal,270731,,,Uncommon,Equipment,Artifact
Thran Golem,{5},5,,Ron Spears,114,Artifact Creature — Golem,"As long as Thran Golem is enchanted, it gets +2/+2 and has flying, first strike, and trample.","UDS,9ED,M12,PC2",The golems of the ancient Thran still draw power in ways that baffle the artificers of today.,normal,271173,3,3,Uncommon,Golem,"Artifact,Creature"
Whispersilk Cloak,{3},3,,Daren Bader,115,Artifact — Equipment,Equipped creature can't be blocked and has shroud. (It can't be the target of spells or abilities.)\nEquip {2},"DST,10E,M10,DDE,M11,PC2",Such cloaks are in high demand both by assassins and by those who fear them.,normal,271198,,,Uncommon,Equipment,Artifact
Dimir Aqueduct,,,"U,B",John Avon,116,Land,"Dimir Aqueduct enters the battlefield tapped.\nWhen Dimir Aqueduct enters the battlefield, return a land you control to its owner's hand.\n{T}: Add {U}{B} to your mana pool.","RAV,CMD,PC2,MM2",,normal,271209,,,Common,,Land
Exotic Orchard,,,,Steven Belledin,117,Land,{T}: Add to your mana pool one mana of any color that a land an opponent controls could produce.,"CON,PC2","""It was a strange morning. When we awoke, we found our trees transformed. We didn't know whether to water them or polish them.""\n—Pulan, Bant orchardist",normal,275257,,,Rare,,Land
Graypelt Refuge,,,"G,W",Philip Straub,118,Land,"Graypelt Refuge enters the battlefield tapped.\nWhen Graypelt Refuge enters the battlefield, you gain 1 life.\n{T}: Add {G} or {W} to your mana pool.","ZEN,ARC,DDH,PC2,DDP",,normal,271131,,,Uncommon,,Land
Gruul Turf,,,"R,G",John Avon,119,Land,"Gruul Turf enters the battlefield tapped.\nWhen Gruul Turf enters the battlefield, return a land you control to its owner's hand.\n{T}: Add {R}{G} to your mana pool.","GPT,HOP,CMD,PC2,MM2",,normal,271228,,,Common,,Land
Jwar Isle Refuge,,,"U,B",Cyril Van Der Haegen,120,Land,"Jwar Isle Refuge enters the battlefield tapped.\nWhen Jwar Isle Refuge enters the battlefield, you gain 1 life.\n{T}: Add {U} or {B} to your mana pool.","ZEN,CMD,PC2,C13",,normal,271132,,,Uncommon,,Land
Kazandu Refuge,,,"R,G",Franz Vohwinkel,121,Land,"Kazandu Refuge enters the battlefield tapped.\nWhen Kazandu Refuge enters the battlefield, you gain 1 life.\n{T}: Add {R} or {G} to your mana pool.","ZEN,ARC,CMD,DDH,PC2,DDL,C13",,normal,271133,,,Uncommon,,Land
Khalni Garden,,,G,Ryan Pancoast,122,Land,"Khalni Garden enters the battlefield tapped.\nWhen Khalni Garden enters the battlefield, put a 0/1 green Plant creature token onto the battlefield.\n{T}: Add {G} to your mana pool.","WWK,ARC,PC2,C13",,normal,271227,,,Common,,Land
Krosan Verge,,,,Tony Szczudlo,123,Land,"Krosan Verge enters the battlefield tapped.\n{T}: Add {C} to your mana pool.\n{2}, {T}, Sacrifice Krosan Verge: Search your library for a Forest card and a Plains card and put them onto the battlefield tapped. Then shuffle your library.","JUD,ARC,PC2",,normal,271177,,,Uncommon,,Land
Rupture Spire,,,,Jaime Jones,124,Land,"Rupture Spire enters the battlefield tapped.\nWhen Rupture Spire enters the battlefield, sacrifice it unless you pay {1}.\n{T}: Add one mana of any color to your mana pool.","CON,H09,CMD,DDH,PC2,C13",,normal,271142,,,Common,,Land
Selesnya Sanctuary,,,"G,W",John Avon,125,Land,"Selesnya Sanctuary enters the battlefield tapped.\nWhen Selesnya Sanctuary enters the battlefield, return a land you control to its owner's hand.\n{T}: Add {G}{W} to your mana pool.","RAV,DDG,CMD,PC2,C13,MM2",,normal,271212,,,Common,,Land
Shimmering Grotto,,,,Cliff Childs,126,Land,"{T}: Add {C} to your mana pool.\n{1}, {T}: Add one mana of any color to your mana pool.","LRW,ISD,PC2,M14","""This is the price of being last in the food chain. We must keep our places of beauty hidden away instead of displayed for all to see.""\n—Hildin, priest of Avacyn",normal,271203,,,Common,,Land
"Skarrg, the Rage Pits",,,"R,G",Martina Pilcerova,127,Land,"{T}: Add {C} to your mana pool.\n{R}{G}, {T}: Target creature gets +1/+1 and gains trample until end of turn.","GPT,PC2,DDL","""This palace will be our fire-spit, and roasted prince our victory meal. Send in the torch-pigs!""\n—Ghut Rak, Gruul guildmage",normal,271231,,,Uncommon,,Land
Tainted Isle,,,"U,B",Alan Pollack,128,Land,{T}: Add {C} to your mana pool.\n{T}: Add {U} or {B} to your mana pool. Activate this ability only if you control a Swamp.,"TOR,PC2",,normal,271239,,,Uncommon,,Land
Terramorphic Expanse,,,,Dan Scott,129,Land,"{T}, Sacrifice Terramorphic Expanse: Search your library for a basic land card and put it onto the battlefield tapped. Then shuffle your library.","TSP,10E,M10,HOP,H09,DDE,ARC,M11,CMD,DDH,PC2,MMA,C13,DDN,C14,C15",,normal,271196,,,Common,,Land
"Vitu-Ghazi, the City-Tree",,,"G,W",Martina Pilcerova,130,Land,"{T}: Add {C} to your mana pool.\n{2}{G}{W}, {T}: Put a 1/1 green Saproling creature token onto the battlefield.","RAV,ARC,DDH,PC2,C13","In the autumn, she casts her seeds across the streets below, and come spring, her children rise in service to the Conclave.",normal,271213,,,Uncommon,,Land
Vivid Creek,,,U,Fred Fields,131,Land,"Vivid Creek enters the battlefield tapped with two charge counters on it.\n{T}: Add {U} to your mana pool.\n{T}, Remove a charge counter from Vivid Creek: Add one mana of any color to your mana pool.","LRW,H09,CMD,PC2,MMA,C13,C15",,normal,271204,,,Uncommon,,Land
Plains,,,W,John Avon,132,Basic Land — Plains,,"LEA,LEB,2ED,CED,CEI,3ED,4ED,ICE,RQS,pARL,MIR,ITP,5ED,POR,pPRE,TMP,pJGP,PO2,UGL,pALP,USG,ATH,6ED,PTK,S99,pGRU,MMQ,BRB,pELP,S00,INV,7ED,ODY,ONS,8ED,MRD,CHK,UNH,9ED,RAV,CST,TSP,10E,MED,LRW,SHM,ALA,DDC,M10,HOP,ME3,ZEN,H09,DDE,ROE,ARC,M11,DDF,SOM,MBS,DDG,NPH,CMD,M12,DDH,ISD,DDI,AVR,PC2,M13,RTR,DDK,M14,DDL,THS,C13,MD1,M15,DDN,KTK,C14,DD3_DVD,FRF,DDO,DTK,TPR,ORI,DDP,BFZ,C15,DDQ,SOI",,normal,276473,,,Basic Land,Plains,Land
Plains,,,W,John Avon,133,Basic Land — Plains,,"LEA,LEB,2ED,CED,CEI,3ED,4ED,ICE,RQS,pARL,MIR,ITP,5ED,POR,pPRE,TMP,pJGP,PO2,UGL,pALP,USG,ATH,6ED,PTK,S99,pGRU,MMQ,BRB,pELP,S00,INV,7ED,ODY,ONS,8ED,MRD,CHK,UNH,9ED,RAV,CST,TSP,10E,MED,LRW,SHM,ALA,DDC,M10,HOP,ME3,ZEN,H09,DDE,ROE,ARC,M11,DDF,SOM,MBS,DDG,NPH,CMD,M12,DDH,ISD,DDI,AVR,PC2,M13,RTR,DDK,M14,DDL,THS,C13,MD1,M15,DDN,KTK,C14,DD3_DVD,FRF,DDO,DTK,TPR,ORI,DDP,BFZ,C15,DDQ,SOI",,normal,276469,,,Basic Land,Plains,Land
Plains,,,W,Véronique Meignaud,134,Basic Land — Plains,,"LEA,LEB,2ED,CED,CEI,3ED,4ED,ICE,RQS,pARL,MIR,ITP,5ED,POR,pPRE,TMP,pJGP,PO2,UGL,pALP,USG,ATH,6ED,PTK,S99,pGRU,MMQ,BRB,pELP,S00,INV,7ED,ODY,ONS,8ED,MRD,CHK,UNH,9ED,RAV,CST,TSP,10E,MED,LRW,SHM,ALA,DDC,M10,HOP,ME3,ZEN,H09,DDE,ROE,ARC,M11,DDF,SOM,MBS,DDG,NPH,CMD,M12,DDH,ISD,DDI,AVR,PC2,M13,RTR,DDK,M14,DDL,THS,C13,MD1,M15,DDN,KTK,C14,DD3_DVD,FRF,DDO,DTK,TPR,ORI,DDP,BFZ,C15,DDQ,SOI",,normal,276458,,,Basic Land,Plains,Land
Plains,,,W,Jung Park,135,Basic Land — Plains,,"LEA,LEB,2ED,CED,CEI,3ED,4ED,ICE,RQS,pARL,MIR,ITP,5ED,POR,pPRE,TMP,pJGP,PO2,UGL,pALP,USG,ATH,6ED,PTK,S99,pGRU,MMQ,BRB,pELP,S00,INV,7ED,ODY,ONS,8ED,MRD,CHK,UNH,9ED,RAV,CST,TSP,10E,MED,LRW,SHM,ALA,DDC,M10,HOP,ME3,ZEN,H09,DDE,ROE,ARC,M11,DDF,SOM,MBS,DDG,NPH,CMD,M12,DDH,ISD,DDI,AVR,PC2,M13,RTR,DDK,M14,DDL,THS,C13,MD1,M15,DDN,KTK,C14,DD3_DVD,FRF,DDO,DTK,TPR,ORI,DDP,BFZ,C15,DDQ,SOI",,normal,276459,,,Basic Land,Plains,Land
Plains,,,W,Vincent Proce,136,Basic Land — Plains,,"LEA,LEB,2ED,CED,CEI,3ED,4ED,ICE,RQS,pARL,MIR,ITP,5ED,POR,pPRE,TMP,pJGP,PO2,UGL,pALP,USG,ATH,6ED,PTK,S99,pGRU,MMQ,BRB,pELP,S00,INV,7ED,ODY,ONS,8ED,MRD,CHK,UNH,9ED,RAV,CST,TSP,10E,MED,LRW,SHM,ALA,DDC,M10,HOP,ME3,ZEN,H09,DDE,ROE,ARC,M11,DDF,SOM,MBS,DDG,NPH,CMD,M12,DDH,ISD,DDI,AVR,PC2,M13,RTR,DDK,M14,DDL,THS,C13,MD1,M15,DDN,KTK,C14,DD3_DVD,FRF,DDO,DTK,TPR,ORI,DDP,BFZ,C15,DDQ,SOI",,normal,276461,,,Basic Land,Plains,Land
Island,,,U,John Avon,137,Basic Land — Island,,"LEA,LEB,2ED,CED,CEI,3ED,4ED,ICE,RQS,pARL,MIR,ITP,5ED,POR,TMP,pJGP,PO2,UGL,pALP,USG,6ED,PTK,S99,pGRU,MMQ,BRB,pELP,S00,BTD,INV,7ED,ODY,ONS,8ED,MRD,CHK,UNH,9ED,RAV,CST,TSP,10E,MED,LRW,SHM,ALA,DD2,M10,HOP,ME3,ZEN,H09,DDE,ROE,DPA,ARC,M11,DDF,SOM,MBS,NPH,CMD,M12,DDH,ISD,DDI,AVR,PC2,M13,DDJ,RTR,M14,THS,C13,DDM,M15,DDN,KTK,C14,DD3_JVC,FRF,DDO,DTK,TPR,ORI,BFZ,C15,DDQ,SOI",,normal,276466,,,Basic Land,Island,Land
Island,,,U,Martina Pilcerova,138,Basic Land — Island,,"LEA,LEB,2ED,CED,CEI,3ED,4ED,ICE,RQS,pARL,MIR,ITP,5ED,POR,TMP,pJGP,PO2,UGL,pALP,USG,6ED,PTK,S99,pGRU,MMQ,BRB,pELP,S00,BTD,INV,7ED,ODY,ONS,8ED,MRD,CHK,UNH,9ED,RAV,CST,TSP,10E,MED,LRW,SHM,ALA,DD2,M10,HOP,ME3,ZEN,H09,DDE,ROE,DPA,ARC,M11,DDF,SOM,MBS,NPH,CMD,M12,DDH,ISD,DDI,AVR,PC2,M13,DDJ,RTR,M14,THS,C13,DDM,M15,DDN,KTK,C14,DD3_JVC,FRF,DDO,DTK,TPR,ORI,BFZ,C15,DDQ,SOI",,normal,276452,,,Basic Land,Island,Land
Island,,,U,Martina Pilcerova,139,Basic Land — Island,,"LEA,LEB,2ED,CED,CEI,3ED,4ED,ICE,RQS,pARL,MIR,ITP,5ED,POR,TMP,pJGP,PO2,UGL,pALP,USG,6ED,PTK,S99,pGRU,MMQ,BRB,pELP,S00,BTD,INV,7ED,ODY,ONS,8ED,MRD,CHK,UNH,9ED,RAV,CST,TSP,10E,MED,LRW,SHM,ALA,DD2,M10,HOP,ME3,ZEN,H09,DDE,ROE,DPA,ARC,M11,DDF,SOM,MBS,NPH,CMD,M12,DDH,ISD,DDI,AVR,PC2,M13,DDJ,RTR,M14,THS,C13,DDM,M15,DDN,KTK,C14,DD3_JVC,FRF,DDO,DTK,TPR,ORI,BFZ,C15,DDQ,SOI",,normal,276453,,,Basic Land,Island,Land
Island,,,U,Martina Pilcerova,140,Basic Land — Island,,"LEA,LEB,2ED,CED,CEI,3ED,4ED,ICE,RQS,pARL,MIR,ITP,5ED,POR,TMP,pJGP,PO2,UGL,pALP,USG,6ED,PTK,S99,pGRU,MMQ,BRB,pELP,S00,BTD,INV,7ED,ODY,ONS,8ED,MRD,CHK,UNH,9ED,RAV,CST,TSP,10E,MED,LRW,SHM,ALA,DD2,M10,HOP,ME3,ZEN,H09,DDE,ROE,DPA,ARC,M11,DDF,SOM,MBS,NPH,CMD,M12,DDH,ISD,DDI,AVR,PC2,M13,DDJ,RTR,M14,THS,C13,DDM,M15,DDN,KTK,C14,DD3_JVC,FRF,DDO,DTK,TPR,ORI,BFZ,C15,DDQ,SOI",,normal,276471,,,Basic Land,Island,Land
Island,,,U,Martina Pilcerova,141,Basic Land — Island,,"LEA,LEB,2ED,CED,CEI,3ED,4ED,ICE,RQS,pARL,MIR,ITP,5ED,POR,TMP,pJGP,PO2,UGL,pALP,USG,6ED,PTK,S99,pGRU,MMQ,BRB,pELP,S00,BTD,INV,7ED,ODY,ONS,8ED,MRD,CHK,UNH,9ED,RAV,CST,TSP,10E,MED,LRW,SHM,ALA,DD2,M10,HOP,ME3,ZEN,H09,DDE,ROE,DPA,ARC,M11,DDF,SOM,MBS,NPH,CMD,M12,DDH,ISD,DDI,AVR,PC2,M13,DDJ,RTR,M14,THS,C13,DDM,M15,DDN,KTK,C14,DD3_JVC,FRF,DDO,DTK,TPR,ORI,BFZ,C15,DDQ,SOI",,normal,276462,,,Basic Land,Island,Land
Swamp,,,B,John Avon,142,Basic Land — Swamp,,"LEA,LEB,2ED,CED,CEI,3ED,4ED,ICE,RQS,pARL,MIR,ITP,5ED,POR,TMP,pJGP,PO2,UGL,pALP,USG,ATH,6ED,PTK,S99,pGRU,MMQ,BRB,pELP,S00,BTD,INV,7ED,ODY,DKM,ONS,8ED,MRD,CHK,UNH,9ED,RAV,CST,TSP,10E,MED,LRW,SHM,ALA,DDC,M10,HOP,ME3,ZEN,DDD,H09,DDE,ROE,DPA,ARC,M11,SOM,MBS,NPH,CMD,M12,DDH,ISD,PD3,AVR,PC2,M13,DDJ,RTR,DDK,M14,THS,C13,DDM,MD1,M15,DDN,KTK,C14,DD3_DVD,DD3_GVL,FRF,DTK,TPR,ORI,DDP,BFZ,C15,DDQ,SOI",,normal,276472,,,Basic Land,Swamp,Land
Swamp,,,B,Jim Nelson,143,Basic Land — Swamp,,"LEA,LEB,2ED,CED,CEI,3ED,4ED,ICE,RQS,pARL,MIR,ITP,5ED,POR,TMP,pJGP,PO2,UGL,pALP,USG,ATH,6ED,PTK,S99,pGRU,MMQ,BRB,pELP,S00,BTD,INV,7ED,ODY,DKM,ONS,8ED,MRD,CHK,UNH,9ED,RAV,CST,TSP,10E,MED,LRW,SHM,ALA,DDC,M10,HOP,ME3,ZEN,DDD,H09,DDE,ROE,DPA,ARC,M11,SOM,MBS,NPH,CMD,M12,DDH,ISD,PD3,AVR,PC2,M13,DDJ,RTR,DDK,M14,THS,C13,DDM,MD1,M15,DDN,KTK,C14,DD3_DVD,DD3_GVL,FRF,DTK,TPR,ORI,DDP,BFZ,C15,DDQ,SOI",,normal,276463,,,Basic Land,Swamp,Land
Swamp,,,B,Jim Nelson,144,Basic Land — Swamp,,"LEA,LEB,2ED,CED,CEI,3ED,4ED,ICE,RQS,pARL,MIR,ITP,5ED,POR,TMP,pJGP,PO2,UGL,pALP,USG,ATH,6ED,PTK,S99,pGRU,MMQ,BRB,pELP,S00,BTD,INV,7ED,ODY,DKM,ONS,8ED,MRD,CHK,UNH,9ED,RAV,CST,TSP,10E,MED,LRW,SHM,ALA,DDC,M10,HOP,ME3,ZEN,DDD,H09,DDE,ROE,DPA,ARC,M11,SOM,MBS,NPH,CMD,M12,DDH,ISD,PD3,AVR,PC2,M13,DDJ,RTR,DDK,M14,THS,C13,DDM,MD1,M15,DDN,KTK,C14,DD3_DVD,DD3_GVL,FRF,DTK,TPR,ORI,DDP,BFZ,C15,DDQ,SOI",,normal,276448,,,Basic Land,Swamp,Land
Swamp,,,B,Jim Nelson,145,Basic Land — Swamp,,"LEA,LEB,2ED,CED,CEI,3ED,4ED,ICE,RQS,pARL,MIR,ITP,5ED,POR,TMP,pJGP,PO2,UGL,pALP,USG,ATH,6ED,PTK,S99,pGRU,MMQ,BRB,pELP,S00,BTD,INV,7ED,ODY,DKM,ONS,8ED,MRD,CHK,UNH,9ED,RAV,CST,TSP,10E,MED,LRW,SHM,ALA,DDC,M10,HOP,ME3,ZEN,DDD,H09,DDE,ROE,DPA,ARC,M11,SOM,MBS,NPH,CMD,M12,DDH,ISD,PD3,AVR,PC2,M13,DDJ,RTR,DDK,M14,THS,C13,DDM,MD1,M15,DDN,KTK,C14,DD3_DVD,DD3_GVL,FRF,DTK,TPR,ORI,DDP,BFZ,C15,DDQ,SOI",,normal,276455,,,Basic Land,Swamp,Land
Swamp,,,B,Jim Nelson,146,Basic Land — Swamp,,"LEA,LEB,2ED,CED,CEI,3ED,4ED,ICE,RQS,pARL,MIR,ITP,5ED,POR,TMP,pJGP,PO2,UGL,pALP,USG,ATH,6ED,PTK,S99,pGRU,MMQ,BRB,pELP,S00,BTD,INV,7ED,ODY,DKM,ONS,8ED,MRD,CHK,UNH,9ED,RAV,CST,TSP,10E,MED,LRW,SHM,ALA,DDC,M10,HOP,ME3,ZEN,DDD,H09,DDE,ROE,DPA,ARC,M11,SOM,MBS,NPH,CMD,M12,DDH,ISD,PD3,AVR,PC2,M13,DDJ,RTR,DDK,M14,THS,C13,DDM,MD1,M15,DDN,KTK,C14,DD3_DVD,DD3_GVL,FRF,DTK,TPR,ORI,DDP,BFZ,C15,DDQ,SOI",,normal,276457,,,Basic Land,Swamp,Land
Mountain,,,R,John Avon,147,Basic Land — Mountain,,"LEA,LEB,2ED,ARN,CED,CEI,3ED,4ED,ICE,RQS,pARL,MIR,ITP,5ED,POR,TMP,pJGP,PO2,UGL,pALP,USG,ATH,6ED,PTK,S99,pGRU,MMQ,BRB,pELP,S00,BTD,INV,7ED,ODY,DKM,ONS,8ED,MRD,CHK,UNH,9ED,RAV,CST,TSP,10E,MED,LRW,EVG,SHM,ALA,DD2,M10,HOP,ME3,ZEN,H09,DDE,ROE,DPA,ARC,M11,SOM,PD2,MBS,DDG,NPH,CMD,M12,DDH,ISD,DDI,AVR,PC2,M13,DDJ,RTR,DDK,M14,DDL,THS,C13,M15,DDN,KTK,C14,DD3_EVG,DD3_JVC,FRF,DTK,TPR,ORI,DDP,BFZ,C15,SOI",,normal,276447,,,Basic Land,Mountain,Land
Mountain,,,R,Aleksi Briclot,148,Basic Land — Mountain,,"LEA,LEB,2ED,ARN,CED,CEI,3ED,4ED,ICE,RQS,pARL,MIR,ITP,5ED,POR,TMP,pJGP,PO2,UGL,pALP,USG,ATH,6ED,PTK,S99,pGRU,MMQ,BRB,pELP,S00,BTD,INV,7ED,ODY,DKM,ONS,8ED,MRD,CHK,UNH,9ED,RAV,CST,TSP,10E,MED,LRW,EVG,SHM,ALA,DD2,M10,HOP,ME3,ZEN,H09,DDE,ROE,DPA,ARC,M11,SOM,PD2,MBS,DDG,NPH,CMD,M12,DDH,ISD,DDI,AVR,PC2,M13,DDJ,RTR,DDK,M14,DDL,THS,C13,M15,DDN,KTK,C14,DD3_EVG,DD3_JVC,FRF,DTK,TPR,ORI,DDP,BFZ,C15,SOI",,normal,276449,,,Basic Land,Mountain,Land
Mountain,,,R,D. Alexander Gregory,149,Basic Land — Mountain,,"LEA,LEB,2ED,ARN,CED,CEI,3ED,4ED,ICE,RQS,pARL,MIR,ITP,5ED,POR,TMP,pJGP,PO2,UGL,pALP,USG,ATH,6ED,PTK,S99,pGRU,MMQ,BRB,pELP,S00,BTD,INV,7ED,ODY,DKM,ONS,8ED,MRD,CHK,UNH,9ED,RAV,CST,TSP,10E,MED,LRW,EVG,SHM,ALA,DD2,M10,HOP,ME3,ZEN,H09,DDE,ROE,DPA,ARC,M11,SOM,PD2,MBS,DDG,NPH,CMD,M12,DDH,ISD,DDI,AVR,PC2,M13,DDJ,RTR,DDK,M14,DDL,THS,C13,M15,DDN,KTK,C14,DD3_EVG,DD3_JVC,FRF,DTK,TPR,ORI,DDP,BFZ,C15,SOI",,normal,276465,,,Basic Land,Mountain,Land
Mountain,,,R,Véronique Meignaud,150,Basic Land — Mountain,,"LEA,LEB,2ED,ARN,CED,CEI,3ED,4ED,ICE,RQS,pARL,MIR,ITP,5ED,POR,TMP,pJGP,PO2,UGL,pALP,USG,ATH,6ED,PTK,S99,pGRU,MMQ,BRB,pELP,S00,BTD,INV,7ED,ODY,DKM,ONS,8ED,MRD,CHK,UNH,9ED,RAV,CST,TSP,10E,MED,LRW,EVG,SHM,ALA,DD2,M10,HOP,ME3,ZEN,H09,DDE,ROE,DPA,ARC,M11,SOM,PD2,MBS,DDG,NPH,CMD,M12,DDH,ISD,DDI,AVR,PC2,M13,DDJ,RTR,DDK,M14,DDL,THS,C13,M15,DDN,KTK,C14,DD3_EVG,DD3_JVC,FRF,DTK,TPR,ORI,DDP,BFZ,C15,SOI",,normal,276470,,,Basic Land,Mountain,Land
Forest,,,G,John Avon,151,Basic Land — Forest,,"LEA,LEB,2ED,CED,CEI,3ED,4ED,ICE,RQS,pARL,MIR,ITP,5ED,POR,TMP,pJGP,PO2,UGL,pALP,USG,ATH,6ED,PTK,S99,pGRU,MMQ,BRB,pELP,S00,BTD,INV,7ED,ODY,DKM,ONS,8ED,MRD,CHK,UNH,9ED,RAV,CST,TSP,10E,MED,LRW,EVG,SHM,ALA,M10,HOP,ME3,ZEN,DDD,H09,DDE,ROE,DPA,ARC,M11,SOM,MBS,DDG,NPH,CMD,M12,DDH,ISD,AVR,PC2,M13,DDJ,RTR,M14,DDL,THS,C13,DDM,M15,KTK,C14,DD3_EVG,DD3_GVL,FRF,DDO,DTK,TPR,ORI,DDP,BFZ,C15,SOI",,normal,276467,,,Basic Land,Forest,Land
Forest,,,G,John Avon,152,Basic Land — Forest,,"LEA,LEB,2ED,CED,CEI,3ED,4ED,ICE,RQS,pARL,MIR,ITP,5ED,POR,TMP,pJGP,PO2,UGL,pALP,USG,ATH,6ED,PTK,S99,pGRU,MMQ,BRB,pELP,S00,BTD,INV,7ED,ODY,DKM,ONS,8ED,MRD,CHK,UNH,9ED,RAV,CST,TSP,10E,MED,LRW,EVG,SHM,ALA,M10,HOP,ME3,ZEN,DDD,H09,DDE,ROE,DPA,ARC,M11,SOM,MBS,DDG,NPH,CMD,M12,DDH,ISD,AVR,PC2,M13,DDJ,RTR,M14,DDL,THS,C13,DDM,M15,KTK,C14,DD3_EVG,DD3_GVL,FRF,DDO,DTK,TPR,ORI,DDP,BFZ,C15,SOI",,normal,276468,,,Basic Land,Forest,Land
Forest,,,G,Aleksi Briclot,153,Basic Land — Forest,,"LEA,LEB,2ED,CED,CEI,3ED,4ED,ICE,RQS,pARL,MIR,ITP,5ED,POR,TMP,pJGP,PO2,UGL,pALP,USG,ATH,6ED,PTK,S99,pGRU,MMQ,BRB,pELP,S00,BTD,INV,7ED,ODY,DKM,ONS,8ED,MRD,CHK,UNH,9ED,RAV,CST,TSP,10E,MED,LRW,EVG,SHM,ALA,M10,HOP,ME3,ZEN,DDD,H09,DDE,ROE,DPA,ARC,M11,SOM,MBS,DDG,NPH,CMD,M12,DDH,ISD,AVR,PC2,M13,DDJ,RTR,M14,DDL,THS,C13,DDM,M15,KTK,C14,DD3_EVG,DD3_GVL,FRF,DDO,DTK,TPR,ORI,DDP,BFZ,C15,SOI",,normal,276460,,,Basic Land,Forest,Land
Forest,,,G,Véronique Meignaud,154,Basic Land — Forest,,"LEA,LEB,2ED,CED,CEI,3ED,4ED,ICE,RQS,pARL,MIR,ITP,5ED,POR,TMP,pJGP,PO2,UGL,pALP,USG,ATH,6ED,PTK,S99,pGRU,MMQ,BRB,pELP,S00,BTD,INV,7ED,ODY,DKM,ONS,8ED,MRD,CHK,UNH,9ED,RAV,CST,TSP,10E,MED,LRW,EVG,SHM,ALA,M10,HOP,ME3,ZEN,DDD,H09,DDE,ROE,DPA,ARC,M11,SOM,MBS,DDG,NPH,CMD,M12,DDH,ISD,AVR,PC2,M13,DDJ,RTR,M14,DDL,THS,C13,DDM,M15,KTK,C14,DD3_EVG,DD3_GVL,FRF,DDO,DTK,TPR,ORI,DDP,BFZ,C15,SOI",,normal,276464,,,Basic Land,Forest,Land
Forest,,,G,Vincent Proce,155,Basic Land — Forest,,"LEA,LEB,2ED,CED,CEI,3ED,4ED,ICE,RQS,pARL,MIR,ITP,5ED,POR,TMP,pJGP,PO2,UGL,pALP,USG,ATH,6ED,PTK,S99,pGRU,MMQ,BRB,pELP,S00,BTD,INV,7ED,ODY,DKM,ONS,8ED,MRD,CHK,UNH,9ED,RAV,CST,TSP,10E,MED,LRW,EVG,SHM,ALA,M10,HOP,ME3,ZEN,DDD,H09,DDE,ROE,DPA,ARC,M11,SOM,MBS,DDG,NPH,CMD,M12,DDH,ISD,AVR,PC2,M13,DDJ,RTR,M14,DDL,THS,C13,DDM,M15,KTK,C14,DD3_EVG,DD3_GVL,FRF,DDO,DTK,TPR,ORI,DDP,BFZ,C15,SOI",,normal,276456,,,Basic Land,Forest,Land
Forest,,,G,Stephen Tappin,156,Basic Land — Forest,,"LEA,LEB,2ED,CED,CEI,3ED,4ED,ICE,RQS,pARL,MIR,ITP,5ED,POR,TMP,pJGP,PO2,UGL,pALP,USG,ATH,6ED,PTK,S99,pGRU,MMQ,BRB,pELP,S00,BTD,INV,7ED,ODY,DKM,ONS,8ED,MRD,CHK,UNH,9ED,RAV,CST,TSP,10E,MED,LRW,EVG,SHM,ALA,M10,HOP,ME3,ZEN,DDD,H09,DDE,ROE,DPA,ARC,M11,SOM,MBS,DDG,NPH,CMD,M12,DDH,ISD,AVR,PC2,M13,DDJ,RTR,M14,DDL,THS,C13,DDM,M15,KTK,C14,DD3_EVG,DD3_GVL,FRF,DDO,DTK,TPR,ORI,DDP,BFZ,C15,SOI",,normal,276454,,,Basic Land,Forest,Land
Stairs to Infinity,,,,Steven Belledin,P1,Plane — Xerex,"Players have no maximum hand size.\nWhenever you roll the planar die, draw a card.\nWhenever you roll CHAOS, reveal the top card of your planar deck. You may put it on the bottom of your planar deck.",PC2,,plane,226521,,,Rare,Xerex,Plane
