name,manaCost,cmc,colorIdentity,artist,number,type,text,printings,flavor,layout,multiverseid,power,toughness,rarity,subtypes,types
Aven Riftwatcher,{2}{W},3,W,Don Hazeltine,1,Creature — Bird Rebel Soldier,"Flying\nVanishing 3 (This creature enters the battlefield with three time counters on it. At the beginning of your upkeep, remove a time counter from it. When the last is removed, sacrifice it.)\nWhen Aven Riftwatcher enters the battlefield or leaves the battlefield, you gain 2 life.","PLC,EMA",,normal,108899,2,3,Common,"Bird,Rebel,Soldier",Creature
Benalish Commander,{3}{W},4,W,Paolo Parente,2,Creature — Human Soldier,"Benalish Commander's power and toughness are each equal to the number of Soldiers you control.\nSuspend X—{X}{W}{W}. X can't be 0. (Rather than cast this card from your hand, you may pay {X}{W}{W} and exile it with X time counters on it. At the beginning of your upkeep, remove a time counter. When the last is removed, cast it without paying its mana cost. It has haste.)\nWhenever a time counter is removed from Benalish Commander while it's exiled, put a 1/1 white Soldier creature token onto the battlefield.",PLC,,normal,122408,*,*,Rare,"Human,Soldier",Creature
"Crovax, Ascendant Hero",{4}{W}{W},6,W,Pete Venters,3,Legendary Creature — Human,"Other white creatures get +1/+1.\nNonwhite creatures get -1/-1.\nPay 2 life: Return Crovax, Ascendant Hero to its owner's hand.",PLC,"Crovax was destined for an angel's curse, but one warped timeline saw the noble redeemed.",normal,122487,4,4,Rare,Human,Creature
Dawn Charm,{1}{W},2,W,John Avon,4,Instant,Choose one —\n• Prevent all combat damage that would be dealt this turn.\n• Regenerate target creature.\n• Counter target spell that targets you.,PLC,,normal,124080,,,Common,,Instant
Dust Elemental,{2}{W}{W},4,W,rk post,5,Creature — Elemental,"Flash (You may cast this spell any time you could cast an instant.)\nFlying; fear (This creature can't be blocked except by artifact creatures and/or black creatures.)\nWhen Dust Elemental enters the battlefield, return three creatures you control to their owner's hand.",PLC,,normal,124343,6,6,Rare,Elemental,Creature
Ghost Tactician,{4}{W},5,W,Zoltan Boros & Gabor Szikszai,6,Creature — Spirit Spellshaper,"{W}, {T}, Discard a card: Creatures you control get +1/+0 until end of turn.",PLC,Its ethereal hand confers a lifetime of experience with combat and steel.,normal,126809,2,5,Common,"Spirit,Spellshaper",Creature
Heroes Remembered,{6}{W}{W}{W},9,W,Michael Phillippi,7,Sorcery,"You gain 20 life.\nSuspend 10—{W} (Rather than cast this card from your hand, you may pay {W} and exile it with ten time counters on it. At the beginning of your upkeep, remove a time counter. When the last is removed, cast it without paying its mana cost.)",PLC,,normal,122438,,,Rare,,Sorcery
Magus of the Tabernacle,{3}{W},4,W,Randy Gallegos,8,Creature — Human Wizard,"All creatures have ""At the beginning of your upkeep, sacrifice this creature unless you pay {1}.""",PLC,"The Tabernacle's disciples channel the emanations from Pendrell Vale, spreading its paradoxical demand to be both worshipped and left alone.",normal,130719,2,6,Rare,"Human,Wizard",Creature
Mantle of Leadership,{1}{W},2,W,Thomas M. Baxa,9,Enchantment — Aura,"Flash (You may cast this spell any time you could cast an instant.)\nEnchant creature\nWhenever a creature enters the battlefield, enchanted creature gets +2/+2 until end of turn.",PLC,,normal,122349,,,Uncommon,Aura,Enchantment
Pallid Mycoderm,{3}{W},4,W,Jim Nelson,10,Creature — Fungus,"At the beginning of your upkeep, put a spore counter on Pallid Mycoderm.\nRemove three spore counters from Pallid Mycoderm: Put a 1/1 green Saproling creature token onto the battlefield.\nSacrifice a Saproling: Each creature you control that's a Fungus or a Saproling gets +1/+1 until end of turn.","PLC,MMA",,normal,124508,2,4,Common,Fungus,Creature
Poultice Sliver,{2}{W},3,W,Randy Gallegos,11,Creature — Sliver,"All Slivers have ""{2}, {T}: Regenerate target Sliver.""",PLC,"""Its broad claw suggests a chitinous shield, but in fact it conceals glands that secrete a remarkably swift healing agent.""\n—Rukarumel, field journal",normal,126014,2,2,Common,Sliver,Creature
Rebuff the Wicked,{W},1,W,Stephen Tappin,12,Instant,Counter target spell that targets a permanent you control.,PLC,"""I cannot teach you their brand of magic, but I can teach you how to defend against it.""\n—Tavalus, priest of Korlis",normal,122287,,,Uncommon,,Instant
Retether,{3}{W},4,W,Dan Scott,13,Sorcery,Return each Aura card from your graveyard to the battlefield. Only creatures can be enchanted this way. (Aura cards that can't enchant a creature on the battlefield remain in your graveyard.),PLC,"The rifts reach into infinite time streams, bringing the divergent products of alternate pasts into the present.",normal,131007,,,Rare,,Sorcery
Riftmarked Knight,{1}{W}{W},3,W,William O'Connor,14,Creature — Human Rebel Knight,"Protection from black; flanking (Whenever a creature without flanking blocks this creature, the blocking creature gets -1/-1 until end of turn.)\nSuspend 3—{1}{W}{W} (Rather than cast this card from your hand, you may pay {1}{W}{W} and exile it with three time counters on it. At the beginning of your upkeep, remove a time counter. When the last is removed, cast it without paying its mana cost. It has haste.)\nWhen the last time counter is removed from Riftmarked Knight while it's exiled, put a 2/2 black Knight creature token with flanking, protection from white, and haste onto the battlefield.",PLC,,normal,126816,2,2,Uncommon,"Human,Rebel,Knight",Creature
Saltblast,{3}{W}{W},5,W,Paolo Parente,15,Sorcery,Destroy target nonwhite permanent.,"PLC,DDF",Dominaria erodes with each passing gust.,normal,122435,,,Uncommon,,Sorcery
Saltfield Recluse,{2}{W},3,W,Brian Despain,16,Creature — Human Rebel Cleric,{T}: Target creature gets -2/-0 until end of turn.,"PLC,MMA","He remembers a past of light and healing. But he lives the bitter present—parching salt, scouring wind, and the withering heat of the desert.",normal,124037,1,2,Common,"Human,Rebel,Cleric",Creature
Serra's Boon,{2}{W},3,W,Steven Belledin,17,Enchantment — Aura,"Enchant creature\nEnchanted creature gets +1/+2 as long as it's white. Otherwise, it gets -2/-1.","PLC,DDC,DD3_DVD","""The light of an angel's glance is warm, but her fixed stare blinds and burns.""\n—Calexis, deacon of the New Order of Serra",normal,129014,,,Uncommon,Aura,Enchantment
Shade of Trokair,{3}{W},4,W,William O'Connor,18,Creature — Shade,"{W}: Shade of Trokair gets +1/+1 until end of turn.\nSuspend 3—{W} (Rather than cast this card from your hand, you may pay {W} and exile it with three time counters on it. At the beginning of your upkeep, remove a time counter. When the last is removed, cast it without paying its mana cost. It has haste.)",PLC,,normal,126408,1,2,Common,Shade,Creature
Stonecloaker,{2}{W},3,W,Tomas Giorello,19,Creature — Gargoyle,"Flash (You may cast this spell any time you could cast an instant.)\nFlying\nWhen Stonecloaker enters the battlefield, return a creature you control to its owner's hand.\nWhen Stonecloaker enters the battlefield, exile target card from a graveyard.","PLC,C13,DDN",,normal,122469,3,2,Uncommon,Gargoyle,Creature
Stormfront Riders,{4}{W},5,W,Wayne Reynolds,20,Creature — Human Soldier,"Flying\nWhen Stormfront Riders enters the battlefield, return two creatures you control to their owner's hand.\nWhenever Stormfront Riders or another creature is returned to your hand from the battlefield, put a 1/1 white Soldier creature token onto the battlefield.","PLC,DDF",,normal,122412,4,3,Uncommon,"Human,Soldier",Creature
Voidstone Gargoyle,{3}{W}{W},5,W,Terese Nielsen,21,Creature — Gargoyle,"Flying\nAs Voidstone Gargoyle enters the battlefield, name a nonland card.\nThe named card can't be cast.\nActivated abilities of sources with the chosen name can't be activated.",PLC,,normal,125882,3,3,Rare,Gargoyle,Creature
Whitemane Lion,{1}{W},2,W,Zoltan Boros & Gabor Szikszai,22,Creature — Cat,"Flash (You may cast this spell any time you could cast an instant.)\nWhen Whitemane Lion enters the battlefield, return a creature you control to its owner's hand.","PLC,DDI,C14,EMA","Saltfield nomads call a sudden storm a ""whitemane.""",normal,122477,2,2,Common,Cat,Creature
Calciderm,{2}{W}{W},4,W,Dave Kendall,23,Creature — Beast,"Shroud (This creature can't be the target of spells or abilities.)\nVanishing 4 (This creature enters the battlefield with four time counters on it. At the beginning of your upkeep, remove a time counter from it. When the last is removed, sacrifice it.)","pGTW,PLC,EMA",,normal,122360,5,5,Uncommon,Beast,Creature
Malach of the Dawn,{2}{W}{W},4,W,Steve Prescott,24,Creature — Angel,Flying\n{W}{W}{W}: Regenerate Malach of the Dawn.,PLC,"""The sun rises, but the world still feels dark. Pray for the arrival of the malachim—they'll bring Dawn to the world and to our hearts.""\n—Sister Betje, Miracles of the Saints",normal,122481,2,4,Uncommon,Angel,Creature
Mana Tithe,{W},1,W,Martina Pilcerova,25,Instant,Counter target spell unless its controller pays {1}.,"pMPR,PLC","""Those who seek to upset the balance must be taxed for such ambitions.""\n—Verithain, mesa high priest",normal,122324,,,Common,,Instant
Mesa Enchantress,{1}{W}{W},3,W,Randy Gallegos,26,Creature — Human Druid,"Whenever you cast an enchantment spell, you may draw a card.","PLC,M10,M12,C15,EMA",She shepherds mysteries and dust as others would a flock of sheep.,normal,126214,0,2,Rare,"Human,Druid",Creature
Mycologist,{1}{W},2,W,Kev Walker,27,Creature — Human Druid,"At the beginning of your upkeep, put a spore counter on Mycologist.\nRemove three spore counters from Mycologist: Put a 1/1 green Saproling creature token onto the battlefield.\nSacrifice a Saproling: You gain 2 life.",PLC,,normal,124033,0,2,Uncommon,"Human,Druid",Creature
Porphyry Nodes,{W},1,W,Alan Pollack,28,Enchantment,"At the beginning of your upkeep, destroy the creature with the least power. It can't be regenerated. If two or more creatures are tied for least power, you choose one of them.\nWhen there are no creatures on the battlefield, sacrifice Porphyry Nodes.",PLC,,normal,124470,,,Rare,,Enchantment
Revered Dead,{1}{W},2,W,Ron Spears,29,Creature — Spirit Soldier,{W}: Regenerate Revered Dead.,PLC,"""The mists coalesced into silent warriors. We charged them and broke through their lines, only to see them swirl and re-form behind us.""\n—Golas Mahr, black knight",normal,122282,1,1,Common,"Spirit,Soldier",Creature
Sinew Sliver,{1}{W},2,W,Steven Belledin,30,Creature — Sliver,All Sliver creatures get +1/+1.,PLC,"As the muscle cords of the creature twitched, Hanna saw an unsettling unanimity in the others' rippling flesh. She didn't know what it meant, but she urged Sisay to keep the ship at a safe distance.",normal,125879,1,1,Common,Sliver,Creature
Sunlance,{W},1,W,Volkan Baga,31,Sorcery,Sunlance deals 3 damage to target nonwhite creature.,"PLC,DDF,DDO,MM2","""It's easy for the innocent to speak of justice. They seldom feel its terrible power.""\n—Orim, Samite inquisitor",normal,122355,,,Common,,Sorcery
Aeon Chronicler,{3}{U}{U},5,U,Dan Dos Santos,32,Creature — Avatar,"Aeon Chronicler's power and toughness are each equal to the number of cards in your hand.\nSuspend X—{X}{3}{U}. X can't be 0.  (Rather than cast this card from your hand, you may pay {X}{3}{U} and exile it with X time counters on it. At the beginning of your upkeep, remove a time counter. When the last is removed, cast it without paying its mana cost. It has haste.)\nWhenever a time counter is removed from Aeon Chronicler while it's exiled, draw a card.","PLC,DDM",,normal,122449,*,*,Rare,Avatar,Creature
Aquamorph Entity,{2}{U}{U},4,U,Brian Despain,33,Creature — Shapeshifter,"As Aquamorph Entity enters the battlefield or is turned face up, it becomes your choice of 5/1 or 1/5.\nMorph {2}{U} (You may cast this card face down as a 2/2 creature for {3}. Turn it face up any time for its morph cost.)","PLC,DDN",,normal,126024,*,*,Common,Shapeshifter,Creature
Auramancer's Guise,{2}{U}{U},4,U,Greg Staples,34,Enchantment — Aura,Enchant creature\nEnchanted creature gets +2/+2 for each Aura attached to it and has vigilance.,PLC,"""Consider not what the mask hides, but what it can reveal.""",normal,130813,,,Uncommon,Aura,Enchantment
Body Double,{4}{U},5,U,Steve Prescott,35,Creature — Shapeshifter,You may have Body Double enter the battlefield as a copy of any creature card in a graveyard.,"PLC,DDM","Where the dead outnumbered the living, mimics scavenged faces from the fallen.",normal,124443,0,0,Rare,Shapeshifter,Creature
"Braids, Conjurer Adept",{2}{U}{U},4,U,Zoltan Boros & Gabor Szikszai,36,Legendary Creature — Human Wizard,"At the beginning of each player's upkeep, that player may put an artifact, creature, or land card from his or her hand onto the battlefield.",PLC,"The rifted multiverse became a sea of conflicting realities, each peopled by possible versions of every living being.",normal,124316,2,2,Rare,"Human,Wizard",Creature
Chronozoa,{3}{U},4,U,James Wong,37,Creature — Illusion,"Flying\nVanishing 3 (This creature enters the battlefield with three time counters on it. At the beginning of your upkeep, remove a time counter from it. When the last is removed, sacrifice it.)\nWhen Chronozoa dies, if it had no time counters on it, put two tokens that are copies of it onto the battlefield.",PLC,,normal,111066,3,3,Rare,Illusion,Creature
Dichotomancy,{7}{U}{U},9,U,Steven Belledin,38,Sorcery,"For each tapped nonland permanent target opponent controls, search that player's library for a card with the same name as that permanent and put it onto the battlefield under your control. Then that player shuffles his or her library.\nSuspend 3—{1}{U}{U} (Rather than cast this card from your hand, you may pay {1}{U}{U} and exile it with three time counters on it. At the beginning of your upkeep, remove a time counter. When the last is removed, cast it without paying its mana cost.)",PLC,,normal,122455,,,Rare,,Sorcery
Dismal Failure,{2}{U}{U},4,U,Dan Scott,39,Instant,Counter target spell. Its controller discards a card.,PLC,"""Two magi could trade spells all day and never crown a victor. The real battle is not one of power but of will. If your confidence breaks, so too shall you.""\n—Venser",normal,129022,,,Uncommon,,Instant
Dreamscape Artist,{1}{U},2,U,Jim Murray,40,Creature — Human Spellshaper,"{2}{U}, {T}, Discard a card, Sacrifice a land: Search your library for up to two basic land cards and put them onto the battlefield. Then shuffle your library.",PLC,He's mastered the art of sleight of land.,normal,134743,1,1,Common,"Human,Spellshaper",Creature
Erratic Mutation,{2}{U},3,U,Zoltan Boros & Gabor Szikszai,41,Instant,"Choose target creature. Reveal cards from the top of your library until you reveal a nonland card. That creature gets +X/-X until end of turn, where X is that card's converted mana cost. Put all cards revealed this way on the bottom of your library in any order.","PLC,MMA",,normal,124476,,,Common,,Instant
Jodah's Avenger,{5}{U},6,U,Pete Venters,42,Creature — Shapeshifter,"{0}: Until end of turn, Jodah's Avenger gets -1/-1 and gains your choice of double strike, protection from red, vigilance, or shadow. (A creature with shadow can block or be blocked by only creatures with shadow.)",PLC,,normal,124482,4,4,Uncommon,Shapeshifter,Creature
Magus of the Bazaar,{1}{U},2,U,Rob Alexander,43,Creature — Human Wizard,"{T}: Draw two cards, then discard three cards.",PLC,"""Some trade in goods, some in secrets. My soul has walked the futures, and I offer the rare coin of possibility.""",normal,131008,0,1,Rare,"Human,Wizard",Creature
Pongify,{U},1,U,Heather Hudson,44,Instant,Destroy target creature. It can't be regenerated. Its controller puts a 3/3 green Ape creature token onto the battlefield.,"PLC,C14",Some spellcrafting mistakes go on to become spells of their own.,normal,129015,,,Uncommon,,Instant
Reality Acid,{2}{U},3,U,James Wong,45,Enchantment — Aura,"Enchant permanent\nVanishing 3 (This Aura enters the battlefield with three time counters on it. At the beginning of your upkeep, remove a time counter from it. When the last is removed, sacrifice it.)\nWhen Reality Acid leaves the battlefield, enchanted permanent's controller sacrifices it.",PLC,,normal,125880,,,Common,Aura,Enchantment
Shaper Parasite,{1}{U}{U},3,U,rk post,46,Creature — Illusion,"Morph {2}{U} (You may cast this card face down as a 2/2 creature for {3}. Turn it face up any time for its morph cost.)\nWhen Shaper Parasite is turned face up, target creature gets +2/-2 or -2/+2 until end of turn.","PLC,C14",,normal,122375,2,3,Common,Illusion,Creature
Spellshift,{3}{U},4,U,Stephen Tappin,47,Instant,Counter target instant or sorcery spell. Its controller reveals cards from the top of his or her library until he or she reveals an instant or sorcery card. That player may cast that card without paying its mana cost. Then he or she shuffles his or her library.,PLC,,normal,122459,,,Rare,,Instant
Synchronous Sliver,{4}{U},5,U,E. M. Gist,48,Creature — Sliver,All Sliver creatures have vigilance.,PLC,"""With a twitch of its muscles, its timeline forks. Then, just as quickly, its two selves reintegrate. Causality, strangely, seems not to mind.""\n—Rukarumel, field journal",normal,124044,3,3,Common,Sliver,Creature
Tidewalker,{2}{U},3,U,Dave Kendall,49,Creature — Elemental,"Tidewalker enters the battlefield with a time counter on it for each Island you control.\nVanishing (At the beginning of your upkeep, remove a time counter from this creature. When the last is removed, sacrifice it.)\nTidewalker's power and toughness are each equal to the number of time counters on it.",PLC,,normal,130814,*,*,Uncommon,Elemental,Creature
Timebender,{U},1,U,Zoltan Boros & Gabor Szikszai,50,Creature — Human Wizard,"Morph {U} (You may cast this card face down as a 2/2 creature for {3}. Turn it face up any time for its morph cost.)\nWhen Timebender is turned face up, choose one —\n• Remove two time counters from target permanent or suspended card.\n• Put two time counters on target permanent with a time counter on it or suspended card.",PLC,,normal,122370,1,1,Uncommon,"Human,Wizard",Creature
Veiling Oddity,{3}{U},4,U,Dave DeVries,51,Creature — Illusion,"Suspend 4—{1}{U} (Rather than cast this card from your hand, you may pay {1}{U} and exile it with four time counters on it. At the beginning of your upkeep, remove a time counter. When the last is removed, cast it without paying its mana cost. It has haste.)\nWhen the last time counter is removed from Veiling Oddity while it's exiled, creatures can't be blocked this turn.",PLC,,normal,126806,2,3,Common,Illusion,Creature
Venarian Glimmer,{X}{U},1,U,John Avon,52,Instant,Target player reveals his or her hand. You choose a nonland card with converted mana cost X or less from it. That player discards that card.,PLC,"Dream of nothing, and wake to a dream come true.",normal,126216,,,Uncommon,,Instant
Wistful Thinking,{2}{U},3,U,Brian Despain,53,Sorcery,"Target player draws two cards, then discards four cards.",PLC,"""To probe the wonders of the multiverse, to gaze upon worlds unspoiled by blade or spell . . . it's enough to make one weep for the possibilities denied.""",normal,124055,,,Common,,Sorcery
Frozen Æther,{3}{U},4,U,Dan Dos Santos,54,Enchantment,"Artifacts, creatures, and lands your opponents control enter the battlefield tapped.",PLC,Gjornersen entertained his followers by taking bets on which would move first—the drowsing land wurm or the frozen goblins.,normal,122402,,,Uncommon,,Enchantment
Gossamer Phantasm,{1}{U},2,U,Jon Foster,55,Creature — Illusion,"Flying\nWhen Gossamer Phantasm becomes the target of a spell or ability, sacrifice it.",PLC,"""Belief matters more than truth. Every moment, belief in imaginary things alters lives while truth sits unnoticed and waits.""\n—Hakim, Loreweaver",normal,122280,2,1,Common,Illusion,Creature
Merfolk Thaumaturgist,{2}{U},3,U,Steve Prescott,56,Creature — Merfolk Wizard,{T}: Switch target creature's power and toughness until end of turn.,PLC,"""Blasted fishtails! It's not enough that they meddle with my head, but they twist my body as well.""\n—Tahngarth of the Weatherlight",normal,125877,1,2,Common,"Merfolk,Wizard",Creature
Ovinize,{1}{U},2,U,Terese Nielsen,57,Instant,"Until end of turn, target creature loses all abilities and has base power and toughness 0/1.",PLC,"""You wish for me to cow your enemies? I can do better than that . . . .""\n—Teferi, second-level student",normal,126212,,,Uncommon,,Instant
Piracy Charm,{U},1,U,John Avon,58,Instant,Choose one —\n• Target creature gains islandwalk until end of turn. (It can't be blocked as long as defending player controls an Island.)\n• Target creature gets +2/-1 until end of turn.\n• Target player discards a card.,PLC,,normal,124066,,,Common,,Instant
Primal Plasma,{3}{U},4,U,Luca Zontini,59,Creature — Elemental Shapeshifter,"As Primal Plasma enters the battlefield, it becomes your choice of a 3/3 creature, a 2/2 creature with flying, or a 1/6 creature with defender.","PLC,DDI,PC2","Tocasia brushed the gears and cogs from the table. There, before two wide-eyed brothers, she began a lesson on raw elemental magic.",normal,124757,*,*,Common,"Elemental,Shapeshifter",Creature
Riptide Pilferer,{1}{U},2,U,Steve Prescott,60,Creature — Merfolk Rogue,"Whenever Riptide Pilferer deals combat damage to a player, that player discards a card.\nMorph {U} (You may cast this card face down as a 2/2 creature for {3}. Turn it face up any time for its morph cost.)",PLC,,normal,122325,1,1,Uncommon,"Merfolk,Rogue",Creature
Serendib Sorcerer,{1}{U}{U},3,U,Dan Scott,61,Creature — Human Wizard,{T}: Target creature other than Serendib Sorcerer has base power and toughness 0/2 until end of turn.,PLC,"""Even a dragon is humble as a kitten if it thinks itself a slave.""",normal,122442,1,1,Rare,"Human,Wizard",Creature
Serra Sphinx,{3}{U}{U},5,U,Daren Bader,62,Creature — Sphinx,"Flying, vigilance",PLC,"Sphinxes drink from the mystic meres of Serra's realm, where their keen eyes watch reflections of what is and what is yet to come.",normal,125873,4,4,Rare,Sphinx,Creature
Big Game Hunter,{1}{B}{B},3,B,Carl Critchlow,63,Creature — Human Rebel Assassin,"When Big Game Hunter enters the battlefield, destroy target creature with power 4 or greater. It can't be regenerated.\nMadness {B} (If you discard this card, discard it into exile. When you do, cast it for its madness cost or put it into your graveyard.)",PLC,,normal,134739,1,1,Uncommon,"Human,Rebel,Assassin",Creature
Blightspeaker,{1}{B},2,B,Ron Spears,64,Creature — Human Rebel Cleric,"{T}: Target player loses 1 life.\n{4}, {T}: Search your library for a Rebel permanent card with converted mana cost 3 or less and put it onto the battlefield. Then shuffle your library.","PLC,MMA",One croaked sermon spreads propaganda and plague.,normal,124506,1,1,Common,"Human,Rebel,Cleric",Creature
Brain Gorgers,{3}{B},4,B,Kev Walker,65,Creature — Zombie,"When you cast Brain Gorgers, any player may sacrifice a creature. If a player does, counter Brain Gorgers.\nMadness {1}{B} (If you discard this card, discard it into exile. When you do, cast it for its madness cost or put it into your graveyard.)",PLC,"In spite of their hunger, they're slow eaters.",normal,124040,4,2,Common,Zombie,Creature
Circle of Affliction,{1}{B},2,B,Rob Alexander,66,Enchantment,"As Circle of Affliction enters the battlefield, choose a color.\nWhenever a source of the chosen color deals damage to you, you may pay {1}. If you do, target player loses 1 life and you gain 1 life.",PLC,,normal,126803,,,Uncommon,,Enchantment
Cradle to Grave,{1}{B},2,B,Dave Kendall,67,Instant,Destroy target nonblack creature that entered the battlefield this turn.,PLC,"""As the fell soil's appetite grows, it gulps down passersby upon their first footfall.""\n—Ezrith, druid of the Dark Hours",normal,110536,,,Common,,Instant
Dash Hopes,{B}{B},2,B,Zoltan Boros & Gabor Szikszai,68,Instant,"When you cast Dash Hopes, any player may pay 5 life. If a player does, counter Dash Hopes.\nCounter target spell.",PLC,"""Focus an enemy's mind on what's already gone, and it's easier to take away more.""\n—Holux, stronghold racketeer",normal,126812,,,Common,,Instant
Deadly Grub,{2}{B},3,B,E. M. Gist,69,Creature — Insect,"Vanishing 3 (This creature enters the battlefield with three time counters on it. At the beginning of your upkeep, remove a time counter from it. When the last is removed, sacrifice it.)\nWhen Deadly Grub dies, if it had no time counters on it, put a 6/1 green Insect creature token with shroud onto the battlefield. (It can't be the target of spells or abilities.)",PLC,,normal,111046,3,1,Common,Insect,Creature
Enslave,{4}{B}{B},6,B,Zoltan Boros & Gabor Szikszai,70,Enchantment — Aura,"Enchant creature\nYou control enchanted creature.\nAt the beginning of your upkeep, enchanted creature deals 1 damage to its owner.","PLC,DDD,NPH,DD3_GVL",,normal,122413,,,Uncommon,Aura,Enchantment
Extirpate,{B},1,B,Jon Foster,71,Instant,"Split second (As long as this spell is on the stack, players can't cast spells or activate abilities that aren't mana abilities.)\nChoose target card in a graveyard other than a basic land card. Search its owner's graveyard, hand, and library for all cards with the same name as that card and exile them. Then that player shuffles his or her library.","PLC,MMA",,normal,126804,,,Rare,,Instant
Imp's Mischief,{1}{B},2,B,Thomas M. Baxa,72,Instant,Change the target of target spell with a single target. You lose life equal to that spell's converted mana cost.,PLC,"""Do the innocent pay for the crimes of the guilty? Of course they do. That's the fate of the weak.""\n—Nicol Bolas",normal,122434,,,Rare,,Instant
Magus of the Coffers,{4}{B},5,B,Don Hazeltine,73,Creature — Human Wizard,"{2}, {T}: Add {B} to your mana pool for each Swamp you control.","PLC,C14",All that remains of the Cabal are the echoes in its deepest vault. Yet those who hear the echoes feel a power undiminished by the dust of ages.,normal,124507,4,4,Rare,"Human,Wizard",Creature
Midnight Charm,{B},1,B,John Avon,74,Instant,Choose one —\n• Midnight Charm deals 1 damage to target creature and you gain 1 life.\n• Target creature gains first strike until end of turn.\n• Tap target creature.,PLC,,normal,124034,,,Common,,Instant
Mirri the Cursed,{2}{B}{B},4,B,Kev Walker,75,Legendary Creature — Vampire Cat,"Flying, first strike, haste\nWhenever Mirri the Cursed deals combat damage to a creature, put a +1/+1 counter on Mirri the Cursed.",PLC,"A hero fails, a martyr falls. Time twists and destinies interchange.",normal,122406,3,2,Rare,"Vampire,Cat",Creature
Muck Drubb,{3}{B}{B},5,B,Jim Nelson,76,Creature — Beast,"Flash (You may cast this spell any time you could cast an instant.)\nWhen Muck Drubb enters the battlefield, change the target of target spell that targets only a single creature to Muck Drubb.\nMadness {2}{B} (If you discard this card, discard it into exile. When you do, cast it for its madness cost or put it into your graveyard.)",PLC,,normal,122478,3,3,Uncommon,Beast,Creature
Phantasmagorian,{5}{B}{B},7,B,Steve Ellis,77,Creature — Horror,"When you cast Phantasmagorian, any player may discard three cards. If a player does, counter Phantasmagorian.\nDiscard three cards: Return Phantasmagorian from your graveyard to your hand.",PLC,,normal,124472,6,6,Uncommon,Horror,Creature
Ridged Kusite,{B},1,B,rk post,78,Creature — Horror Spellshaper,"{1}{B}, {T}, Discard a card: Target creature gets +1/+0 and gains first strike until end of turn.",PLC,"""It offers but a taste of the power that the shadows have to offer. But even that is a heady wine indeed.""\n—Ratadrabik of Urborg",normal,130717,1,1,Common,"Horror,Spellshaper",Creature
Roiling Horror,{3}{B}{B},5,B,John Avon,79,Creature — Horror,"Roiling Horror's power and toughness are each equal to your life total minus the life total of an opponent with the most life.\nSuspend X—{X}{B}{B}{B}. X can't be 0. (Rather than cast this card from your hand, you may pay {X}{B}{B}{B} and exile it with X time counters on it. At the beginning of your upkeep, remove a time counter. When the last is removed, cast it without paying its mana cost. It has haste.)\nWhenever a time counter is removed from Roiling Horror while it's exiled, target player loses 1 life and you gain 1 life.",PLC,,normal,122431,*,*,Rare,Horror,Creature
Spitting Sliver,{4}{B},5,B,Steve Ellis,80,Creature — Sliver,All Sliver creatures have first strike.,PLC,"""Our lances' reach had been our saving grace in our fight against the hive. Now even that advantage is taken from us.""\n—Adom Capashen, Benalish knight",normal,126022,3,3,Common,Sliver,Creature
Temporal Extortion,{B}{B}{B}{B},4,B,Steven Belledin,81,Sorcery,"When you cast Temporal Extortion, any player may pay half his or her life, rounded up. If a player does, counter Temporal Extortion.\nTake an extra turn after this one.",PLC,"""The scythe of time or my blade at your throat—the choice is yours.""\n—Holux, stronghold racketeer",normal,126814,,,Rare,,Sorcery
Treacherous Urge,{4}{B},5,B,Steven Belledin,82,Instant,Target opponent reveals his or her hand. You may put a creature card from it onto the battlefield under your control. That creature gains haste. Sacrifice it at the beginning of the next end step.,PLC,,normal,131002,,,Uncommon,,Instant
Waning Wurm,{3}{B},4,B,Alan Pollack,83,Creature — Zombie Wurm,"Vanishing 2 (This creature enters the battlefield with two time counters on it. At the beginning of your upkeep, remove a time counter from it. When the last is removed, sacrifice it.)",PLC,,normal,110503,7,6,Uncommon,"Zombie,Wurm",Creature
Bog Serpent,{5}{B},6,B,Thomas M. Baxa,84,Creature — Serpent,"Bog Serpent can't attack unless defending player controls a Swamp.\nWhen you control no Swamps, sacrifice Bog Serpent.",PLC,"""We thought it was a fallen tree trunk. Then it ate Snod.""\n—Sneed, goblin barkwright",normal,122321,5,5,Common,Serpent,Creature
Damnation,{2}{B}{B},4,B,Kev Walker,85,Sorcery,Destroy all creatures. They can't be regenerated.,"pMPR,PLC",,normal,122423,,,Rare,,Sorcery
Dunerider Outlaw,{B}{B},2,B,Alan Pollack,86,Creature — Human Rebel Rogue,"Protection from green\nAt the beginning of each end step, if Dunerider Outlaw dealt damage to an opponent this turn, put a +1/+1 counter on it.",PLC,Tales of the outlaw's cruelty and might grew more embellished with each crime.,normal,128940,1,1,Uncommon,"Human,Rebel,Rogue",Creature
Kor Dirge,{2}{B},3,B,Alex Horley-Orlandelli,87,Instant,All damage that would be dealt this turn to target creature you control by a source of your choice is dealt to another target creature instead.,PLC,"Rath's new evincar eliminated the brutish moggs and took a new slave race, one more reminiscent of her own feline grace.",normal,131006,,,Uncommon,,Instant
Melancholy,{2}{B},3,B,Lars Grant-West,88,Enchantment — Aura,"Enchant creature\nWhen Melancholy enters the battlefield, tap enchanted creature.\nEnchanted creature doesn't untap during its controller's untap step.\nAt the beginning of your upkeep, sacrifice Melancholy unless you pay {B}.",PLC,,normal,130714,,,Common,Aura,Enchantment
Null Profusion,{4}{B}{B},6,B,Kev Walker,89,Enchantment,"Skip your draw step.\nWhenever you play a card, draw a card.\nYour maximum hand size is two.",PLC,"""Some say that time is cyclical and that history inevitably repeats. My will is my own. I won't bow to fate.""\n—Volrath",normal,125874,,,Rare,,Enchantment
Rathi Trapper,{1}{B},2,B,Pete Venters,90,Creature — Human Rebel Rogue,"{B}, {T}: Tap target creature.","PLC,MMA","Tangling vines, fetid murk, paralyzing poisons, and crawling dead. The swamp is nature's trap waiting to be exploited by unnatural minds.",normal,130718,1,2,Common,"Human,Rebel,Rogue",Creature
Shrouded Lore,{B},1,B,Kev Walker,91,Sorcery,"Target opponent chooses a card in your graveyard. You may pay {B}. If you do, repeat this process except that opponent can't choose a card already chosen for Shrouded Lore. Then put the last chosen card into your hand.",PLC,,normal,122285,,,Uncommon,,Sorcery
Vampiric Link,{B},1,B,Kev Walker,92,Enchantment — Aura,"Enchant creature\nWhenever enchanted creature deals damage, you gain that much life.",PLC,The familiar's fangs deliver the master's bite.,normal,122366,,,Common,Aura,Enchantment
Æther Membrane,{1}{R}{R},3,R,Zoltan Boros & Gabor Szikszai,93,Creature — Wall,"Defender; reach (This creature can block creatures with flying.)\nWhenever Æther Membrane blocks a creature, return that creature to its owner's hand at end of combat.","PLC,DDI",,normal,124504,0,5,Uncommon,Wall,Creature
"Akroma, Angel of Fury",{5}{R}{R}{R},8,R,Daren Bader,94,Legendary Creature — Angel,"Akroma, Angel of Fury can't be countered.\nFlying, trample, protection from white and from blue\n{R}: Akroma, Angel of Fury gets +1/+0 until end of turn.\nMorph {3}{R}{R}{R} (You may cast this card face down as a 2/2 creature for {3}. Turn it face up any time for its morph cost.)","PLC,CMD,V15",,normal,122432,6,6,Rare,Angel,Creature
Battering Sliver,{5}{R},6,R,Greg Staples,95,Creature — Sliver,All Sliver creatures have trample.,PLC,"Covered with hard shell-like plates, these slivers burrow through solid rock to carve out new nests for their hives.",normal,126015,4,4,Common,Sliver,Creature
Detritivore,{2}{R}{R},4,R,Paolo Parente,96,Creature — Lhurgoyf,"Detritivore's power and toughness are each equal to the number of nonbasic land cards in your opponents' graveyards.\nSuspend X—{X}{3}{R}. X can't be 0. (Rather than cast this card from your hand, you may pay {X}{3}{R} and exile it with X time counters on it. At the beginning of your upkeep, remove a time counter. When the last is removed, cast it without paying its mana cost. It has haste.)\nWhenever a time counter is removed from Detritivore while it's exiled, destroy target nonbasic land.",PLC,,normal,126811,*,*,Rare,Lhurgoyf,Creature
Dust Corona,{R},1,R,Luca Zontini,97,Enchantment — Aura,Enchant creature\nEnchanted creature gets +2/+0 and can't be blocked by creatures with flying.,PLC,"""They infiltrated deep into the enemy camp under cover of darkness . . . and dirt.""\n—Corus, viashino warrior",normal,110501,,,Common,Aura,Enchantment
Fatal Frenzy,{2}{R},3,R,Steve Ellis,98,Instant,"Until end of turn, target creature you control gains trample and gets +X/+0, where X is its power. Sacrifice it at the beginning of the next end step.",PLC,"""I hope to have such a death—lying in triumph upon the broken bodies of those who slew me.""\n—Radha, Keldon warlord",normal,124748,,,Rare,,Instant
Firefright Mage,{R},1,R,Greg Staples,99,Creature — Goblin Spellshaper,"{1}{R}, {T}, Discard a card: Target creature can't be blocked this turn except by artifact creatures and/or red creatures.",PLC,"After millennia of advancement in goblin military theory, Toggo VI realized that almost everyone is afraid of fire.",normal,130720,1,1,Common,"Goblin,Spellshaper",Creature
Fury Charm,{1}{R},2,R,John Avon,100,Instant,Choose one —\n• Destroy target artifact.\n• Target creature gets +1/+1 and gains trample until end of turn.\n• Remove two time counters from target permanent or suspended card.,"PLC,MMA",,normal,124039,,,Common,,Instant
Hammerheim Deadeye,{3}{R},4,R,Carl Critchlow,101,Creature — Giant Warrior,"Echo {5}{R} (At the beginning of your upkeep, if this came under your control since the beginning of your last upkeep, sacrifice it unless you pay its echo cost.)\nWhen Hammerheim Deadeye enters the battlefield, destroy target creature with flying.","PLC,MMA",,normal,128948,3,3,Uncommon,"Giant,Warrior",Creature
Keldon Marauders,{1}{R},2,R,Alex Horley-Orlandelli,102,Creature — Human Warrior,"Vanishing 2 (This creature enters the battlefield with two time counters on it. At the beginning of your upkeep, remove a time counter from it. When the last is removed, sacrifice it.)\nWhen Keldon Marauders enters the battlefield or leaves the battlefield, it deals 1 damage to target player.","PLC,PD2,EMA",,normal,125885,3,3,Common,"Human,Warrior",Creature
Lavacore Elemental,{2}{R},3,R,E. M. Gist,103,Creature — Elemental,"Vanishing 1 (This creature enters the battlefield with a time counter on it. At the beginning of your upkeep, remove a time counter from it. When the last is removed, sacrifice it.)\nWhenever a creature you control deals combat damage to a player, put a time counter on Lavacore Elemental.",PLC,,normal,111055,5,3,Uncommon,Elemental,Creature
Magus of the Arena,{4}{R}{R},6,R,Thomas M. Baxa,104,Creature — Human Wizard,"{3}, {T}: Tap target creature you control and target creature of an opponent's choice he or she controls. Those creatures fight each other. (Each deals damage equal to its power to the other.)","PLC,C13","The magus still hears the roar of the crowds. They're gone, but the will to compete remains.",normal,134746,5,5,Rare,"Human,Wizard",Creature
Needlepeak Spider,{3}{R},4,R,Dany Orizio,105,Creature — Spider,Reach (This creature can block creatures with flying.),PLC,"""It's a testament to the forests' devastation that giant spiders now make their homes amid Dominaria's barren spires.""\n—Aznaph, greenseeker",normal,122268,4,2,Common,Spider,Creature
Shivan Meteor,{3}{R}{R},5,R,Chippy,106,Sorcery,"Shivan Meteor deals 13 damage to target creature.\nSuspend 2—{1}{R}{R} (Rather than cast this card from your hand, you may pay {1}{R}{R} and exile it with two time counters on it. At the beginning of your upkeep, remove a time counter. When the last is removed, cast it without paying its mana cost.)",PLC,,normal,134740,,,Uncommon,,Sorcery
Stingscourger,{1}{R},2,R,Wayne Reynolds,107,Creature — Goblin Warrior,"Echo {3}{R} (At the beginning of your upkeep, if this came under your control since the beginning of your last upkeep, sacrifice it unless you pay its echo cost.)\nWhen Stingscourger enters the battlefield, return target creature an opponent controls to its owner's hand.","PLC,MMA,EMA",,normal,134744,2,2,Common,"Goblin,Warrior",Creature
Sulfur Elemental,{2}{R},3,R,Dave Kendall,108,Creature — Elemental,"Flash (You may cast this spell any time you could cast an instant.)\nSplit second (As long as this spell is on the stack, players can't cast spells or activate abilities that aren't mana abilities.)\nWhite creatures get +1/-1.",PLC,,normal,122416,3,2,Uncommon,Elemental,Creature
Timecrafting,{X}{R},1,R,Volkan Baga,109,Instant,Choose one —\n• Remove X time counters from target permanent or suspended card.\n• Put X time counters on target permanent with a time counter on it or suspended card.,PLC,"Oddly, an unstable time stream makes wizards want to tinker with it even more.",normal,129012,,,Uncommon,,Instant
Torchling,{3}{R}{R},5,R,rk post,110,Creature — Shapeshifter,{R}: Untap Torchling.\n{R}: Target creature blocks Torchling this turn if able.\n{R}: Change the target of target spell that targets only Torchling.\n{1}: Torchling gets +1/-1 until end of turn.\n{1}: Torchling gets -1/+1 until end of turn.,"PLC,DDI",,normal,126810,3,3,Rare,Shapeshifter,Creature
Volcano Hellion,{2}{R}{R},4,R,Wayne Reynolds,111,Creature — Hellion,"Volcano Hellion has echo {X}, where X is your life total. (At the beginning of your upkeep, if this came under your control since the beginning of your last upkeep, sacrifice it unless you pay its echo cost.)\nWhen Volcano Hellion enters the battlefield, it deals an amount of damage of your choice to you and target creature. The damage can't be prevented.",PLC,,normal,126303,6,5,Rare,Hellion,Creature
Boom,{1}{R},2,R,John Avon,112a,Sorcery,Destroy target land you control and target land you don't control.,PLC,,split,126218,,,Rare,,Sorcery
Bust,{5}{R},6,R,John Avon,112b,Sorcery,Destroy all lands.,PLC,,split,126218,,,Rare,,Sorcery
Dead,{R},1,R,Tomas Giorello,113a,Instant,Dead deals 2 damage to target creature.,PLC,,split,126419,,,Common,,Instant
Gone,{2}{R},3,R,Tomas Giorello,113b,Instant,Return target creature you don't control to its owner's hand.,PLC,,split,126419,,,Common,,Instant
Rough,{1}{R},2,R,Luca Zontini,114a,Sorcery,Rough deals 2 damage to each creature without flying.,"PLC,C13",,split,126420,,,Uncommon,,Sorcery
Tumble,{5}{R},6,R,Luca Zontini,114b,Sorcery,Tumble deals 6 damage to each creature with flying.,"PLC,C13",,split,126420,,,Uncommon,,Sorcery
Blood Knight,{R}{R},2,R,Matt Cavotta,115,Creature — Human Knight,"First strike, protection from white","pCMP,PLC","His is the fury of the wildfire, the boiling blood of the volcano. He fights you not because you've wronged him, but because you're there.",normal,130715,2,2,Uncommon,"Human,Knight",Creature
Brute Force,{R},1,R,Wayne Reynolds,116,Instant,Target creature gets +3/+3 until end of turn.,"PLC,MMA,MM2","Blood, bone, and sinew are magnified, as is the rage that drives them. The brain, however, remains unchanged—a little bean, swinging by a strand in a cavernous, raving head.",normal,122373,,,Common,,Instant
Molten Firebird,{4}{R},5,R,Christopher Moeller,117,Creature — Phoenix,"Flying\nWhen Molten Firebird dies, return it to the battlefield under its owner's control at the beginning of the next end step and you skip your next draw step.\n{4}{R}: Exile Molten Firebird.",PLC,,normal,134738,2,2,Rare,Phoenix,Creature
Prodigal Pyromancer,{2}{R},3,R,Jeremy Jarvis,118,Creature — Human Wizard,{T}: Prodigal Pyromancer deals 1 damage to target creature or player.,"PLC,10E,M10,DPA,M11","""Learn to burn!""\n—Institute of Arcane Studies motto",normal,122338,1,1,Common,"Human,Wizard",Creature
Pyrohemia,{2}{R}{R},4,R,Stephen Tappin,119,Enchantment,"At the beginning of the end step, if no creatures are on the battlefield, sacrifice Pyrohemia.\n{R}: Pyrohemia deals 1 damage to each creature and each player.","PLC,CMD",,normal,122436,,,Uncommon,,Enchantment
Reckless Wurm,{3}{R}{R},5,R,Greg Staples,120,Creature — Wurm,"Trample\nMadness {2}{R} (If you discard this card, discard it into exile. When you do, cast it for its madness cost or put it into your graveyard.)","pGTW,PLC","Bred for battle in the Grand Coliseum, these wurms annihilated whole ecosystems when released into the wild.",normal,126818,4,4,Uncommon,Wurm,Creature
Shivan Wumpus,{3}{R},4,R,Ron Spears,121,Creature — Beast,"Trample\nWhen Shivan Wumpus enters the battlefield, any player may sacrifice a land. If a player does, put Shivan Wumpus on top of its owner's library.",PLC,It's easier to move the village than to divert the wumpus.,normal,124445,6,6,Rare,Beast,Creature
Simian Spirit Guide,{2}{R},3,R,Dave DeVries,122,Creature — Ape Spirit,Exile Simian Spirit Guide from your hand: Add {R} to your mana pool.,PLC,"""All my spells smell like burnt hair lately.""\n—Jaya Ballard, task mage",normal,124474,2,2,Common,"Ape,Spirit",Creature
Skirk Shaman,{1}{R}{R},3,R,Chippy,123,Creature — Goblin Shaman,Skirk Shaman can't be blocked except by artifact creatures and/or red creatures.,"PLC,EVG,DD3_EVG","In a shaman's grimy hands, a concoction of dried Skirk Ridge herbs can become the face of panic.",normal,131011,2,2,Common,"Goblin,Shaman",Creature
Ana Battlemage,{2}{G},3,"G,U,B",Jim Nelson,124,Creature — Human Wizard,"Kicker {2}{U} and/or {1}{B} (You may pay an additional {2}{U} and/or {1}{B} as you cast this spell.)\nWhen Ana Battlemage enters the battlefield, if it was kicked with its {2}{U} kicker, target player discards three cards.\nWhen Ana Battlemage enters the battlefield, if it was kicked with its {1}{B} kicker, tap target untapped creature and that creature deals damage equal to its power to its controller.",PLC,,normal,124342,2,2,Uncommon,"Human,Wizard",Creature
Citanul Woodreaders,{2}{G},3,G,Steven Belledin,125,Creature — Human Druid,"Kicker {2}{G} (You may pay an additional {2}{G} as you cast this spell.)\nWhen Citanul Woodreaders enters the battlefield, if it was kicked, draw two cards.","PLC,MMA",They seek out living trees to glean age-old secrets from sap and wood.,normal,122290,1,4,Common,"Human,Druid",Creature
Deadwood Treefolk,{5}{G},6,G,Don Hazeltine,126,Creature — Treefolk,"Vanishing 3 (This creature enters the battlefield with three time counters on it. At the beginning of your upkeep, remove a time counter from it. When the last is removed, sacrifice it.)\nWhen Deadwood Treefolk enters the battlefield or leaves the battlefield, return another target creature card from your graveyard to your hand.","PLC,CMD,C13",,normal,109740,3,6,Uncommon,Treefolk,Creature
Evolution Charm,{1}{G},2,G,John Avon,127,Instant,"Choose one —\n• Search your library for a basic land card, reveal it, put it into your hand, then shuffle your library.\n• Return target creature card from your graveyard to your hand.\n• Target creature gains flying until end of turn.",PLC,,normal,124047,,,Common,,Instant
Fungal Behemoth,{3}{G},4,G,Mark Tedin,128,Creature — Fungus,"Fungal Behemoth's power and toughness are each equal to the number of +1/+1 counters on creatures you control.\nSuspend X—{X}{G}{G}. X can't be 0. (Rather than cast this card from your hand, you may pay {X}{G}{G} and exile it with X time counters on it. At the beginning of your upkeep, remove a time counter. When the last is removed, cast it without paying its mana cost. It has haste.)\nWhenever a time counter is removed from Fungal Behemoth while it's exiled, you may put a +1/+1 counter on target creature.",PLC,,normal,124065,*,*,Rare,Fungus,Creature
Giant Dustwasp,{3}{G}{G},5,G,Greg Hildebrandt,129,Creature — Insect,"Flying\nSuspend 4—{1}{G} (Rather than cast this card from your hand, you may pay {1}{G} and exile it with four time counters on it. At the beginning of your upkeep, remove a time counter. When the last is removed, cast it without paying its mana cost. It has haste.)","PLC,MMA",,normal,122313,3,3,Common,Insect,Creature
Hunting Wilds,{3}{G},4,G,Steve Ellis,130,Sorcery,"Kicker {3}{G} (You may pay an additional {3}{G} as you cast this spell.)\nSearch your library for up to two Forest cards and put them onto the battlefield tapped. Then shuffle your library.\nIf Hunting Wilds was kicked, untap all Forests put onto the battlefield this way. They become 3/3 green creatures with haste that are still lands.",PLC,,normal,122458,,,Uncommon,,Sorcery
Jedit Ojanen of Efrava,{3}{G}{G}{G},6,G,Carl Critchlow,131,Legendary Creature — Cat Warrior,"Forestwalk (This creature can't be blocked as long as defending player controls a Forest.)\nWhenever Jedit Ojanen of Efrava attacks or blocks, put a 2/2 green Cat Warrior creature token with forestwalk onto the battlefield.",PLC,"The cat warriors recognized this Jedit's face, but not his fierce loyalty to Efrava.",normal,124344,5,5,Rare,"Cat,Warrior",Creature
Kavu Predator,{1}{G},2,G,Dan Scott,132,Creature — Kavu,"Trample\nWhenever an opponent gains life, put that many +1/+1 counters on Kavu Predator.","PLC,DDL","In a withered world, the scent of healthy prey is enough to drive a predator to frenzy.",normal,126813,2,2,Uncommon,Kavu,Creature
Life and Limb,{3}{G},4,G,Jim Nelson,133,Enchantment,All Forests and all Saprolings are 1/1 green Saproling creatures and Forest lands in addition to their other types.,PLC,"""It was a sight of pain and awe—a twisted forest, migrating across the salt plain in search of richer soil.""\n—Edahlis, greenseeker",normal,124471,,,Rare,,Enchantment
Magus of the Library,{G}{G},2,G,Wayne Reynolds,134,Creature — Human Wizard,{T}: Add {C} to your mana pool.\n{T}: Draw a card. Activate this ability only if you have exactly seven cards in hand.,PLC,"The ancient books slowly crumbled, their secrets turning to dust. But their every word sings within the magus's head.",normal,134741,1,1,Rare,"Human,Wizard",Creature
Mire Boa,{1}{G},2,G,Greg Hildebrandt,135,Creature — Snake,Swampwalk (This creature can't be blocked as long as defending player controls a Swamp.)\n{G}: Regenerate Mire Boa.,PLC,Mire slime courses through its veins in place of blood. No sooner does it bleed than it opens its mouth to replace the loss.,normal,122420,2,1,Common,Snake,Creature
Pouncing Wurm,{3}{G},4,G,William O'Connor,136,Creature — Wurm,"Kicker {2}{G} (You may pay an additional {2}{G} as you cast this spell.)\nIf Pouncing Wurm was kicked, it enters the battlefield with three +1/+1 counters on it and with haste.",PLC,,normal,122323,3,3,Uncommon,Wurm,Creature
Psychotrope Thallid,{2}{G},3,G,Dave Kendall,137,Creature — Fungus,"At the beginning of your upkeep, put a spore counter on Psychotrope Thallid.\nRemove three spore counters from Psychotrope Thallid: Put a 1/1 green Saproling creature token onto the battlefield.\n{1}, Sacrifice a Saproling: Draw a card.",PLC,,normal,128944,1,1,Uncommon,Fungus,Creature
Reflex Sliver,{3}{G},4,G,Luca Zontini,138,Creature — Sliver,All Sliver creatures have haste.,PLC,"""This sliver comes into the world a perfect predator. It's ready to hunt and devour its first meal within seconds of hatching.""\n—Rukarumel, field journal",normal,126018,2,2,Common,Sliver,Creature
Sophic Centaur,{3}{G},4,G,Dan Dos Santos,139,Creature — Centaur Spellshaper,"{2}{G}{G}, {T}, Discard a card: You gain 2 life for each card in your hand.",PLC,He endures the pain of remembering Krosa as it once was and hopes that a future generation will have need of his memories.,normal,124505,1,1,Uncommon,"Centaur,Spellshaper",Creature
Timbermare,{3}{G},4,G,Dan Dos Santos,140,Creature — Elemental Horse,"Haste\nEcho {5}{G} (At the beginning of your upkeep, if this came under your control since the beginning of your last upkeep, sacrifice it unless you pay its echo cost.)\nWhen Timbermare enters the battlefield, tap all other creatures.",PLC,Only nature wreaks such lovely havoc.,normal,124478,5,5,Rare,"Elemental,Horse",Creature
Uktabi Drake,{G},1,G,Matt Cavotta,141,Creature — Drake,"Flying, haste\nEcho {1}{G}{G} (At the beginning of your upkeep, if this came under your control since the beginning of your last upkeep, sacrifice it unless you pay its echo cost.)",PLC,,normal,126306,2,1,Common,Drake,Creature
Utopia Vow,{1}{G},2,G,Heather Hudson,142,Enchantment — Aura,"Enchant creature\nEnchanted creature can't attack or block.\nEnchanted creature has ""{T}: Add one mana of any color to your mana pool.""",PLC,"""I'll guard this fruit and its seedling until the land is healed. My life now belongs to Dominaria.""",normal,131004,,,Common,Aura,Enchantment
Vitaspore Thallid,{1}{G},2,G,Christopher Moeller,143,Creature — Fungus,"At the beginning of your upkeep, put a spore counter on Vitaspore Thallid.\nRemove three spore counters from Vitaspore Thallid: Put a 1/1 green Saproling creature token onto the battlefield.\nSacrifice a Saproling: Target creature gains haste until end of turn.",PLC,,normal,128941,1,1,Common,Fungus,Creature
Wild Pair,{4}{G}{G},6,G,Mark Brill,144,Enchantment,"Whenever a creature enters the battlefield, if you cast it from your hand, you may search your library for a creature card with the same total power and toughness and put it onto the battlefield. If you do, shuffle your library.","PLC,H09",,normal,122468,,,Rare,,Enchantment
Essence Warden,{G},1,G,Terese Nielsen,145,Creature — Elf Shaman,"Whenever another creature enters the battlefield, you gain 1 life.","PLC,DDH,C14","""The more our numbers grow, the more I gain hope that Volrath and his cursed stronghold will one day fall.""\n—Eladamri, Lord of Leaves",normal,122428,1,1,Common,"Elf,Shaman",Creature
Fa'adiyah Seer,{1}{G},2,G,Heather Hudson,146,Creature — Human Shaman,"{T}: Draw a card and reveal it. If it isn't a land card, discard it.",PLC,"""My visions don't show me home. They show me where home is yet to be found.""",normal,122374,1,1,Common,"Human,Shaman",Creature
Gaea's Anthem,{1}{G}{G},3,G,Greg Staples,147,Enchantment,Creatures you control get +1/+1.,PLC,"""To those who can hear it, Gaea's battle song brings power as swift as sunlight and as enduring as the deep roots of the forest.""\n—Gamelen, Citanul elder",normal,122367,,,Rare,,Enchantment
Groundbreaker,{G}{G}{G},3,G,Matt Cavotta,148,Creature — Elemental,"Trample, haste\nAt the beginning of the end step, sacrifice Groundbreaker.","pCMP,PLC","The earth's memory is long, its retribution brief.",normal,122429,6,1,Rare,Elemental,Creature
Harmonize,{2}{G}{G},4,G,Rob Alexander,149,Sorcery,Draw three cards.,"pMPR,PLC,EVG,DDD,ARC,CMD,C13,DD3_EVG,DD3_GVL,EMA","""Life's greatest lessons don't come from focus or concentration. They come from breathing and simply noticing.""\n—Seton, centaur druid",normal,122362,,,Uncommon,,Sorcery
Healing Leaves,{G},1,G,Michael Sutfin,150,Instant,Choose one —\n• Target player gains 3 life.\n• Prevent the next 3 damage that would be dealt to target creature or player this turn.,PLC,The elves of Llanowar don't trust in alchemy. They rely instead on pure herbs harvested from the forest's sacred heart.,normal,122371,,,Common,,Instant
Hedge Troll,{2}{G},3,"G,W",Paolo Parente,151,Creature — Troll Cleric,Hedge Troll gets +1/+1 as long as you control a Plains.\n{W}: Regenerate Hedge Troll.,"pREL,PLC","His abode was clean and bare, not a morsel in sight. I asked him what he ate, fearing the answer. He smiled and said his faith alone sustained him.",normal,122405,2,2,Uncommon,"Troll,Cleric",Creature
Keen Sense,{G},1,G,Jim Nelson,152,Enchantment — Aura,"Enchant creature\nWhenever enchanted creature deals damage to an opponent, you may draw a card.",PLC,"Crovax sensed that Mirri wasn't ready for the curse taking hold of her. Weeping in his heart, he fled.",normal,122451,,,Uncommon,Aura,Enchantment
Seal of Primordium,{1}{G},2,G,Christopher Moeller,153,Enchantment,Sacrifice Seal of Primordium: Destroy target artifact or enchantment.,PLC,"""I am the simplifier, the root that drags all artifice to earth.""\n—Seal inscription",normal,130816,,,Common,,Enchantment
Cautery Sliver,{R}{W},2,"W,R",Dany Orizio,154,Creature — Sliver,"All Slivers have ""{1}, Sacrifice this permanent: This permanent deals 1 damage to target creature or player.""\nAll Slivers have ""{1}, Sacrifice this permanent: Prevent the next 1 damage that would be dealt to target Sliver creature or player this turn.""",PLC,,normal,126021,2,2,Uncommon,Sliver,Creature
Darkheart Sliver,{B}{G},2,"B,G",rk post,155,Creature — Sliver,"All Slivers have ""Sacrifice this permanent: You gain 3 life.""",PLC,"""At first we thought we were in some haunted wood. Then the branches twisted and scuttled toward us.""\n—Merrik Aidar, Benalish patrol",normal,126012,2,2,Uncommon,Sliver,Creature
Dormant Sliver,{2}{G}{U},4,"U,G",Lars Grant-West,156,Creature — Sliver,"All Sliver creatures have defender.\nAll Slivers have ""When this permanent enters the battlefield, draw a card.""",PLC,"""It triggers the hive's period of Ætheric fertility—a time when even feeding is a lower priority than reproduction.""\n—Rukarumel, field journal",normal,126025,2,2,Uncommon,Sliver,Creature
Frenetic Sliver,{1}{U}{R},3,"U,R",Luca Zontini,157,Creature — Sliver,"All Slivers have ""{0}: If this permanent is on the battlefield, flip a coin. If you win the flip, exile this permanent and return it to the battlefield under its owner's control at the beginning of the next end step. If you lose the flip, sacrifice it.""",PLC,,normal,126011,2,2,Uncommon,Sliver,Creature
"Intet, the Dreamer",{3}{U}{R}{G},6,"U,R,G",Dan Scott,158,Legendary Creature — Dragon,"Flying\nWhenever Intet, the Dreamer deals combat damage to a player, you may pay {2}{U}. If you do, exile the top card of your library face down. You may look at that card for as long as it remains exiled. You may play that card without paying its mana cost for as long as Intet remains on the battlefield.","PLC,CMD",,normal,124073,6,6,Rare,Dragon,Creature
Necrotic Sliver,{1}{W}{B},3,"W,B",Dave Allsop,159,Creature — Sliver,"All Slivers have ""{3}, Sacrifice this permanent: Destroy target permanent.""","PLC,H09","Though Volrath is long dead, the slivers have become everything he wanted them to be: mindless instruments of destruction and despair.",normal,126023,2,2,Uncommon,Sliver,Creature
"Numot, the Devastator",{3}{R}{W}{U},6,"W,U,R",Dan Dos Santos,160,Legendary Creature — Dragon,"Flying\nWhenever Numot, the Devastator deals combat damage to a player, you may pay {2}{R}. If you do, destroy up to two target lands.","PLC,CMD",,normal,124062,6,6,Rare,Dragon,Creature
"Oros, the Avenger",{3}{W}{B}{R},6,"W,B,R",Daren Bader,161,Legendary Creature — Dragon,"Flying\nWhenever Oros, the Avenger deals combat damage to a player, you may pay {2}{W}. If you do, Oros deals 3 damage to each nonwhite creature.","pPRE,PLC,CMD",,normal,136170,6,6,Rare,Dragon,Creature
"Radha, Heir to Keld",{R}{G},2,"R,G",Jim Murray,162,Legendary Creature — Elf Warrior,"Whenever Radha, Heir to Keld attacks, you may add {R}{R} to your mana pool.\n{T}: Add {G} to your mana pool.",PLC,"""Run home, cur. I've already taken your master's head. Don't make me thrash you with it.""",normal,128949,2,2,Rare,"Elf,Warrior",Creature
"Teneb, the Harvester",{3}{B}{G}{W},6,"W,B,G",Zoltan Boros & Gabor Szikszai,163,Legendary Creature — Dragon,"Flying\nWhenever Teneb, the Harvester deals combat damage to a player, you may pay {2}{B}. If you do, put target creature card from a graveyard onto the battlefield under your control.","PLC,CMD",,normal,124075,6,6,Rare,Dragon,Creature
"Vorosh, the Hunter",{3}{G}{U}{B},6,"U,B,G",Mark Zug,164,Legendary Creature — Dragon,"Flying\nWhenever Vorosh, the Hunter deals combat damage to a player, you may pay {2}{G}. If you do, put six +1/+1 counters on Vorosh.","PLC,CMD",,normal,124057,6,6,Rare,Dragon,Creature
"Urborg, Tomb of Yawgmoth",,,,John Avon,165,Legendary Land,Each land is a Swamp in addition to its other land types.,"PLC,V12,M15","""Yawgmoth's corpse is a wound in the universe. His foul blood seeps out, infecting the land with his final curse.""\n—Lord Windgrace",normal,131005,,,Rare,,Land
