name,manaCost,cmc,colorIdentity,artist,number,type,text,printings,flavor,layout,multiverseid,power,toughness,rarity,subtypes,types
Eternal Dragon,{5}{W}{W},7,W,Adam Rex,1,Creature — Dragon Spirit,"Flying\n{3}{W}{W}: Return Eternal Dragon from your graveyard to your hand. Activate this ability only during your upkeep.\nPlainscycling {2} ({2}, Discard this card: Search your library for a Plains card, reveal it, and put it into your hand. Then shuffle your library.)","SCG,pPRO,C13,VMA",,normal,,5,5,Special,"Dragon,Spirit",Creature
Mirari's Wake,{3}{G}{W},5,"W,G",Volkan Baga,2,Enchantment,"Creatures you control get +1/+1.\nWhenever you tap a land for mana, add one mana to your mana pool of any type that land produced.","JUD,pPRO,CM1,CNS","Even after a false god tore magic from Dominaria, power still radiated from the Mirari sword that slew her.",normal,,,,Special,,Enchantment
"Treva, the Renewer",{3}{G}{W}{U},6,"W,U,G",Jean-Sébastien Rossbach,3,Legendary Creature — Dragon,"Flying\nWhenever Treva, the Renewer deals combat damage to a player, you may pay {2}{W}. If you do, choose a color, then you gain 1 life for each permanent of that color.","INV,pPRO,DDE",,normal,,6,6,Special,Dragon,Creature
Avatar of Woe,{6}{B}{B},8,B,rk post,4,Creature — Avatar,"If there are ten or more creature cards total in all graveyards, Avatar of Woe costs {6} less to cast.\nFear (This creature can't be blocked except by artifact creatures and/or black creatures.)\n{T}: Destroy target creature. It can't be regenerated.","PCY,TSB,pPRO,ARC,CMD,PD3",,normal,,6,5,Special,Avatar,Creature
Ajani Goldmane,{2}{W}{W},4,W,Christopher Moeller,5,Planeswalker — Ajani,"+1: You gain 2 life.\n−1: Put a +1/+1 counter on each creature you control. Those creatures gain vigilance until end of turn.\n−6: Put a white Avatar creature token onto the battlefield. It has ""This creature's power and toughness are each equal to your life total.""","pPRO,LRW,M10,M11",,normal,,,,Special,Ajani,Planeswalker
