name,manaCost,cmc,colorIdentity,artist,number,type,text,printings,flavor,layout,multiverseid,power,toughness,rarity,subtypes,types
Alert Shu Infantry,{2}{W},3,W,Solomon Au Yeung,1,Creature — Human Soldier,Vigilance,PTK,"Kongming's predecessor helped Liu Bei win the battle of Fancheng by recognizing and defeating Cao Ren's use of the dreaded ""Eight Gold Locks"" formation.",normal,10487,2,2,Uncommon,"Human,Soldier",Creature
Eightfold Maze,{2}{W},3,W,Shang Huitong,2,Instant,Cast Eightfold Maze only during the declare attackers step and only if you've been attacked this step.\nDestroy target attacking creature.,"PTK,ME3",,normal,10553,,,Rare,,Instant
Empty City Ruse,{W},1,W,Qu Xin,3,Sorcery,Target opponent skips all combat phases of his or her next turn.,PTK,"Out of time and options, Kongming was forced to bluff at Xicheng. He tricked an army of 150,000 Wei by leaving the city gates open and calmly playing the zither.",normal,10504,,,Uncommon,,Sorcery
False Defeat,{3}{W},4,W,Li Wang,4,Sorcery,Return target creature card from your graveyard to the battlefield.,"PTK,ME3","""All warfare is based on deception.""\n—Sun Tzu, Art of War (trans. Giles)",normal,10509,,,Common,,Sorcery
Flanking Troops,{2}{W}{W},4,W,Li Wang,5,Creature — Human Soldier,"Whenever Flanking Troops attacks, you may tap target creature.",PTK,"Following the battle of Redcliffs, both Liu Bei and Sun Quan coveted the province of Jingzhou. After Sun Quan's troops failed to capture it, Liu Bei's succeeded.",normal,10486,2,2,Uncommon,"Human,Soldier",Creature
"Guan Yu, Sainted Warrior",{3}{W}{W},5,W,Zhao Dafu,6,Legendary Creature — Human Soldier Warrior,"Horsemanship (This creature can't be blocked except by creatures with horsemanship.)\nWhen Guan Yu, Sainted Warrior is put into your graveyard from the battlefield, you may shuffle Guan Yu into your library.","PTK,ME3",,normal,10494,3,5,Rare,"Human,Soldier,Warrior",Creature
"Guan Yu's 1,000-Li March",{4}{W}{W},6,W,Yang Guangmai,7,Sorcery,Destroy all tapped creatures.,"PTK,ME3","""He Guan Yu covered the ground on a thousand-li horse; / With dragon blade he took each pass by force.""",normal,10597,,,Rare,,Sorcery
"Huang Zhong, Shu General",{2}{W}{W},4,W,Quan Xuejun,8,Legendary Creature — Human Soldier,"Huang Zhong, Shu General can't be blocked by more than one creature.",PTK,"""Virile in war, he kept the north in fear;\nHis prodigies subdued the western sphere.""",normal,10714,2,3,Rare,"Human,Soldier",Creature
"Kongming, ""Sleeping Dragon""",{2}{W}{W},4,W,Gao Yan,9,Legendary Creature — Human Advisor,Other creatures you control get +1/+1.,"PTK,ME3,C13,VMA","""Such a lord as this—all virtues' height—\nHad never been, nor ever was again.""",normal,10490,2,2,Rare,"Human,Advisor",Creature
Kongming's Contraptions,{3}{W},4,W,Jiaming,10,Creature — Human Soldier,{T}: Kongming's Contraptions deals 2 damage to target attacking creature. Activate this ability only during the declare attackers step and only if you've been attacked this step.,PTK,,normal,10495,2,4,Rare,"Human,Soldier",Creature
"Liu Bei, Lord of Shu",{3}{W}{W},5,W,Zhao Dafu,11,Legendary Creature — Human Soldier,"Horsemanship (This creature can't be blocked except by creatures with horsemanship.)\nLiu Bei, Lord of Shu gets +2/+2 as long as you control a permanent named Guan Yu, Sainted Warrior or a permanent named Zhang Fei, Fierce Warrior.","PTK,ME3","""Only wisdom and virtue can truly win men's devotion.""\n—Liu Bei",normal,10499,2,4,Rare,"Human,Soldier",Creature
Loyal Retainers,{2}{W},3,W,Solomon Au Yeung,12,Creature — Human Advisor,"Sacrifice Loyal Retainers: Return target legendary creature card from your graveyard to the battlefield. Activate this ability only during your turn, before attackers are declared.","PTK,ME3,CM1",,normal,10491,1,1,Uncommon,"Human,Advisor",Creature
Misfortune's Gain,{3}{W},4,W,Jiaming,13,Sorcery,Destroy target creature. Its owner gains 4 life.,"PTK,ME3","The mourning families of commanders and generals were often given land, valuables, or money to compensate for their losses.",normal,10579,,,Common,,Sorcery
"Pang Tong, ""Young Phoenix""",{1}{W}{W},3,W,Li Tie,14,Legendary Creature — Human Advisor,"{T}: Target creature gets +0/+2 until end of turn. Activate this ability only during your turn, before attackers are declared.",PTK,""". . . It was Pang Tong's boat-connecting scheme\nThat let Zhou Yu accomplish his great deed.""",normal,10713,1,2,Rare,"Human,Advisor",Creature
Peach Garden Oath,{W},1,W,Zhao Dafu,15,Sorcery,You gain 2 life for each creature you control.,"PTK,8ED,ME3","""We three, though of separate ancestry, join in brotherhood . . . . We dare not hope to be together always but hereby vow to die the selfsame day.""\n—Peach Garden Oath",normal,10531,,,Uncommon,,Sorcery
Rally the Troops,{W},1,W,Shang Huitong,16,Instant,Cast Rally the Troops only during the declare attackers step and only if you've been attacked this step.\nUntap all creatures you control.,"PO2,PTK",,normal,10589,,,Uncommon,,Instant
Ravages of War,{3}{W},4,W,Fang Yue,17,Sorcery,Destroy all lands.,"PTK,ME2","""Thorn bushes spring up wherever the army has passed. Lean years follow in the wake of a great war."" —Lao Tzu, Tao Te Ching (trans. Feng and English)",normal,10500,,,Rare,,Sorcery
Riding Red Hare,{2}{W},3,W,Qi Baocheng,18,Sorcery,Target creature gets +3/+3 and gains horsemanship until end of turn. (It can't be blocked except by creatures with horsemanship.),PTK,"One of the greatest steeds in the empire, Red Hare could travel a thousand li a day and climb hills as if running on flat ground.",normal,10496,,,Common,,Sorcery
Shu Cavalry,{2}{W},3,W,Li Xiaohua,19,Creature — Human Soldier,Horsemanship (This creature can't be blocked except by creatures with horsemanship.),"PTK,ME3","In establishing the Shu kingdom, Liu Bei's forces fought against Ma Chao at Chengdu. Eventually, Ma Chao surrendered and became one of Liu Bei's Tiger Generals.",normal,10635,2,2,Common,"Human,Soldier",Creature
Shu Defender,{2}{W},3,W,Sun Nan,20,Creature — Human Soldier,"Whenever Shu Defender blocks, it gets +0/+2 until end of turn.",PTK,"Confronting Cao Cao's army at Steepslope Bridge, Zhang Fei bellowed, ""I am Zhang Fei of Yan! Who dares fight me to the death?"" Cao Cao's army cowered and fled.",normal,10624,2,2,Common,"Human,Soldier",Creature
Shu Elite Companions,{4}{W},5,W,Zhao Dafu,21,Creature — Human Soldier,Horsemanship (This creature can't be blocked except by creatures with horsemanship.),"PTK,ME3","Throughout the three kingdoms, important generals were often guarded by small groups of expert soldiers known as ""elite companions.""",normal,10497,3,3,Uncommon,"Human,Soldier",Creature
Shu Elite Infantry,{3}{W},4,W,Song Shikai,22,Creature — Human Soldier,,PTK,"Kongming's first campaign against the Wei kingdom was a rousing success until an arrogant Shu general, Ma Su, foolishly lost the city of Jieting.",normal,10627,3,3,Common,"Human,Soldier",Creature
Shu Farmer,{1}{W},2,W,Li Xiaohua,23,Creature — Human,"{T}: You gain 1 life. Activate this ability only during your turn, before attackers are declared.",PTK,"""The common folk are ceaselessly active. The fields are fertile and the soil productive, and neither flood nor drought plagues us.""\n—A Shu diplomat",normal,10618,1,1,Common,Human,Creature
Shu Foot Soldiers,{2}{W},3,W,Xu Tan,24,Creature — Human Soldier,,PTK,Liu Bei lost many men at the battle of Runan because of his lack of strategy. It wasn't until he met Kongming that he began to truly succeed as a leader.,normal,10489,2,3,Common,"Human,Soldier",Creature
Shu General,{3}{W},4,W,Li Xiaohua,25,Creature — Human Soldier,Vigilance; horsemanship (This creature can't be blocked except by creatures with horsemanship.),"PTK,ME3",,normal,10502,2,2,Uncommon,"Human,Soldier",Creature
Shu Grain Caravan,{2}{W},3,W,Li Wang,26,Creature — Human Soldier,"When Shu Grain Caravan enters the battlefield, you gain 2 life.",PTK,Keeping a million-man army fed was no easy task. Grain and rice caravans were the lifeblood of the empire.,normal,10617,2,2,Common,"Human,Soldier",Creature
Shu Soldier-Farmers,{4}{W},5,W,Li Xiaohua,27,Creature — Human Soldier,"When Shu Soldier-Farmers enters the battlefield, you gain 4 life.","PTK,ME3","During Kongming's campaigns against the Wei, his Shu troops rotated from the battlefront to the fields every hundred days.",normal,10488,2,4,Uncommon,"Human,Soldier",Creature
Vengeance,{3}{W},4,W,Solomon Au Yeung,28,Sorcery,Destroy target tapped creature.,"POR,PO2,PTK,S99,7ED,8ED,9ED","""Until I've gnawed their flesh and exterminated their clans, my humiliation will not be effaced.""\n—Liu Bei, on the death of\nhis oath-brother Guan Yu",normal,10631,,,Uncommon,,Sorcery
Virtuous Charge,{2}{W},3,W,Qu Xin,29,Sorcery,Creatures you control get +1/+1 until end of turn.,PTK,"""The empire belongs to no one man but to all in the empire. He who has virtue shall possess it.""",normal,10596,,,Common,,Sorcery
Volunteer Militia,{W},1,W,Lin Yan,30,Creature — Human Soldier,,"PO2,PTK","After making the Peach Garden Oath, the three brothers raised an army of 500 youths to fight the Yellow Scarves rebellion.",normal,10483,1,2,Common,"Human,Soldier",Creature
Warrior's Stand,{1}{W},2,W,Zhao Dafu,31,Instant,Cast Warrior's Stand only during the declare attackers step and only if you've been attacked this step.\nCreatures you control get +2/+2 until end of turn.,"PO2,PTK",,normal,10633,,,Uncommon,,Instant
"Zhang Fei, Fierce Warrior",{4}{W}{W},6,W,Zhao Dafu,32,Legendary Creature — Human Soldier Warrior,Vigilance; horsemanship (This creature can't be blocked except by creatures with horsemanship.),"PTK,ME3","Zhang Fei's uncharacteristic alliance with a defeated Riverlands general, Yan Yan, allowed Shu forces to advance through forty-five Riverlands strongpoints with no casualties.",normal,10604,4,4,Rare,"Human,Soldier,Warrior",Creature
"Zhao Zilong, Tiger General",{3}{W}{W},5,W,Quan Xuejun,33,Legendary Creature — Human Soldier Warrior,"Horsemanship (This creature can't be blocked except by creatures with horsemanship.)\nWhenever Zhao Zilong, Tiger General blocks, it gets +1/+1 until end of turn.",PTK,"Zhao Zilong was a brave and noble warrior. Twice he rescued Liu Bei's son, Liu Shan.",normal,10686,3,3,Rare,"Human,Soldier,Warrior",Creature
Balance of Power,{3}{U}{U},5,U,Quan Xuejun,34,Sorcery,"If target opponent has more cards in hand than you, draw cards equal to the difference.","POR,PTK,8ED",,normal,10580,,,Rare,,Sorcery
"Borrowing 100,000 Arrows",{2}{U},3,U,Song Shikai,35,Sorcery,Draw a card for each tapped creature target opponent controls.,"PTK,ME3,C13","Kongming and Lu Su tricked Wei troops into shooting over 100,000 arrows at them to later use against the Wei at Red Cliffs.",normal,10620,,,Uncommon,,Sorcery
Brilliant Plan,{4}{U},5,U,Song Shikai,36,Sorcery,Draw three cards.,"PTK,ME3,C13","At Red Cliffs, Kongming and Zhou Yu each wrote his plan for defeating the Wei on the palm of his hand. They laughed as they both revealed the same word, ""Fire.""",normal,10623,,,Uncommon,,Sorcery
Broken Dam,{U},1,U,Jiang Zhuqing,37,Sorcery,Tap one or two target creatures without horsemanship.,PTK,"Using nature to their advantage, wise Three Kingdoms generals often let dammed rivers loose to destroy their enemies.",normal,10621,,,Common,,Sorcery
Capture of Jingzhou,{3}{U}{U},5,U,Jack Wei,38,Sorcery,Take an extra turn after this one.,"PTK,ME3","The province of Jingzhou was the fulcrum of the three kingdoms. At separate times it was coveted and controlled by the Wu, the Shu, and the Wei.",normal,10619,,,Rare,,Sorcery
Champion's Victory,{U},1,U,Hong Yan,39,Instant,Cast Champion's Victory only during the declare attackers step and only if you've been attacked this step.\nReturn target attacking creature to its owner's hand.,PTK,,normal,10593,,,Uncommon,,Instant
Council of Advisors,{2}{U},3,U,Liu Shangying,40,Creature — Human Advisor,"When Council of Advisors enters the battlefield, draw a card.",PTK,Sun Quan's long and successful rule in the years 199 to 251 was due to his ability to choose and foster talented advisors and generals.,normal,10601,1,1,Uncommon,"Human,Advisor",Creature
Counterintelligence,{2}{U}{U},4,U,Wang Feng,41,Sorcery,Return one or two target creatures to their owners' hands.,PTK,"Before the battle of Red Cliffs, a supposedly sleeping Zhou Yu allowed his old friend, a Wei advisor, to steal a planted letter forged as if from Wei's two best admirals.",normal,10628,,,Uncommon,,Sorcery
Exhaustion,{2}{U},3,U,Qu Xin,42,Sorcery,Creatures and lands target opponent controls don't untap during his or her next untap step.,"POR,PO2,USG,PTK,S99,9ED","Starving and worn, Cao Cao escaped from the battle of Red Cliffs with only 27 of his original 800,000 men.",normal,10527,,,Rare,,Sorcery
Extinguish,{1}{U},2,U,Ding Songjian,43,Instant,Counter target sorcery spell.,"PO2,PTK,S99",,normal,10528,,,Common,,Instant
Forced Retreat,{2}{U},3,U,Huang Qishi,44,Sorcery,Put target creature on top of its owner's library.,"PTK,ME3","""Leadership, not numbers, determines victory.""\n—A Wu commander, before his 5,000 troops forced 15,000 Wei troops to retreat from Ruxu",normal,10622,,,Common,,Sorcery
Lady Sun,{1}{U}{U},3,U,Miao Aili,45,Legendary Creature — Human Advisor,"{T}: Return Lady Sun and another target creature to their owners' hands. Activate this ability only during your turn, before attackers are declared.",PTK,"Sister to Sun Quan and wife to Liu Bei, Lady Sun often felt her loyalty to both tested.",normal,10721,1,1,Rare,"Human,Advisor",Creature
"Lu Meng, Wu General",{3}{U}{U},5,U,Gao Yan,46,Legendary Creature — Human Soldier,Horsemanship (This creature can't be blocked except by creatures with horsemanship.),"PTK,ME3","As the Wu chief commander, Lu Meng conquered Shu-held Jingzhou in 219 by disguising soldiers as merchants on boats filled with hiding troops.",normal,10710,4,4,Rare,"Human,Soldier",Creature
"Lu Su, Wu Advisor",{3}{U}{U},5,U,Zhao Tan,47,Legendary Creature — Human Advisor,"{T}: Draw a card. Activate this ability only during your turn, before attackers are declared.",PTK,"Lu Su served as an intermediary between the Wu and Shu kingdoms until Zhou Yu's death in 210, when he became Wu's supreme commander.",normal,10614,1,2,Rare,"Human,Advisor",Creature
"Lu Xun, Scholar General",{2}{U}{U},4,U,Xu Xiaoming,48,Legendary Creature — Human Soldier,"Horsemanship (This creature can't be blocked except by creatures with horsemanship.)\nWhenever Lu Xun, Scholar General deals damage to an opponent, you may draw a card.","PTK,ME3,C13",,normal,10616,1,3,Rare,"Human,Soldier",Creature
Mystic Denial,{1}{U}{U},3,U,Kang Yu,49,Instant,Counter target creature or sorcery spell.,"POR,PO2,PTK",,normal,10565,,,Uncommon,,Instant
Preemptive Strike,{1}{U},2,U,Jiaming,50,Instant,Counter target creature spell.,PTK,,normal,10530,,,Common,,Instant
Red Cliffs Armada,{4}{U},5,U,Zhang Jiazhen,51,Creature — Human Soldier,Red Cliffs Armada can't attack unless defending player controls an Island.,"PTK,ME2","By the battle of Red Cliffs in the year 208, the Wu kingdom controlled more than 7,000 warships on the Yangtze.",normal,10501,5,4,Uncommon,"Human,Soldier",Creature
Sage's Knowledge,{2}{U},3,U,Ding Songjian,52,Sorcery,Return target sorcery card from your graveyard to your hand.,PTK,"""Those who know do not talk. Those who talk do not know.""\n—Lao Tzu, Tao Te Ching\n(trans. Feng and English)",normal,10524,,,Common,,Sorcery
Strategic Planning,{1}{U},2,U,Zhang Jiazhen,53,Sorcery,Look at the top three cards of your library. Put one of them into your hand and the rest into your graveyard.,"PTK,ME3,C13","""Plans evolved within the tent decide a victory 1,000 li away.""",normal,10602,,,Uncommon,,Sorcery
Straw Soldiers,{1}{U},2,U,Cai Tingting,54,Creature — Scarecrow Soldier,,PTK,"The overnight appearance of miles of ""armed"" Wu forts at Guangling frightened a much vaster Wei force into fleeing for their lives.",normal,10613,1,3,Common,"Scarecrow,Soldier",Creature
"Sun Ce, Young Conquerer",{3}{U}{U},5,U,Yang Guangmai,55,Legendary Creature — Human Soldier,"Horsemanship (This creature can't be blocked except by creatures with horsemanship.)\nWhen Sun Ce, Young Conquerer enters the battlefield, you may return target creature to its owner's hand.","PTK,ME3",,normal,10709,3,3,Rare,"Human,Soldier",Creature
"Sun Quan, Lord of Wu",{4}{U}{U},6,U,Xu Xiaoming,56,Legendary Creature — Human Soldier,Creatures you control have horsemanship. (They can't be blocked except by creatures with horsemanship.),"PTK,ME3,V11","""One score and four he reigned, the Southland king: / A dragon coiled, a tiger poised below the mighty Yangtze.""",normal,10513,4,4,Rare,"Human,Soldier",Creature
Wu Admiral,{4}{U},5,U,Zhang Jiazhen,57,Creature — Human Soldier,Wu Admiral gets +1/+1 as long as an opponent controls an Island.,PTK,The Wu kingdom's well-trained admirals were integral to the Southlands' victory at Red Cliffs as well as the kingdom's defense.,normal,10485,3,3,Uncommon,"Human,Soldier",Creature
Wu Elite Cavalry,{3}{U},4,U,Li Wang,58,Creature — Human Soldier,Horsemanship (This creature can't be blocked except by creatures with horsemanship.),"PTK,ME3","At the second battle of Ruxu, the brave Wu general Gan Ning raided Cao Cao's camp of 400,000 men with only 100 cavalry. Not a single man or horse was lost.",normal,10611,2,3,Common,"Human,Soldier",Creature
Wu Infantry,{1}{U},2,U,Xu Xiaoming,59,Creature — Human Soldier,,PTK,The first battle of Hefei was Sun Quan's last as a field general. From then on he let his generals command in the field while he directed battle from behind the front lines.,normal,10600,2,1,Common,"Human,Soldier",Creature
Wu Light Cavalry,{1}{U},2,U,Huang Qishi,60,Creature — Human Soldier,Horsemanship (This creature can't be blocked except by creatures with horsemanship.),PTK,"A cunning strategist, Cao Ren tricked Zhou Yu by letting him enter Nanjun. Zhou Yu thought he was capturing the city until Cao Ren's arrows rained down upon him.",normal,10615,1,2,Common,"Human,Soldier",Creature
Wu Longbowman,{2}{U},3,U,Xu Tan,61,Creature — Human Soldier Archer,"{T}: Wu Longbowman deals 1 damage to target creature or player. Activate this ability only during your turn, before attackers are declared.","PTK,ME3",,normal,10498,1,1,Uncommon,"Human,Soldier,Archer",Creature
Wu Scout,{1}{U},2,U,Jiaming,62,Creature — Human Soldier Scout,"Horsemanship (This creature can't be blocked except by creatures with horsemanship.)\nWhen Wu Scout enters the battlefield, look at target opponent's hand.",PTK,,normal,10612,1,1,Common,"Human,Soldier,Scout",Creature
Wu Spy,{1}{U},2,U,Zhao Tan,63,Creature — Human Soldier Rogue,"When Wu Spy enters the battlefield, look at the top two cards of target player's library. Put one of them into his or her graveyard.",PTK,,normal,10529,1,1,Uncommon,"Human,Soldier,Rogue",Creature
Wu Warship,{2}{U},3,U,Jiang Zhuqing,64,Creature — Human Soldier,Wu Warship can't attack unless defending player controls an Island.,"PTK,ME3","Both Wu and Wei warships patrolled the Yangtze River, the natural border between the two kingdoms.",normal,10605,3,3,Common,"Human,Soldier",Creature
"Zhou Yu, Chief Commander",{5}{U}{U},7,U,Xu Xiaoming,65,Legendary Creature — Human Soldier,"Zhou Yu, Chief Commander can't attack unless defending player controls an Island.",PTK,"""After making me, Zhou Yu, did you have to make Kongming?""\n—Zhou Yu crying to heaven on his deathbed",normal,10525,8,8,Rare,"Human,Soldier",Creature
"Zhuge Jin, Wu Strategist",{1}{U}{U},3,U,Song Shikai,66,Legendary Creature — Human Advisor,"{T}: Target creature can't be blocked this turn. Activate this ability only during your turn, before attackers are declared.",PTK,"When Zhuge Jin proposed the marriage of Guan Yu's daugher and Sun Quan's heir, Guan Yu's arrogant refusal led to disaster.",normal,10711,1,1,Rare,"Human,Advisor",Creature
Ambition's Cost,{3}{B},4,B,Junko Taguchi,67,Sorcery,You draw three cards and you lose 3 life.,"PTK,8ED,C15","""When you give offense to heaven, to whom can you pray?""\n—Cao Cao, quoting Confucius",normal,10493,,,Rare,,Sorcery
"Cao Cao, Lord of Wei",{3}{B}{B},5,B,Gao Jianzhang,68,Legendary Creature — Human Soldier,"{T}: Target opponent discards two cards. Activate this ability only during your turn, before attackers are declared.","PTK,V11",,normal,10548,3,3,Rare,"Human,Soldier",Creature
"Cao Ren, Wei Commander",{2}{B}{B},4,B,Junko Taguchi,69,Legendary Creature — Human Soldier Warrior,"Horsemanship (This creature can't be blocked except by creatures with horsemanship.)\nWhen Cao Ren, Wei Commander enters the battlefield, you lose 3 life.",PTK,"Cao Cao's cousin, Cao Ren was known throughout the three kingdoms as the fiercest of warriors.",normal,10712,3,3,Rare,"Human,Soldier,Warrior",Creature
Coercion,{2}{B},3,B,Kang Yu,70,Sorcery,Target opponent reveals his or her hand. You choose a card from it. That player discards that card.,"VIS,TMP,PO2,6ED,PTK,S99,S00,BTD,8ED,9ED,TPR","Though he held the title of prime minister, Cao Cao used the emperor's name to exert his own influence on the empire.",normal,10514,,,Uncommon,,Sorcery
Corrupt Court Official,{1}{B},2,B,Li Yousong,71,Creature — Human Advisor,"When Corrupt Court Official enters the battlefield, target opponent discards a card.",PTK,,normal,10595,1,1,Uncommon,"Human,Advisor",Creature
Cunning Advisor,{3}{B},4,B,Gao Jianzhang,72,Creature — Human Advisor,"{T}: Target opponent discards a card. Activate this ability only during your turn, before attackers are declared.",PTK,,normal,10533,1,1,Uncommon,"Human,Advisor",Creature
Deception,{2}{B},3,B,Wang Feng,73,Sorcery,Target opponent discards two cards.,PTK,"Believing they wrote the forged letter that had been stolen from Zhou Yu, Cao Cao rashly executed his two best admirals for treason.",normal,10560,,,Common,,Sorcery
Desperate Charge,{2}{B},3,B,Chen Weidong,74,Sorcery,Creatures you control get +2/+0 until end of turn.,"PTK,ME3","""Lieutenants dishonored, corpses carted home; The general raises troops again to take revenge.""",normal,10512,,,Uncommon,,Sorcery
Famine,{3}{B}{B},5,B,Sun Nan,75,Sorcery,Famine deals 3 damage to each creature and each player.,"PTK,ME3,C13,VMA","""But it was a year of dearth. People were reduced to eating leaves of jujube trees. Corpses were seen everywhere in the countryside.""",normal,10518,,,Uncommon,,Sorcery
Ghostly Visit,{2}{B},3,B,Kang Yu,76,Sorcery,Destroy target nonblack creature.,"PTK,ME3",Cao Cao was haunted to death by the ghosts of the empresses and other high courtiers he had murdered.,normal,10546,,,Common,,Sorcery
Imperial Edict,{1}{B},2,B,Xu Xiaoming,77,Sorcery,Target opponent chooses a creature he or she controls. Destroy it.,PTK,"Frustrated with Cao Cao's control of the imperial court, Emporer Xian secretly issued an edict condemning him, using his own blood as ink.",normal,10515,,,Common,,Sorcery
Imperial Seal,{B},1,B,Li Tie,78,Sorcery,"Search your library for a card, then shuffle your library and put that card on top of it. You lose 2 life.","PTK,ME2","""If Heaven has placed it in your hands, it means that the throne is destined to be yours.""",normal,10728,,,Rare,,Sorcery
Overwhelming Forces,{6}{B}{B},8,B,Gao Yan,79,Sorcery,Destroy all creatures target opponent controls. Draw a card for each creature destroyed this way.,"pJGP,PTK,ME4","By the year 208, Cao Cao commanded more than 1,000 experienced generals and a million infantry, cavalry, and naval troops.",normal,10521,,,Rare,,Sorcery
Poison Arrow,{4}{B}{B},6,B,Li Tie,80,Sorcery,Destroy target nonblack creature. You gain 3 life.,PTK,"In ancient China, not wearing armor could be a fatal mistake. Guan Yu, Zhou Yu, Sun Ce, and other heros were struck by poison arrows.",normal,10587,,,Uncommon,,Sorcery
Return to Battle,{B},1,B,Ding Songjian,81,Sorcery,Return target creature card from your graveyard to your hand.,PTK,"""Swallowing his eye, the valiant Xiahou Dun fought on; / But Cao Cao's vanguard, its commander wounded, could not hold out for long.""",normal,10588,,,Common,,Sorcery
"Sima Yi, Wei Field Marshal",{5}{B},6,B,Gao Yan,82,Legendary Creature — Human Soldier,"Sima Yi, Wei Field Marshal's power is equal to the number of Swamps you control.",PTK,Sima Yi fought for four generations of the Cao family before his own grandson became emperor and united the three kingdoms.,normal,10630,*,4,Rare,"Human,Soldier",Creature
Stolen Grain,{4}{B}{B},6,B,LHQ,83,Sorcery,Stolen Grain deals 5 damage to target opponent. You gain 5 life.,"PTK,ME3","At the battle of Guandu, Cao Cao defeated Yuan Shao by raiding his grain depot, leaving him with no way to feed his troops.",normal,10554,,,Uncommon,,Sorcery
Stone Catapult,{4}{B},5,B,Shang Huitong,84,Creature — Human Soldier,"{T}: Destroy target tapped nonblack creature. Activate this ability only during your turn, before attackers are declared.",PTK,,normal,10508,1,2,Rare,"Human,Soldier",Creature
Wei Ambush Force,{1}{B},2,B,Ku Xueming,85,Creature — Human Soldier,"Whenever Wei Ambush Force attacks, it gets +2/+0 until end of turn.",PTK,The battle of Puyang marked the beginning of the end for Lu Bu. He lost the city—and later his life—to Cao Cao.,normal,10557,1,1,Common,"Human,Soldier",Creature
Wei Assassins,{3}{B}{B},5,B,Xu Tan,86,Creature — Human Soldier Assassin,"When Wei Assassins enters the battlefield, target opponent chooses a creature he or she controls. Destroy it.",PTK,,normal,10583,3,2,Uncommon,"Human,Soldier,Assassin",Creature
Wei Elite Companions,{4}{B},5,B,Li Youliang,87,Creature — Human Soldier,Horsemanship (This creature can't be blocked except by creatures with horsemanship.),"PTK,ME3",Cao Cao was more concerned with capabilities than lineage. He excelled at recruiting and retaining men of talent to serve him.,normal,10511,3,3,Uncommon,"Human,Soldier",Creature
Wei Infantry,{1}{B},2,B,LHQ,88,Creature — Human Soldier,,"PTK,ME3",Wei won the battle of Hefei when Zhang Liao defeated Sun Quan and then foiled a Wu scheme to incite rebellion.,normal,10519,2,1,Common,"Human,Soldier",Creature
Wei Night Raiders,{2}{B}{B},4,B,Wang Feng,89,Creature — Human Soldier,"Horsemanship (This creature can't be blocked except by creatures with horsemanship.)\nWhenever Wei Night Raiders deals damage to an opponent, that player discards a card.","PTK,ME3",,normal,10484,2,2,Uncommon,"Human,Soldier",Creature
Wei Scout,{1}{B},2,B,Jiang Zhuqing,90,Creature — Human Soldier Scout,Horsemanship (This creature can't be blocked except by creatures with horsemanship.),PTK,"He will win who, prepared himself, waits to take the enemy unprepared.""\n—Sun Tzu, Art of War (trans. Giles)",normal,10517,1,1,Common,"Human,Soldier,Scout",Creature
Wei Strike Force,{2}{B},3,B,Tang Xiaogu,91,Creature — Human Soldier,Horsemanship (This creature can't be blocked except by creatures with horsemanship.),"PTK,ME3","At the battle of Chang'an, Ma Chao defeated the two generals Cao Cao sent to guard the pass but was forced to flee when Cao Cao's trickery turned his own ally against him.",normal,10561,2,1,Common,"Human,Soldier",Creature
"Xiahou Dun, the One-Eyed",{2}{B}{B},4,B,Junko Taguchi,92,Legendary Creature — Human Soldier,"Horsemanship (This creature can't be blocked except by creatures with horsemanship.)\nSacrifice Xiahou Dun, the One-Eyed: Return target black card from your graveyard to your hand. Activate this ability only during your turn, before attackers are declared.","pJGP,PTK,ME3",,normal,10590,3,2,Rare,"Human,Soldier",Creature
"Xun Yu, Wei Advisor",{1}{B}{B},3,B,Jack Wei,93,Legendary Creature — Human Advisor,"{T}: Target creature you control gets +2/+0 until end of turn. Activate this ability only during your turn, before attackers are declared.",PTK,"""A splendid talent, admired of all men! His folly lay in serving Cao Cao's power.""",normal,13831,1,1,Rare,"Human,Advisor",Creature
Young Wei Recruits,{1}{B},2,B,Li Youliang,94,Creature — Human Soldier,Young Wei Recruits can't block.,"PTK,ME3","""To send the common people to war untrained is to throw them away.""\n—Confucius, The Analects (trans. Lau)",normal,10584,2,2,Common,"Human,Soldier",Creature
"Zhang He, Wei General",{3}{B}{B},5,B,Jack Wei,95,Legendary Creature — Human Soldier,"Horsemanship (This creature can't be blocked except by creatures with horsemanship.)\nWhenever Zhang He, Wei General attacks, each other creature you control gets +1/+0 until end of turn.",PTK,,normal,10520,4,2,Rare,"Human,Soldier",Creature
"Zhang Liao, Hero of Hefei",{4}{B}{B},6,B,Li Youliang,96,Legendary Creature — Human Soldier,"Whenever Zhang Liao, Hero of Hefei deals damage to an opponent, that opponent discards a card.",PTK,,normal,10727,3,3,Rare,"Human,Soldier",Creature
Zodiac Pig,{3}{B},4,B,Qi Baocheng,97,Creature — Boar,Swampwalk (This creature can't be blocked as long as defending player controls a Swamp.),PTK,""". . . Zhong Hui and Deng Ai next led armies west: / And to the Cao, Han's hills and streams now passed. . . .""",normal,10586,3,3,Uncommon,Boar,Creature
Zodiac Rat,{B},1,B,Qi Baocheng,98,Creature — Rat,Swampwalk (This creature can't be blocked as long as defending player controls a Swamp.),PTK,""" . . . Cao Pi, Cao Rui, Fang, Mao, and briefly, Huan— / The Sima took the empire in their turn. . . .""",normal,10564,1,1,Common,Rat,Creature
Zodiac Snake,{2}{B},3,B,Qi Baocheng,99,Creature — Snake,Swampwalk (This creature can't be blocked as long as defending player controls a Swamp.),PTK,"""Thrice Xuande's ardent quest led to Nanyang, / Where Sleeping Dragon unveiled Han's partition: . . .""",normal,10608,2,2,Common,Snake,Creature
Barbarian General,{4}{R},5,R,Kuang Sheng,100,Creature — Human Barbarian Soldier,Horsemanship (This creature can't be blocked except by creatures with horsemanship.),PTK,"""Barbarian tribes with their rulers are inferior to Chinese states without them.""\n—Confucius, The Analects (trans. Lau)",normal,10574,3,2,Uncommon,"Human,Barbarian,Soldier",Creature
Barbarian Horde,{3}{R},4,R,Kuang Sheng,101,Creature — Human Barbarian Soldier,,PTK,"Only twenty years after the Sima clan united the empire, invading barbarians divided it again.",normal,10578,3,3,Common,"Human,Barbarian,Soldier",Creature
Blaze,{X}{R},1,R,Qu Xin,102,Sorcery,Blaze deals X damage to target creature or player.,"POR,PO2,6ED,PTK,7ED,8ED,9ED,10E,HOP,DPA","""Spreading flames illumined cloud and sea:\nCao Cao went down; 'twas Zhou Yu's victory.""",normal,10507,,,Uncommon,,Sorcery
Burning Fields,{4}{R},5,R,Yang Hong,103,Sorcery,Burning Fields deals 5 damage to target opponent.,PTK,"""In raiding and plundering, be like fire, in immovability like a mountain.""\n—Sun Tzu, Art of War (trans. Giles)",normal,10555,,,Common,,Sorcery
Burning of Xinye,{4}{R}{R},6,R,Yang Hong,104,Sorcery,"You destroy four lands you control, then target opponent destroys four lands he or she controls. Then Burning of Xinye deals 4 damage to each creature.","PTK,ME3,VMA,V14",,normal,10637,,,Rare,,Sorcery
Control of the Court,{1}{R},2,R,Li Yousong,105,Sorcery,"Draw four cards, then discard three cards at random.",PTK,"""Power-hungry eunuchs, the curse of the dynasty, have thrown the masses of the people into the depths of misery.""",normal,10538,,,Uncommon,,Sorcery
Corrupt Eunuchs,{3}{R},4,R,Li Yousong,106,Creature — Human Advisor,"When Corrupt Eunuchs enters the battlefield, it deals 2 damage to target creature.","PTK,ME3",,normal,10734,2,2,Uncommon,"Human,Advisor",Creature
Desert Sandstorm,{2}{R},3,R,Xu Tan,107,Sorcery,Desert Sandstorm deals 1 damage to each creature.,PTK,"While pursuing the remnants of Yuan Shao's forces into the Wuhan Desert, Cao Cao was temporarily turned back by a fierce sandstorm.",normal,10626,,,Common,,Sorcery
"Diaochan, Artful Beauty",{3}{R},4,R,Miao Aili,108,Legendary Creature — Human Advisor,"{T}: Destroy target creature of your choice, then destroy target creature of an opponent's choice. Activate this ability only during your turn, before attackers are declared.","PTK,CM1",,normal,10544,1,1,Rare,"Human,Advisor",Creature
"Dong Zhou, the Tyrant",{4}{R},5,R,Junichi Inoue,109,Legendary Creature — Human Soldier,"When Dong Zhou, the Tyrant enters the battlefield, target creature an opponent controls deals damage equal to its power to that player.","PTK,ME3",,normal,10730,3,3,Rare,"Human,Soldier",Creature
Eunuchs' Intrigues,{2}{R},3,R,Li Yousong,110,Sorcery,Target opponent chooses a creature he or she controls. Other creatures he or she controls can't block this turn.,PTK,"Taking control of powerful court positions one by one, eunuchs eventually brought on the fall of the Han dynasty, leading to the chaos of the Three Kingdoms.",normal,10543,,,Uncommon,,Sorcery
Fire Ambush,{1}{R},2,R,Tang Xiaogu,111,Sorcery,Fire Ambush deals 3 damage to target creature or player.,"PTK,ME3","""With fire he broke the battle at Bowang . . . . Striking fear deep into Cao Cao's soul, thus Kongming scored a coup at his debut.""",normal,10632,,,Common,,Sorcery
Fire Bowman,{R},1,R,Cai Tingting,112,Creature — Human Soldier Archer,"Sacrifice Fire Bowman: Fire Bowman deals 1 damage to target creature or player. Activate this ability only during your turn, before attackers are declared.",PTK,,normal,10535,1,1,Uncommon,"Human,Soldier,Archer",Creature
Imperial Recruiter,{2}{R},3,R,Mitsuaki Sagiri,113,Creature — Human Advisor,"When Imperial Recruiter enters the battlefield, search your library for a creature card with power 2 or less, reveal it, and put it into your hand. Then shuffle your library.","pJGP,PTK,ME2",,normal,10539,1,1,Uncommon,"Human,Advisor",Creature
Independent Troops,{1}{R},2,R,Kuang Sheng,114,Creature — Human Soldier,,PTK,"""The empire, long united, must divide, and long divided, must unite.""",normal,10541,2,1,Common,"Human,Soldier",Creature
"Lu Bu, Master-at-Arms",{5}{R},6,R,Gao Jianzhang,115,Legendary Creature — Human Soldier Warrior,Haste; horsemanship (This creature can't be blocked except by creatures with horsemanship.),"pPRE,PTK,ME3","""Dong Zhuo's man, Lu Bu, warrior without peer, / Far surpassed the champions of his sphere.""",normal,10536,4,3,Rare,"Human,Soldier,Warrior",Creature
"Ma Chao, Western Warrior",{3}{R}{R},5,R,Koji,116,Legendary Creature — Human Soldier Warrior,"Horsemanship (This creature can't be blocked except by creatures with horsemanship.)\nWhenever Ma Chao, Western Warrior attacks alone, it can't be blocked this combat.",PTK,,normal,10729,3,3,Rare,"Human,Soldier,Warrior",Creature
Mountain Bandit,{R},1,R,Xu Xiaoming,117,Creature — Human Soldier Rogue,Haste,PTK,"Penniless and far from home, many former Yellow Scarves and other soldiers became bandits to survive.",normal,10585,1,1,Common,"Human,Soldier,Rogue",Creature
Ravaging Horde,{3}{R}{R},5,R,Liu Jianjian,118,Creature — Human Soldier,"When Ravaging Horde enters the battlefield, destroy target land.",PTK,"Upon his return to the capitol after taking soldiers to loot a nearby peaceful town, the prime minister, Dong Zhou, boasted of it as a victory over bandits.",normal,13805,3,3,Uncommon,"Human,Soldier",Creature
Relentless Assault,{2}{R}{R},4,R,He Jiancheng,119,Sorcery,"Untap all creatures that attacked this turn. After this main phase, there is an additional combat phase followed by an additional main phase.","VIS,PO2,6ED,PTK,S99,7ED,8ED,9ED,10E,HOP","With only 70,000 men under his command at the battle of Guandu, Cao Cao was able to defeat Yuan Shao and his 700,000.",normal,10592,,,Rare,,Sorcery
Renegade Troops,{4}{R},5,R,Liu Jianjian,120,Creature — Human Soldier,Haste,PTK,"""Across the land rebellions seethed and swarmed / As vicious war lords swooped down on all sides.""",normal,10576,4,2,Uncommon,"Human,Soldier",Creature
Rockslide Ambush,{1}{R},2,R,Inoue Junichi,121,Sorcery,Rockslide Ambush deals damage to target creature equal to the number of Mountains you control.,"PTK,ME4",,normal,10603,,,Uncommon,,Sorcery
Rolling Earthquake,{X}{R},1,R,Yang Hong,122,Sorcery,Rolling Earthquake deals X damage to each creature without horsemanship and each player.,"PTK,ME3,V14",,normal,10526,,,Rare,,Sorcery
Stone Rain,{2}{R},3,R,Mitsuaki Sagiri,123,Sorcery,Destroy target land.,"LEA,LEB,2ED,CED,CEI,3ED,4ED,ICE,MIR,5ED,POR,TMP,PO2,6ED,PTK,S99,MMQ,pFNM,S00,7ED,8ED,CHK,9ED",Soldiers often blocked off the steep mountain passes to ambush enemy troops in western and central China.,normal,10606,,,Common,,Sorcery
Warrior's Oath,{R}{R},2,R,Mitsuaki Sagiri,124,Sorcery,"Take an extra turn after this one. At the beginning of that turn's end step, you lose the game.",PTK,"""If I fail, my head is yours.""\n—Warrior's oath common\nduring the Three Kingdoms period",normal,10552,,,Rare,,Sorcery
Yellow Scarves Cavalry,{1}{R},2,R,Chen Weidong,125,Creature — Human Soldier,Horsemanship (This creature can't be blocked except by creatures with horsemanship.)\nYellow Scarves Cavalry can't block.,PTK,,normal,10537,1,1,Common,"Human,Soldier",Creature
Yellow Scarves General,{3}{R},4,R,Chen Weidong,126,Creature — Human Soldier,Horsemanship (This creature can't be blocked except by creatures with horsemanship.)\nYellow Scarves General can't block.,PTK,"Zhang Jue, leader of the Yellow Scarves rebellion, was a Taoist master and tutored his soldiers in those arts.",normal,10577,2,2,Rare,"Human,Soldier",Creature
Yellow Scarves Troops,{1}{R},2,R,Chen Weidong,127,Creature — Human Soldier,Yellow Scarves Troops can't block.,PTK,"Over 500,000 commoners followed Zhang Jue, General of Heaven, in his attempt to overthrow the corrupt Han dynasty.",normal,10542,2,2,Common,"Human,Soldier",Creature
"Yuan Shao, the Indecisive",{4}{R},5,R,Inoue Junichi,128,Legendary Creature — Human Soldier,Horsemanship (This creature can't be blocked except by creatures with horsemanship.)\nEach creature you control can't be blocked by more than one creature.,PTK,,normal,10516,2,3,Rare,"Human,Soldier",Creature
Yuan Shao's Infantry,{3}{R},4,R,Lin Yan,129,Creature — Human Soldier,"Whenever Yuan Shao's Infantry attacks alone, Yuan Shao's Infantry can't be blocked this combat.",PTK,,normal,10559,2,2,Uncommon,"Human,Soldier",Creature
Zodiac Dog,{2}{R},3,R,Qi Baocheng,130,Creature — Hound,Mountainwalk (This creature can't be blocked as long as defending player controls a Mountain.),PTK,""". . . Jiang Wei alone still strove with might and main: / Nine times more he fought the north—in vain. . . .""",normal,10534,2,2,Common,Hound,Creature
Zodiac Dragon,{7}{R}{R},9,R,Qi Baocheng,131,Creature — Dragon,"When Zodiac Dragon is put into your graveyard from the battlefield, you may return it to your hand.","PTK,ME3",""". . . The kingdoms three are now the stuff of dream, / For men to ponder, past all praise or blame.""",normal,10510,8,8,Rare,Dragon,Creature
Zodiac Goat,{R},1,R,Qi Baocheng,132,Creature — Goat,Mountainwalk (This creature can't be blocked as long as defending player controls a Mountain.),PTK,""". . . Near death in Baidi, having reigned three years, / Bei sadly placed his son in Kongming's care. . . .""",normal,10540,1,1,Common,Goat,Creature
Borrowing the East Wind,{X}{G}{G},2,G,Gao Yan,133,Sorcery,Borrowing the East Wind deals X damage to each creature with horsemanship and each player.,PTK,,normal,10549,,,Rare,,Sorcery
False Mourning,{G},1,G,Koji,134,Sorcery,Put target card from your graveyard on top of your library.,PTK,"Zhou Yu, Sun Ce, and other famous generals feigned their deaths in order to later surprise their opponents.",normal,10599,,,Uncommon,,Sorcery
Forest Bear,{1}{G},2,G,Wang Yuqun,135,Creature — Bear,,PTK,"Fish and bear paws—one can't have both.\n—Chinese idiom meaning\n""you can't have it both ways""",normal,10505,2,2,Common,Bear,Creature
Heavy Fog,{1}{G},2,G,Liu Shangying,136,Instant,Cast Heavy Fog only during the declare attackers step and only if you've been attacked this step.\nPrevent all damage that would be dealt to you this turn by attacking creatures.,"PTK,ME3",,normal,10523,,,Uncommon,,Instant
"Hua Tuo, Honored Physician",{1}{G}{G},3,G,Gao Jianzhang,137,Legendary Creature — Human,"{T}: Put target creature card from your graveyard on top of your library. Activate this ability only during your turn, before attackers are declared.","PTK,ME3,C13",,normal,10570,1,2,Rare,Human,Creature
Hunting Cheetah,{2}{G},3,G,Fang Yue,138,Creature — Cat,"Whenever Hunting Cheetah deals damage to an opponent, you may search your library for a Forest card, reveal that card, put it into your hand, then shuffle your library.","PTK,ME3",,normal,10572,2,3,Uncommon,Cat,Creature
"Lady Zhurong, Warrior Queen",{4}{G},5,G,Miao Aili,139,Legendary Creature — Human Soldier Warrior,Horsemanship (This creature can't be blocked except by creatures with horsemanship.),PTK,"""A man, and such a fool! I, a woman, will fight them for you.""\n—Lady Zhurong to her husband Meng Huo, before leading an army against the Shu",normal,10609,4,3,Rare,"Human,Soldier,Warrior",Creature
Lone Wolf,{2}{G},3,G,Yang Jun Kwon,140,Creature — Wolf,You may have Lone Wolf assign its combat damage as though it weren't blocked.,"PO2,ULG,PTK,S99,7ED,8ED",,normal,10556,2,2,Uncommon,Wolf,Creature
Marshaling the Troops,{1}{G},2,G,Liu Shangying,141,Sorcery,Tap any number of untapped creatures you control. You gain 4 life for each creature tapped this way.,PTK,,normal,10547,,,Rare,,Sorcery
"Meng Huo, Barbarian King",{3}{G}{G},5,G,Yang Guangmai,142,Legendary Creature — Human Barbarian Soldier,Other green creatures you control get +1/+1.,"PTK,ME3",The stubborn Meng Huo was captured and released by Kongming seven times before finally surrendering.,normal,10732,4,4,Rare,"Human,Barbarian,Soldier",Creature
Meng Huo's Horde,{4}{G},5,G,Li Tie,143,Creature — Human Soldier,,"PTK,ME3","Through his allies, Meng Huo commanded several hundred thousand troops composed of cavalry, rattan-armored warriors, infantry, naked men with swords, and wild animals.",normal,10503,4,5,Common,"Human,Soldier",Creature
Riding the Dilu Horse,{2}{G},3,G,Hong Yan,144,Sorcery,Target creature gets +2/+2 and gains horsemanship. (It can't be blocked except by creatures with horsemanship. This effect lasts indefinitely.),"PTK,ME3","""All men have their appointed time; that's something no horse can change.""\n—Liu Bei, after being told that the\nDilu brings its master ill fortune",normal,10731,,,Rare,,Sorcery
Slashing Tiger,{2}{G}{G},4,G,Yang Jun Kwon,145,Creature — Cat,"Whenever Slashing Tiger becomes blocked, it gets +2/+2 until end of turn.","PTK,ME3","""Unless you enter the tiger's lair, you cannot get hold of the tiger's cubs.""\n—Sun Tzu, Art of War (trans. Giles)",normal,10591,3,3,Rare,Cat,Creature
Southern Elephant,{3}{G},4,G,Wang Yuqun,146,Creature — Elephant,,"PTK,S99,ME4","While defending their southern borders, both the Wu and Shu kingdoms fought against the barbarians' trained elephants.",normal,10545,3,4,Common,Elephant,Creature
Spoils of Victory,{2}{G},3,G,Sun Nan,147,Sorcery,"Search your library for a Plains, Island, Swamp, Mountain, or Forest card and put that card onto the battlefield. Then shuffle your library.","PTK,ME3,C13",,normal,10629,,,Uncommon,,Sorcery
Spring of Eternal Peace,{3}{G}{G},5,G,Wang Yuqun,148,Sorcery,You gain 8 life.,PTK,Bathing in this spring could cure ailments of body and mind alike.,normal,10566,,,Common,,Sorcery
Stalking Tiger,{3}{G},4,G,Kang Yu,149,Creature — Cat,Stalking Tiger can't be blocked by more than one creature.,"MIR,POR,6ED,PTK,10E","Throughout Chinese history, generals have often been referred to as tigers for their fierceness, strength, and bravery.",normal,10550,3,3,Common,Cat,Creature
Taoist Hermit,{2}{G},3,G,Wang Yuqun,150,Creature — Human Mystic,Hexproof (This creature can't be the target of spells or abilities your opponents control.),PTK,"Taoists chose to be hermits for many reasons, but all shared one unchanging goal: to follow the Tao.",normal,10569,2,2,Uncommon,"Human,Mystic",Creature
Taoist Mystic,{2}{G},3,G,Qu Xin,151,Creature — Human Mystic,Taoist Mystic can't be blocked by creatures with horsemanship.,PTK,"By appearing in places miles apart at the same time, Zuo Ci exhibited the mystic's ability to ""shrink the land.""",normal,10733,2,2,Rare,"Human,Mystic",Creature
Taunting Challenge,{1}{G}{G},3,G,Gao Yan,152,Sorcery,All creatures able to block target creature this turn do so.,PTK,"Incensed by their opponents' unrelenting taunts, even wise generals were known to rashly lead their troops into battle—often to disastrous defeats.",normal,10492,,,Rare,,Sorcery
Three Visits,{1}{G},2,G,Qu Xin,153,Sorcery,Search your library for a Forest card and put that card onto the battlefield. Then shuffle your library.,"PTK,ME3","""Trying to meet a worthy man in the wrong way is as bad as closing the door on an invited guest.""\n—Mencius, a Chinese philosopher",normal,10567,,,Common,,Sorcery
Trained Cheetah,{2}{G},3,G,Fang Yue,154,Creature — Cat,"Whenever Trained Cheetah becomes blocked, it gets +1/+1 until end of turn.",PTK,"""King Mulu's cheetahs came riding on the winds, charging, with fangs bared and claws flexed.""",normal,10573,2,2,Uncommon,Cat,Creature
Trained Jackal,{G},1,G,Yang Jun Kwon,155,Creature — Hound,,PTK,"To taunt a man into action, call him a coward. To insult him beyond forgiveness, call him a jackal.",normal,10571,1,2,Common,Hound,Creature
Trip Wire,{2}{G},3,G,Hong Yan,156,Sorcery,Destroy target creature with horsemanship.,"PTK,ME3","Trip wire, hooked poles, and sunken pits were commonly used to unhorse riders during the Three Kingdoms period.",normal,10625,,,Uncommon,,Sorcery
Wielding the Green Dragon,{1}{G},2,G,Quan Xuejun,157,Sorcery,Target creature gets +4/+4 until end of turn.,PTK,"Named for the eastern part of the sky, the source of energy and renewal, Guan Yu's crescent-moon blade weighed over 100 pounds.",normal,10562,,,Common,,Sorcery
Wolf Pack,{6}{G}{G},8,G,Yang Jun Kwon,158,Creature — Wolf,You may have Wolf Pack assign its combat damage as though it weren't blocked.,"PTK,ME2",,normal,10522,7,6,Rare,Wolf,Creature
Zodiac Horse,{3}{G},4,G,Ai Desheng,159,Creature — Horse,Islandwalk (This creature can't be blocked as long as defending player controls an Island.),PTK,""". . . ‘First take Jingzhou, next the Riverlands; / On that rich region, base your own royal stand.' . . .""",normal,10598,3,3,Uncommon,Horse,Creature
Zodiac Monkey,{1}{G},2,G,Ai Desheng,160,Creature — Ape,Forestwalk (This creature can't be blocked as long as defending player controls a Forest.),"PTK,9ED",""". . . By six offensives from the hills of Qi\nKongming sought to change Han's destiny. . . .""",normal,10558,2,1,Common,Ape,Creature
Zodiac Ox,{3}{G},4,G,Ai Desheng,161,Creature — Ox,Swampwalk (This creature can't be blocked as long as defending player controls a Swamp.),PTK,""". . . Cao's abdication changed the face of all; / No mighty battles marked the Southland's fall. . . .""",normal,10636,3,3,Uncommon,Ox,Creature
Zodiac Rabbit,{G},1,G,Ai Desheng,162,Creature — Rabbit,Forestwalk (This creature can't be blocked as long as defending player controls a Forest.),PTK,""". . . The world's affairs rush on, an endless stream; / A sky-told fate, infinite in reach, dooms all. . . .""",normal,10582,1,1,Common,Rabbit,Creature
Zodiac Rooster,{1}{G},2,G,Ai Desheng,163,Creature — Bird,Plainswalk (This creature can't be blocked as long as defending player controls a Plains.),PTK,""". . . But the time of Han had run—could he Kongming not tell?— / That night his master star fell past the hills. . . .""",normal,10506,2,1,Common,Bird,Creature
Zodiac Tiger,{2}{G}{G},4,G,Ai Desheng,164,Creature — Cat,Forestwalk (This creature can't be blocked as long as defending player controls a Forest.),PTK,""". . . Three kings no more—Chenliu, Guiming, Anle. / The fiefs and posts must now be filled anew. . . .""",normal,10594,3,4,Uncommon,Cat,Creature
"Zuo Ci, the Mocking Sage",{1}{G}{G},3,G,Wang Yuqun,165,Legendary Creature — Human Advisor,"Hexproof (This creature can't be the target of spells or abilities your opponents control.)\nZuo Ci, the Mocking Sage can't be blocked by creatures with horsemanship.",PTK,,normal,10610,1,2,Rare,"Human,Advisor",Creature
Plains,,,W,He Jiancheng,166,Basic Land — Plains,,"LEA,LEB,2ED,CED,CEI,3ED,4ED,ICE,RQS,pARL,MIR,ITP,5ED,POR,pPRE,TMP,pJGP,PO2,UGL,pALP,USG,ATH,6ED,PTK,S99,pGRU,MMQ,BRB,pELP,S00,INV,7ED,ODY,ONS,8ED,MRD,CHK,UNH,9ED,RAV,CST,TSP,10E,MED,LRW,SHM,ALA,DDC,M10,HOP,ME3,ZEN,H09,DDE,ROE,ARC,M11,DDF,SOM,MBS,DDG,NPH,CMD,M12,DDH,ISD,DDI,AVR,PC2,M13,RTR,DDK,M14,DDL,THS,C13,MD1,M15,DDN,KTK,C14,DD3_DVD,FRF,DDO,DTK,TPR,ORI,DDP,BFZ,C15,DDQ,SOI",,normal,10581,,,Basic Land,Plains,Land
Plains,,,W,He Jiancheng,167,Basic Land — Plains,,"LEA,LEB,2ED,CED,CEI,3ED,4ED,ICE,RQS,pARL,MIR,ITP,5ED,POR,pPRE,TMP,pJGP,PO2,UGL,pALP,USG,ATH,6ED,PTK,S99,pGRU,MMQ,BRB,pELP,S00,INV,7ED,ODY,ONS,8ED,MRD,CHK,UNH,9ED,RAV,CST,TSP,10E,MED,LRW,SHM,ALA,DDC,M10,HOP,ME3,ZEN,H09,DDE,ROE,ARC,M11,DDF,SOM,MBS,DDG,NPH,CMD,M12,DDH,ISD,DDI,AVR,PC2,M13,RTR,DDK,M14,DDL,THS,C13,MD1,M15,DDN,KTK,C14,DD3_DVD,FRF,DDO,DTK,TPR,ORI,DDP,BFZ,C15,DDQ,SOI",,normal,10645,,,Basic Land,Plains,Land
Plains,,,W,He Jiancheng,168,Basic Land — Plains,,"LEA,LEB,2ED,CED,CEI,3ED,4ED,ICE,RQS,pARL,MIR,ITP,5ED,POR,pPRE,TMP,pJGP,PO2,UGL,pALP,USG,ATH,6ED,PTK,S99,pGRU,MMQ,BRB,pELP,S00,INV,7ED,ODY,ONS,8ED,MRD,CHK,UNH,9ED,RAV,CST,TSP,10E,MED,LRW,SHM,ALA,DDC,M10,HOP,ME3,ZEN,H09,DDE,ROE,ARC,M11,DDF,SOM,MBS,DDG,NPH,CMD,M12,DDH,ISD,DDI,AVR,PC2,M13,RTR,DDK,M14,DDL,THS,C13,MD1,M15,DDN,KTK,C14,DD3_DVD,FRF,DDO,DTK,TPR,ORI,DDP,BFZ,C15,DDQ,SOI",,normal,10646,,,Basic Land,Plains,Land
Island,,,U,Ku Xueming,169,Basic Land — Island,,"LEA,LEB,2ED,CED,CEI,3ED,4ED,ICE,RQS,pARL,MIR,ITP,5ED,POR,TMP,pJGP,PO2,UGL,pALP,USG,6ED,PTK,S99,pGRU,MMQ,BRB,pELP,S00,BTD,INV,7ED,ODY,ONS,8ED,MRD,CHK,UNH,9ED,RAV,CST,TSP,10E,MED,LRW,SHM,ALA,DD2,M10,HOP,ME3,ZEN,H09,DDE,ROE,DPA,ARC,M11,DDF,SOM,MBS,NPH,CMD,M12,DDH,ISD,DDI,AVR,PC2,M13,DDJ,RTR,M14,THS,C13,DDM,M15,DDN,KTK,C14,DD3_JVC,FRF,DDO,DTK,TPR,ORI,BFZ,C15,DDQ,SOI",,normal,10551,,,Basic Land,Island,Land
Island,,,U,Ku Xueming,170,Basic Land — Island,,"LEA,LEB,2ED,CED,CEI,3ED,4ED,ICE,RQS,pARL,MIR,ITP,5ED,POR,TMP,pJGP,PO2,UGL,pALP,USG,6ED,PTK,S99,pGRU,MMQ,BRB,pELP,S00,BTD,INV,7ED,ODY,ONS,8ED,MRD,CHK,UNH,9ED,RAV,CST,TSP,10E,MED,LRW,SHM,ALA,DD2,M10,HOP,ME3,ZEN,H09,DDE,ROE,DPA,ARC,M11,DDF,SOM,MBS,NPH,CMD,M12,DDH,ISD,DDI,AVR,PC2,M13,DDJ,RTR,M14,THS,C13,DDM,M15,DDN,KTK,C14,DD3_JVC,FRF,DDO,DTK,TPR,ORI,BFZ,C15,DDQ,SOI",,normal,10641,,,Basic Land,Island,Land
Island,,,U,Ku Xueming,171,Basic Land — Island,,"LEA,LEB,2ED,CED,CEI,3ED,4ED,ICE,RQS,pARL,MIR,ITP,5ED,POR,TMP,pJGP,PO2,UGL,pALP,USG,6ED,PTK,S99,pGRU,MMQ,BRB,pELP,S00,BTD,INV,7ED,ODY,ONS,8ED,MRD,CHK,UNH,9ED,RAV,CST,TSP,10E,MED,LRW,SHM,ALA,DD2,M10,HOP,ME3,ZEN,H09,DDE,ROE,DPA,ARC,M11,DDF,SOM,MBS,NPH,CMD,M12,DDH,ISD,DDI,AVR,PC2,M13,DDJ,RTR,M14,THS,C13,DDM,M15,DDN,KTK,C14,DD3_JVC,FRF,DDO,DTK,TPR,ORI,BFZ,C15,DDQ,SOI",,normal,10642,,,Basic Land,Island,Land
Swamp,,,B,Wang Chuxiong,172,Basic Land — Swamp,,"LEA,LEB,2ED,CED,CEI,3ED,4ED,ICE,RQS,pARL,MIR,ITP,5ED,POR,TMP,pJGP,PO2,UGL,pALP,USG,ATH,6ED,PTK,S99,pGRU,MMQ,BRB,pELP,S00,BTD,INV,7ED,ODY,DKM,ONS,8ED,MRD,CHK,UNH,9ED,RAV,CST,TSP,10E,MED,LRW,SHM,ALA,DDC,M10,HOP,ME3,ZEN,DDD,H09,DDE,ROE,DPA,ARC,M11,SOM,MBS,NPH,CMD,M12,DDH,ISD,PD3,AVR,PC2,M13,DDJ,RTR,DDK,M14,THS,C13,DDM,MD1,M15,DDN,KTK,C14,DD3_DVD,DD3_GVL,FRF,DTK,TPR,ORI,DDP,BFZ,C15,DDQ,SOI",,normal,10607,,,Basic Land,Swamp,Land
Swamp,,,B,Wang Chuxiong,173,Basic Land — Swamp,,"LEA,LEB,2ED,CED,CEI,3ED,4ED,ICE,RQS,pARL,MIR,ITP,5ED,POR,TMP,pJGP,PO2,UGL,pALP,USG,ATH,6ED,PTK,S99,pGRU,MMQ,BRB,pELP,S00,BTD,INV,7ED,ODY,DKM,ONS,8ED,MRD,CHK,UNH,9ED,RAV,CST,TSP,10E,MED,LRW,SHM,ALA,DDC,M10,HOP,ME3,ZEN,DDD,H09,DDE,ROE,DPA,ARC,M11,SOM,MBS,NPH,CMD,M12,DDH,ISD,PD3,AVR,PC2,M13,DDJ,RTR,DDK,M14,THS,C13,DDM,MD1,M15,DDN,KTK,C14,DD3_DVD,DD3_GVL,FRF,DTK,TPR,ORI,DDP,BFZ,C15,DDQ,SOI",,normal,10647,,,Basic Land,Swamp,Land
Swamp,,,B,Wang Chuxiong,174,Basic Land — Swamp,,"LEA,LEB,2ED,CED,CEI,3ED,4ED,ICE,RQS,pARL,MIR,ITP,5ED,POR,TMP,pJGP,PO2,UGL,pALP,USG,ATH,6ED,PTK,S99,pGRU,MMQ,BRB,pELP,S00,BTD,INV,7ED,ODY,DKM,ONS,8ED,MRD,CHK,UNH,9ED,RAV,CST,TSP,10E,MED,LRW,SHM,ALA,DDC,M10,HOP,ME3,ZEN,DDD,H09,DDE,ROE,DPA,ARC,M11,SOM,MBS,NPH,CMD,M12,DDH,ISD,PD3,AVR,PC2,M13,DDJ,RTR,DDK,M14,THS,C13,DDM,MD1,M15,DDN,KTK,C14,DD3_DVD,DD3_GVL,FRF,DTK,TPR,ORI,DDP,BFZ,C15,DDQ,SOI",,normal,10648,,,Basic Land,Swamp,Land
Mountain,,,R,Qin Jun,175,Basic Land — Mountain,,"LEA,LEB,2ED,ARN,CED,CEI,3ED,4ED,ICE,RQS,pARL,MIR,ITP,5ED,POR,TMP,pJGP,PO2,UGL,pALP,USG,ATH,6ED,PTK,S99,pGRU,MMQ,BRB,pELP,S00,BTD,INV,7ED,ODY,DKM,ONS,8ED,MRD,CHK,UNH,9ED,RAV,CST,TSP,10E,MED,LRW,EVG,SHM,ALA,DD2,M10,HOP,ME3,ZEN,H09,DDE,ROE,DPA,ARC,M11,SOM,PD2,MBS,DDG,NPH,CMD,M12,DDH,ISD,DDI,AVR,PC2,M13,DDJ,RTR,DDK,M14,DDL,THS,C13,M15,DDN,KTK,C14,DD3_EVG,DD3_JVC,FRF,DTK,TPR,ORI,DDP,BFZ,C15,SOI",,normal,10563,,,Basic Land,Mountain,Land
Mountain,,,R,Qin Jun,176,Basic Land — Mountain,,"LEA,LEB,2ED,ARN,CED,CEI,3ED,4ED,ICE,RQS,pARL,MIR,ITP,5ED,POR,TMP,pJGP,PO2,UGL,pALP,USG,ATH,6ED,PTK,S99,pGRU,MMQ,BRB,pELP,S00,BTD,INV,7ED,ODY,DKM,ONS,8ED,MRD,CHK,UNH,9ED,RAV,CST,TSP,10E,MED,LRW,EVG,SHM,ALA,DD2,M10,HOP,ME3,ZEN,H09,DDE,ROE,DPA,ARC,M11,SOM,PD2,MBS,DDG,NPH,CMD,M12,DDH,ISD,DDI,AVR,PC2,M13,DDJ,RTR,DDK,M14,DDL,THS,C13,M15,DDN,KTK,C14,DD3_EVG,DD3_JVC,FRF,DTK,TPR,ORI,DDP,BFZ,C15,SOI",,normal,10643,,,Basic Land,Mountain,Land
Mountain,,,R,Qin Jun,177,Basic Land — Mountain,,"LEA,LEB,2ED,ARN,CED,CEI,3ED,4ED,ICE,RQS,pARL,MIR,ITP,5ED,POR,TMP,pJGP,PO2,UGL,pALP,USG,ATH,6ED,PTK,S99,pGRU,MMQ,BRB,pELP,S00,BTD,INV,7ED,ODY,DKM,ONS,8ED,MRD,CHK,UNH,9ED,RAV,CST,TSP,10E,MED,LRW,EVG,SHM,ALA,DD2,M10,HOP,ME3,ZEN,H09,DDE,ROE,DPA,ARC,M11,SOM,PD2,MBS,DDG,NPH,CMD,M12,DDH,ISD,DDI,AVR,PC2,M13,DDJ,RTR,DDK,M14,DDL,THS,C13,M15,DDN,KTK,C14,DD3_EVG,DD3_JVC,FRF,DTK,TPR,ORI,DDP,BFZ,C15,SOI",,normal,10644,,,Basic Land,Mountain,Land
Forest,,,G,Ji Yong,178,Basic Land — Forest,,"LEA,LEB,2ED,CED,CEI,3ED,4ED,ICE,RQS,pARL,MIR,ITP,5ED,POR,TMP,pJGP,PO2,UGL,pALP,USG,ATH,6ED,PTK,S99,pGRU,MMQ,BRB,pELP,S00,BTD,INV,7ED,ODY,DKM,ONS,8ED,MRD,CHK,UNH,9ED,RAV,CST,TSP,10E,MED,LRW,EVG,SHM,ALA,M10,HOP,ME3,ZEN,DDD,H09,DDE,ROE,DPA,ARC,M11,SOM,MBS,DDG,NPH,CMD,M12,DDH,ISD,AVR,PC2,M13,DDJ,RTR,M14,DDL,THS,C13,DDM,M15,KTK,C14,DD3_EVG,DD3_GVL,FRF,DDO,DTK,TPR,ORI,DDP,BFZ,C15,SOI",,normal,10532,,,Basic Land,Forest,Land
Forest,,,G,Ji Yong,179,Basic Land — Forest,,"LEA,LEB,2ED,CED,CEI,3ED,4ED,ICE,RQS,pARL,MIR,ITP,5ED,POR,TMP,pJGP,PO2,UGL,pALP,USG,ATH,6ED,PTK,S99,pGRU,MMQ,BRB,pELP,S00,BTD,INV,7ED,ODY,DKM,ONS,8ED,MRD,CHK,UNH,9ED,RAV,CST,TSP,10E,MED,LRW,EVG,SHM,ALA,M10,HOP,ME3,ZEN,DDD,H09,DDE,ROE,DPA,ARC,M11,SOM,MBS,DDG,NPH,CMD,M12,DDH,ISD,AVR,PC2,M13,DDJ,RTR,M14,DDL,THS,C13,DDM,M15,KTK,C14,DD3_EVG,DD3_GVL,FRF,DDO,DTK,TPR,ORI,DDP,BFZ,C15,SOI",,normal,10639,,,Basic Land,Forest,Land
Forest,,,G,Ji Yong,180,Basic Land — Forest,,"LEA,LEB,2ED,CED,CEI,3ED,4ED,ICE,RQS,pARL,MIR,ITP,5ED,POR,TMP,pJGP,PO2,UGL,pALP,USG,ATH,6ED,PTK,S99,pGRU,MMQ,BRB,pELP,S00,BTD,INV,7ED,ODY,DKM,ONS,8ED,MRD,CHK,UNH,9ED,RAV,CST,TSP,10E,MED,LRW,EVG,SHM,ALA,M10,HOP,ME3,ZEN,DDD,H09,DDE,ROE,DPA,ARC,M11,SOM,MBS,DDG,NPH,CMD,M12,DDH,ISD,AVR,PC2,M13,DDJ,RTR,M14,DDL,THS,C13,DDM,M15,KTK,C14,DD3_EVG,DD3_GVL,FRF,DDO,DTK,TPR,ORI,DDP,BFZ,C15,SOI",,normal,10640,,,Basic Land,Forest,Land
