name,manaCost,cmc,colorIdentity,artist,number,type,text,printings,flavor,layout,multiverseid,power,toughness,rarity,subtypes,types
All Is Dust,{7},7,,Jason Felix,1,Tribal Sorcery — Eldrazi,Each player sacrifices all colored permanents he or she controls.,"pGPX,ROE,MM2","""The emergence of the Eldrazi isn't necessarily a bad thing, as long as you've already lived a fulfilling and complete life without regrets.""\n—Javad Nasrin, Ondu relic hunter",normal,193658,,,Mythic Rare,Eldrazi,"Tribal,Sorcery"
Artisan of Kozilek,{9},9,,Jason Felix,2,Creature — Eldrazi,"When you cast Artisan of Kozilek, you may return target creature card from your graveyard to the battlefield.\nAnnihilator 2 (Whenever this creature attacks, defending player sacrifices two permanents.)","pFNM,ROE,ARC,CMD,C14,MM2,DDP",,normal,193429,10,9,Uncommon,Eldrazi,Creature
Eldrazi Conscription,{8},8,,Jaime Jones,3,Tribal Enchantment — Eldrazi Aura,"Enchant creature\nEnchanted creature gets +10/+10 and has trample and annihilator 2. (Whenever it attacks, defending player sacrifices two permanents.)",ROE,The barest taste of Eldrazi power shatters both realms and identities.,normal,193492,,,Rare,"Eldrazi,Aura","Tribal,Enchantment"
"Emrakul, the Aeons Torn",{15},15,,Mark Tedin,4,Legendary Creature — Eldrazi,"Emrakul, the Aeons Torn can't be countered.\nWhen you cast Emrakul, take an extra turn after this one.\nFlying, protection from colored spells, annihilator 6\nWhen Emrakul is put into a graveyard from anywhere, its owner shuffles his or her graveyard into his or her library.","pPRE,ROE,MM2",,normal,193452,15,15,Mythic Rare,Eldrazi,Creature
Hand of Emrakul,{9},9,,Chippy,5,Creature — Eldrazi,"You may sacrifice four Eldrazi Spawn rather than pay Hand of Emrakul's mana cost.\nAnnihilator 1 (Whenever this creature attacks, defending player sacrifices a permanent.)",ROE,"""I believed in a beautiful god. But this is the true face of the divine.""\n—Ayli, Kamsa cleric",normal,193616,7,7,Common,Eldrazi,Creature
"Kozilek, Butcher of Truth",{10},10,,Michael Komarck,6,Legendary Creature — Eldrazi,"When you cast Kozilek, Butcher of Truth, draw four cards.\nAnnihilator 4 (Whenever this creature attacks, defending player sacrifices four permanents.)\nWhen Kozilek is put into a graveyard from anywhere, its owner shuffles his or her graveyard into his or her library.","ROE,MM2",,normal,193632,12,12,Mythic Rare,Eldrazi,Creature
It That Betrays,{12},12,,Tomasz Jedruszek,7,Creature — Eldrazi,"Annihilator 2 (Whenever this creature attacks, defending player sacrifices two permanents.)\nWhenever an opponent sacrifices a nontoken permanent, put that card onto the battlefield under your control.","ROE,DDP",Your pleas for death shall go unheard.,normal,198171,11,11,Rare,Eldrazi,Creature
Not of This World,{7},7,,Izzy,8,Tribal Instant — Eldrazi,Counter target spell or ability that targets a permanent you control.\nNot of This World costs {7} less to cast if it targets a spell or ability that targets a creature you control with power 7 or greater.,ROE,,normal,198296,,,Uncommon,Eldrazi,"Tribal,Instant"
Pathrazer of Ulamog,{11},11,,Austin Hsu,9,Creature — Eldrazi,"Annihilator 3 (Whenever this creature attacks, defending player sacrifices three permanents.)\nPathrazer of Ulamog can't be blocked except by three or more creatures.","pWPN,ROE",No thought but hunger. No strategy but destruction.,normal,193607,9,9,Uncommon,Eldrazi,Creature
Skittering Invasion,{7},7,,Eric Deschamps,10,Tribal Sorcery — Eldrazi,"Put five 0/1 colorless Eldrazi Spawn creature tokens onto the battlefield. They have ""Sacrifice this creature: Add {C} to your mana pool.""",ROE,"""The brood spread far faster than we could kill it. I fear the worst is yet to come.""\n—The War Diaries",normal,193614,,,Uncommon,Eldrazi,"Tribal,Sorcery"
Spawnsire of Ulamog,{10},10,,Izzy,11,Creature — Eldrazi,"Annihilator 1 (Whenever this creature attacks, defending player sacrifices a permanent.)\n{4}: Put two 0/1 colorless Eldrazi Spawn creature tokens onto the battlefield. They have ""Sacrifice this creature: Add {C} to your mana pool.""\n{20}: Cast any number of Eldrazi cards you own from outside the game without paying their mana costs.",ROE,,normal,193535,7,11,Rare,Eldrazi,Creature
"Ulamog, the Infinite Gyre",{11},11,,Aleksi Briclot,12,Legendary Creature — Eldrazi,"When you cast Ulamog, the Infinite Gyre, destroy target permanent.\nIndestructible\nAnnihilator 4 (Whenever this creature attacks, defending player sacrifices four permanents.)\nWhen Ulamog is put into a graveyard from anywhere, its owner shuffles his or her graveyard into his or her library.","ROE,V11,MM2",,normal,194911,10,10,Mythic Rare,Eldrazi,Creature
Ulamog's Crusher,{8},8,,Todd Lockwood,13,Creature — Eldrazi,"Annihilator 2 (Whenever this creature attacks, defending player sacrifices two permanents.)\nUlamog's Crusher attacks each turn if able.","ROE,MM2,DDP","""Whatever the Eldrazi's purpose is, it has nothing to do with something so insignificant as us.""\n—Nirthu, lone missionary",normal,194908,8,8,Common,Eldrazi,Creature
Affa Guard Hound,{2}{W},3,W,Ryan Pancoast,14,Creature — Hound,"Flash\nWhen Affa Guard Hound enters the battlefield, target creature gets +0/+3 until end of turn.","ROE,DDP","Once a welcoming hub for explorers, Affa became a place of guarded tongues and quick defenses.",normal,198305,2,2,Uncommon,Hound,Creature
Caravan Escort,{W},1,W,Goran Josic,15,Creature — Human Knight,Level up {2} ({2}: Put a level counter on this. Level up only as a sorcery.)\nLEVEL 1-4\n2/2\nLEVEL 5+\n5/5\nFirst strike,"ROE,DDG,DDP",,leveler,194918,1,1,Common,"Human,Knight",Creature
Dawnglare Invoker,{2}{W},3,W,Steve Argyle,16,Creature — Kor Wizard,Flying\n{8}: Tap all creatures target player controls.,"ROE,C15","""What we knew as Emeria, Ula, and Cosi were not divine beings at all, but a cruel trick, and a grave error.""\n—The Invokers' Tales",normal,193558,2,1,Common,"Kor,Wizard",Creature
Deathless Angel,{4}{W}{W},6,W,Johann Bodin,17,Creature — Angel,Flying\n{W}{W}: Target creature gains indestructible until end of turn.,"pWPN,ROE","""I should have died that day, but I suffered not a scratch. I awoke in a lake of blood, none of it apparently my own.""\n—The War Diaries",normal,193629,5,7,Rare,Angel,Creature
Demystify,{W},1,W,Véronique Meignaud,18,Instant,Destroy target enchantment.,"ONS,8ED,9ED,10E,ROE,M12","The Singing City was silent, the pathway stones were still, and the winds of the Howling Spire ceased.",normal,198313,,,Common,,Instant
Eland Umbra,{1}{W},2,W,Howard Lyon,19,Enchantment — Aura,"Enchant creature\nEnchanted creature gets +0/+4.\nTotem armor (If enchanted creature would be destroyed, instead remove all damage from it and destroy this Aura.)",ROE,,normal,194941,,,Common,Aura,Enchantment
Emerge Unscathed,{W},1,W,Steve Argyle,20,Instant,"Target creature you control gains protection from the color of your choice until end of turn.\nRebound (If you cast this spell from your hand, exile it as it resolves. At the beginning of your next upkeep, you may cast this card from exile without paying its mana cost.)",ROE,,normal,194949,,,Uncommon,,Instant
Gideon Jura,{3}{W}{W},5,W,Aleksi Briclot,21,Planeswalker — Gideon,"+2: During target opponent's next turn, creatures that player controls attack Gideon Jura if able.\n−2: Destroy target tapped creature.\n0: Until end of turn, Gideon Jura becomes a 6/6 Human Soldier creature that's still a planeswalker. Prevent all damage that would be dealt to him this turn.","ROE,M12",,normal,192218,,,Mythic Rare,Gideon,Planeswalker
Glory Seeker,{1}{W},2,W,Matt Cavotta,22,Creature — Human Soldier,,"ONS,8ED,9ED,ROE,DDF","""There's no contract to sign, no oath to swear. The enlistment procedure is to unsheathe your sword and point it at the enemy.""",normal,193557,2,2,Common,"Human,Soldier",Creature
Guard Duty,{W},1,W,Karl Kopinski,23,Enchantment — Aura,Enchant creature\nEnchanted creature has defender.,ROE,"""I was told these were standard issue. Do I look standard to you?""",normal,193445,,,Common,Aura,Enchantment
Harmless Assault,{2}{W}{W},4,W,Chippy,24,Instant,Prevent all combat damage that would be dealt this turn by attacking creatures.,ROE,"After encasing it in a paralyzing beam of light, the angel studied the Eldrazi as a child would study a bug, curiously and without fear.",normal,198165,,,Common,,Instant
Hedron-Field Purists,{2}{W},3,W,Scott Chou,25,Creature — Human Cleric,"Level up {2}{W} ({2}{W}: Put a level counter on this. Level up only as a sorcery.)\nLEVEL 1-4\n1/4\nIf a source would deal damage to you or a creature you control, prevent 1 of that damage.\nLEVEL 5+\n2/5\nIf a source would deal damage to you or a creature you control, prevent 2 of that damage.",ROE,,leveler,193421,0,3,Rare,"Human,Cleric",Creature
Hyena Umbra,{W},1,W,Howard Lyon,26,Enchantment — Aura,"Enchant creature\nEnchanted creature gets +1/+1 and has first strike.\nTotem armor (If enchanted creature would be destroyed, instead remove all damage from it and destroy this Aura.)","ROE,PC2",,normal,198294,,,Common,Aura,Enchantment
Ikiral Outrider,{1}{W},2,W,Kekai Kotaki,27,Creature — Human Soldier,Level up {4} ({4}: Put a level counter on this. Level up only as a sorcery.)\nLEVEL 1-3\n2/6\nVigilance\nLEVEL 4+\n3/10\nVigilance,ROE,,leveler,198176,1,2,Common,"Human,Soldier",Creature
Kabira Vindicator,{3}{W},4,W,Steven Belledin,28,Creature — Human Knight,Level up {2}{W} ({2}{W}: Put a level counter on this. Level up only as a sorcery.)\nLEVEL 2-4\n3/6\nOther creatures you control get +1/+1.\nLEVEL 5+\n4/8\nOther creatures you control get +2/+2.,"ROE,DDG,DDP",,leveler,193433,2,4,Uncommon,"Human,Knight",Creature
Knight of Cliffhaven,{1}{W},2,W,Matt Cavotta,29,Creature — Kor Knight,"Level up {3} ({3}: Put a level counter on this. Level up only as a sorcery.)\nLEVEL 1-3\n2/3\nFlying\nLEVEL 4+\n4/4\nFlying, vigilance","ROE,DDG,DDP",,leveler,194951,2,2,Common,"Kor,Knight",Creature
Kor Line-Slinger,{1}{W},2,W,Steve Prescott,30,Creature — Kor Scout,{T}: Tap target creature with power 3 or less.,ROE,"""I tried to tell her to stay behind, that this fight was too dangerous. I spent the next hour tied to the rafters.""\n—Zahr Gada, Halimar expedition leader",normal,193550,0,1,Common,"Kor,Scout",Creature
Kor Spiritdancer,{1}{W},2,W,Scott Chou,31,Creature — Kor Wizard,"Kor Spiritdancer gets +2/+2 for each Aura attached to it.\nWhenever you cast an Aura spell, you may draw a card.","ROE,PC2","She reaches beyond the physical realm, touching the ideals from which all creatures draw their power.",normal,193544,0,2,Rare,"Kor,Wizard",Creature
Lightmine Field,{2}{W}{W},4,W,Eric Deschamps,32,Enchantment,"Whenever one or more creatures attack, Lightmine Field deals damage to each of those creatures equal to the number of attacking creatures.",ROE,"If you want to kill a lot of goblins, just make sure your defenses look like fun.",normal,193463,,,Rare,,Enchantment
"Linvala, Keeper of Silence",{2}{W}{W},4,W,Igor Kieryluk,33,Legendary Creature — Angel,Flying\nActivated abilities of creatures your opponents control can't be activated.,ROE,Those who seek to disturb the harmony of life will see their instruments taken from them.,normal,193660,3,4,Mythic Rare,Angel,Creature
Lone Missionary,{1}{W},2,W,Svetlin Velinov,34,Creature — Kor Monk,"When Lone Missionary enters the battlefield, you gain 4 life.","ROE,DDN","His mission has become a grim pilgrimage, a tour of the Eldrazi-stricken outposts across Zendikar. But he marches on alone, stubborn as the daily dawn.",normal,193426,2,1,Common,"Kor,Monk",Creature
Luminous Wake,{2}{W},3,W,Mike Bierek,35,Enchantment — Aura,"Enchant creature\nWhenever enchanted creature attacks or blocks, you gain 4 life.",ROE,"""If destiny's champions have arisen to fight the Ancient Ones, then let me, too, do my part.""\n—Ravuel of Graypelt",normal,193549,,,Uncommon,Aura,Enchantment
Makindi Griffin,{3}{W},4,W,Izzy,36,Creature — Griffin,Flying,"ROE,DDP","As the hedrons began to coalesce into colossal Eldrazi superstructures, the griffins were forced to seek new territory lest their aeries be crushed between the massive stone monoliths.",normal,193514,2,4,Common,Griffin,Creature
Mammoth Umbra,{4}{W},5,W,Howard Lyon,37,Enchantment — Aura,"Enchant creature\nEnchanted creature gets +3/+3 and has vigilance.\nTotem armor (If enchanted creature would be destroyed, instead remove all damage from it and destroy this Aura.)","ROE,PC2",,normal,193541,,,Uncommon,Aura,Enchantment
Near-Death Experience,{2}{W}{W}{W},5,W,Dan Scott,38,Enchantment,"At the beginning of your upkeep, if you have exactly 1 life, you win the game.",ROE,"Lands ravaged, cities in ruins, so many lives sacrificed, and yet there was no other word for it but victory.",normal,193467,,,Rare,,Enchantment
Nomads' Assembly,{4}{W}{W},6,W,Erica Yang,39,Sorcery,"Put a 1/1 white Kor Soldier creature token onto the battlefield for each creature you control.\nRebound (If you cast this spell from your hand, exile it as it resolves. At the beginning of your next upkeep, you may cast this card from exile without paying its mana cost.)","ROE,C14",,normal,198180,,,Rare,,Sorcery
Oust,{W},1,W,Mike Bierek,40,Sorcery,Put target creature into its owner's library second from the top. Its controller gains 3 life.,"ROE,DDP","""‘Invincible' is just a word.""\n—Gideon Jura",normal,194923,,,Uncommon,,Sorcery
Puncturing Light,{1}{W},2,W,Zoltan Boros & Gabor Szikszai,41,Instant,Destroy target attacking or blocking creature with power 3 or less.,"ROE,SOI","""The vampires knew what was coming. I know it. And they did nothing. They deserve to feel the same agony they've caused all of us.""\n—Anitan, Ondu cleric",normal,193566,,,Common,,Instant
Repel the Darkness,{2}{W},3,W,Scott Chou,42,Instant,Tap up to two target creatures.\nDraw a card.,"ROE,DDP",A boon to those who cannot see in the dark. A bane to those who live in it.,normal,194930,,,Common,,Instant
Smite,{W},1,W,Cyril Van Der Haegen,43,Instant,Destroy target blocked creature.,"STH,ROE,GTC,TPR","""The mighty rely solely on their strength. They are shocked when we do the same.""\n—Tars Olan, kor world-gift",normal,193595,,,Common,,Instant
Soul's Attendant,{W},1,W,Steve Prescott,44,Creature — Human Cleric,"Whenever another creature enters the battlefield, you may gain 1 life.",ROE,"In truth, her own faith was gone, trodden in Ulamog's wake. She pantomimed the blessing in the hope that it would inspire others to continue to struggle.",normal,193499,1,1,Common,"Human,Cleric",Creature
Soulbound Guardians,{4}{W},5,W,Erica Yang,45,Creature — Kor Spirit,"Defender, flying",ROE,The kor's most righteous dead are given the greatest reward: an eternity tied to the land they so cherish.,normal,193615,4,5,Uncommon,"Kor,Spirit",Creature
Stalwart Shield-Bearers,{1}{W},2,W,Austin Hsu,46,Creature — Human Soldier,Defender\nOther creatures you control with defender get +0/+2.,ROE,"""Hold fast the line! Either we stop them here or we wake up in their guts!""\n—Tala Vertan, Makindi shieldmate",normal,193525,0,3,Common,"Human,Soldier",Creature
Student of Warfare,{W},1,W,Volkan Baga,47,Creature — Human Knight,Level up {W} ({W}: Put a level counter on this. Level up only as a sorcery.)\nLEVEL 2-6\n3/3\nFirst strike\nLEVEL 7+\n4/4\nDouble strike,ROE,,leveler,193598,1,1,Rare,"Human,Knight",Creature
Survival Cache,{2}{W},3,W,Scott Chou,48,Sorcery,"You gain 2 life. Then if you have more life than an opponent, draw a card.\nRebound (If you cast this spell from your hand, exile it as it resolves. At the beginning of your next upkeep, you may cast this card from exile without paying its mana cost.)","ROE,C13",,normal,193531,,,Uncommon,,Sorcery
Time of Heroes,{1}{W},2,W,Kekai Kotaki,49,Enchantment,Each creature you control with a level counter on it gets +2/+2.,ROE,"No one spoke. There was no need. The threat of the Eldrazi presented a simple choice: lay down your weapons and die for nothing, or hold them fast and die for something.",normal,193448,,,Uncommon,,Enchantment
Totem-Guide Hartebeest,{4}{W},5,W,John Avon,50,Creature — Antelope,"When Totem-Guide Hartebeest enters the battlefield, you may search your library for an Aura card, reveal it, put it into your hand, then shuffle your library.","ROE,ORI",The kor track hartebeests in hopes of finding magic to help fight the Eldrazi.,normal,198175,2,5,Common,Antelope,Creature
Transcendent Master,{1}{W}{W},3,W,Steven Belledin,51,Creature — Human Cleric Avatar,"Level up {1} ({1}: Put a level counter on this. Level up only as a sorcery.)\nLEVEL 6-11\n6/6\nLifelink\nLEVEL 12+\n9/9\nLifelink, indestructible",ROE,,leveler,194917,3,3,Mythic Rare,"Human,Cleric,Avatar",Creature
Umbra Mystic,{2}{W},3,W,Matt Stewart,52,Creature — Human Wizard,"Auras attached to permanents you control have totem armor. (If an enchanted permanent you control would be destroyed, instead remove all damage from it and destroy an Aura attached to it.)",ROE,"""I have found the courage to face death—twice, if I must.""",normal,193416,2,2,Rare,"Human,Wizard",Creature
Wall of Omens,{1}{W},2,W,James Paick,53,Creature — Wall,"Defender\nWhen Wall of Omens enters the battlefield, draw a card.","pFNM,ROE,CMD,DDK,EMA","""I search for a vision of Zendikar that does not include the Eldrazi.""\n—Expedition journal entry",normal,193545,0,4,Uncommon,Wall,Creature
Aura Finesse,{U},1,U,Howard Lyon,54,Instant,Attach target Aura you control to target creature.\nDraw a card.,ROE,"""Although armor and auras can be similar, the brains required to use them are worlds apart.""\n—Zilan, Makindi auramancer",normal,193599,,,Common,,Instant
Cast Through Time,{4}{U}{U}{U},7,U,Zoltan Boros & Gabor Szikszai,55,Enchantment,"Instant and sorcery spells you control have rebound. (Exile the spell as it resolves if you cast it from your hand. At the beginning of your next upkeep, you may cast that card from exile without paying its mana cost.)",ROE,,normal,198301,,,Mythic Rare,,Enchantment
Champion's Drake,{1}{U},2,U,Lars Grant-West,56,Creature — Drake,Flying\nChampion's Drake gets +3/+3 as long as you control a creature with three or more level counters on it.,ROE,"""'Fraid of heights? Ride a horse. 'Fraid of missing out? Rein up a drake.""\n—Trinda, Hada spy patrol",normal,193440,1,1,Common,Drake,Creature
Coralhelm Commander,{U}{U},2,U,Jaime Jones,57,Creature — Merfolk Soldier,Level up {1} ({1}: Put a level counter on this. Level up only as a sorcery.)\nLEVEL 2-3\n3/3\nFlying\nLEVEL 4+\n4/4\nFlying\nOther Merfolk creatures you control get +1/+1.,ROE,,leveler,193651,2,2,Rare,"Merfolk,Soldier",Creature
Crab Umbra,{U},1,U,Christopher Moeller,58,Enchantment — Aura,"Enchant creature\n{2}{U}: Untap enchanted creature.\nTotem armor (If enchanted creature would be destroyed, instead remove all damage from it and destroy this Aura.)",ROE,,normal,193500,,,Uncommon,Aura,Enchantment
Deprive,{U}{U},2,U,Izzy,59,Instant,"As an additional cost to cast Deprive, return a land you control to its owner's hand.\nCounter target spell.",ROE,"""That would have brought shame to you as a mage. Tell you what—I'll keep your secret.""\n—Noyan Dar, Tazeem lullmage",normal,193519,,,Common,,Instant
Distortion Strike,{U},1,U,Goran Josic,60,Sorcery,"Target creature gets +1/+0 until end of turn and can't be blocked this turn.\nRebound (If you cast this spell from your hand, exile it as it resolves. At the beginning of your next upkeep, you may cast this card from exile without paying its mana cost.)",ROE,,normal,198168,,,Common,,Sorcery
Domestication,{2}{U}{U},4,U,Jesper Ejsing,61,Enchantment — Aura,"Enchant creature\nYou control enchanted creature.\nAt the beginning of your end step, if enchanted creature's power is 4 or greater, sacrifice Domestication.","ROE,M14",,normal,193600,,,Uncommon,Aura,Enchantment
Dormant Gomazoa,{1}{U}{U},3,U,Chris Rahn,62,Creature — Jellyfish,"Flying\nDormant Gomazoa enters the battlefield tapped.\nDormant Gomazoa doesn't untap during your untap step.\nWhenever you become the target of a spell, you may untap Dormant Gomazoa.",ROE,,normal,193584,5,5,Rare,Jellyfish,Creature
Drake Umbra,{4}{U},5,U,Howard Lyon,63,Enchantment — Aura,"Enchant creature\nEnchanted creature gets +3/+3 and has flying.\nTotem armor (If enchanted creature would be destroyed, instead remove all damage from it and destroy this Aura.)",ROE,,normal,193635,,,Uncommon,Aura,Enchantment
Echo Mage,{1}{U}{U},3,U,Matt Stewart,64,Creature — Human Wizard,"Level up {1}{U} ({1}{U}: Put a level counter on this. Level up only as a sorcery.)\nLEVEL 2-3\n2/4\n{U}{U}, {T}: Copy target instant or sorcery spell. You may choose new targets for the copy.\nLEVEL 4+\n2/5\n{U}{U}, {T}: Copy target instant or sorcery spell twice. You may choose new targets for the copies.","ROE,C13",,leveler,198163,2,3,Rare,"Human,Wizard",Creature
Eel Umbra,{1}{U},2,U,Howard Lyon,65,Enchantment — Aura,"Flash (You may cast this spell any time you could cast an instant.)\nEnchant creature\nEnchanted creature gets +1/+1.\nTotem armor (If enchanted creature would be destroyed, instead remove all damage from it and destroy this Aura.)",ROE,,normal,193495,,,Common,Aura,Enchantment
Enclave Cryptologist,{U},1,U,Igor Kieryluk,66,Creature — Merfolk Wizard,"Level up {1}{U} ({1}{U}: Put a level counter on this. Level up only as a sorcery.)\nLEVEL 1-2\n0/1\n{T}: Draw a card, then discard a card.\nLEVEL 3+\n0/1\n{T}: Draw a card.",ROE,,leveler,194903,0,1,Uncommon,"Merfolk,Wizard",Creature
Fleeting Distraction,{U},1,U,Kieran Yanner,67,Instant,Target creature gets -1/-0 until end of turn.\nDraw a card.,"ROE,AVR,DDN","""To distract an archmage would take incredible power. But for a simpleton, something sparkly will do.""\n—Noyan Dar, Tazeem lullmage",normal,198311,,,Common,,Instant
Frostwind Invoker,{4}{U},5,U,Svetlin Velinov,68,Creature — Merfolk Wizard,Flying\n{8}: Creatures you control gain flying until end of turn.,ROE,"""We thought Zendikar's rage was kindled by its explorers and plunderers. But the world had sensed the stirrings of the Eldrazi.""\n—The Invokers' Tales",normal,193476,3,3,Common,"Merfolk,Wizard",Creature
Gravitational Shift,{3}{U}{U},5,U,Svetlin Velinov,69,Enchantment,Creatures with flying get +2/+0.\nCreatures without flying get -2/-0.,ROE,"As they awakened, the Eldrazi reasserted their mastery over all of Zendikar's natural forces.",normal,193458,,,Rare,,Enchantment
Guard Gomazoa,{2}{U},3,U,Rob Alexander,70,Creature — Jellyfish,"Defender, flying\nPrevent all combat damage that would be dealt to Guard Gomazoa.","ROE,CMD,PC2,C13","It lingers near the outposts of the Makindi Trenches, inadvertently granting another layer of defense.",normal,193602,1,3,Uncommon,Jellyfish,Creature
Hada Spy Patrol,{1}{U},2,U,Zoltan Boros & Gabor Szikszai,71,Creature — Human Rogue,Level up {2}{U} ({2}{U}: Put a level counter on this. Level up only as a sorcery.)\nLEVEL 1-2\n2/2\nHada Spy Patrol can't be blocked.\nLEVEL 3+\n3/3\nShroud (This creature can't be the target of spells or abilities.)\nHada Spy Patrol can't be blocked.,"ROE,C13",,leveler,194928,1,1,Uncommon,"Human,Rogue",Creature
Halimar Wavewatch,{1}{U},2,U,Matt Stewart,72,Creature — Merfolk Soldier,Level up {2} ({2}: Put a level counter on this. Level up only as a sorcery.)\nLEVEL 1-4\n0/6\nLEVEL 5+\n6/6\nIslandwalk (This creature can't be blocked as long as defending player controls an Island.),ROE,,leveler,194947,0,3,Common,"Merfolk,Soldier",Creature
Jwari Scuttler,{2}{U},3,U,Andrew Robinson,73,Creature — Crab,,ROE,"""Yeah, they've got a lot of meat. The only downside to eating 'em is that you often find human bones and body parts inside.""\n—Jaby, Silundi Sea nomad",normal,193470,2,3,Common,Crab,Creature
Lay Bare,{2}{U}{U},4,U,Chippy,74,Instant,Counter target spell. Look at its controller's hand.,ROE,"""It's good to learn from your failures, but I prefer to learn from the failures of others.""\n—Jace Beleren",normal,193469,,,Common,,Instant
Lighthouse Chronologist,{1}{U},2,U,Steven Belledin,75,Creature — Human Wizard,"Level up {U} ({U}: Put a level counter on this. Level up only as a sorcery.)\nLEVEL 4-6\n2/4\nLEVEL 7+\n3/5\nAt the beginning of each end step, if it's not your turn, take an extra turn after this one.",ROE,,leveler,193590,1,3,Mythic Rare,"Human,Wizard",Creature
Merfolk Observer,{1}{U},2,U,Anthony Francisco,76,Creature — Merfolk Rogue,"When Merfolk Observer enters the battlefield, look at the top card of target player's library.",ROE,"""The structure gets bigger every hour, with hedrons coalescing even deep under the surface. If I could only get inside . . . .""",normal,198173,2,1,Common,"Merfolk,Rogue",Creature
Merfolk Skyscout,{2}{U}{U},4,U,rk post,77,Creature — Merfolk Scout,"Flying\nWhenever Merfolk Skyscout attacks or blocks, untap target permanent.",ROE,"""Emeria is a pleasant lie, a figment to hide Emrakul's hideous face. I can only hope to uncover a truth that lies deeper still.""",normal,193505,2,3,Uncommon,"Merfolk,Scout",Creature
Mnemonic Wall,{4}{U},5,U,Vance Kovacs,78,Creature — Wall,"Defender\nWhen Mnemonic Wall enters the battlefield, you may return target instant or sorcery card from your graveyard to your hand.","ROE,THS,C13","""I'd build an entire fortress of them if I could.""\n—Mzali, Lighthouse archmage",normal,193491,0,4,Common,Wall,Creature
Narcolepsy,{1}{U},2,U,Johann Bodin,79,Enchantment — Aura,"Enchant creature\nAt the beginning of each upkeep, if enchanted creature is untapped, tap it.","ROE,MM2","""It's so cute when it's sleeping, isn't it? Actually, it's still as abhorrent as ever, but at least it's not trying to kill us.""\n—Noyan Dar, Tazeem lullmage",normal,193594,,,Common,Aura,Enchantment
Phantasmal Abomination,{1}{U}{U},3,U,Goran Josic,80,Creature — Illusion,"Defender\nWhen Phantasmal Abomination becomes the target of a spell or ability, sacrifice it.",ROE,"Create an illusion so strong that it becomes another's reality, and you can become the master of all.",normal,198174,5,5,Uncommon,Illusion,Creature
Reality Spasm,{X}{U}{U},2,U,Jason Felix,81,Instant,Choose one —\n• Tap X target permanents.\n• Untap X target permanents.,ROE,"From the moment the first Eldrazi spawn squirmed free, everything on Zendikar took on an adjusted meaning, a new slant toward or away from the waking giants.",normal,193652,,,Uncommon,,Instant
Recurring Insight,{4}{U}{U},6,U,Zoltan Boros & Gabor Szikszai,82,Sorcery,"Draw cards equal to the number of cards in target opponent's hand.\nRebound (If you cast this spell from your hand, exile it as it resolves. At the beginning of your next upkeep, you may cast this card from exile without paying its mana cost.)",ROE,,normal,194936,,,Rare,,Sorcery
Regress,{2}{U},3,U,Izzy,83,Instant,Return target permanent to its owner's hand.,"MRD,ROE","""Never look too deep, where the waters turn dark. What the sea has hidden there may not stay down forever.""\n—Jaby, Silundi Sea nomad",normal,193603,,,Common,,Instant
Renegade Doppelganger,{1}{U},2,U,James Ryman,84,Creature — Shapeshifter,"Whenever another creature enters the battlefield under your control, you may have Renegade Doppelganger become a copy of that creature until end of turn. (If it does, it loses this ability for the rest of the turn.)",ROE,"To truly know a creature, slither a mile in its tentacles.",normal,193582,0,1,Rare,Shapeshifter,Creature
Sea Gate Oracle,{2}{U},3,U,Daniel Ljunggren,85,Creature — Human Wizard,"When Sea Gate Oracle enters the battlefield, look at the top two cards of your library. Put one of them into your hand and the other on the bottom of your library.","ROE,DDM,C14","""The secret entrance should be near.""",normal,194938,1,3,Common,"Human,Wizard",Creature
See Beyond,{1}{U},2,U,Andrew Robinson,86,Sorcery,"Draw two cards, then shuffle a card from your hand into your library.","ROE,PC2",Ancient lore locked in a mind driven mad is just as safe as when it was locked deep underground.,normal,193577,,,Common,,Sorcery
Shared Discovery,{U},1,U,Ryan Pancoast,87,Sorcery,"As an additional cost to cast Shared Discovery, tap four untapped creatures you control.\nDraw three cards.",ROE,"Riches must be divided, but real wealth can be shared.",normal,194950,,,Common,,Sorcery
Skywatcher Adept,{U},1,U,Tomasz Jedruszek,88,Creature — Merfolk Wizard,Level up {3} ({3}: Put a level counter on this. Level up only as a sorcery.)\nLEVEL 1-2\n2/2\nFlying\nLEVEL 3+\n4/2\nFlying,ROE,,leveler,193591,1,1,Common,"Merfolk,Wizard",Creature
Sphinx of Magosi,{3}{U}{U}{U},6,U,James Ryman,89,Creature — Sphinx,"Flying\n{2}{U}: Draw a card, then put a +1/+1 counter on Sphinx of Magosi.","ROE,C14,W16","""A riddle is nothing more than a trap for small minds, baited with the promise of understanding.""",normal,198169,6,6,Rare,Sphinx,Creature
Surrakar Spellblade,{1}{U}{U},3,U,Dave Kendall,90,Creature — Surrakar,"Whenever you cast an instant or sorcery spell, you may put a charge counter on Surrakar Spellblade.\nWhenever Surrakar Spellblade deals combat damage to a player, you may draw X cards, where X is the number of charge counters on it.","ROE,MM2",,normal,198310,2,1,Rare,Surrakar,Creature
Training Grounds,{U},1,U,James Ryman,91,Enchantment,Activated abilities of creatures you control cost up to {2} less to activate. This effect can't reduce the amount of mana an ability costs to activate to less than one mana.,ROE,"Under the master's eye, skills are honed sharper and spells cut deeper.",normal,193490,,,Rare,,Enchantment
Unified Will,{1}{U},2,U,Matt Cavotta,92,Instant,Counter target spell if you control more creatures than that spell's controller.,ROE,"""We're glad to be of service—to be an audience to your failure.""\n—Maizah Shere, Tazeem lullmage",normal,193456,,,Uncommon,,Instant
Venerated Teacher,{2}{U},3,U,Greg Staples,93,Creature — Human Wizard,"When Venerated Teacher enters the battlefield, put two level counters on each creature you control with level up.",ROE,"""The unfathomable is upon us, students. I have no doubt you will rise to the occasion.""",normal,193443,2,2,Common,"Human,Wizard",Creature
Arrogant Bloodlord,{1}{B}{B},3,B,Mike Bierek,94,Creature — Vampire Knight,"Whenever Arrogant Bloodlord blocks or becomes blocked by a creature with power 1 or less, destroy Arrogant Bloodlord at end of combat.",ROE,"""I would rather take my own head than be thwarted by a presumptuous wretch with a shield and a dream.""",normal,193511,4,4,Uncommon,"Vampire,Knight",Creature
Bala Ged Scorpion,{3}{B},4,B,Daarken,95,Creature — Scorpion,"When Bala Ged Scorpion enters the battlefield, you may destroy target creature with power 1 or less.",ROE,"Fast and lethal, with a penchant for the weak and infirm.",normal,194944,2,3,Common,Scorpion,Creature
Baneful Omen,{4}{B}{B}{B},7,B,Karl Kopinski,96,Enchantment,"At the beginning of your end step, you may reveal the top card of your library. If you do, each opponent loses life equal to that card's converted mana cost.",ROE,"""Ah, again it does not bode well for you.""",normal,198302,,,Rare,,Enchantment
Bloodrite Invoker,{2}{B},3,B,Svetlin Velinov,97,Creature — Vampire Shaman,{8}: Target player loses 3 life and you gain 3 life.,"ROE,DDP","""The brood lineages unfolded across the world, each patterned after one of three progenitors, each a study in mindless consumption.""\n—The Invokers' Tales",normal,193538,3,1,Common,"Vampire,Shaman",Creature
Bloodthrone Vampire,{1}{B},2,B,Steve Argyle,98,Creature — Vampire,Sacrifice a creature: Bloodthrone Vampire gets +2/+2 until end of turn.,"pMEI,ROE,M11,M13,MM2,DDP","Some humans willingly offered up their blood, hoping it would grant the vampire families the strength to stave off the Eldrazi.",normal,198308,1,1,Common,Vampire,Creature
Cadaver Imp,{1}{B}{B},3,B,Dave Kendall,99,Creature — Imp,"Flying\nWhen Cadaver Imp enters the battlefield, you may return target creature card from your graveyard to your hand.","ROE,PC2,DDP",The mouth must be pried open before rigor mortis sets in. Otherwise the returning soul can find no ingress.,normal,193515,1,1,Common,Imp,Creature
Consume the Meek,{3}{B}{B},5,B,Chippy,100,Instant,Destroy each creature with converted mana cost 3 or less. They can't be regenerated.,"ROE,DDP","""Why does it destroy? It does, and to talk of reasons wastes time and breath.""\n—Nirthu, lone missionary",normal,193475,,,Rare,,Instant
Consuming Vapors,{3}{B},4,B,Trevor Claxton,101,Sorcery,"Target player sacrifices a creature. You gain life equal to that creature's toughness.\nRebound (If you cast this spell from your hand, exile it as it resolves. At the beginning of your next upkeep, you may cast this card from exile without paying its mana cost.)",ROE,,normal,205936,,,Rare,,Sorcery
Contaminated Ground,{1}{B},2,B,Rob Alexander,102,Enchantment — Aura,"Enchant land\nEnchanted land is a Swamp.\nWhenever enchanted land becomes tapped, its controller loses 2 life.","ROE,GTC","""The Na Plateau is lost. Do not ask what happened, and never return there.""\n—Nirthu, lone missionary",normal,193608,,,Common,Aura,Enchantment
Corpsehatch,{3}{B}{B},5,B,Kekai Kotaki,103,Sorcery,"Destroy target nonblack creature. Put two 0/1 colorless Eldrazi Spawn creature tokens onto the battlefield. They have ""Sacrifice this creature: Add {C} to your mana pool.""","ROE,DDP",,normal,193625,,,Uncommon,,Sorcery
Curse of Wizardry,{2}{B}{B},4,B,Kekai Kotaki,104,Enchantment,"As Curse of Wizardry enters the battlefield, choose a color.\nWhenever a player casts a spell of the chosen color, that player loses 1 life.","pWPN,ROE","""We must all push through the pain to heal our world.""\n—Ayli, Kamsa cleric",normal,193447,,,Uncommon,,Enchantment
Death Cultist,{B},1,B,Igor Kieryluk,105,Creature — Human Wizard,Sacrifice Death Cultist: Target player loses 1 life and you gain 1 life.,ROE,Death inevitably seduces all who study it.,normal,194948,1,1,Common,"Human,Wizard",Creature
Demonic Appetite,{B},1,B,Igor Kieryluk,106,Enchantment — Aura,"Enchant creature you control\nEnchanted creature gets +3/+3.\nAt the beginning of your upkeep, sacrifice a creature.",ROE,"""Morality is just shorthand for the constraints of being powerless.""\n—Ob Nixilis",normal,193444,,,Common,Aura,Enchantment
"Drana, Kalastria Bloodchief",{3}{B}{B},5,B,Mike Bierek,107,Legendary Creature — Vampire Shaman,"Flying\n{X}{B}{B}: Target creature gets -0/-X until end of turn and Drana, Kalastria Bloodchief gets +X/+0 until end of turn.","ROE,C14","""If our former masters would have us kneel again, they shall feel our defiance slashed across their membranes.""",normal,193593,4,4,Rare,"Vampire,Shaman",Creature
Dread Drone,{4}{B},5,B,Raymond Swanland,108,Creature — Eldrazi Drone,"When Dread Drone enters the battlefield, put two 0/1 colorless Eldrazi Spawn creature tokens onto the battlefield. They have ""Sacrifice this creature: Add {C} to your mana pool.""","ROE,MM2",Each Eldrazi ancient spawned a lineage of horrors in unfathomable shapes.,normal,193542,4,1,Common,"Eldrazi,Drone",Creature
Escaped Null,{3}{B},4,B,Ryan Pancoast,109,Creature — Zombie Berserker,"Lifelink\nWhenever Escaped Null blocks or becomes blocked, it gets +5/+0 until end of turn.",ROE,"Left masterless by Kozilek, it wandered the wilds, raving in its ceaseless hunger.",normal,193643,1,2,Uncommon,"Zombie,Berserker",Creature
Essence Feed,{5}{B},6,B,Daarken,110,Sorcery,"Target player loses 3 life. You gain 3 life and put three 0/1 colorless Eldrazi Spawn creature tokens onto the battlefield. They have ""Sacrifice this creature: Add {C} to your mana pool.""",ROE,Eldrazi grow wherever something else dies.,normal,194939,,,Common,,Sorcery
Gloomhunter,{2}{B},3,B,Lars Grant-West,111,Creature — Bat,Flying,ROE,"Scavengers both mundane and magical follow in its wake, feeding on the scraps of flesh and spirit it leaves behind.",normal,193513,2,1,Common,Bat,Creature
Guul Draz Assassin,{B},1,B,James Ryman,112,Creature — Vampire Assassin,"Level up {1}{B} ({1}{B}: Put a level counter on this. Level up only as a sorcery.)\nLEVEL 2-3\n2/2\n{B}, {T}: Target creature gets -2/-2 until end of turn.\nLEVEL 4+\n4/4\n{B}, {T}: Target creature gets -4/-4 until end of turn.","pMEI,ROE",,leveler,193612,1,1,Rare,"Vampire,Assassin",Creature
Hellcarver Demon,{3}{B}{B}{B},6,B,Greg Staples,113,Creature — Demon,"Flying\nWhenever Hellcarver Demon deals combat damage to a player, sacrifice all other permanents you control and discard your hand. Exile the top six cards of your library. You may cast any number of nonland cards exiled this way without paying their mana costs.",ROE,,normal,193656,6,6,Mythic Rare,Demon,Creature
Induce Despair,{2}{B},3,B,Igor Kieryluk,114,Instant,"As an additional cost to cast Induce Despair, reveal a creature card from your hand.\nTarget creature gets -X/-X until end of turn, where X is the revealed card's converted mana cost.","ROE,DDP",All the angel saw was her doom.,normal,193520,,,Common,,Instant
Inquisition of Kozilek,{B},1,B,Tomasz Jedruszek,115,Sorcery,Target player reveals his or her hand. You choose a nonland card from it with converted mana cost 3 or less. That player discards that card.,"ROE,MD1",You will scream out your innermost secrets just to make it stop.,normal,193428,,,Uncommon,,Sorcery
Last Kiss,{2}{B},3,B,Vance Kovacs,116,Instant,Last Kiss deals 2 damage to target creature and you gain 2 life.,"ROE,DDM","""Romanticize it, glamorize it, call it what you will. To me, it will always be carnal, bloody murder.""\n—Ayli, Kamsa cleric",normal,193546,,,Common,,Instant
Mortician Beetle,{B},1,B,Lars Grant-West,117,Creature — Insect,"Whenever a player sacrifices a creature, you may put a +1/+1 counter on Mortician Beetle.",ROE,"To the soldier, war is famine; to the scavenger, a feast.",normal,209108,1,1,Rare,Insect,Creature
Nighthaze,{B},1,B,Tomasz Jedruszek,118,Sorcery,Target creature gains swampwalk until end of turn. (It can't be blocked as long as defending player controls a Swamp.)\nDraw a card.,ROE,"""To evade the brood lineages, one must be made dark to all the senses.""\n—Traga, Zulaport runner",normal,193487,,,Common,,Sorcery
Nirkana Cutthroat,{2}{B},3,B,Erica Yang,119,Creature — Vampire Warrior,"Level up {2}{B} ({2}{B}: Put a level counter on this. Level up only as a sorcery.)\nLEVEL 1-2\n4/3\nDeathtouch\nLEVEL 3+\n5/4\nFirst strike, deathtouch",ROE,,leveler,194933,3,2,Uncommon,"Vampire,Warrior",Creature
Nirkana Revenant,{4}{B}{B},6,B,Igor Kieryluk,120,Creature — Vampire Shade,"Whenever you tap a Swamp for mana, add {B} to your mana pool (in addition to the mana the land produces).\n{B}: Nirkana Revenant gets +1/+1 until end of turn.",ROE,Hate is an everlasting wellspring from which it is eternally sustained.,normal,193472,4,4,Mythic Rare,"Vampire,Shade",Creature
Null Champion,{1}{B},2,B,Chris Rahn,121,Creature — Zombie Warrior,Level up {3} ({3}: Put a level counter on this. Level up only as a sorcery.)\nLEVEL 1-3\n4/2\nLEVEL 4+\n7/3\n{B}: Regenerate Null Champion.,ROE,,leveler,193647,1,1,Common,"Zombie,Warrior",Creature
Pawn of Ulamog,{1}{B}{B},3,B,Daarken,122,Creature — Vampire Shaman,"Whenever Pawn of Ulamog or another nontoken creature you control dies, you may put a 0/1 colorless Eldrazi Spawn creature token onto the battlefield. It has ""Sacrifice this creature: Add {C} to your mana pool.""","ROE,DDP",,normal,194907,2,2,Uncommon,"Vampire,Shaman",Creature
Perish the Thought,{2}{B},3,B,Austin Hsu,123,Sorcery,Target opponent reveals his or her hand. You choose a card from it. That player shuffles that card into his or her library.,ROE,It removed only one idea from her mind: defiance.,normal,194915,,,Common,,Sorcery
Pestilence Demon,{5}{B}{B}{B},8,B,Justin Sweet,124,Creature — Demon,Flying\n{B}: Pestilence Demon deals 1 damage to each creature and each player.,"ROE,C14","""I have schemed too long to be supplanted by dead gods. If I cannot have this world, no one can.""",normal,193431,7,6,Rare,Demon,Creature
Repay in Kind,{5}{B}{B},7,B,Vance Kovacs,125,Sorcery,Each player's life total becomes the lowest life total among all players.,ROE,"Sorin has gathered grudges for centuries, patiently awaiting the day he can exact the perfect vengeance.",normal,193657,,,Rare,,Sorcery
Shrivel,{1}{B},2,B,Jung Park,126,Sorcery,All creatures get -1/-1 until end of turn.,"ROE,M14,MM2","""Have you ever killed insects nibbling at your crops? I think that's what the Eldrazi believe they're doing to us.""\n—Sheyda, Ondu gamekeeper",normal,193534,,,Common,,Sorcery
Skeletal Wurm,{7}{B},8,B,Zoltan Boros & Gabor Szikszai,127,Creature — Skeleton Wurm,{B}: Regenerate Skeletal Wurm.,ROE,"Necromancers are judged by the most powerful undead they've ever created. There are those who have animated just a single being, yet are considered the pinnacle of their dark craft.",normal,193415,7,6,Uncommon,"Skeleton,Wurm",Creature
Suffer the Past,{X}{B},1,B,Trevor Claxton,128,Instant,"Exile X target cards from target player's graveyard. For each card exiled this way, that player loses 1 life and you gain 1 life.",ROE,"Ulamog's tentacles, their touch like burning ice, rummaged through his soul and stung his memories one by one.",normal,193619,,,Uncommon,,Instant
Thought Gorger,{2}{B}{B},4,B,Jason Felix,129,Creature — Horror,"Trample\nWhen Thought Gorger enters the battlefield, put a +1/+1 counter on it for each card in your hand. If you do, discard your hand.\nWhen Thought Gorger leaves the battlefield, draw a card for each +1/+1 counter on it.",ROE,,normal,193455,2,2,Rare,Horror,Creature
Vendetta,{B},1,B,Karl Kopinski,130,Instant,Destroy target nonblack creature. It can't be regenerated. You lose life equal to that creature's toughness.,"MMQ,ROE","""Consider my debt to your kin paid in full.""\n—Idrol, Guul Draz assassin",normal,194922,,,Common,,Instant
Virulent Swipe,{B},1,B,Raymond Swanland,131,Instant,"Target creature gets +2/+0 and gains deathtouch until end of turn.\nRebound (If you cast this spell from your hand, exile it as it resolves. At the beginning of your next upkeep, you may cast this card from exile without paying its mana cost.)",ROE,,normal,198298,,,Uncommon,,Instant
Zof Shade,{3}{B},4,B,Jason A. Engle,132,Creature — Shade,{2}{B}: Zof Shade gets +2/+2 until end of turn.,"ROE,M15","It haunts the remnants of the Helix of Zof, leeching strength from the vast Eldrazi ruin.",normal,193543,2,2,Common,Shade,Creature
Zulaport Enforcer,{B},1,B,Matt Stewart,133,Creature — Human Warrior,Level up {4} ({4}: Put a level counter on this. Level up only as a sorcery.)\nLEVEL 1-2\n3/3\nLEVEL 3+\n5/5\nZulaport Enforcer can't be blocked except by black creatures.,ROE,,leveler,198166,1,1,Common,"Human,Warrior",Creature
Akoum Boulderfoot,{4}{R}{R},6,R,Alex Horley-Orlandelli,134,Creature — Giant Warrior,"When Akoum Boulderfoot enters the battlefield, it deals 1 damage to target creature or player.",ROE,"""If you're in Akoum and you glimpse a shadow overhead, the worst thing you can do is duck.""\n—Chadir the Navigator",normal,193506,4,5,Uncommon,"Giant,Warrior",Creature
Battle Rampart,{2}{R},3,R,Steve Prescott,135,Creature — Wall,Defender\n{T}: Target creature gains haste until end of turn.,"MMQ,ROE","""I will build no sanctuaries. The safety you seek can be won only by the sword.""\n—Yannash, outpost builder",normal,193554,1,3,Common,Wall,Creature
Battle-Rattle Shaman,{3}{R},4,R,Warren Mahy,136,Creature — Goblin Shaman,"At the beginning of combat on your turn, you may have target creature get +2/+0 until end of turn.",ROE,The shaman rattles not to inspire a battle fury but to drown out the shrieks of those fleeing the Eldrazi.,normal,193523,2,2,Common,"Goblin,Shaman",Creature
Brimstone Mage,{2}{R},3,R,Volkan Baga,137,Creature — Human Shaman,Level up {3}{R} ({3}{R}: Put a level counter on this. Level up only as a sorcery.)\nLEVEL 1-2\n2/3\n{T}: Brimstone Mage deals 1 damage to target creature or player.\nLEVEL 3+\n2/4\n{T}: Brimstone Mage deals 3 damage to target creature or player.,ROE,,leveler,193442,2,2,Uncommon,"Human,Shaman",Creature
Brood Birthing,{1}{R},2,R,Anthony Francisco,138,Sorcery,"If you control an Eldrazi Spawn, put three 0/1 colorless Eldrazi Spawn creature tokens onto the battlefield. They have ""Sacrifice this creature: Add {C} to your mana pool."" Otherwise, put one of those tokens onto the battlefield.",ROE,,normal,193633,,,Common,,Sorcery
Conquering Manticore,{4}{R}{R},6,R,Chris Rahn,139,Creature — Manticore,"Flying\nWhen Conquering Manticore enters the battlefield, gain control of target creature an opponent controls until end of turn. Untap that creature. It gains haste until end of turn.","ROE,DDL",It speaks no commands but is always obeyed.,normal,193468,5,5,Rare,Manticore,Creature
Devastating Summons,{R},1,R,Jung Park,140,Sorcery,"As an additional cost to cast Devastating Summons, sacrifice X lands.\nPut two X/X red Elemental creature tokens onto the battlefield.",ROE,Things born in magma are always angry.,normal,194927,,,Rare,,Sorcery
Disaster Radius,{5}{R}{R},7,R,James Paick,141,Sorcery,"As an additional cost to cast Disaster Radius, reveal a creature card from your hand.\nDisaster Radius deals X damage to each creature your opponents control, where X is the revealed card's converted mana cost.","ROE,CMD,C15",,normal,193579,,,Rare,,Sorcery
Emrakul's Hatcher,{4}{R},5,R,Jaime Jones,142,Creature — Eldrazi Drone,"When Emrakul's Hatcher enters the battlefield, put three 0/1 colorless Eldrazi Spawn creature tokens onto the battlefield. They have ""Sacrifice this creature: Add {C} to your mana pool.""","ROE,DDP",Wordlessly it leads its abhorrent brood.,normal,193485,3,3,Common,"Eldrazi,Drone",Creature
Explosive Revelation,{3}{R}{R},5,R,Justin Sweet,143,Sorcery,Choose target creature or player. Reveal cards from the top of your library until you reveal a nonland card. Explosive Revelation deals damage equal to that card's converted mana cost to that creature or player. Put the nonland card into your hand and the rest on the bottom of your library in any order.,ROE,,normal,193479,,,Uncommon,,Sorcery
Fissure Vent,{3}{R}{R},5,R,Philip Straub,144,Sorcery,Choose one or both —\n• Destroy target artifact.\n• Destroy target nonbasic land.,"ROE,C13","""Something down there has an appetite for what we're standing on. Let's hope it doesn't want seconds.""\n—Samila, Murasa Expeditionary House",normal,198170,,,Common,,Sorcery
Flame Slash,{R},1,R,Raymond Swanland,145,Sorcery,Flame Slash deals 4 damage to target creature.,"ROE,DDK","After millennia asleep, the Eldrazi had forgotten about Zendikar's fiery temper and dislike of strangers.",normal,193648,,,Common,,Sorcery
Forked Bolt,{R},1,R,Tomasz Jedruszek,146,Sorcery,Forked Bolt deals 2 damage divided as you choose among one or two target creatures and/or players.,"ROE,DDP","""Play no favorites. Everybody dies.""\n—Sparkmage saying",normal,193512,,,Uncommon,,Sorcery
Goblin Arsonist,{R},1,R,Wayne Reynolds,147,Creature — Goblin Shaman,"When Goblin Arsonist dies, you may have it deal 1 damage to target creature or player.","ROE,M12,M13,DDK",With great power comes great risk of getting yourself killed.,normal,194902,1,1,Common,"Goblin,Shaman",Creature
Goblin Tunneler,{1}{R},2,R,Jesper Ejsing,148,Creature — Goblin Rogue,{T}: Target creature with power 2 or less can't be blocked this turn.,"ROE,M11,M12","""You never know what's going to be in goblin tunnels. Even in the best case, there will still be goblins.""\n—Sachir, Akoum Expeditionary House",normal,193432,1,1,Common,"Goblin,Rogue",Creature
Grotag Siege-Runner,{1}{R},2,R,Zoltan Boros & Gabor Szikszai,149,Creature — Goblin Rogue,"{R}, Sacrifice Grotag Siege-Runner: Destroy target creature with defender. Grotag Siege-Runner deals 2 damage to that creature's controller.",ROE,"""I don't think he's bringing in the mail . . . .""\n—Nundari, Sea Gate militia captain",normal,193496,2,1,Common,"Goblin,Rogue",Creature
Heat Ray,{X}{R},1,R,Austin Hsu,150,Instant,Heat Ray deals X damage to target creature.,"USG,BRB,ROE,M15","""There was clearly a scream. I'm not sure if there was a mouth.""\n—Sachir, Akoum Expeditionary House",normal,193649,,,Common,,Instant
Hellion Eruption,{5}{R},6,R,Anthony Francisco,151,Sorcery,"Sacrifice all creatures you control, then put that many 4/4 red Hellion creature tokens onto the battlefield.","ROE,PC2,DDP","Just when you thought you'd be safe, in the middle of an open field with no Eldrazi around for miles.",normal,198306,,,Rare,,Sorcery
Kargan Dragonlord,{R}{R},2,R,Jason Chan,152,Creature — Human Warrior,"Level up {R} ({R}: Put a level counter on this. Level up only as a sorcery.)\nLEVEL 4-7\n4/4\nFlying\nLEVEL 8+\n8/8\nFlying, trample\n{R}: Kargan Dragonlord gets +1/+0 until end of turn.",ROE,,leveler,193482,2,2,Mythic Rare,"Human,Warrior",Creature
Kiln Fiend,{1}{R},2,R,Adi Granov,153,Creature — Elemental Beast,"Whenever you cast an instant or sorcery spell, Kiln Fiend gets +3/+0 until end of turn.","ROE,DDJ",It traps an explosion within its stony skin.,normal,194912,1,2,Common,"Elemental,Beast",Creature
Lagac Lizard,{3}{R},4,R,Svetlin Velinov,154,Creature — Lizard,,ROE,"Tracing their ancestry back to Zendikar's earliest forms of life, lagac lizards have seen the comings and goings of planeswalkers and the Eldrazi, and the rise of the vampire clans, none of which has changed them one bit.",normal,198162,3,3,Common,Lizard,Creature
Lavafume Invoker,{2}{R},3,R,Dave Kendall,155,Creature — Goblin Shaman,{8}: Creatures you control get +3/+0 until end of turn.,ROE,"""Then the ancient masters themselves, towers of rapacity, rose and began their calamitous feast.""\n—The Invokers' Tales",normal,193624,2,2,Common,"Goblin,Shaman",Creature
Lord of Shatterskull Pass,{3}{R},4,R,Kekai Kotaki,156,Creature — Minotaur Shaman,"Level up {1}{R} ({1}{R}: Put a level counter on this. Level up only as a sorcery.)\nLEVEL 1-5\n6/6\nLEVEL 6+\n6/6\nWhenever Lord of Shatterskull Pass attacks, it deals 6 damage to each creature defending player controls.","pLPA,ROE",,leveler,198164,3,3,Rare,"Minotaur,Shaman",Creature
Lust for War,{2}{R},3,R,Raymond Swanland,157,Enchantment — Aura,"Enchant creature\nWhenever enchanted creature becomes tapped, Lust for War deals 3 damage to that creature's controller.\nEnchanted creature attacks each turn if able.",ROE,,normal,193518,,,Uncommon,Aura,Enchantment
Magmaw,{3}{R}{R},5,R,Karl Kopinski,158,Creature — Elemental,"{1}, Sacrifice a nonland permanent: Magmaw deals 1 damage to target creature or player.","ROE,DDP","""The purpose of existence is simple: everything is fuel for the magmaw.""\n—Jaji, magmaw worshipper",normal,193453,4,4,Rare,Elemental,Creature
Ogre Sentry,{1}{R},2,R,Eric Deschamps,159,Creature — Ogre Warrior,Defender,ROE,"""You have to appreciate the genius of it. Why bother building defenses when you can just fill the pass with angry ogres?""\n—Javad Nasrin, Ondu relic hunter",normal,193583,3,3,Common,"Ogre,Warrior",Creature
Rage Nimbus,{2}{R},3,R,Vincent Proce,160,Creature — Elemental,"Defender, flying\n{1}{R}: Target creature attacks this turn if able.",ROE,The settlement knew there was something strange about the cloud when the old priest Mandli suddenly grabbed an axe and ran screaming into the hills.,normal,193454,5,3,Rare,Elemental,Creature
Raid Bombardment,{2}{R},3,R,Matt Cavotta,161,Enchantment,"Whenever a creature you control with power 2 or less attacks, Raid Bombardment deals 1 damage to defending player.",ROE,Goblins in the first wave of a fire raid always bemoan the aim of everyone else.,normal,193573,,,Common,,Enchantment
Rapacious One,{5}{R},6,R,Jason A. Engle,162,Creature — Eldrazi Drone,"Trample\nWhenever Rapacious One deals combat damage to a player, put that many 0/1 colorless Eldrazi Spawn creature tokens onto the battlefield. They have ""Sacrifice this creature: Add {C} to your mana pool.""","ROE,CMD",,normal,198181,5,4,Uncommon,"Eldrazi,Drone",Creature
Soulsurge Elemental,{3}{R},4,R,Jason A. Engle,163,Creature — Elemental,First strike\nSoulsurge Elemental's power is equal to the number of creatures you control.,ROE,"It draws its strength from those around it, but the pleasure of destruction is all its own.",normal,193575,*,1,Uncommon,Elemental,Creature
Spawning Breath,{1}{R},2,R,Trevor Claxton,164,Instant,"Spawning Breath deals 1 damage to target creature or player. Put a 0/1 colorless Eldrazi Spawn creature token onto the battlefield. It has ""Sacrifice this creature: Add {C} to your mana pool.""",ROE,"Death by death, Kozilek's lineage spread.",normal,193435,,,Common,,Instant
Splinter Twin,{2}{R}{R},4,R,Goran Josic,165,Enchantment — Aura,"Enchant creature\nEnchanted creature has ""{T}: Put a token that's a copy of this creature onto the battlefield. That token has haste. Exile it at the beginning of the next end step.""","ROE,MM2","""I know just the person for that job.""",normal,193474,,,Rare,Aura,Enchantment
Staggershock,{2}{R},3,R,Raymond Swanland,166,Instant,"Staggershock deals 2 damage to target creature or player.\nRebound (If you cast this spell from your hand, exile it as it resolves. At the beginning of your next upkeep, you may cast this card from exile without paying its mana cost.)","pWPN,ROE",,normal,193571,,,Common,,Instant
Surreal Memoir,{3}{R},4,R,Jaime Jones,167,Sorcery,"Return an instant card at random from your graveyard to your hand.\nRebound (If you cast this spell from your hand, exile it as it resolves. At the beginning of your next upkeep, you may cast this card from exile without paying its mana cost.)",ROE,,normal,198179,,,Uncommon,,Sorcery
Traitorous Instinct,{3}{R},4,R,Scott Chou,168,Sorcery,"Gain control of target creature until end of turn. Untap that creature. Until end of turn, it gets +2/+0 and gains haste.","ROE,RTR","The horror lurched about like a puppet from a madman's nightmare, squeezing the life from its own kind.",normal,198177,,,Uncommon,,Sorcery
Tuktuk the Explorer,{2}{R},3,R,Volkan Baga,169,Legendary Creature — Goblin,"Haste\nWhen Tuktuk the Explorer dies, put a legendary 5/5 colorless Goblin Golem artifact creature token named Tuktuk the Returned onto the battlefield.","ROE,C14","Remade by Eldrazi magic, Tuktuk inspired an entire clan of misguided goblins.",normal,194940,1,1,Rare,Goblin,Creature
Valakut Fireboar,{4}{R},5,R,Zoltan Boros & Gabor Szikszai,170,Creature — Elemental Boar,"Whenever Valakut Fireboar attacks, switch its power and toughness until end of turn.",ROE,"""Just move very slowly, and for the love of Ula, do not get it mad.""\n—Chadir the Navigator",normal,193552,1,7,Uncommon,"Elemental,Boar",Creature
Vent Sentinel,{3}{R},4,R,Chris Rahn,171,Creature — Elemental,"Defender\n{1}{R}, {T}: Vent Sentinel deals damage to target player equal to the number of creatures with defender you control.","ROE,CNS","""Zendikar fortifies itself against the Great Threat, making sentries of sky, sea, and stone.""\n—The War Diaries",normal,193480,2,4,Common,Elemental,Creature
World at War,{3}{R}{R},5,R,Igor Kieryluk,172,Sorcery,"After the first postcombat main phase this turn, there's an additional combat phase followed by an additional main phase. At the beginning of that combat, untap all creatures that attacked this turn.\nRebound (If you cast this spell from your hand, exile it as it resolves. At the beginning of your next upkeep, you may cast this card from exile without paying its mana cost.)",ROE,,normal,193484,,,Rare,,Sorcery
Wrap in Flames,{3}{R},4,R,Véronique Meignaud,173,Sorcery,Wrap in Flames deals 1 damage to each of up to three target creatures. Those creatures can't block this turn.,"ROE,CNS,MM2","""Our pyromancer's flames may not have killed them, but they bought us the time we needed.""\n—The War Diaries",normal,193563,,,Common,,Sorcery
Ancient Stirrings,{G},1,G,Vincent Proce,174,Sorcery,Look at the top five cards of your library. You may reveal a colorless card from among them and put it into your hand. Then put the rest on the bottom of your library in any order. (Cards with no colored mana in their mana costs are colorless. Lands are also colorless.),ROE,,normal,193437,,,Common,,Sorcery
Aura Gnarlid,{2}{G},3,G,Lars Grant-West,175,Creature — Beast,Creatures with power less than Aura Gnarlid's power can't block it.\nAura Gnarlid gets +1/+1 for each Aura on the battlefield.,"ROE,PC2","Kill a gnarlid with your first blow, or it'll cheerfully show you how it's done.",normal,193478,2,2,Common,Beast,Creature
Awakening Zone,{2}{G},3,G,Johann Bodin,176,Enchantment,"At the beginning of your upkeep, you may put a 0/1 colorless Eldrazi Spawn creature token onto the battlefield. It has ""Sacrifice this creature: Add {C} to your mana pool.""","ROE,CMD,PC2","The ground erupted in time with the hedron's thrum, a dirge of the last days.",normal,193507,,,Rare,,Enchantment
Bear Umbra,{2}{G}{G},4,G,Howard Lyon,177,Enchantment — Aura,"Enchant creature\nEnchanted creature gets +2/+2 and has ""Whenever this creature attacks, untap all lands you control.""\nTotem armor (If enchanted creature would be destroyed, instead remove all damage from it and destroy this Aura.)",ROE,,normal,198304,,,Rare,Aura,Enchantment
Beastbreaker of Bala Ged,{1}{G},2,G,Karl Kopinski,178,Creature — Human Warrior,Level up {2}{G} ({2}{G}: Put a level counter on this. Level up only as a sorcery.)\nLEVEL 1-3\n4/4\nLEVEL 4+\n6/6\nTrample,"ROE,DDP",,leveler,193638,2,2,Uncommon,"Human,Warrior",Creature
Boar Umbra,{2}{G},3,G,Christopher Moeller,179,Enchantment — Aura,"Enchant creature\nEnchanted creature gets +3/+3.\nTotem armor (If enchanted creature would be destroyed, instead remove all damage from it and destroy this Aura.)","ROE,PC2","""From in here, everything looks like dinner.""",normal,193509,,,Uncommon,Aura,Enchantment
Bramblesnap,{1}{G},2,G,James Ryman,180,Creature — Elemental,Trample\nTap an untapped creature you control: Bramblesnap gets +1/+1 until end of turn.,ROE,A bramblesnap is formed by grafting together thirteen different plants that already hunger for meat.,normal,193465,1,1,Uncommon,Elemental,Creature
Broodwarden,{3}{G}{G},5,G,Izzy,181,Creature — Eldrazi Drone,Eldrazi Spawn creatures you control get +2/+1.,ROE,"""The least of gods shall tower over the mightiest of mortals, and death shall reign over all.""\n—Crypt of Agadeem inscription",normal,193634,4,4,Uncommon,"Eldrazi,Drone",Creature
Daggerback Basilisk,{2}{G},3,G,Jesper Ejsing,182,Creature — Basilisk,Deathtouch,"ROE,DDP","""Petrifying gaze, deadly fangs, knifelike dorsal spines, venomous saliva . . . Am I missing anything? . . . Toxic bones? Seriously?""\n—Samila, Murasa Expeditionary House",normal,194926,2,2,Common,Basilisk,Creature
Gelatinous Genesis,{X}{X}{G},1,G,Daniel Ljunggren,183,Sorcery,Put X X/X green Ooze creature tokens onto the battlefield.,ROE,"Even as the world was left cracked and gory by the marauding Eldrazi, new life began to drip from its wounds.",normal,193503,,,Rare,,Sorcery
Gigantomancer,{7}{G},8,G,Chippy,184,Creature — Human Shaman,{1}: Target creature you control has base power and toughness 7/7 until end of turn.,ROE,"""All life is driven by an indomitable will to survive. I simply turn that into something more . . . tangible.""",normal,198172,1,1,Rare,"Human,Shaman",Creature
Gravity Well,{1}{G}{G},3,G,Rob Alexander,185,Enchantment,"Whenever a creature with flying attacks, it loses flying until end of turn.",ROE,"Storms spread throughout Oran-Rief, ripping the skies with wind and rain. Airborne creatures sought shelter where they could.",normal,194919,,,Uncommon,,Enchantment
Growth Spasm,{2}{G},3,G,Dan Scott,186,Sorcery,"Search your library for a basic land card, put it onto the battlefield tapped, then shuffle your library. Put a 0/1 colorless Eldrazi Spawn creature token onto the battlefield. It has ""Sacrifice this creature: Add {C} to your mana pool.""",ROE,,normal,193526,,,Common,,Sorcery
Haze Frog,{3}{G}{G},5,G,Jesper Ejsing,187,Creature — Frog,"Flash (You may cast this spell any time you could cast an instant.)\nWhen Haze Frog enters the battlefield, prevent all combat damage that other creatures would deal this turn.",ROE,Its breath leaves its prey too drowsy to struggle.,normal,193569,2,1,Common,Frog,Creature
Irresistible Prey,{G},1,G,Jesper Ejsing,188,Sorcery,Target creature must be blocked this turn if able.\nDraw a card.,ROE,"The baloth's instincts boiled, its muscles pulled taut, and its razor-spines bristled, as it turned to face—a runt meepling.",normal,193527,,,Uncommon,,Sorcery
Jaddi Lifestrider,{4}{G},5,G,Vincent Proce,189,Creature — Elemental,"When Jaddi Lifestrider enters the battlefield, you may tap any number of untapped creatures you control. You gain 2 life for each creature tapped this way.",ROE,Nature's arms encircle all who are willing to draw close.,normal,193464,2,8,Uncommon,Elemental,Creature
Joraga Treespeaker,{G},1,G,Cyril Van Der Haegen,190,Creature — Elf Druid,"Level up {1}{G} ({1}{G}: Put a level counter on this. Level up only as a sorcery.)\nLEVEL 1-4\n1/2\n{T}: Add {G}{G} to your mana pool.\nLEVEL 5+\n1/4\nElves you control have ""{T}: Add {G}{G} to your mana pool.""",ROE,,leveler,193462,1,1,Uncommon,"Elf,Druid",Creature
Kazandu Tuskcaller,{1}{G},2,G,Mike Bierek,191,Creature — Human Shaman,Level up {1}{G} ({1}{G}: Put a level counter on this. Level up only as a sorcery.)\nLEVEL 2-5\n1/1\n{T}: Put a 3/3 green Elephant creature token onto the battlefield.\nLEVEL 6+\n1/1\n{T}: Put two 3/3 green Elephant creature tokens onto the battlefield.,"ROE,C13",,leveler,193611,1,1,Rare,"Human,Shaman",Creature
Khalni Hydra,{G}{G}{G}{G}{G}{G}{G}{G},8,G,Todd Lockwood,192,Creature — Hydra,Khalni Hydra costs {G} less to cast for each green creature you control.\nTrample,ROE,"""In ages past, bargains were struck and promises were made. Now we must collect on our debt. Begin the hymns.""\n—Moruul, Khalni druid",normal,193551,8,8,Mythic Rare,Hydra,Creature
Kozilek's Predator,{3}{G},4,G,Steve Argyle,193,Creature — Eldrazi Drone,"When Kozilek's Predator enters the battlefield, put two 0/1 colorless Eldrazi Spawn creature tokens onto the battlefield. They have ""Sacrifice this creature: Add {C} to your mana pool.""","ROE,MM2","It's difficult to outwit something that doesn't speak, strategize, or even think.",normal,198303,3,3,Common,"Eldrazi,Drone",Creature
Leaf Arrow,{G},1,G,Eric Deschamps,194,Instant,Leaf Arrow deals 3 damage to target creature with flying.,ROE,"""Those who think the trees shall remain bystanders throughout this conflict shall be sorely mistaken.""\n—Sutina, Speaker of the Tajuru",normal,205929,,,Common,,Instant
Living Destiny,{3}{G},4,G,James Ryman,195,Instant,"As an additional cost to cast Living Destiny, reveal a creature card from your hand.\nYou gain life equal to the revealed card's converted mana cost.",ROE,"""That our enemies are great only brings us greater hope.""",normal,193489,,,Common,,Instant
Might of the Masses,{G},1,G,Johann Bodin,196,Instant,Target creature gets +1/+1 until end of turn for each creature you control.,"ROE,ORI","The Joraga elves never need ask a troll to leave their territory. They merely grant it their combined strength, and it can't resist embarking on a merry rampage.",normal,193547,,,Common,,Instant
Momentous Fall,{2}{G}{G},4,G,Tomasz Jedruszek,197,Instant,"As an additional cost to cast Momentous Fall, sacrifice a creature.\nYou draw cards equal to the sacrificed creature's power, then you gain life equal to its toughness.",ROE,It wasn't long until the elves had developed a use for every part of the Eldrazi.,normal,193497,,,Rare,,Instant
Mul Daya Channelers,{1}{G}{G},3,G,Jason Chan,198,Creature — Elf Druid Shaman,"Play with the top card of your library revealed.\nAs long as the top card of your library is a creature card, Mul Daya Channelers gets +3/+3.\nAs long as the top card of your library is a land card, Mul Daya Channelers has ""{T}: Add two mana of any one color to your mana pool.""",ROE,,normal,198167,2,2,Rare,"Elf,Druid,Shaman",Creature
Naturalize,{1}{G},2,G,Howard Lyon,199,Instant,Destroy target artifact or enchantment.,"ONS,8ED,9ED,10E,ALA,M10,ROE,DPA,M11,M12,ISD,M13,GTC,M14,M15,KTK,DTK","""The scholars wept when we destroyed the hedron. I had no such pity. What would this world be like had we done so sooner?""\n—The War Diaries",normal,193439,,,Common,,Instant
Nema Siltlurker,{4}{G},5,G,Wayne Reynolds,200,Creature — Lizard,,ROE,"In one gargantuan bite, it will swallow not only you but also the riverbank you were standing on.",normal,193628,3,5,Common,Lizard,Creature
Nest Invader,{1}{G},2,G,Trevor Claxton,201,Creature — Eldrazi Drone,"When Nest Invader enters the battlefield, put a 0/1 colorless Eldrazi Spawn creature token onto the battlefield. It has ""Sacrifice this creature: Add {C} to your mana pool.""","ROE,PC2,MM2",It nurtures its masters' glorious future.,normal,193420,2,2,Common,"Eldrazi,Drone",Creature
Ondu Giant,{3}{G},4,G,Igor Kieryluk,202,Creature — Giant Druid,"When Ondu Giant enters the battlefield, you may search your library for a basic land card, put it onto the battlefield tapped, then shuffle your library.","ROE,PC2,DDP",Some druids nurture gardens. Others nurture continents.,normal,194929,2,4,Common,"Giant,Druid",Creature
Overgrown Battlement,{1}{G},2,G,Franz Vohwinkel,203,Creature — Wall,Defender\n{T}: Add {G} to your mana pool for each creature with defender you control.,ROE,"""Our enemy is nothing less than the end of all life. We shall not want for allies.""\n—The War Diaries",normal,193610,0,4,Common,Wall,Creature
Pelakka Wurm,{4}{G}{G}{G},7,G,Daniel Ljunggren,204,Creature — Wurm,"Trample\nWhen Pelakka Wurm enters the battlefield, you gain 7 life.\nWhen Pelakka Wurm dies, draw a card.","ROE,CNS,MM2",It eats what it wants to eat—which is anything that moves.,normal,193621,7,7,Uncommon,Wurm,Creature
Prey's Vengeance,{G},1,G,Jesper Ejsing,205,Instant,"Target creature gets +2/+2 until end of turn.\nRebound (If you cast this spell from your hand, exile it as it resolves. At the beginning of your next upkeep, you may cast this card from exile without paying its mana cost.)",ROE,,normal,193565,,,Uncommon,,Instant
Realms Uncharted,{2}{G},3,G,Volkan Baga,206,Instant,Search your library for up to four land cards with different names and reveal them. An opponent chooses two of those cards. Put the chosen cards into your graveyard and the rest into your hand. Then shuffle your library.,ROE,,normal,193605,,,Rare,,Instant
Snake Umbra,{2}{G},3,G,Christopher Moeller,207,Enchantment — Aura,"Enchant creature\nEnchanted creature gets +1/+1 and has ""Whenever this creature deals damage to an opponent, you may draw a card.""\nTotem armor (If enchanted creature would be destroyed, instead remove all damage from it and destroy this Aura.)","ROE,PC2",,normal,193585,,,Common,Aura,Enchantment
Spider Umbra,{G},1,G,Christopher Moeller,208,Enchantment — Aura,"Enchant creature\nEnchanted creature gets +1/+1 and has reach. (It can block creatures with flying.)\nTotem armor (If enchanted creature would be destroyed, instead remove all damage from it and destroy this Aura.)","ROE,ARC",,normal,194925,,,Common,Aura,Enchantment
Sporecap Spider,{2}{G},3,G,Lars Grant-West,209,Creature — Spider,Reach (This creature can block creatures with flying.),"ROE,CNS","""They don't move much, but then again, if you get caught in its web, it has all the time in the world to get to you.""\n—Saidah, Joraga hunter",normal,193537,1,5,Common,Spider,Creature
Stomper Cub,{3}{G}{G},5,G,Karl Kopinski,210,Creature — Beast,Trample,ROE,"""This one is only a yearling, but it would be wise to move away before we provide it with excellent hunting practice.""\n—Samila, Murasa Expeditionary House",normal,193567,5,3,Common,Beast,Creature
Tajuru Preserver,{1}{G},2,G,rk post,211,Creature — Elf Shaman,Spells and abilities your opponents control can't cause you to sacrifice permanents.,ROE,"""No more blood shall be spilled to satisfy another's deluded lust for power.""",normal,193451,2,1,Rare,"Elf,Shaman",Creature
Vengevine,{2}{G}{G},4,G,Raymond Swanland,212,Creature — Elemental,"Haste\nWhenever you cast a spell, if it's the second creature spell you cast this turn, you may return Vengevine from your graveyard to the battlefield.","ROE,pWCQ","Leave but a shred of root and it will return, bursting with vigor.",normal,193556,4,3,Mythic Rare,Elemental,Creature
Wildheart Invoker,{2}{G}{G},4,G,Erica Yang,213,Creature — Elf Shaman,{8}: Target creature gets +5/+5 and gains trample until end of turn.,"ROE,DDP","""Life as we know it dangles on the brink of extinction. We must show the strength they would steal from us.""\n—The Invokers' Tales",normal,193414,4,3,Common,"Elf,Shaman",Creature
Sarkhan the Mad,{3}{B}{R},5,"B,R",Chippy,214,Planeswalker — Sarkhan,"0: Reveal the top card of your library and put it into your hand. Sarkhan the Mad deals damage to himself equal to that card's converted mana cost.\n−2: Target creature's controller sacrifices it, then that player puts a 5/5 red Dragon creature token with flying onto the battlefield.\n−4: Each Dragon creature you control deals damage equal to its power to target player.",ROE,,normal,193659,,,Mythic Rare,Sarkhan,Planeswalker
Angelheart Vial,{5},5,,Chippy,215,Artifact,"Whenever you're dealt damage, you may put that many charge counters on Angelheart Vial.\n{2}, {T}, Remove four charge counters from Angelheart Vial: You gain 2 life and draw a card.",ROE,"It holds a whisper from Iona: ""Persevere.""",normal,193436,,,Rare,,Artifact
Dreamstone Hedron,{6},6,,Eric Deschamps,216,Artifact,"{T}: Add {C}{C}{C} to your mana pool.\n{3}, {T}, Sacrifice Dreamstone Hedron: Draw three cards.","ROE,ARC,CMD,C14,C15",Only the Eldrazi mind thinks in the warped paths required to open the hedrons and tap the power within.,normal,193501,,,Uncommon,,Artifact
Enatu Golem,{6},6,,Daniel Ljunggren,217,Artifact Creature — Golem,"When Enatu Golem dies, you gain 4 life.",ROE,Golems conjured from the debris of Enatu Temple provided a sturdy but expendable first line of defense against the Eldrazi.,normal,193626,3,5,Uncommon,Golem,"Artifact,Creature"
Hedron Matrix,{4},4,,Jaime Jones,218,Artifact — Equipment,"Equipped creature gets +X/+X, where X is its converted mana cost.\nEquip {4}",ROE,"The hedrons awoke along with the Eldrazi, forming superstructures that radiated overwhelming magic.",normal,193536,,,Rare,Equipment,Artifact
Keening Stone,{6},6,,Jung Park,219,Artifact,"{5}, {T}: Target player puts the top X cards of his or her library into his or her graveyard, where X is the number of cards in that player's graveyard.",ROE,"As it spins, dead voices shriek in an ever-increasing cacophony, rending the mind asunder.",normal,193441,,,Rare,,Artifact
Ogre's Cleaver,{2},2,,Adi Granov,220,Artifact — Equipment,Equipped creature gets +5/+0.\nEquip {5},ROE,"She adopted the weapon of the slave-lord Kazuul, and with it, all his cruelty.",normal,193517,,,Uncommon,Equipment,Artifact
Pennon Blade,{3},3,,Alex Horley-Orlandelli,221,Artifact — Equipment,Equipped creature gets +1/+1 for each creature you control.\nEquip {4},ROE,"Draped with the pennon of a fallen outpost, the sword came to symbolize the peoples of Zendikar becoming one.",normal,193528,,,Uncommon,Equipment,Artifact
Prophetic Prism,{2},2,,John Avon,222,Artifact,"When Prophetic Prism enters the battlefield, draw a card.\n{1}, {T}: Add one mana of any color to your mana pool.","ROE,CMD,GTC","""The explorer who found it got a bad deal when he sold it. He merely got rich.""",normal,198295,,,Common,,Artifact
Reinforced Bulwark,{3},3,,Ryan Pancoast,223,Artifact Creature — Wall,Defender\n{T}: Prevent the next 1 damage that would be dealt to you this turn.,ROE,Built of wood and iron. Held together by hope and prayer.,normal,193654,0,4,Common,Wall,"Artifact,Creature"
Runed Servitor,{2},2,,Mike Bierek,224,Artifact Creature — Construct,"When Runed Servitor dies, each player draws a card.","ROE,DDF,CNS,MM2,ORI,DDP",Scholars had puzzled for centuries over the ruins at Tal Terig. Its secrets had always lived within one rune-carved head.,normal,194946,2,2,Uncommon,Construct,"Artifact,Creature"
Sphinx-Bone Wand,{7},7,,Franz Vohwinkel,225,Artifact,"Whenever you cast an instant or sorcery spell, you may put a charge counter on Sphinx-Bone Wand. If you do, Sphinx-Bone Wand deals damage equal to the number of charge counters on it to target creature or player.","ROE,DDJ",Its host's final curse lies captured within.,normal,193596,,,Rare,,Artifact
Warmonger's Chariot,{2},2,,Warren Mahy,226,Artifact — Equipment,"Equipped creature gets +2/+2.\nAs long as equipped creature has defender, it can attack as though it didn't have defender.\nEquip {3} ({3}: Attach to target creature you control. Equip only as a sorcery.)","ROE,CNS",The best defense is a good offense.,normal,194916,,,Uncommon,Equipment,Artifact
Eldrazi Temple,,,,James Paick,227,Land,{T}: Add {C} to your mana pool.\n{T}: Add {C}{C} to your mana pool. Spend this mana only to cast colorless Eldrazi spells or activate abilities of colorless Eldrazi.,"ROE,MM2,DDP",Each temple is a door to a horrible future.,normal,198312,,,Rare,,Land
Evolving Wilds,,,,Steven Belledin,228,Land,"{T}, Sacrifice Evolving Wilds: Search your library for a basic land card and put it onto the battlefield tapped. Then shuffle your library.","pMEI,pFNM,ROE,CMD,DDH,DKA,M13,DDK,C13,M15,DDN,C14,DDO,DTK,MM2,ORI,DDP,BFZ,C15","Every world is an organism, able to grow new lands. Some just do it faster than others.",normal,193483,,,Common,,Land
Plains,,,W,John Avon,229,Basic Land — Plains,,"LEA,LEB,2ED,CED,CEI,3ED,4ED,ICE,RQS,pARL,MIR,ITP,5ED,POR,pPRE,TMP,pJGP,PO2,UGL,pALP,USG,ATH,6ED,PTK,S99,pGRU,MMQ,BRB,pELP,S00,INV,7ED,ODY,ONS,8ED,MRD,CHK,UNH,9ED,RAV,CST,TSP,10E,MED,LRW,SHM,ALA,DDC,M10,HOP,ME3,ZEN,H09,DDE,ROE,ARC,M11,DDF,SOM,MBS,DDG,NPH,CMD,M12,DDH,ISD,DDI,AVR,PC2,M13,RTR,DDK,M14,DDL,THS,C13,MD1,M15,DDN,KTK,C14,DD3_DVD,FRF,DDO,DTK,TPR,ORI,DDP,BFZ,C15,DDQ,SOI",,normal,205925,,,Basic Land,Plains,Land
Plains,,,W,John Avon,230,Basic Land — Plains,,"LEA,LEB,2ED,CED,CEI,3ED,4ED,ICE,RQS,pARL,MIR,ITP,5ED,POR,pPRE,TMP,pJGP,PO2,UGL,pALP,USG,ATH,6ED,PTK,S99,pGRU,MMQ,BRB,pELP,S00,INV,7ED,ODY,ONS,8ED,MRD,CHK,UNH,9ED,RAV,CST,TSP,10E,MED,LRW,SHM,ALA,DDC,M10,HOP,ME3,ZEN,H09,DDE,ROE,ARC,M11,DDF,SOM,MBS,DDG,NPH,CMD,M12,DDH,ISD,DDI,AVR,PC2,M13,RTR,DDK,M14,DDL,THS,C13,MD1,M15,DDN,KTK,C14,DD3_DVD,FRF,DDO,DTK,TPR,ORI,DDP,BFZ,C15,DDQ,SOI",,normal,205938,,,Basic Land,Plains,Land
Plains,,,W,John Avon,231,Basic Land — Plains,,"LEA,LEB,2ED,CED,CEI,3ED,4ED,ICE,RQS,pARL,MIR,ITP,5ED,POR,pPRE,TMP,pJGP,PO2,UGL,pALP,USG,ATH,6ED,PTK,S99,pGRU,MMQ,BRB,pELP,S00,INV,7ED,ODY,ONS,8ED,MRD,CHK,UNH,9ED,RAV,CST,TSP,10E,MED,LRW,SHM,ALA,DDC,M10,HOP,ME3,ZEN,H09,DDE,ROE,ARC,M11,DDF,SOM,MBS,DDG,NPH,CMD,M12,DDH,ISD,DDI,AVR,PC2,M13,RTR,DDK,M14,DDL,THS,C13,MD1,M15,DDN,KTK,C14,DD3_DVD,FRF,DDO,DTK,TPR,ORI,DDP,BFZ,C15,DDQ,SOI",,normal,205931,,,Basic Land,Plains,Land
Plains,,,W,John Avon,232,Basic Land — Plains,,"LEA,LEB,2ED,CED,CEI,3ED,4ED,ICE,RQS,pARL,MIR,ITP,5ED,POR,pPRE,TMP,pJGP,PO2,UGL,pALP,USG,ATH,6ED,PTK,S99,pGRU,MMQ,BRB,pELP,S00,INV,7ED,ODY,ONS,8ED,MRD,CHK,UNH,9ED,RAV,CST,TSP,10E,MED,LRW,SHM,ALA,DDC,M10,HOP,ME3,ZEN,H09,DDE,ROE,ARC,M11,DDF,SOM,MBS,DDG,NPH,CMD,M12,DDH,ISD,DDI,AVR,PC2,M13,RTR,DDK,M14,DDL,THS,C13,MD1,M15,DDN,KTK,C14,DD3_DVD,FRF,DDO,DTK,TPR,ORI,DDP,BFZ,C15,DDQ,SOI",,normal,205928,,,Basic Land,Plains,Land
Island,,,U,Vincent Proce,233,Basic Land — Island,,"LEA,LEB,2ED,CED,CEI,3ED,4ED,ICE,RQS,pARL,MIR,ITP,5ED,POR,TMP,pJGP,PO2,UGL,pALP,USG,6ED,PTK,S99,pGRU,MMQ,BRB,pELP,S00,BTD,INV,7ED,ODY,ONS,8ED,MRD,CHK,UNH,9ED,RAV,CST,TSP,10E,MED,LRW,SHM,ALA,DD2,M10,HOP,ME3,ZEN,H09,DDE,ROE,DPA,ARC,M11,DDF,SOM,MBS,NPH,CMD,M12,DDH,ISD,DDI,AVR,PC2,M13,DDJ,RTR,M14,THS,C13,DDM,M15,DDN,KTK,C14,DD3_JVC,FRF,DDO,DTK,TPR,ORI,BFZ,C15,DDQ,SOI",,normal,205932,,,Basic Land,Island,Land
Island,,,U,Vincent Proce,234,Basic Land — Island,,"LEA,LEB,2ED,CED,CEI,3ED,4ED,ICE,RQS,pARL,MIR,ITP,5ED,POR,TMP,pJGP,PO2,UGL,pALP,USG,6ED,PTK,S99,pGRU,MMQ,BRB,pELP,S00,BTD,INV,7ED,ODY,ONS,8ED,MRD,CHK,UNH,9ED,RAV,CST,TSP,10E,MED,LRW,SHM,ALA,DD2,M10,HOP,ME3,ZEN,H09,DDE,ROE,DPA,ARC,M11,DDF,SOM,MBS,NPH,CMD,M12,DDH,ISD,DDI,AVR,PC2,M13,DDJ,RTR,M14,THS,C13,DDM,M15,DDN,KTK,C14,DD3_JVC,FRF,DDO,DTK,TPR,ORI,BFZ,C15,DDQ,SOI",,normal,205939,,,Basic Land,Island,Land
Island,,,U,Vincent Proce,235,Basic Land — Island,,"LEA,LEB,2ED,CED,CEI,3ED,4ED,ICE,RQS,pARL,MIR,ITP,5ED,POR,TMP,pJGP,PO2,UGL,pALP,USG,6ED,PTK,S99,pGRU,MMQ,BRB,pELP,S00,BTD,INV,7ED,ODY,ONS,8ED,MRD,CHK,UNH,9ED,RAV,CST,TSP,10E,MED,LRW,SHM,ALA,DD2,M10,HOP,ME3,ZEN,H09,DDE,ROE,DPA,ARC,M11,DDF,SOM,MBS,NPH,CMD,M12,DDH,ISD,DDI,AVR,PC2,M13,DDJ,RTR,M14,THS,C13,DDM,M15,DDN,KTK,C14,DD3_JVC,FRF,DDO,DTK,TPR,ORI,BFZ,C15,DDQ,SOI",,normal,205944,,,Basic Land,Island,Land
Island,,,U,Vincent Proce,236,Basic Land — Island,,"LEA,LEB,2ED,CED,CEI,3ED,4ED,ICE,RQS,pARL,MIR,ITP,5ED,POR,TMP,pJGP,PO2,UGL,pALP,USG,6ED,PTK,S99,pGRU,MMQ,BRB,pELP,S00,BTD,INV,7ED,ODY,ONS,8ED,MRD,CHK,UNH,9ED,RAV,CST,TSP,10E,MED,LRW,SHM,ALA,DD2,M10,HOP,ME3,ZEN,H09,DDE,ROE,DPA,ARC,M11,DDF,SOM,MBS,NPH,CMD,M12,DDH,ISD,DDI,AVR,PC2,M13,DDJ,RTR,M14,THS,C13,DDM,M15,DDN,KTK,C14,DD3_JVC,FRF,DDO,DTK,TPR,ORI,BFZ,C15,DDQ,SOI",,normal,205945,,,Basic Land,Island,Land
Swamp,,,B,Véronique Meignaud,237,Basic Land — Swamp,,"LEA,LEB,2ED,CED,CEI,3ED,4ED,ICE,RQS,pARL,MIR,ITP,5ED,POR,TMP,pJGP,PO2,UGL,pALP,USG,ATH,6ED,PTK,S99,pGRU,MMQ,BRB,pELP,S00,BTD,INV,7ED,ODY,DKM,ONS,8ED,MRD,CHK,UNH,9ED,RAV,CST,TSP,10E,MED,LRW,SHM,ALA,DDC,M10,HOP,ME3,ZEN,DDD,H09,DDE,ROE,DPA,ARC,M11,SOM,MBS,NPH,CMD,M12,DDH,ISD,PD3,AVR,PC2,M13,DDJ,RTR,DDK,M14,THS,C13,DDM,MD1,M15,DDN,KTK,C14,DD3_DVD,DD3_GVL,FRF,DTK,TPR,ORI,DDP,BFZ,C15,DDQ,SOI",,normal,205940,,,Basic Land,Swamp,Land
Swamp,,,B,Véronique Meignaud,238,Basic Land — Swamp,,"LEA,LEB,2ED,CED,CEI,3ED,4ED,ICE,RQS,pARL,MIR,ITP,5ED,POR,TMP,pJGP,PO2,UGL,pALP,USG,ATH,6ED,PTK,S99,pGRU,MMQ,BRB,pELP,S00,BTD,INV,7ED,ODY,DKM,ONS,8ED,MRD,CHK,UNH,9ED,RAV,CST,TSP,10E,MED,LRW,SHM,ALA,DDC,M10,HOP,ME3,ZEN,DDD,H09,DDE,ROE,DPA,ARC,M11,SOM,MBS,NPH,CMD,M12,DDH,ISD,PD3,AVR,PC2,M13,DDJ,RTR,DDK,M14,THS,C13,DDM,MD1,M15,DDN,KTK,C14,DD3_DVD,DD3_GVL,FRF,DTK,TPR,ORI,DDP,BFZ,C15,DDQ,SOI",,normal,205941,,,Basic Land,Swamp,Land
Swamp,,,B,Véronique Meignaud,239,Basic Land — Swamp,,"LEA,LEB,2ED,CED,CEI,3ED,4ED,ICE,RQS,pARL,MIR,ITP,5ED,POR,TMP,pJGP,PO2,UGL,pALP,USG,ATH,6ED,PTK,S99,pGRU,MMQ,BRB,pELP,S00,BTD,INV,7ED,ODY,DKM,ONS,8ED,MRD,CHK,UNH,9ED,RAV,CST,TSP,10E,MED,LRW,SHM,ALA,DDC,M10,HOP,ME3,ZEN,DDD,H09,DDE,ROE,DPA,ARC,M11,SOM,MBS,NPH,CMD,M12,DDH,ISD,PD3,AVR,PC2,M13,DDJ,RTR,DDK,M14,THS,C13,DDM,MD1,M15,DDN,KTK,C14,DD3_DVD,DD3_GVL,FRF,DTK,TPR,ORI,DDP,BFZ,C15,DDQ,SOI",,normal,205942,,,Basic Land,Swamp,Land
Swamp,,,B,Véronique Meignaud,240,Basic Land — Swamp,,"LEA,LEB,2ED,CED,CEI,3ED,4ED,ICE,RQS,pARL,MIR,ITP,5ED,POR,TMP,pJGP,PO2,UGL,pALP,USG,ATH,6ED,PTK,S99,pGRU,MMQ,BRB,pELP,S00,BTD,INV,7ED,ODY,DKM,ONS,8ED,MRD,CHK,UNH,9ED,RAV,CST,TSP,10E,MED,LRW,SHM,ALA,DDC,M10,HOP,ME3,ZEN,DDD,H09,DDE,ROE,DPA,ARC,M11,SOM,MBS,NPH,CMD,M12,DDH,ISD,PD3,AVR,PC2,M13,DDJ,RTR,DDK,M14,THS,C13,DDM,MD1,M15,DDN,KTK,C14,DD3_DVD,DD3_GVL,FRF,DTK,TPR,ORI,DDP,BFZ,C15,DDQ,SOI",,normal,205948,,,Basic Land,Swamp,Land
Mountain,,,R,James Paick,241,Basic Land — Mountain,,"LEA,LEB,2ED,ARN,CED,CEI,3ED,4ED,ICE,RQS,pARL,MIR,ITP,5ED,POR,TMP,pJGP,PO2,UGL,pALP,USG,ATH,6ED,PTK,S99,pGRU,MMQ,BRB,pELP,S00,BTD,INV,7ED,ODY,DKM,ONS,8ED,MRD,CHK,UNH,9ED,RAV,CST,TSP,10E,MED,LRW,EVG,SHM,ALA,DD2,M10,HOP,ME3,ZEN,H09,DDE,ROE,DPA,ARC,M11,SOM,PD2,MBS,DDG,NPH,CMD,M12,DDH,ISD,DDI,AVR,PC2,M13,DDJ,RTR,DDK,M14,DDL,THS,C13,M15,DDN,KTK,C14,DD3_EVG,DD3_JVC,FRF,DTK,TPR,ORI,DDP,BFZ,C15,SOI",,normal,205947,,,Basic Land,Mountain,Land
Mountain,,,R,James Paick,242,Basic Land — Mountain,,"LEA,LEB,2ED,ARN,CED,CEI,3ED,4ED,ICE,RQS,pARL,MIR,ITP,5ED,POR,TMP,pJGP,PO2,UGL,pALP,USG,ATH,6ED,PTK,S99,pGRU,MMQ,BRB,pELP,S00,BTD,INV,7ED,ODY,DKM,ONS,8ED,MRD,CHK,UNH,9ED,RAV,CST,TSP,10E,MED,LRW,EVG,SHM,ALA,DD2,M10,HOP,ME3,ZEN,H09,DDE,ROE,DPA,ARC,M11,SOM,PD2,MBS,DDG,NPH,CMD,M12,DDH,ISD,DDI,AVR,PC2,M13,DDJ,RTR,DDK,M14,DDL,THS,C13,M15,DDN,KTK,C14,DD3_EVG,DD3_JVC,FRF,DTK,TPR,ORI,DDP,BFZ,C15,SOI",,normal,205926,,,Basic Land,Mountain,Land
Mountain,,,R,James Paick,243,Basic Land — Mountain,,"LEA,LEB,2ED,ARN,CED,CEI,3ED,4ED,ICE,RQS,pARL,MIR,ITP,5ED,POR,TMP,pJGP,PO2,UGL,pALP,USG,ATH,6ED,PTK,S99,pGRU,MMQ,BRB,pELP,S00,BTD,INV,7ED,ODY,DKM,ONS,8ED,MRD,CHK,UNH,9ED,RAV,CST,TSP,10E,MED,LRW,EVG,SHM,ALA,DD2,M10,HOP,ME3,ZEN,H09,DDE,ROE,DPA,ARC,M11,SOM,PD2,MBS,DDG,NPH,CMD,M12,DDH,ISD,DDI,AVR,PC2,M13,DDJ,RTR,DDK,M14,DDL,THS,C13,M15,DDN,KTK,C14,DD3_EVG,DD3_JVC,FRF,DTK,TPR,ORI,DDP,BFZ,C15,SOI",,normal,205923,,,Basic Land,Mountain,Land
Mountain,,,R,James Paick,244,Basic Land — Mountain,,"LEA,LEB,2ED,ARN,CED,CEI,3ED,4ED,ICE,RQS,pARL,MIR,ITP,5ED,POR,TMP,pJGP,PO2,UGL,pALP,USG,ATH,6ED,PTK,S99,pGRU,MMQ,BRB,pELP,S00,BTD,INV,7ED,ODY,DKM,ONS,8ED,MRD,CHK,UNH,9ED,RAV,CST,TSP,10E,MED,LRW,EVG,SHM,ALA,DD2,M10,HOP,ME3,ZEN,H09,DDE,ROE,DPA,ARC,M11,SOM,PD2,MBS,DDG,NPH,CMD,M12,DDH,ISD,DDI,AVR,PC2,M13,DDJ,RTR,DDK,M14,DDL,THS,C13,M15,DDN,KTK,C14,DD3_EVG,DD3_JVC,FRF,DTK,TPR,ORI,DDP,BFZ,C15,SOI",,normal,205937,,,Basic Land,Mountain,Land
Forest,,,G,Jung Park,245,Basic Land — Forest,,"LEA,LEB,2ED,CED,CEI,3ED,4ED,ICE,RQS,pARL,MIR,ITP,5ED,POR,TMP,pJGP,PO2,UGL,pALP,USG,ATH,6ED,PTK,S99,pGRU,MMQ,BRB,pELP,S00,BTD,INV,7ED,ODY,DKM,ONS,8ED,MRD,CHK,UNH,9ED,RAV,CST,TSP,10E,MED,LRW,EVG,SHM,ALA,M10,HOP,ME3,ZEN,DDD,H09,DDE,ROE,DPA,ARC,M11,SOM,MBS,DDG,NPH,CMD,M12,DDH,ISD,AVR,PC2,M13,DDJ,RTR,M14,DDL,THS,C13,DDM,M15,KTK,C14,DD3_EVG,DD3_GVL,FRF,DDO,DTK,TPR,ORI,DDP,BFZ,C15,SOI",,normal,205935,,,Basic Land,Forest,Land
Forest,,,G,Jung Park,246,Basic Land — Forest,,"LEA,LEB,2ED,CED,CEI,3ED,4ED,ICE,RQS,pARL,MIR,ITP,5ED,POR,TMP,pJGP,PO2,UGL,pALP,USG,ATH,6ED,PTK,S99,pGRU,MMQ,BRB,pELP,S00,BTD,INV,7ED,ODY,DKM,ONS,8ED,MRD,CHK,UNH,9ED,RAV,CST,TSP,10E,MED,LRW,EVG,SHM,ALA,M10,HOP,ME3,ZEN,DDD,H09,DDE,ROE,DPA,ARC,M11,SOM,MBS,DDG,NPH,CMD,M12,DDH,ISD,AVR,PC2,M13,DDJ,RTR,M14,DDL,THS,C13,DDM,M15,KTK,C14,DD3_EVG,DD3_GVL,FRF,DDO,DTK,TPR,ORI,DDP,BFZ,C15,SOI",,normal,205933,,,Basic Land,Forest,Land
Forest,,,G,Jung Park,247,Basic Land — Forest,,"LEA,LEB,2ED,CED,CEI,3ED,4ED,ICE,RQS,pARL,MIR,ITP,5ED,POR,TMP,pJGP,PO2,UGL,pALP,USG,ATH,6ED,PTK,S99,pGRU,MMQ,BRB,pELP,S00,BTD,INV,7ED,ODY,DKM,ONS,8ED,MRD,CHK,UNH,9ED,RAV,CST,TSP,10E,MED,LRW,EVG,SHM,ALA,M10,HOP,ME3,ZEN,DDD,H09,DDE,ROE,DPA,ARC,M11,SOM,MBS,DDG,NPH,CMD,M12,DDH,ISD,AVR,PC2,M13,DDJ,RTR,M14,DDL,THS,C13,DDM,M15,KTK,C14,DD3_EVG,DD3_GVL,FRF,DDO,DTK,TPR,ORI,DDP,BFZ,C15,SOI",,normal,205927,,,Basic Land,Forest,Land
Forest,,,G,Jung Park,248,Basic Land — Forest,,"LEA,LEB,2ED,CED,CEI,3ED,4ED,ICE,RQS,pARL,MIR,ITP,5ED,POR,TMP,pJGP,PO2,UGL,pALP,USG,ATH,6ED,PTK,S99,pGRU,MMQ,BRB,pELP,S00,BTD,INV,7ED,ODY,DKM,ONS,8ED,MRD,CHK,UNH,9ED,RAV,CST,TSP,10E,MED,LRW,EVG,SHM,ALA,M10,HOP,ME3,ZEN,DDD,H09,DDE,ROE,DPA,ARC,M11,SOM,MBS,DDG,NPH,CMD,M12,DDH,ISD,AVR,PC2,M13,DDJ,RTR,M14,DDL,THS,C13,DDM,M15,KTK,C14,DD3_EVG,DD3_GVL,FRF,DDO,DTK,TPR,ORI,DDP,BFZ,C15,SOI",,normal,205949,,,Basic Land,Forest,Land
