name,manaCost,cmc,colorIdentity,artist,number,type,text,printings,flavor,layout,multiverseid,power,toughness,rarity,subtypes,types
Æther Shockwave,{3}{W},4,W,Stephen Tappin,1,Instant,Choose one —\n• Tap all Spirits.\n• Tap all non-Spirit creatures.,SOK,"""The strain upon the veil between worlds began to show near the end of the Kami War. Strange happenings that neither side could control lashed out across Kamigawa.""\n—Observations of the Kami War",normal,74208,,,Uncommon,,Instant
Araba Mothrider,{1}{W},2,W,Anthony S. Waters,2,Creature — Human Samurai,"Flying\nBushido 1 (Whenever this creature blocks or becomes blocked, it gets +1/+1 until end of turn.)",SOK,"""My finest creations are fashioned after the moths of Eiganjo. They fly higher, faster, and more gracefully than any of my own designs.""\n—Noboru, master kitemaker",normal,74050,1,1,Common,"Human,Samurai",Creature
Celestial Kirin,{2}{W}{W},4,W,Adam Rex,3,Legendary Creature — Kirin Spirit,"Flying\nWhenever you cast a Spirit or Arcane spell, destroy all permanents with that spell's converted mana cost.",SOK,"All bow at its visitation—some in awe, some in honor, some in fear.",normal,84380,3,3,Rare,"Kirin,Spirit",Creature
Charge Across the Araba,{4}{W},5,W,Dany Orizio,4,Instant — Arcane,Sweep — Return any number of Plains you control to their owner's hand. Creatures you control get +1/+1 until end of turn for each Plains returned this way.,SOK,,normal,74186,,,Uncommon,Arcane,Instant
Cowed by Wisdom,{W},1,W,Daren Bader,5,Enchantment — Aura,Enchant creature\nEnchanted creature can't attack or block unless its controller pays {1} for each card in your hand.,SOK,,normal,74132,,,Common,Aura,Enchantment
Curtain of Light,{1}{W},2,W,Chippy,6,Instant,Cast Curtain of Light only during combat after blockers are declared.\nTarget unblocked attacking creature becomes blocked. (This spell works on creatures that can't be blocked.)\nDraw a card.,SOK,"""Paint gold upon the wind,\nShape the wind into a shield,\nAnd vanish behind the brightness.""\n—Snow-Fur, kitsune poet",normal,87329,,,Common,,Instant
Descendant of Kiyomaro,{1}{W}{W},3,W,Christopher Rush,7,Creature — Human Soldier,"As long as you have more cards in hand than each opponent, Descendant of Kiyomaro gets +1/+2 and has ""Whenever this creature deals combat damage, you gain 3 life.""",SOK,"""The blood of Kiyomaro flows in my veins. He did not let Eiganjo fall and neither shall I.""",normal,89400,2,3,Uncommon,"Human,Soldier",Creature
Eiganjo Free-Riders,{3}{W},4,W,Kev Walker,8,Creature — Human Soldier,"Flying\nAt the beginning of your upkeep, return a white creature you control to its owner's hand.",SOK,"""The air filled with dust and the sound of wingbeats. The mothriders had joined the fray.""\n—Great Battles of Kamigawa",normal,74373,3,4,Uncommon,"Human,Soldier",Creature
Enduring Ideal,{5}{W}{W},7,W,Daren Bader,9,Sorcery,"Search your library for an enchantment card and put it onto the battlefield. Then shuffle your library.\nEpic (For the rest of the game, you can't cast spells. At the beginning of each of your upkeeps, copy this spell except for its epic ability.)",SOK,,normal,87598,,,Rare,,Sorcery
Ghost-Lit Redeemer,{W},1,W,Shishizaru,10,Creature — Spirit,"{W}, {T}: You gain 2 life.\nChannel — {1}{W}, Discard Ghost-Lit Redeemer: You gain 4 life.",SOK,,normal,74082,1,1,Uncommon,Spirit,Creature
Hail of Arrows,{X}{W},1,W,Anthony S. Waters,11,Instant,Hail of Arrows deals X damage divided as you choose among any number of target attacking creatures.,"SOK,10E","""Do not let a single shaft loose until my word. And when I give that word, do not leave a single shaft in Eiganjo.""\n—General Takeno",normal,74137,,,Uncommon,,Instant
Hand of Honor,{W}{W},2,W,Kev Walker,12,Creature — Human Samurai,"Protection from black\nBushido 1 (Whenever this creature blocks or becomes blocked, it gets +1/+1 until end of turn.)",SOK,"""The sword is just a tool. It is the samurai's hand that brings it to life.""",normal,74173,2,2,Uncommon,"Human,Samurai",Creature
Inner-Chamber Guard,{1}{W},2,W,Brian Snõddy,13,Creature — Human Samurai,"Bushido 2 (Whenever this creature blocks or becomes blocked, it gets +2/+2 until end of turn.)",SOK,"""It seems that each time I visit Lord Konda his guards are more on edge, perhaps even more eager for the war to reach them.""\n—Masako the Humorless",normal,74002,0,2,Uncommon,"Human,Samurai",Creature
"Kataki, War's Wage",{1}{W},2,W,Matt Thompson,14,Legendary Creature — Spirit,"All artifacts have ""At the beginning of your upkeep, sacrifice this artifact unless you pay {1}.""","SOK,MMA,MD1","""Before the war, we prayed to Kataki to sharpen our swords and harden our armor. Without his blessing our weapons are all but useless against the kami hordes.""\n—Kenzo the Hardhearted",normal,74190,2,1,Rare,Spirit,Creature
Kitsune Bonesetter,{2}{W},3,W,Heather Hudson,15,Creature — Fox Cleric,{T}: Prevent the next 3 damage that would be dealt to target creature this turn. Activate this ability only if you have more cards in hand than each opponent.,SOK,"""He kept generations whole before the Kami War, and now he turns his century of wisdom to healing the latest casualties.""\n—Eight-and-a-Half-Tails",normal,74046,0,1,Common,"Fox,Cleric",Creature
Kitsune Dawnblade,{4}{W},5,W,Carl Critchlow,16,Creature — Fox Samurai,"Bushido 1 (Whenever this creature blocks or becomes blocked, it gets +1/+1 until end of turn.)\nWhen Kitsune Dawnblade enters the battlefield, you may tap target creature.",SOK,,normal,80530,2,3,Common,"Fox,Samurai",Creature
Kitsune Loreweaver,{1}{W},2,W,Eric Polak,17,Creature — Fox Cleric,"{1}{W}: Kitsune Loreweaver gets +0/+X until end of turn, where X is the number of cards in your hand.",SOK,"""Know your history. The lessons of the past will shield you in times of doubt.""",normal,74213,2,1,Common,"Fox,Cleric",Creature
"Kiyomaro, First to Stand",{3}{W}{W},5,W,Kev Walker,18,Legendary Creature — Spirit,"Kiyomaro, First to Stand's power and toughness are each equal to the number of cards in your hand.\nAs long as you have four or more cards in hand, Kiyomaro has vigilance.\nWhenever Kiyomaro deals damage, if you have seven or more cards in hand, you gain 7 life.","pPRE,SOK",,normal,74054,*,*,Rare,Spirit,Creature
"Michiko Konda, Truth Seeker",{3}{W},4,W,Christopher Moeller,19,Legendary Creature — Human Advisor,"Whenever a source an opponent controls deals damage to you, that player sacrifices a permanent.",SOK,"""Watch over my father. Tell him I'm safe, but I won't come home until I find out how to bring him back to his senses, and Kamigawa is again at peace.""\n—Michiko Konda, last letter to General Takeno",normal,84359,2,2,Rare,"Human,Advisor",Creature
Moonwing Moth,{1}{W}{W},3,W,Franz Vohwinkel,20,Creature — Insect,Flying\n{W}: Moonwing Moth gets +0/+1 until end of turn.,SOK,"""Night wings sprinkled with dust\nOf a thousand soldiers dead\nAnd a thousand cities fallen.""\n—Snow-Fur, kitsune poet",normal,84643,2,1,Common,Insect,Creature
Nikko-Onna,{2}{W},3,W,Shishizaru,21,Creature — Spirit,"When Nikko-Onna enters the battlefield, destroy target enchantment.\nWhenever you cast a Spirit or Arcane spell, you may return Nikko-Onna to its owner's hand.",SOK,,normal,84639,2,2,Uncommon,Spirit,Creature
Plow Through Reito,{1}{W},2,W,Ron Spencer,22,Instant — Arcane,Sweep — Return any number of Plains you control to their owner's hand. Target creature gets +1/+1 until end of turn for each Plains returned this way.,SOK,The paths of the kami crisscrossed Kamigawa like scars left by a maddened surgeon.,normal,89397,,,Common,Arcane,Instant
Presence of the Wise,{2}{W}{W},4,W,Christopher Moeller,23,Sorcery,You gain 2 life for each card in your hand.,SOK,"""Humbly I bow. Silently I wait. Deeply I listen.""",normal,74216,,,Uncommon,,Sorcery
Promise of Bunrei,{2}{W},3,W,Stephen Tappin,24,Enchantment,"When a creature you control dies, sacrifice Promise of Bunrei. If you do, put four 1/1 colorless Spirit creature tokens onto the battlefield.",SOK,"""I am not afraid to die today nor afraid of what death will bring.""",normal,84376,,,Rare,,Enchantment
Pure Intentions,{W},1,W,Randy Gallegos,25,Instant — Arcane,"Whenever a spell or ability an opponent controls causes you to discard cards this turn, return those cards from your graveyard to your hand.\nWhen a spell or ability an opponent controls causes you to discard Pure Intentions, return Pure Intentions from your graveyard to your hand at the beginning of the next end step.",SOK,,normal,88785,,,Rare,Arcane,Instant
Reverence,{2}{W}{W},4,W,Ittoku,26,Enchantment,Creatures with power 2 or less can't attack you.,SOK,"""Despite the massive forces that allied against him, Konda never once believed he would lose the Kami War.""\n—Masako the Humorless",normal,84371,,,Rare,,Enchantment
"Rune-Tail, Kitsune Ascendant",{2}{W},3,W,Randy Gallegos,27a,Legendary Creature — Fox Monk,"When you have 30 or more life, flip Rune-Tail, Kitsune Ascendant.",SOK,,flip,87600,2,2,Rare,"Fox,Monk",Creature
Rune-Tail's Essence,{2}{W},3,W,Randy Gallegos,27b,Legendary Enchantment,Prevent all damage that would be dealt to creatures you control.,SOK,,flip,87600,,,Rare,,Enchantment
Shinen of Stars' Light,{2}{W},3,W,Jeremy Jarvis,28,Creature — Spirit,"First strike\nChannel — {1}{W}, Discard Shinen of Stars' Light: Target creature gains first strike until end of turn.",SOK,,normal,74361,2,1,Common,Spirit,Creature
Spiritual Visit,{W},1,W,Pete Venters,29,Instant — Arcane,"Put a 1/1 colorless Spirit creature token onto the battlefield.\nSplice onto Arcane {W} (As you cast an Arcane spell, you may reveal this card from your hand and pay its splice cost. If you do, add this card's effects to that spell.)",SOK,,normal,74372,,,Common,Arcane,Instant
Torii Watchward,{4}{W},5,W,Jeff Miracola,30,Creature — Spirit,"Vigilance (Attacking doesn't cause this creature to tap.)\nSoulshift 4 (When this creature dies, you may return target Spirit card with converted mana cost 4 or less from your graveyard to your hand.)",SOK,,normal,87342,3,3,Common,Spirit,Creature
Cloudhoof Kirin,{3}{U}{U},5,U,Randy Gallegos,31,Legendary Creature — Kirin Spirit,"Flying\nWhenever you cast a Spirit or Arcane spell, you may have target player put the top X cards of his or her library into his or her graveyard, where X is that spell's converted mana cost.",SOK,,normal,89399,4,4,Rare,"Kirin,Spirit",Creature
Cut the Earthly Bond,{U},1,U,Jeff Miracola,32,Instant — Arcane,Return target enchanted permanent to its owner's hand.,SOK,"""The more kami that passed through the veil that separated them from our world, the weaker that veil became, threatening to tear into tatters at the slightest pressure.""\n—The History of Kamigawa",normal,88786,,,Common,Arcane,Instant
Descendant of Soramaro,{3}{U},4,U,Brian Despain,33,Creature — Human Wizard,"{1}{U}: Look at the top X cards of your library, where X is the number of cards in your hand, then put them back in any order.",SOK,"""Soramaro speaks through me. Listen! And I will tell the wisdom of the ancestors.""",normal,84648,2,3,Common,"Human,Wizard",Creature
Dreamcatcher,{U},1,U,Mark Tedin,34,Creature — Spirit,"Whenever you cast a Spirit or Arcane spell, you may sacrifice Dreamcatcher. If you do, draw a card.",SOK,"""Be careful where your mind wanders. Even in the quietest moments, the kami are listening, and your thoughts give them shape.""\n—Lady Azami",normal,73988,1,1,Common,Spirit,Creature
"Erayo, Soratami Ascendant",{1}{U},2,U,Matt Cavotta,35a,Legendary Creature — Moonfolk Monk,"Flying\nWhenever the fourth spell of a turn is cast, flip Erayo, Soratami Ascendant.",SOK,,flip,87599,1,1,Rare,"Moonfolk,Monk",Creature
Erayo's Essence,{1}{U},2,U,Matt Cavotta,35b,Legendary Enchantment,"Whenever an opponent casts a spell for the first time in a turn, counter that spell.",SOK,,flip,87599,,,Rare,,Enchantment
Eternal Dominion,{7}{U}{U}{U},10,U,Shishizaru,36,Sorcery,"Search target opponent's library for an artifact, creature, enchantment, or land card. Put that card onto the battlefield under your control. Then that player shuffles his or her library.\nEpic (For the rest of the game, you can't cast spells. At the beginning of each of your upkeeps, copy this spell except for its epic ability. You may choose a new target for the copy.)",SOK,,normal,87593,,,Rare,,Sorcery
Evermind,,,U,Matt Thompson,37,Instant — Arcane,"(Nonexistent mana costs can't be paid.)\nDraw a card.\nSplice onto Arcane {1}{U} (As you cast an Arcane spell, you may reveal this card from your hand and pay its splice cost. If you do, add this card's effects to that spell.)",SOK,,normal,74144,,,Uncommon,Arcane,Instant
Freed from the Real,{2}{U},3,U,Scott M. Fischer,38,Enchantment — Aura,Enchant creature\n{U}: Tap enchanted creature.\n{U}: Untap enchanted creature.,SOK,"When a strong mind moves, form and energy shift to heed it.",normal,87336,,,Common,Aura,Enchantment
Ghost-Lit Warder,{1}{U},2,U,Kensuke Okabayashi,39,Creature — Spirit,"{3}{U}, {T}: Counter target spell unless its controller pays {2}.\nChannel — {3}{U}, Discard Ghost-Lit Warder: Counter target spell unless its controller pays {4}.",SOK,,normal,73996,1,1,Uncommon,Spirit,Creature
Ideas Unbound,{U}{U},2,U,Mark Tedin,40,Sorcery — Arcane,Draw three cards. Discard three cards at the beginning of the next end step.,SOK,"The apprentice stared in puzzlement. ""But Master, you finished writing those spells just yesterday. Don't you remember?"" The jushi's heart froze.",normal,88789,,,Common,Arcane,Sorcery
"Kaho, Minamo Historian",{2}{U}{U},4,U,Greg Staples,41,Legendary Creature — Human Wizard,"When Kaho, Minamo Historian enters the battlefield, search your library for up to three instant cards and exile them. Then shuffle your library.\n{X}, {T}: You may cast a card with converted mana cost X exiled with Kaho without paying its mana cost.",SOK,,normal,74055,2,2,Rare,"Human,Wizard",Creature
Kami of the Crescent Moon,{U}{U},2,U,Darrell Riche,42,Legendary Creature — Spirit,"At the beginning of each player's draw step, that player draws an additional card.",SOK,"""He's a lot like me, that masterless little kami . . . unimpressed by grandeur and never at a loss for a trick.""\n—Toshiro Umezawa",normal,84364,1,3,Rare,Spirit,Creature
Kiri-Onna,{4}{U},5,U,Kensuke Okabayashi,43,Creature — Spirit,"When Kiri-Onna enters the battlefield, return target creature to its owner's hand.\nWhenever you cast a Spirit or Arcane spell, you may return Kiri-Onna to its owner's hand.",SOK,,normal,84704,2,2,Uncommon,Spirit,Creature
"Meishin, the Mind Cage",{4}{U}{U}{U},7,U,Thomas Gianni,44,Legendary Enchantment,"All creatures get -X/-0, where X is the number of cards in your hand.",SOK,It's dangerous indeed to be lost in someone else's thoughts.,normal,89406,,,Rare,,Enchantment
Minamo Scrollkeeper,{1}{U},2,U,Paolo Parente,45,Creature — Human Wizard,Defender\nYour maximum hand size is increased by one.,"SOK,CNS","The scrollkeepers never stepped an inch away from the doors of the Great Library, not even when the ogres and their oni masters swept through Minamo.",normal,88791,2,3,Common,"Human,Wizard",Creature
Moonbow Illusionist,{2}{U},3,U,Dan Frazier,46,Creature — Moonfolk Wizard,"Flying\n{2}, Return a land you control to its owner's hand: Target land becomes the basic land type of your choice until end of turn.",SOK,,normal,74198,2,1,Common,"Moonfolk,Wizard",Creature
Murmurs from Beyond,{2}{U},3,U,Paolo Parente,47,Instant — Arcane,Reveal the top three cards of your library. An opponent chooses one of them. Put that card into your graveyard and the rest into your hand.,"SOK,CMD","Like pools of fog that hid treacherous rocks from sailors' eyes, so too were the hands of the kami.",normal,87330,,,Common,Arcane,Instant
Oboro Breezecaller,{1}{U},2,U,Rebecca Guay,48,Creature — Moonfolk Wizard,"Flying\n{2}, Return a land you control to its owner's hand: Untap target land.",SOK,"""I feel their unnatural influence in the weary, weeping land. Do they care nothing for the creatures who walk below their clouds?""\n—Eight-and-a-Half-Tails",normal,88784,1,1,Common,"Moonfolk,Wizard",Creature
Oboro Envoy,{3}{U},4,U,Rob Alexander,49,Creature — Moonfolk Wizard,"Flying\n{2}, Return a land you control to its owner's hand: Target creature gets -X/-0 until end of turn, where X is the number of cards in your hand.",SOK,,normal,74211,1,3,Uncommon,"Moonfolk,Wizard",Creature
Oppressive Will,{2}{U},3,U,Pat Lee,50,Instant,Counter target spell unless its controller pays {1} for each card in your hand.,SOK,"When Minamo was abandoned, its younger students found themselves thrust into a war beyond their skill with talents beyond their control.",normal,74423,,,Common,,Instant
Overwhelming Intellect,{4}{U}{U},6,U,Alex Horley-Orlandelli,51,Instant,Counter target creature spell. Draw cards equal to that spell's converted mana cost.,"SOK,DDJ","""My brain hurts.""",normal,89403,,,Uncommon,,Instant
Rushing-Tide Zubera,{2}{U}{U},4,U,Mark Brill,52,Creature — Zubera Spirit,"When Rushing-Tide Zubera dies, if 4 or more damage was dealt to it this turn, draw three cards.",SOK,"Cut off from the kakuriyo by the destruction of their honden, the zubera sought new ways to bring their secrets home.",normal,50430,3,3,Uncommon,"Zubera,Spirit",Creature
Sakashima the Impostor,{2}{U}{U},4,U,rk post,53,Legendary Creature — Human Rogue,"You may have Sakashima the Impostor enter the battlefield as a copy of any creature on the battlefield, except its name is still Sakashima the Impostor, it's legendary in addition to its other types, and it gains ""{2}{U}{U}: Return Sakashima the Impostor to its owner's hand at the beginning of the next end step.""",SOK,,normal,74509,3,1,Rare,"Human,Rogue",Creature
Secretkeeper,{3}{U},4,U,Ron Spencer,54,Creature — Spirit,"As long as you have more cards in hand than each opponent, Secretkeeper gets +2/+2 and has flying.",SOK,It is all the things that humanity was not meant to know.,normal,89398,2,2,Uncommon,Spirit,Creature
Shape Stealer,{U}{U},2,U,Jim Nelson,55,Creature — Shapeshifter Spirit,"Whenever Shape Stealer blocks or becomes blocked by a creature, change Shape Stealer's base power and toughness to that creature's power and toughness until end of turn.",SOK,"""Stand back. I know just what to do.""\n—Kiki-Jiki, Mirror Breaker",normal,88823,1,1,Uncommon,"Shapeshifter,Spirit",Creature
Shifting Borders,{3}{U},4,U,Alex Horley-Orlandelli,56,Instant — Arcane,"Exchange control of two target lands.\nSplice onto Arcane {3}{U} (As you cast an Arcane spell, you may reveal this card from your hand and pay its splice cost. If you do, add this card's effects to that spell.)",SOK,,normal,74191,,,Uncommon,Arcane,Instant
Shinen of Flight's Wings,{4}{U},5,U,Scott M. Fischer,57,Creature — Spirit,"Flying\nChannel — {U}, Discard Shinen of Flight's Wings: Target creature gains flying until end of turn.",SOK,,normal,74088,3,3,Common,Spirit,Creature
"Soramaro, First to Dream",{4}{U}{U},6,U,Brian Despain,58,Legendary Creature — Spirit,"Flying\nSoramaro, First to Dream's power and toughness are each equal to the number of cards in your hand.\n{4}, Return a land you control to its owner's hand: Draw a card.",SOK,,normal,74170,*,*,Rare,Spirit,Creature
Trusted Advisor,{U},1,U,Jim Nelson,59,Creature — Human Advisor,"Your maximum hand size is increased by two.\nAt the beginning of your upkeep, return a blue creature you control to its owner's hand.",SOK,Some of Minamo's students claimed he was as old as the knowledge he dispensed.,normal,88804,1,2,Uncommon,"Human,Advisor",Creature
Twincast,{U}{U},2,U,Christopher Moeller,60,Instant,Copy target instant or sorcery spell. You may choose new targets for the copy.,"SOK,10E,M10","Sometimes you have to search for inspiration, and sometimes it's right there in front of you.",normal,80412,,,Rare,,Instant
"Akuta, Born of Ash",{2}{B}{B},4,B,Ben Thompson,61,Legendary Creature — Spirit,"Haste\nAt the beginning of your upkeep, if you have more cards in hand than each opponent, you may sacrifice a Swamp. If you do, return Akuta, Born of Ash from your graveyard to the battlefield.",SOK,,normal,74148,3,2,Rare,Spirit,Creature
Choice of Damnations,{5}{B},6,B,Tim Hildebrandt,62,Sorcery — Arcane,"Target opponent chooses a number. You may have that player lose that much life. If you don't, that player sacrifices all but that many permanents.",SOK,"""Life is a series of choices between bad and worse.""\n—Toshiro Umezawa",normal,88803,,,Rare,Arcane,Sorcery
Death Denied,{X}{B}{B},2,B,Greg Hildebrandt,63,Instant — Arcane,Return X target creature cards from your graveyard to your hand.,"SOK,MMA,MM2","Takenuma was filled with a chorus of moans, shrieks, and wails. Some came from the living, some from the dying, and some, most horribly, from the dead.",normal,87337,,,Common,Arcane,Instant
Death of a Thousand Stings,{4}{B},5,B,Scott M. Fischer,64,Instant — Arcane,"Target player loses 1 life and you gain 1 life.\nAt the beginning of your upkeep, if you have more cards in hand than each opponent, you may return Death of a Thousand Stings from your graveyard to your hand.",SOK,,normal,74202,,,Common,Arcane,Instant
Deathknell Kami,{1}{B},2,B,Puddnhead,65,Creature — Spirit,"Flying\n{2}: Deathknell Kami gets +1/+1 until end of turn. Sacrifice it at the beginning of the next end step.\nSoulshift 1 (When this creature dies, you may return target Spirit card with converted mana cost 1 or less from your graveyard to your hand.)",SOK,,normal,74003,0,1,Common,Spirit,Creature
Deathmask Nezumi,{2}{B},3,B,Daren Bader,66,Creature — Rat Shaman,"As long as you have seven or more cards in hand, Deathmask Nezumi gets +2/+1 and has fear. (It can't be blocked except by artifact creatures and/or black creatures.)",SOK,"""We had him cornered, we did . . . and, well, you know what they say about rats.""\n—Araba patrol survivor",normal,84703,2,2,Common,"Rat,Shaman",Creature
Exile into Darkness,{4}{B},5,B,Pete Venters,67,Sorcery,"Target player sacrifices a creature with converted mana cost 3 or less.\nAt the beginning of your upkeep, if you have more cards in hand than each opponent, you may return Exile into Darkness from your graveyard to your hand.",SOK,,normal,74399,,,Uncommon,,Sorcery
Footsteps of the Goryo,{2}{B},3,B,Chippy,68,Sorcery — Arcane,Return target creature card from your graveyard to the battlefield. Sacrifice that creature at the beginning of the next end step.,SOK,"In the case of violent deaths, kami offered a chance for revenge if the deceased offered up its corpse as a host to the invading kami.",normal,74400,,,Uncommon,Arcane,Sorcery
Ghost-Lit Stalker,{B},1,B,Hideaki Takamura,69,Creature — Spirit,"{4}{B}, {T}: Target player discards two cards. Activate this ability only any time you could cast a sorcery.\nChannel — {5}{B}{B}, Discard Ghost-Lit Stalker: Target player discards four cards. Activate this ability only any time you could cast a sorcery.","SOK,DDD,DD3_GVL",,normal,74401,1,1,Uncommon,Spirit,Creature
Gnat Miser,{B},1,B,Thomas M. Baxa,70,Creature — Rat Shaman,Each opponent's maximum hand size is reduced by one.,SOK,"Nezumi insect-shamans enjoyed solitary lives, which was fortunate since no other nezumi could stand to live within half a mile of their foul stench.",normal,88794,1,1,Common,"Rat,Shaman",Creature
Hand of Cruelty,{B}{B},2,B,Kev Walker,71,Creature — Human Samurai,"Protection from white\nBushido 1 (Whenever this creature blocks or becomes blocked, it gets +1/+1 until end of turn.)",SOK,"""The sword is just a tool. It is the samurai's hand that delivers death.""",normal,74063,2,2,Uncommon,"Human,Samurai",Creature
Infernal Kirin,{2}{B}{B},4,B,Carl Critchlow,72,Legendary Creature — Kirin Spirit,"Flying\nWhenever you cast a Spirit or Arcane spell, target player reveals his or her hand and discards all cards with that spell's converted mana cost.",SOK,"The kirin bellowed—an echoing, twisted parody of its once-inspirational call.",normal,74377,3,3,Rare,"Kirin,Spirit",Creature
"Kagemaro, First to Suffer",{3}{B}{B},5,B,Adam Rex,73,Legendary Creature — Demon Spirit,"Kagemaro, First to Suffer's power and toughness are each equal to the number of cards in your hand.\n{B}, Sacrifice Kagemaro: All creatures get -X/-X until end of turn, where X is the number of cards in your hand.",SOK,,normal,74016,*,*,Rare,"Demon,Spirit",Creature
Kagemaro's Clutch,{3}{B},4,B,Pat Lee,74,Enchantment — Aura,"Enchant creature\nEnchanted creature gets -X/-X, where X is the number of cards in your hand.",SOK,"The mist was thick, cloying, and constricting. Shiro fought his way to fresh air only to look back and see his comrades fallen on the battlefield behind him.",normal,74560,,,Common,Aura,Enchantment
Kami of Empty Graves,{3}{B},4,B,Greg Hildebrandt,75,Creature — Spirit,"Soulshift 3 (When this creature dies, you may return target Spirit card with converted mana cost 3 or less from your graveyard to your hand.)",SOK,,normal,87335,4,1,Common,Spirit,Creature
Kemuri-Onna,{4}{B},5,B,Ittoku,76,Creature — Spirit,"When Kemuri-Onna enters the battlefield, target player discards a card.\nWhenever you cast a Spirit or Arcane spell, you may return Kemuri-Onna to its owner's hand.",SOK,,normal,84705,3,3,Uncommon,Spirit,Creature
Kiku's Shadow,{B}{B},2,B,Pete Venters,77,Sorcery,Target creature deals damage to itself equal to its power.,SOK,"""Me? No, I'm not going to kill you. I won't even lay a finger on you. I promise.""\n—Kiku, Night's Flower",normal,74157,,,Uncommon,,Sorcery
"Kuon, Ogre Ascendant",{B}{B}{B},3,B,Hideaki Takamura,78a,Legendary Creature — Ogre Monk,"At the beginning of the end step, if three or more creatures died this turn, flip Kuon, Ogre Ascendant.",SOK,,flip,87596,2,4,Rare,"Ogre,Monk",Creature
Kuon's Essence,{B}{B}{B},3,B,Hideaki Takamura,78b,Legendary Enchantment,"At the beginning of each player's upkeep, that player sacrifices a creature.",SOK,,flip,87596,,,Rare,,Enchantment
Kuro's Taken,{1}{B},2,B,Puddnhead,79,Creature — Rat Samurai,"Bushido 1 (Whenever this creature blocks or becomes blocked, it gets +1/+1 until end of turn.)\n{1}{B}: Regenerate Kuro's Taken.",SOK,"Simple bargains are the most tempting, and oni bargains are the simplest of all: eternal life for eternal service.",normal,74065,1,1,Common,"Rat,Samurai",Creature
Locust Miser,{2}{B}{B},4,B,Alan Pollack,80,Creature — Rat Shaman,Each opponent's maximum hand size is reduced by two.,SOK,"""They're numerous, attack in swarms, and are always hungry. No wonder we rats hold such a kinship with them.""",normal,74394,2,2,Uncommon,"Rat,Shaman",Creature
"Maga, Traitor to Mortals",{X}{B}{B}{B},3,B,Jim Murray,81,Legendary Creature — Human Wizard,"Maga, Traitor to Mortals enters the battlefield with X +1/+1 counters on it.\nWhen Maga enters the battlefield, target player loses life equal to the number of +1/+1 counters on it.",SOK,,normal,88802,0,0,Rare,"Human,Wizard",Creature
Measure of Wickedness,{3}{B},4,B,Daren Bader,82,Enchantment,"At the beginning of your end step, sacrifice Measure of Wickedness and you lose 8 life.\nWhenever another card is put into your graveyard from anywhere, target opponent gains control of Measure of Wickedness.",SOK,,normal,88821,,,Uncommon,,Enchantment
Neverending Torment,{4}{B}{B},6,B,Thomas Gianni,83,Sorcery,"Search target player's library for X cards, where X is the number of cards in your hand, and exile them. Then that player shuffles his or her library.\nEpic (For the rest of the game, you can't cast spells. At the beginning of each of your upkeeps, copy this spell except for its epic ability. You may choose a new target for the copy.)",SOK,,normal,87601,,,Rare,,Sorcery
One with Nothing,{B},1,B,Jim Nelson,84,Instant,Discard your hand.,SOK,"When nothing remains, everything is equally possible.",normal,88817,,,Rare,,Instant
Pain's Reward,{2}{B},3,B,Matt Cavotta,85,Sorcery,"Each player may bid life. You start the bidding with a bid of any number. In turn order, each player may top the high bid. The bidding ends if the high bid stands. The high bidder loses life equal to the high bid and draws four cards.",SOK,,normal,75340,,,Rare,,Sorcery
Raving Oni-Slave,{1}{B},2,B,Eric Polak,86,Creature — Ogre Warrior,"When Raving Oni-Slave enters the battlefield or leaves the battlefield, you lose 3 life if you don't control a Demon.",SOK,,normal,88787,3,3,Common,"Ogre,Warrior",Creature
Razorjaw Oni,{3}{B},4,B,Carl Critchlow,87,Creature — Demon Spirit,Black creatures can't block.,"SOK,CMD","It gnashed its teeth, and the battlefield filled with the screech of blade striking blade.",normal,74396,4,5,Uncommon,"Demon,Spirit",Creature
Shinen of Fear's Chill,{4}{B},5,B,Darrell Riche,88,Creature — Spirit,"Shinen of Fear's Chill can't block.\nChannel — {1}{B}, Discard Shinen of Fear's Chill: Target creature can't block this turn.",SOK,,normal,88812,3,2,Common,Spirit,Creature
Sink into Takenuma,{3}{B},4,B,Pat Lee,89,Sorcery — Arcane,Sweep — Return any number of Swamps you control to their owner's hand. Target player discards a card for each Swamp returned this way.,SOK,,normal,84717,,,Common,Arcane,Sorcery
Skull Collector,{1}{B}{B},3,B,Thomas M. Baxa,90,Creature — Ogre Warrior,"At the beginning of your upkeep, return a black creature you control to its owner's hand.\n{1}{B}: Regenerate Skull Collector.",SOK,"""Your blood I'll use. Your skull I'll keep.""",normal,88797,3,3,Uncommon,"Ogre,Warrior",Creature
"Adamaro, First to Desire",{1}{R}{R},3,R,Paolo Parente,91,Legendary Creature — Spirit,"Adamaro, First to Desire's power and toughness are each equal to the number of cards in the hand of the opponent with the most cards in hand.",SOK,"""Beware Adamaro! In him all pain and anger is perfected.""\n—Isao, Enlightened Bushi",normal,74187,*,*,Rare,Spirit,Creature
Akki Drillmaster,{2}{R},3,R,Alan Pollack,92,Creature — Goblin Shaman,{T}: Target creature gains haste until end of turn.,SOK,"""What part of ‘hayaku ikee!' did you not understand?""",normal,74393,2,2,Common,"Goblin,Shaman",Creature
Akki Underling,{1}{R},2,R,Franz Vohwinkel,93,Creature — Goblin Warrior,"As long as you have seven or more cards in hand, Akki Underling gets +2/+1 and has first strike.",SOK,"""I lost my hounds in the war and thus found myself employing akki as servants. I found their training to be remarkably similar.""\n—Kensuke, houndmaster",normal,79164,2,1,Common,"Goblin,Warrior",Creature
Barrel Down Sokenzan,{2}{R},3,R,Greg Staples,94,Instant — Arcane,Sweep — Return any number of Mountains you control to their owner's hand. Barrel Down Sokenzan deals damage to target creature equal to twice the number of Mountains returned this way.,SOK,,normal,74201,,,Common,Arcane,Instant
Burning-Eye Zubera,{2}{R}{R},4,R,Anthony S. Waters,95,Creature — Zubera Spirit,"When Burning-Eye Zubera dies, if 4 or more damage was dealt to it this turn, Burning-Eye Zubera deals 3 damage to target creature or player.",SOK,,normal,50234,3,3,Uncommon,"Zubera,Spirit",Creature
Captive Flame,{2}{R},3,R,Keith Garletts,96,Enchantment,{R}: Target creature gets +1/+0 until end of turn.,"SOK,DDG","""Kills and cooks your food in one easy stroke.""",normal,88810,,,Uncommon,,Enchantment
Feral Lightning,{3}{R}{R}{R},6,R,Chippy,97,Sorcery,Put three 3/1 red Elemental creature tokens with haste onto the battlefield. Exile them at the beginning of the next end step.,SOK,"They moved like apes, but a thousand times swifter, prying into every corner, leaving pawprints of ash.",normal,84373,,,Uncommon,,Sorcery
Gaze of Adamaro,{2}{R}{R},4,R,Paolo Parente,98,Instant — Arcane,Gaze of Adamaro deals damage to target player equal to the number of cards in that player's hand.,SOK,"Wherever it looked, it saw destruction—the wake of its own gaze.",normal,89401,,,Uncommon,Arcane,Instant
Ghost-Lit Raider,{2}{R},3,R,Ittoku,99,Creature — Spirit,"{2}{R}, {T}: Ghost-Lit Raider deals 2 damage to target creature.\nChannel — {3}{R}, Discard Ghost-Lit Raider: Ghost-Lit Raider deals 4 damage to target creature.","pREL,SOK",,normal,87341,2,1,Uncommon,Spirit,Creature
Glitterfang,{R},1,R,Ron Spencer,100,Creature — Spirit,"Haste\nAt the beginning of the end step, return Glitterfang to its owner's hand.",SOK,"""Through the veil's rip spilled hundreds of minor kami, rushing over the battlefield like embers from a kicked campfire. Then they were gone.""\n—Great Battles of Kamigawa",normal,89402,1,1,Common,Spirit,Creature
Godo's Irregulars,{R},1,R,Tim Hildebrandt,101,Creature — Human Warrior,{R}: Godo's Irregulars deals 1 damage to target creature blocking it.,SOK,"Godo trained their muscles and honed their skills, but he left their hearts wild and empty.",normal,74015,1,1,Uncommon,"Human,Warrior",Creature
Hidetsugu's Second Rite,{3}{R},4,R,Jeff Miracola,102,Instant,"If target player has exactly 10 life, Hidetsugu's Second Rite deals 10 damage to that player.",SOK,"Hidetsugu never relinquished a grudge. He let it burn within him, gathering ever greater intensity until the final moment of vengeance.",normal,88818,,,Rare,,Instant
"Homura, Human Ascendant",{4}{R}{R},6,R,Kev Walker,103a,Legendary Creature — Human Monk,"Homura, Human Ascendant can't block.\nWhen Homura dies, return it to the battlefield flipped.",SOK,,flip,84716,4,4,Rare,"Human,Monk",Creature
Homura's Essence,{4}{R}{R},6,R,Kev Walker,103b,Legendary Enchantment,"Creatures you control get +2/+2 and have flying and ""{R}: This creature gets +1/+0 until end of turn.""",SOK,,flip,84716,,,Rare,,Enchantment
Iizuka the Ruthless,{3}{R}{R},5,R,Darrell Riche,104,Legendary Creature — Human Samurai,"Bushido 2 (Whenever this creature blocks or becomes blocked, it gets +2/+2 until end of turn.)\n{2}{R}, Sacrifice a Samurai: Samurai creatures you control gain double strike until end of turn.",SOK,,normal,79860,3,3,Rare,"Human,Samurai",Creature
Inner Fire,{3}{R},4,R,Christopher Moeller,105,Sorcery,Add {R} to your mana pool for each card in your hand.,SOK,"""Heart of Sokenzan, I call to you! Lend me your fire.""",normal,84711,,,Common,,Sorcery
Into the Fray,{R},1,R,Paolo Parente,106,Instant — Arcane,"Target creature attacks this turn if able.\nSplice onto Arcane {R} (As you cast an Arcane spell, you may reveal this card from your hand and pay its splice cost. If you do, add this card's effects to that spell.)",SOK,,normal,88813,,,Common,Arcane,Instant
"Jiwari, the Earth Aflame",{3}{R}{R},5,R,Adam Rex,107,Legendary Creature — Spirit,"{X}{R}, {T}: Jiwari, the Earth Aflame deals X damage to target creature without flying.\nChannel — {X}{R}{R}{R}, Discard Jiwari: Jiwari deals X damage to each creature without flying.",SOK,,normal,74047,3,3,Rare,Spirit,Creature
Oni of Wild Places,{5}{R},6,R,Mark Tedin,108,Creature — Demon Spirit,"Haste\nAt the beginning of your upkeep, return a red creature you control to its owner's hand.","SOK,CMD,DDN","The oni leapt easily from peak to peak, toying with its victims, its voice a purr from the rumbling depths of nightmare.",normal,74048,6,5,Uncommon,"Demon,Spirit",Creature
Path of Anger's Flame,{2}{R},3,R,Pat Lee,109,Instant — Arcane,Creatures you control get +2/+0 until end of turn.,SOK,"""Walking the path of the kami only leaves you with singed feet.""\n—Soratami saying",normal,74179,,,Common,Arcane,Instant
Rally the Horde,{5}{R},6,R,Paolo Parente,110,Sorcery,"Exile the top card of your library. Exile the top card of your library. Exile the top card of your library. If the last card exiled isn't a land, repeat this process. Put a 1/1 red Warrior creature token onto the battlefield for each nonland card exiled this way.",SOK,,normal,74411,,,Rare,,Sorcery
Ronin Cavekeeper,{5}{R},6,R,Paolo Parente,111,Creature — Human Samurai,"Bushido 2 (Whenever this creature blocks or becomes blocked, it gets +2/+2 until end of turn.)",SOK,The akki were surprised to encounter a human who could fight in the caves as well as they.,normal,74199,4,3,Common,"Human,Samurai",Creature
Shinen of Fury's Fire,{2}{R},3,R,Dan Frazier,112,Creature — Spirit,"Haste\nChannel — {R}, Discard Shinen of Fury's Fire: Target creature gains haste until end of turn.",SOK,,normal,87339,2,1,Common,Spirit,Creature
Skyfire Kirin,{2}{R}{R},4,R,Tsutomu Kawade,113,Legendary Creature — Kirin Spirit,"Flying\nWhenever you cast a Spirit or Arcane spell, you may gain control of target creature with that spell's converted mana cost until end of turn.",SOK,Its fiery visitation burns away the fog of war and dissipates the ties of loyalty.,normal,88793,3,3,Rare,"Kirin,Spirit",Creature
Sokenzan Renegade,{2}{R},3,R,Alan Pollack,114,Creature — Ogre Samurai Mercenary,"Bushido 1 (Whenever this creature blocks or becomes blocked, it gets +1/+1 until end of turn.)\nAt the beginning of your upkeep, if a player has more cards in hand than each other player, the player who has the most cards in hand gains control of Sokenzan Renegade.",SOK,,normal,74133,3,3,Uncommon,"Ogre,Samurai,Mercenary",Creature
Sokenzan Spellblade,{4}{R},5,R,Carl Critchlow,115,Creature — Ogre Samurai Shaman,"Bushido 1 (Whenever this creature blocks or becomes blocked, it gets +1/+1 until end of turn.)\n{1}{R}: Sokenzan Spellblade gets +X/+0 until end of turn, where X is the number of cards in your hand.",SOK,,normal,74398,2,3,Common,"Ogre,Samurai,Shaman",Creature
Spiraling Embers,{3}{R},4,R,Chippy,116,Sorcery — Arcane,Spiraling Embers deals damage to target creature or player equal to the number of cards in your hand.,SOK,The akki knew to stay indoors on the days the oni flew their kites.,normal,74503,,,Common,Arcane,Sorcery
Sunder from Within,{2}{R}{R},4,R,Jeff Miracola,117,Sorcery — Arcane,Destroy target artifact or land.,SOK,"Trapped for eons within the sacred gong, the kami boomed and clanged to a deafening tempo as they destroyed their erstwhile prison.",normal,88808,,,Uncommon,Arcane,Sorcery
Thoughts of Ruin,{2}{R}{R},4,R,John Avon,118,Sorcery,Each player sacrifices a land for each card in your hand.,SOK,"""In our war with the kami, we annihilate what is our own. Do they too suffer ruination in their hidden world?""\n—Diary of Azusa",normal,74374,,,Rare,,Sorcery
Undying Flames,{4}{R}{R},6,R,Tsutomu Kawade,119,Sorcery,"Exile cards from the top of your library until you exile a nonland card. Undying Flames deals damage to target creature or player equal to that card's converted mana cost.\nEpic (For the rest of the game, you can't cast spells. At the beginning of each of your upkeeps, copy this spell except for its epic ability. You may choose a new target for the copy.)",SOK,,normal,87602,,,Rare,,Sorcery
Yuki-Onna,{3}{R},4,R,Hideaki Takamura,120,Creature — Spirit,"When Yuki-Onna enters the battlefield, destroy target artifact.\nWhenever you cast a Spirit or Arcane spell, you may return Yuki-Onna to its owner's hand.",SOK,,normal,84712,3,1,Uncommon,Spirit,Creature
"Arashi, the Sky Asunder",{3}{G}{G},5,G,Kev Walker,121,Legendary Creature — Spirit,"{X}{G}, {T}: Arashi, the Sky Asunder deals X damage to target creature with flying.\nChannel — {X}{G}{G}, Discard Arashi: Arashi deals X damage to each creature with flying.",SOK,,normal,87333,5,5,Rare,Spirit,Creature
"Ayumi, the Last Visitor",{3}{G}{G},5,G,rk post,122,Legendary Creature — Spirit,Legendary landwalk (This creature can't be blocked as long as defending player controls a legendary land.),SOK,"Before Shinka's walls were built, before the torii at Okina stood, she was there, tall and proud against the sky, and she will be there long after they have fallen into dust.",normal,84370,7,3,Rare,Spirit,Creature
Bounteous Kirin,{5}{G}{G},7,G,Shishizaru,123,Legendary Creature — Kirin Spirit,"Flying\nWhenever you cast a Spirit or Arcane spell, you may gain life equal to that spell's converted mana cost.",SOK,"Even the most benevolent and life-giving of kami joined the war against the mortal world, but only with heavy and sorrowful hearts.",normal,78585,4,4,Rare,"Kirin,Spirit",Creature
Briarknit Kami,{3}{G}{G},5,G,Brian Despain,124,Creature — Spirit,"Whenever you cast a Spirit or Arcane spell, put a +1/+1 counter on target creature.",SOK,"One thorn to warn, ten thorns to defend, a hundred thorns to destroy.",normal,74163,3,3,Uncommon,Spirit,Creature
Dense Canopy,{1}{G},2,G,Luca Zontini,125,Enchantment,Creatures with flying can block only creatures with flying.,SOK,"The orochi learned how to move swiftly and surely along the forest floor, like fish darting through gull-watched waters.",normal,88816,,,Uncommon,,Enchantment
Descendant of Masumaro,{2}{G},3,G,Rob Alexander,126,Creature — Human Monk,"At the beginning of your upkeep, put a +1/+1 counter on Descendant of Masumaro for each card in your hand, then remove a +1/+1 counter from Descendant of Masumaro for each card in target opponent's hand.",SOK,,normal,74119,1,1,Uncommon,"Human,Monk",Creature
Dosan's Oldest Chant,{4}{G},5,G,Tim Hildebrandt,127,Sorcery,You gain 6 life.\nDraw a card.,SOK,"As Dosan's chant grew in volume, a second, deeper voice rose up in harmony behind it, strong enough to shake the earth and yet vibrant enough to fill the spirit.",normal,87332,,,Common,,Sorcery
Elder Pine of Jukai,{2}{G},3,G,Alan Pollack,128,Creature — Spirit,"Whenever you cast a Spirit or Arcane spell, reveal the top three cards of your library. Put all land cards revealed this way into your hand and the rest on the bottom of your library in any order.\nSoulshift 2 (When this creature dies, you may return target Spirit card with converted mana cost 2 or less from your graveyard to your hand.)",SOK,,normal,74204,2,1,Common,Spirit,Creature
Endless Swarm,{5}{G}{G}{G},8,G,Jeremy Jarvis,129,Sorcery,"Put a 1/1 green Snake creature token onto the battlefield for each card in your hand.\nEpic (For the rest of the game, you can't cast spells. At the beginning of each of your upkeeps, copy this spell except for its epic ability.)",SOK,,normal,87594,,,Rare,,Sorcery
Fiddlehead Kami,{4}{G},5,G,Rebecca Guay,130,Creature — Spirit,"Whenever you cast a Spirit or Arcane spell, regenerate Fiddlehead Kami.",SOK,"""Like a riddle, it unwinds.\nLike a green wind, it reaches out.\nLike a sudden guilt, it seizes.""\n—Snow Fur, kitsune poet",normal,74166,3,3,Common,Spirit,Creature
Ghost-Lit Nourisher,{2}{G},3,G,Tsutomu Kawade,131,Creature — Spirit,"{2}{G}, {T}: Target creature gets +2/+2 until end of turn.\nChannel — {3}{G}, Discard Ghost-Lit Nourisher: Target creature gets +4/+4 until end of turn.",SOK,,normal,74068,2,1,Uncommon,Spirit,Creature
Haru-Onna,{3}{G},4,G,Rebecca Guay,132,Creature — Spirit,"When Haru-Onna enters the battlefield, draw a card.\nWhenever you cast a Spirit or Arcane spell, you may return Haru-Onna to its owner's hand.",SOK,,normal,74062,2,1,Uncommon,Spirit,Creature
"Inner Calm, Outer Strength",{2}{G},3,G,Stephen Tappin,133,Instant — Arcane,"Target creature gets +X/+X until end of turn, where X is the number of cards in your hand.",SOK,"The ghostly objects around the kami circled faster and faster, creating a dizzying cyclone of motion. When it opened its eyes, it struck.",normal,74049,,,Common,Arcane,Instant
Kami of the Tended Garden,{3}{G},4,G,Thomas M. Baxa,134,Creature — Spirit,"At the beginning of your upkeep, sacrifice Kami of the Tended Garden unless you pay {G}.\nSoulshift 3 (When this creature dies, you may return target Spirit card with converted mana cost 3 or less from your graveyard to your hand.)",SOK,,normal,74217,4,4,Uncommon,Spirit,Creature
Kashi-Tribe Elite,{1}{G}{G},3,G,Ben Thompson,135,Creature — Snake Warrior,"Legendary Snakes you control have shroud. (They can't be the targets of spells or abilities.)\nWhenever Kashi-Tribe Elite deals combat damage to a creature, tap that creature and it doesn't untap during its controller's next untap step.",SOK,,normal,74195,2,3,Uncommon,"Snake,Warrior",Creature
"Masumaro, First to Live",{3}{G}{G}{G},6,G,Adam Rex,136,Legendary Creature — Spirit,"Masumaro, First to Live's power and toughness are each equal to twice the number of cards in your hand.",SOK,"""In the waning moments of war, humanity's most ancient ancestors return. But whose side shall they make their own?""\n—Isao, Enlightened Bushi",normal,74184,*,*,Rare,Spirit,Creature
Matsu-Tribe Birdstalker,{2}{G}{G},4,G,Heather Hudson,137,Creature — Snake Warrior Archer,"Whenever Matsu-Tribe Birdstalker deals combat damage to a creature, tap that creature and it doesn't untap during its controller's next untap step.\n{G}: Matsu-Tribe Birdstalker gains reach until end of turn. (It can block creatures with flying.)",SOK,,normal,73991,2,2,Common,"Snake,Warrior,Archer",Creature
Molting Skin,{2}{G},3,G,Jeremy Jarvis,138,Enchantment,Return Molting Skin to its owner's hand: Regenerate target creature.,SOK,"""We have learned much from the orochi.""",normal,87331,,,Uncommon,,Enchantment
Nightsoil Kami,{4}{G}{G},6,G,Jim Nelson,139,Creature — Spirit,"Soulshift 5 (When this creature dies, you may return target Spirit card with converted mana cost 5 or less from your graveyard to your hand.)",SOK,,normal,88815,6,4,Common,Spirit,Creature
Okina Nightwatch,{4}{G},5,G,Heather Hudson,140,Creature — Human Monk,"As long as you have more cards in hand than each opponent, Okina Nightwatch gets +3/+3.","pARL,SOK",Only the most skilled budoka could protect the Okina Shrine. Only the best of these protectors took the night watch.,normal,74196,4,3,Common,"Human,Monk",Creature
Promised Kannushi,{G},1,G,Matt Thompson,141,Creature — Human Druid,"Soulshift 7 (When this creature dies, you may return target Spirit card with converted mana cost 7 or less from your graveyard to your hand.)",SOK,,normal,74018,1,1,Common,"Human,Druid",Creature
"Reki, the History of Kamigawa",{2}{G},3,G,"Edward P. Beard, Jr.",142,Legendary Creature — Human Shaman,"Whenever you cast a legendary spell, draw a card.",SOK,"""After his death, monks spent ten years transcribing the tattoos from Reki's body and gathering stories from those who spoke with him. Thus the volume you hold was written.""\n—The History of Kamigawa",normal,74604,1,2,Rare,"Human,Shaman",Creature
Rending Vines,{1}{G}{G},3,G,Dan Frazier,143,Instant — Arcane,Destroy target artifact or enchantment if its converted mana cost is less than or equal to the number of cards in your hand.\nDraw a card.,SOK,,normal,74189,,,Common,Arcane,Instant
Sakura-Tribe Scout,{G},1,G,Darrell Riche,144,Creature — Snake Shaman Scout,{T}: You may put a land card from your hand onto the battlefield.,SOK,"""Scouts of the Sakura Tribe spent two years wandering the forest to learn every leaf and tree. That knowledge was called upon during the Kami War to ensure the orochi's survival.""\n—The History of Kamigawa",normal,74210,1,1,Common,"Snake,Shaman,Scout",Creature
"Sasaya, Orochi Ascendant",{1}{G}{G},3,G,Christopher Moeller,145a,Legendary Creature — Snake Monk,"Reveal your hand: If you have seven or more land cards in your hand, flip Sasaya, Orochi Ascendant.",SOK,,flip,87595,2,3,Rare,"Snake,Monk",Creature
Sasaya's Essence,{1}{G}{G},3,G,Christopher Moeller,145b,Legendary Enchantment,"Whenever a land you control is tapped for mana, for each other land you control with the same name, add one mana to your mana pool of any type that land produced.",SOK,,flip,87595,,,Rare,,Enchantment
Seed the Land,{2}{G}{G},4,G,Anthony S. Waters,146,Enchantment,"Whenever a land enters the battlefield, its controller puts a 1/1 green Snake creature token onto the battlefield.",SOK,"With a sadness and a sense of hope, Senka left the colony of her birth and, with her attendants, set out to serve as broodmistress, founder of a new colony.",normal,74168,,,Rare,,Enchantment
Seek the Horizon,{3}{G},4,G,Eric Polak,147,Sorcery,"Search your library for up to three basic land cards, reveal them, and put them into your hand. Then shuffle your library.","SOK,RTR,KTK","""I've seen this great land from every angle. I know its every tree, stone, and river bend. Yet I have come to realize that knowing a thing is not the same as healing it.""\n—Diary of Azusa",normal,74056,,,Uncommon,,Sorcery
"Sekki, Seasons' Guide",{5}{G}{G}{G},8,G,Kev Walker,148,Legendary Creature — Spirit,"Sekki, Seasons' Guide enters the battlefield with eight +1/+1 counters on it.\nIf damage would be dealt to Sekki, prevent that damage, remove that many +1/+1 counters from Sekki, and put that many 1/1 colorless Spirit creature tokens onto the battlefield.\nSacrifice eight Spirits: Return Sekki from your graveyard to the battlefield.",SOK,,normal,74471,0,0,Rare,Spirit,Creature
Shinen of Life's Roar,{1}{G},2,G,Matt Cavotta,149,Creature — Spirit,"All creatures able to block Shinen of Life's Roar do so.\nChannel — {2}{G}{G}, Discard Shinen of Life's Roar: All creatures able to block target creature this turn do so.","SOK,ARC",,normal,74017,1,2,Common,Spirit,Creature
Stampeding Serow,{2}{G}{G},4,G,"Edward P. Beard, Jr.",150,Creature — Antelope Beast,"Trample\nAt the beginning of your upkeep, return a green creature you control to its owner's hand.",SOK,,normal,74407,5,4,Uncommon,"Antelope,Beast",Creature
Iname as One,{8}{B}{B}{G}{G},12,"B,G",Stephen Tappin,151,Legendary Creature — Spirit,"When Iname as One enters the battlefield, if you cast it from your hand, you may search your library for a Spirit permanent card, put it onto the battlefield, then shuffle your library.\nWhen Iname as One dies, you may exile it. If you do, return target Spirit permanent card from your graveyard to the battlefield.",SOK,,normal,74618,8,8,Rare,Spirit,Creature
Ashes of the Fallen,{2},2,,Dan Frazier,152,Artifact,"As Ashes of the Fallen enters the battlefield, choose a creature type.\nEach creature card in your graveyard has the chosen creature type in addition to its other types.",SOK,"The ashes of the dead mingle with the soil, and both become as one.",normal,87334,,,Rare,,Artifact
Blood Clock,{4},4,,Keith Garletts,153,Artifact,"At the beginning of each player's upkeep, that player returns a permanent he or she controls to its owner's hand unless he or she pays 2 life.",SOK,"In an age of war, time is measured not by sand but by blood.",normal,84709,,,Rare,,Artifact
Ebony Owl Netsuke,{2},2,,Tim Hildebrandt,154,Artifact,"At the beginning of each opponent's upkeep, if that player has seven or more cards in hand, Ebony Owl Netsuke deals 4 damage to him or her.",SOK,"""Owls filled the skies during the Kami War, harbingers of darker times to come.""\n—The History of Kamigawa",normal,88799,,,Uncommon,,Artifact
Ivory Crane Netsuke,{2},2,,Greg Hildebrandt,155,Artifact,"At the beginning of your upkeep, if you have seven or more cards in hand, you gain 4 life.",SOK,"It is said that the feathers of a crane are clouds, plucked and sewn together by the hands of the kami.",normal,88796,,,Uncommon,,Artifact
Manriki-Gusari,{2},2,,Thomas Gianni,156,Artifact — Equipment,"Equipped creature gets +1/+2 and has ""{T}: Destroy target Equipment.""\nEquip {1} ({1}: Attach to target creature you control. Equip only as a sorcery.)",SOK,,normal,74158,,,Uncommon,Equipment,Artifact
O-Naginata,{1},1,,Brian Snõddy,157,Artifact — Equipment,O-Naginata can be attached only to a creature with power 3 or greater.\nEquipped creature gets +3/+0 and has trample.\nEquip {2} ({2}: Attach to target creature you control. Equip only as a sorcery.),SOK,,normal,74146,,,Uncommon,Equipment,Artifact
Pithing Needle,{1},1,,Pete Venters,158,Artifact,"As Pithing Needle enters the battlefield, name a card.\nActivated abilities of sources with the chosen name can't be activated unless they're mana abilities.","SOK,10E,M10,RTR",,normal,74207,,,Rare,,Artifact
Scroll of Origins,{2},2,,Dany Orizio,159,Artifact,"{2}, {T}: Draw a card if you have seven or more cards in hand.",SOK,"The words from which language sprang, the knowledge from which thought was born, the story from which history was woven.",normal,88811,,,Rare,,Artifact
Soratami Cloud Chariot,{5},5,,Franz Vohwinkel,160,Artifact,{2}: Target creature you control gains flying until end of turn.\n{2}: Prevent all combat damage that would be dealt to and dealt by target creature you control this turn.,SOK,,normal,74174,,,Uncommon,,Artifact
Wine of Blood and Iron,{3},3,,Luca Zontini,161,Artifact,"{4}: Target creature gets +X/+0 until end of turn, where X is its power. Sacrifice Wine of Blood and Iron at the beginning of the next end step.",SOK,"Godo never revealed what went into his special brew, but he always had more of it after great victories.",normal,74130,,,Rare,,Artifact
"Mikokoro, Center of the Sea",,,,John Avon,162,Legendary Land,"{T}: Add {C} to your mana pool.\n{2}, {T}: Each player draws a card.",SOK,"""Center of the Sea, Eye of the World, Shrine of Enlightenment. Seek it for answers. Seek it for healing. Seek it and return transformed.""\n—Scroll fragment from the ruins of Minamo",normal,74388,,,Rare,,Land
"Miren, the Moaning Well",,,,Rob Alexander,163,Legendary Land,"{T}: Add {C} to your mana pool.\n{3}, {T}, Sacrifice a creature: You gain life equal to the sacrificed creature's toughness.",SOK,,normal,88807,,,Rare,,Land
"Oboro, Palace in the Clouds",,,U,Rob Alexander,164,Legendary Land,"{T}: Add {U} to your mana pool.\n{1}: Return Oboro, Palace in the Clouds to its owner's hand.",SOK,"Here the soratami wove their endless plots—graceful, artful, and deceitful, while the unwitting world moved below.",normal,74206,,,Rare,,Land
Tomb of Urami,,,B,Alex Horley-Orlandelli,165,Legendary Land,"{T}: Add {B} to your mana pool. Tomb of Urami deals 1 damage to you if you don't control an Ogre.\n{2}{B}{B}, {T}, Sacrifice all lands you control: Put a legendary 5/5 black Demon Spirit creature token with flying named Urami onto the battlefield.",SOK,,normal,74492,,,Rare,,Land
