name,manaCost,cmc,colorIdentity,artist,number,type,text,printings,flavor,layout,multiverseid,power,toughness,rarity,subtypes,types
Abuna Acolyte,{1}{W},2,W,Igor Kieryluk,1,Creature — Cat Cleric,{T}: Prevent the next 1 damage that would be dealt to target creature or player this turn.\n{T}: Prevent the next 2 damage that would be dealt to target artifact creature this turn.,SOM,"""You can break nothing I cannot mend.""",normal,194371,1,1,Uncommon,"Cat,Cleric",Creature
Arrest,{2}{W},3,W,Daarken,2,Enchantment — Aura,"Enchant creature\nEnchanted creature can't attack or block, and its activated abilities can't be activated.","pMEI,MMQ,MRD,SOM,RTR,MM2","Bladehold houses a rogues' gallery filled with the living ""statues"" of the worst enemies of the Auriok.",normal,209007,,,Common,Aura,Enchantment
Auriok Edgewright,{W}{W},2,W,Mike Bierek,3,Creature — Human Soldier,Metalcraft — Auriok Edgewright has double strike as long as you control three or more artifacts.,SOM,"Auriok soldiers craft their own weapons, forging a connection to the steel with each blow of the hammer.",normal,208260,2,2,Uncommon,"Human,Soldier",Creature
Auriok Sunchaser,{1}{W},2,W,James Ryman,4,Creature — Human Soldier,"Metalcraft — As long as you control three or more artifacts, Auriok Sunchaser gets +2/+2 and has flying.",SOM,"""Grant me loft. Grant me light. Grant me the accuracy I need to kill all who threaten Bladehold.""\n—Prayer to the Whitesun",normal,208249,1,1,Common,"Human,Soldier",Creature
Dispense Justice,{2}{W},3,W,Austin Hsu,5,Instant,Target player sacrifices an attacking creature.\nMetalcraft — That player sacrifices two attacking creatures instead if you control three or more artifacts.,SOM,"The Accorders never strike first, but they always strike back.",normal,209015,,,Uncommon,,Instant
Elspeth Tirel,{3}{W}{W},5,W,Michael Komarck,6,Planeswalker — Elspeth,+2: You gain 1 life for each creature you control.\n−2: Put three 1/1 white Soldier creature tokens onto the battlefield.\n−5: Destroy all other permanents except for lands and tokens.,SOM,,normal,212241,,,Mythic Rare,Elspeth,Planeswalker
Fulgent Distraction,{2}{W},3,W,Nic Klein,7,Instant,"Choose two target creatures. Tap those creatures, then unattach all Equipment from them.",SOM,"""Channeling the white-hot power of all five suns creates a pretty good diversion.""\n—Yavash of the Accorders",normal,205488,,,Common,,Instant
Ghalma's Warden,{3}{W},4,W,Mike Bierek,8,Creature — Elephant Soldier,Metalcraft — Ghalma's Warden gets +2/+2 as long as you control three or more artifacts.,SOM,A special unit guards the loxodon artificer known as Ghalma the Shaper. They are armed and armored in her finest works of silver and steel.,normal,194124,2,4,Common,"Elephant,Soldier",Creature
Glimmerpoint Stag,{2}{W}{W},4,W,Ryan Pancoast,9,Creature — Elk,"Vigilance\nWhen Glimmerpoint Stag enters the battlefield, exile another target permanent. Return that card to the battlefield under its owner's control at the beginning of the next end step.","SOM,CNS,EMA",,normal,194046,3,3,Uncommon,Elk,Creature
Glint Hawk,{W},1,W,Dave Allsop,10,Creature — Bird,"Flying\nWhen Glint Hawk enters the battlefield, sacrifice it unless you return an artifact you control to its owner's hand.",SOM,"Its eyes burned nearly blind by the Whitesun, it hunts by metallic gleam.",normal,206358,2,2,Common,Bird,Creature
Indomitable Archangel,{2}{W}{W},4,W,Allen Williams,11,Creature — Angel,Flying\nMetalcraft — Artifacts you control have shroud as long as you control three or more artifacts. (An artifact with shroud can't be the target of spells or abilities.),"SOM,MM2","""Every sword drawn to defend is an angelic blade, guided to justice by an angelic hand.""\n—Auriok proverb",normal,212248,4,4,Mythic Rare,Angel,Creature
"Kemba, Kha Regent",{1}{W}{W},3,W,Todd Lockwood,12,Legendary Creature — Cat Cleric,"At the beginning of your upkeep, put a 2/2 white Cat creature token onto the battlefield for each Equipment attached to Kemba, Kha Regent.","SOM,C14","""I am not Raksha. I never will be. But I refuse to be the kha who watched her pride be torn asunder.""",normal,215091,2,4,Rare,"Cat,Cleric",Creature
Kemba's Skyguard,{1}{W}{W},3,W,Whit Brachna,13,Creature — Cat Knight,"Flying\nWhen Kemba's Skyguard enters the battlefield, you gain 2 life.","DDF,SOM","""We're now to dispense aid to any Mirran we see battling anything . . . ‘strange.' Regent's orders.""\n—Ranya, skyhunter captain",normal,194083,2,2,Common,"Cat,Knight",Creature
Leonin Arbiter,{1}{W},2,W,Shelly Wan,14,Creature — Cat Cleric,Players can't search libraries. Any player may pay {2} for that player to ignore this effect until end of turn.,SOM,"""Our people are torn by infighting. Until the two sides reconcile, our laws can carry no meaning.""",normal,209287,2,2,Rare,"Cat,Cleric",Creature
Loxodon Wayfarer,{2}{W},3,W,Steven Belledin,15,Creature — Elephant Monk,,SOM,"The Mirran elders vanished with Memnarch, leaving behind a generation of wayward orphans.",normal,207885,1,5,Common,"Elephant,Monk",Creature
Myrsmith,{1}{W},2,W,Eric Deschamps,16,Creature — Human Artificer,"Whenever you cast an artifact spell, you may pay {1}. If you do, put a 1/1 colorless Myr artifact creature token onto the battlefield.","SOM,MM2","The Auriok see the artificer as a conduit, beckoning new creations into the world.",normal,209712,2,1,Uncommon,"Human,Artificer",Creature
Razor Hippogriff,{3}{W}{W},5,W,David Rapoza,17,Creature — Hippogriff,"Flying\nWhen Razor Hippogriff enters the battlefield, return target artifact card from your graveyard to your hand. You gain life equal to that card's converted mana cost.","SOM,C13",She incubates her eggs in gold and mana.,normal,194323,3,3,Uncommon,Hippogriff,Creature
Revoke Existence,{1}{W},2,W,Allen Williams,18,Sorcery,Exile target artifact or enchantment.,"SOM,DDI,BNG","""No half measures, no regrets. We'll tell no stories of this day. It will be as if it never existed at all.""\n—Ganedor, loxodon mystic",normal,194123,,,Common,,Sorcery
Salvage Scout,{W},1,W,Randis Albion,19,Creature — Human Scout,"{W}, Sacrifice Salvage Scout: Return target artifact card from your graveyard to your hand.",SOM,"""I'm not saying it's dangerous work. I'm just saying don't sign up if you have plans for your seventieth birthday.""",normal,205491,1,1,Common,"Human,Scout",Creature
Seize the Initiative,{W},1,W,Steve Argyle,20,Instant,Target creature gets +1/+1 and gains first strike until end of turn.,SOM,The time between spotting a leonin shikari and feeling its claws is just time enough to draw your last breath.,normal,194206,,,Common,,Instant
Soul Parry,{1}{W},2,W,Igor Kieryluk,21,Instant,Prevent all damage one or two target creatures would deal this turn.,"SOM,DDO","""I was called to this world of steel, and it will be my steel that answers.""\n—Elspeth Tirel",normal,212705,,,Common,,Instant
Sunblast Angel,{4}{W}{W},6,W,Jason Chan,22,Creature — Angel,"Flying\nWhen Sunblast Angel enters the battlefield, destroy all tapped creatures.","pMEI,SOM,DDI,C14",There may exist powers even greater than Phyrexia.,normal,215111,4,5,Rare,Angel,Creature
Sunspear Shikari,{1}{W},2,W,Allen Williams,23,Creature — Cat Soldier,"As long as Sunspear Shikari is equipped, it has first strike and lifelink.","SOM,MM2","Left without their leader Raksha, the leonin split into two prides: one side supported the regent kha, while the other rebelled in fury.",normal,209008,2,2,Common,"Cat,Soldier",Creature
Tempered Steel,{1}{W}{W},3,W,Wayne Reynolds,24,Enchantment,Artifact creatures you control get +2/+2.,"pMGD,SOM","""Death shall prevail as long as our will falls to rust. May necessity anneal our resolve.""\n—Ghalma the Shaper",normal,194391,,,Rare,,Enchantment
True Conviction,{3}{W}{W}{W},6,W,Svetlin Velinov,25,Enchantment,Creatures you control have double strike and lifelink.,"SOM,C14","Dozens of spells known only to the Auriok elders were lost, but the next generation, galvanized by war, devised even more potent magic.",normal,208262,,,Rare,,Enchantment
Vigil for the Lost,{3}{W},4,W,Igor Kieryluk,26,Enchantment,"Whenever a creature you control dies, you may pay {X}. If you do, you gain X life.",SOM,"""As she grew cold in my arms, I swore an oath that her funeral pyre would be dwarfed by a bonfire of our enemies.""",normal,205489,,,Uncommon,,Enchantment
Whitesun's Passage,{1}{W},2,W,John Avon,27,Instant,You gain 5 life.,SOM,"All over the Razor Fields, Whitesun is celebrated. Even the followers of the rebel Juryan, far from the Cave of Light, bow their heads in reverence.",normal,206349,,,Common,,Instant
Argent Sphinx,{2}{U}{U},4,U,Chris Rahn,28,Creature — Sphinx,Flying\nMetalcraft — {U}: Exile Argent Sphinx. Return it to the battlefield under your control at the beginning of the next end step. Activate this ability only if you control three or more artifacts.,"SOM,MM2","A great mirage, a dream of wings and silver.",normal,215085,4,3,Rare,Sphinx,Creature
Bonds of Quicksilver,{3}{U},4,U,Steven Belledin,29,Enchantment — Aura,Flash (You may cast this spell any time you could cast an instant.)\nEnchant creature\nEnchanted creature doesn't untap during its controller's untap step.,SOM,The sea's reach extends beyond its shores.,normal,202638,,,Common,Aura,Enchantment
Darkslick Drake,{2}{U}{U},4,U,Chippy,30,Creature — Drake,"Flying\nWhen Darkslick Drake dies, draw a card.",SOM,"At the edge of the Mephidross, Phyrexia's influence seeps into life and land.",normal,194217,2,4,Uncommon,Drake,Creature
Disperse,{1}{U},2,U,Adrian Smith,31,Instant,Return target nonland permanent to its owner's hand.,"MOR,SOM,M14,ORI,W16",Most casualties of the power struggle between vedalken and Neurok didn't die on the field of battle; they merely disappeared.,normal,212242,,,Common,,Instant
Dissipation Field,{2}{U}{U},4,U,Matt Cavotta,32,Enchantment,"Whenever a permanent deals damage to you, return it to its owner's hand.",SOM,"""Strike me once, shame on you. Strike me twice . . . Well, let's just see if you can.""\n—Kara Vrist, Neurok agent",normal,202635,,,Rare,,Enchantment
Grand Architect,{1}{U}{U},3,U,Steven Belledin,33,Creature — Vedalken Artificer,Other blue creatures you control get +1/+1.\n{U}: Target artifact creature becomes blue until end of turn.\nTap an untapped blue creature you control: Add {C}{C} to your mana pool. Spend this mana only to cast artifact spells or activate abilities of artifacts.,SOM,,normal,207884,1,3,Rare,"Vedalken,Artificer",Creature
Halt Order,{2}{U},3,U,Izzy,34,Instant,Counter target artifact spell.\nDraw a card.,SOM,"An artificer's least favorite mind-missive may be ""I regret to inform you that the funding for your project has been cut.""",normal,194110,,,Uncommon,,Instant
Inexorable Tide,{3}{U}{U},5,U,Dave Kendall,35,Enchantment,"Whenever you cast a spell, proliferate. (You choose any number of permanents and/or players with counters on them, then give each another counter of a kind already there.)","SOM,MM2","""See how gratefully this world accepts our blessings.""\n—Jin-Gitaxias, Core Augur",normal,194363,,,Rare,,Enchantment
Lumengrid Drake,{3}{U},4,U,Johann Bodin,36,Creature — Drake,"Flying\nMetalcraft — When Lumengrid Drake enters the battlefield, if you control three or more artifacts, return target creature to its owner's hand.",SOM,"Properly outfitted, drakes made perfect sentries for vedalken strongholds.",normal,194178,2,2,Common,Drake,Creature
Neurok Invisimancer,{1}{U}{U},3,U,Izzy,37,Creature — Human Wizard,"Neurok Invisimancer can't be blocked.\nWhen Neurok Invisimancer enters the battlefield, target creature can't be blocked this turn.","SOM,DDI","""They won't see your shadow or hear your breath, but they will feel your blade.""",normal,194109,2,1,Common,"Human,Wizard",Creature
Plated Seastrider,{U}{U},2,U,Izzy,38,Creature — Beast,,"SOM,CNS",The Neurok buried entangling cables just under the Quicksilver Sea. One seastrider harvest can provide an army's worth of armor and shields.,normal,194061,1,4,Common,Beast,Creature
Quicksilver Gargantuan,{5}{U}{U},7,U,Steven Belledin,39,Creature — Shapeshifter,"You may have Quicksilver Gargantuan enter the battlefield as a copy of any creature on the battlefield, except it's still 7/7.",SOM,"""You know you have achieved true power if the sea itself seeks to emulate your greatness.""\n—Vy Covalt, Neurok agent",normal,207874,7,7,Mythic Rare,Shapeshifter,Creature
Riddlesmith,{1}{U},2,U,Eric Deschamps,40,Creature — Human Artificer,"Whenever you cast an artifact spell, you may draw a card. If you do, discard a card.",SOM,"The Neurok see the artificer as an archaeologist, clearing away falsehoods to see the truth hidden beneath.",normal,202643,2,1,Uncommon,"Human,Artificer",Creature
Scrapdiver Serpent,{5}{U}{U},7,U,Adrian Smith,41,Creature — Serpent,Scrapdiver Serpent can't be blocked as long as defending player controls an artifact.,SOM,Smart artificers clean up after themselves.,normal,207863,5,5,Common,Serpent,Creature
Screeching Silcaw,{1}{U},2,U,Mike Bierek,42,Creature — Bird,"Flying\nMetalcraft — Whenever Screeching Silcaw deals combat damage to a player, if you control three or more artifacts, that player puts the top four cards of his or her library into his or her graveyard.",SOM,It's adaptively deaf to its own cries.,normal,209281,1,2,Common,Bird,Creature
Shape Anew,{3}{U},4,U,Zoltan Boros & Gabor Szikszai,43,Sorcery,"The controller of target artifact sacrifices it, then reveals cards from the top of his or her library until he or she reveals an artifact card. That player puts that card onto the battlefield, then shuffles all other cards revealed this way into his or her library.",SOM,,normal,194201,,,Rare,,Sorcery
Sky-Eel School,{3}{U}{U},5,U,Daniel Ljunggren,44,Creature — Fish,"Flying\nWhen Sky-Eel School enters the battlefield, draw a card, then discard a card.",SOM,"They swim on tides few can see, away from a threat few yet understand.",normal,194103,3,3,Common,Fish,Creature
Steady Progress,{2}{U},3,U,Efrem Palacios,45,Instant,"Proliferate. (You choose any number of permanents and/or players with counters on them, then give each another counter of a kind already there.)\nDraw a card.","SOM,MM2","""More of that strange oil . . . It's probably nothing.""",normal,194361,,,Common,,Instant
Stoic Rebuttal,{1}{U}{U},3,U,Chris Rahn,46,Instant,Metalcraft — Stoic Rebuttal costs {1} less to cast if you control three or more artifacts.\nCounter target spell.,"SOM,MM2","Obsessed with the pursuit of knowledge above all else, vedalken can appear to be cold and emotionless.",normal,212703,,,Common,,Instant
Thrummingbird,{1}{U},2,U,Efrem Palacios,47,Creature — Bird Horror,"Flying\nWhenever Thrummingbird deals combat damage to a player, proliferate. (You choose any number of permanents and/or players with counters on them, then give each another counter of a kind already there.)","SOM,MM2",,normal,194332,1,1,Uncommon,"Bird,Horror",Creature
Trinket Mage,{2}{U},3,U,Scott Chou,48,Creature — Human Wizard,"When Trinket Mage enters the battlefield, you may search your library for an artifact card with converted mana cost 1 or less, reveal that card, and put it into your hand. If you do, shuffle your library.","5DN,DDF,SOM",,normal,209040,2,2,Uncommon,"Human,Wizard",Creature
Turn Aside,{U},1,U,Shelly Wan,49,Instant,Counter target spell that targets a permanent you control.,SOM,"""It's not my job to ask our leaders about their experiments at the Knowledge Pool. It's my job to make sure they can continue performing them.""",normal,194303,,,Common,,Instant
Twisted Image,{U},1,U,Izzy,50,Instant,Switch target creature's power and toughness until end of turn.\nDraw a card.,SOM,"""True strength is in the mind, for the body is too malleable a form.""\n—Politus, vedalken emisar",normal,208253,,,Uncommon,,Instant
Vault Skyward,{U},1,U,Dan Scott,51,Instant,Target creature gains flying until end of turn. Untap it.,SOM,"""The edges of the Quicksilver Sea run dark with the spread of the Mephidross. Two more aerial passes before I can be sure what I'm seeing . . .""\n—Lafarius, Neurok sky agent",normal,194265,,,Common,,Instant
Vedalken Certarch,{U},1,U,Karl Kopinski,52,Creature — Vedalken Wizard,"Metalcraft — {T}: Tap target artifact, creature, or land. Activate this ability only if you control three or more artifacts.",SOM,"""An appropriately detailed model is indistinguishable from reality, and much easier to control.""",normal,208257,1,1,Common,"Vedalken,Wizard",Creature
Volition Reins,{3}{U}{U}{U},6,U,Svetlin Velinov,53,Enchantment — Aura,"Enchant permanent\nWhen Volition Reins enters the battlefield, if enchanted permanent is tapped, untap it.\nYou control enchanted permanent.",SOM,"""Glorifying the will is a mistake. It is simply one more force to be mastered.""",normal,209001,,,Uncommon,Aura,Enchantment
Blackcleave Goblin,{3}{B},4,B,Nils Hamm,54,Creature — Goblin Zombie,Haste\nInfect (This creature deals damage to creatures in the form of -1/-1 counters and to players in the form of poison counters.),SOM,"""Bitten? Save time, amputate now.""\n—Lephar, loxodon surgeon",normal,194297,2,1,Common,"Goblin,Zombie",Creature
Bleak Coven Vampires,{3}{B}{B},5,B,Randis Albion,55,Creature — Vampire Warrior,"Metalcraft — When Bleak Coven Vampires enters the battlefield, if you control three or more artifacts, target player loses 4 life and you gain 4 life.",SOM,"As the shadow of the Mephidross spread over the Tangle, the vampires' territory expanded.",normal,209006,4,3,Common,"Vampire,Warrior",Creature
Blistergrub,{2}{B},3,B,Daarken,56,Creature — Horror,"Swampwalk (This creature can't be blocked as long as defending player controls a Swamp.)\nWhen Blistergrub dies, each opponent loses 2 life.",SOM,"""The sooner you join Phyrexia, the sooner you'll forget your painful rebirth.""\n—Sheoldred, Whispering One",normal,202687,2,2,Common,Horror,Creature
Carnifex Demon,{4}{B}{B},6,B,Aleksi Briclot,57,Creature — Demon,"Flying\nCarnifex Demon enters the battlefield with two -1/-1 counters on it.\n{B}, Remove a -1/-1 counter from Carnifex Demon: Put a -1/-1 counter on each other creature.",SOM,Every contagion has a host.,normal,206357,6,6,Rare,Demon,Creature
Contagious Nim,{2}{B},3,B,Efrem Palacios,58,Creature — Zombie,Infect (This creature deals damage to creatures in the form of -1/-1 counters and to players in the form of poison counters.),SOM,"""This species has grown to be my preferred receptacle for our divine message.""\n—Sheoldred, Whispering One",normal,194150,2,2,Common,Zombie,Creature
Corrupted Harvester,{4}{B}{B},6,B,Nils Hamm,59,Creature — Horror,"{B}, Sacrifice a creature: Regenerate Corrupted Harvester.",SOM,"""Before the blessed assault begins, we must seek specimens that are well-adapted to our way of . . . life.""\n—Sheoldred, Whispering One",normal,202640,6,3,Uncommon,Horror,Creature
Dross Hopper,{1}{B},2,B,Dave Allsop,60,Creature — Insect Horror,Sacrifice a creature: Dross Hopper gains flying until end of turn.,SOM,"Bred in the vicious Mephidross, dross hoppers learned to eat quickly and escape faster.",normal,194273,2,1,Common,"Insect,Horror",Creature
Exsanguinate,{X}{B}{B},2,B,Carl Critchlow,61,Sorcery,Each opponent loses X life. You gain life equal to the life lost this way.,SOM,Vampires don't consider patience a virtue nor gluttony a sin.,normal,210235,,,Uncommon,,Sorcery
Flesh Allergy,{2}{B}{B},4,B,Vance Kovacs,62,Sorcery,"As an additional cost to cast Flesh Allergy, sacrifice a creature.\nDestroy target creature. Its controller loses life equal to the number of creatures that died this turn.",SOM,,normal,208999,,,Uncommon,,Sorcery
Fume Spitter,{B},1,B,Nils Hamm,63,Creature — Horror,Sacrifice Fume Spitter: Put a -1/-1 counter on target creature.,SOM,"""Our archers made sport of it as it fumbled its way up the slag ridge. As it collapsed we thought ourselves safe, but the foul thing carried more than necrogen.""\n—Adaran, Tangle hunter",normal,209005,1,1,Common,Horror,Creature
"Geth, Lord of the Vault",{4}{B}{B},6,B,Whit Brachna,64,Legendary Creature — Zombie,Intimidate (This creature can't be blocked except by artifact creatures and/or creatures that share a color with it.)\n{X}{B}: Put target artifact or creature card with converted mana cost X from an opponent's graveyard onto the battlefield under your control tapped. Then that player puts the top X cards of his or her library into his or her graveyard.,SOM,,normal,215076,5,5,Mythic Rare,Zombie,Creature
Grasp of Darkness,{B}{B},2,B,Johann Bodin,65,Instant,Target creature gets -4/-4 until end of turn.,"SOM,OGW","On a world with five suns, night is compelled to become an aggressive force.",normal,194105,,,Common,,Instant
Hand of the Praetors,{3}{B},4,B,Izzy,66,Creature — Zombie,"Infect (This creature deals damage to creatures in the form of -1/-1 counters and to players in the form of poison counters.)\nOther creatures you control with infect get +1/+1.\nWhenever you cast a creature spell with infect, target player gets a poison counter.",SOM,,normal,215086,3,2,Rare,Zombie,Creature
Ichor Rats,{1}{B}{B},3,B,Matt Stewart,67,Creature — Rat,"Infect (This creature deals damage to creatures in the form of -1/-1 counters and to players in the form of poison counters.)\nWhen Ichor Rats enters the battlefield, each player gets a poison counter.",SOM,,normal,194177,2,1,Uncommon,Rat,Creature
Instill Infection,{3}{B},4,B,Chris Rahn,68,Instant,Put a -1/-1 counter on target creature.\nDraw a card.,"SOM,MM2","""The results of our ninth inoculation were the same. The specimen was, of course, euthanized before the contagion could spread.""\n—Vedalken research notes",normal,194349,,,Common,,Instant
Memoricide,{3}{B},4,B,James Ryman,69,Sorcery,"Name a nonland card. Search target player's graveyard, hand, and library for any number of cards with that name and exile them. Then that player shuffles his or her library.","pMEI,SOM","""You claim wisdom, yet I see nothing in here but tawdry wishes.""",normal,215103,,,Rare,,Sorcery
Moriok Reaver,{2}{B},3,B,Marc Simonetti,70,Creature — Human Warrior,,SOM,"""The Moriok are fools. They try so hard to gain my favor. All I want is for them to die quickly, to join the ranks of the nim.""\n—Geth, Lord of the Vault",normal,194309,3,2,Common,"Human,Warrior",Creature
Necrogen Scudder,{2}{B},3,B,Raymond Swanland,71,Creature — Horror,"Flying\nWhen Necrogen Scudder enters the battlefield, you lose 3 life.","SOM,M15","Contrary to popular belief, it's kept aloft by necrogen gas, not the screaming agony of a thousand murdered souls.",normal,202653,3,3,Uncommon,Horror,Creature
Necrotic Ooze,{2}{B}{B},4,B,James Ryman,72,Creature — Ooze,"As long as Necrotic Ooze is on the battlefield, it has all activated abilities of all creature cards in all graveyards.",SOM,"""To death all must go, and so in death lies ultimate power.""\n—Geth, Lord of the Vault",normal,207876,4,3,Rare,Ooze,Creature
Painful Quandary,{3}{B}{B},5,B,Whit Brachna,73,Enchantment,"Whenever an opponent casts a spell, that player loses 5 life unless he or she discards a card.",SOM,"""For each word spoken, one forgotten. For each thought, a memory rotten.""\n—Moriok incantation",normal,212243,,,Rare,,Enchantment
Painsmith,{1}{B},2,B,Eric Deschamps,74,Creature — Human Artificer,"Whenever you cast an artifact spell, you may have target creature get +2/+0 and gain deathtouch until end of turn.",SOM,"The Moriok see the artificer as a taskmaster, forcing lazy metal into more potent shapes.",normal,194210,2,1,Uncommon,"Human,Artificer",Creature
Plague Stinger,{1}{B},2,B,Ryan Pancoast,75,Creature — Insect Horror,Flying\nInfect (This creature deals damage to creatures in the form of -1/-1 counters and to players in the form of poison counters.),"pWPN,SOM",It leaves its victims one sting closer to phyresis.,normal,208261,1,1,Common,"Insect,Horror",Creature
Psychic Miasma,{1}{B},2,B,Svetlin Velinov,76,Sorcery,"Target player discards a card. If a land card is discarded this way, return Psychic Miasma to its owner's hand.",SOM,"""A mind may be steeled against madness, but all battlements fall in time.""\n—Jin-Gitaxias, Core Augur",normal,206345,,,Common,,Sorcery
Relic Putrescence,{2}{B},3,B,Allen Williams,77,Enchantment — Aura,"Enchant artifact\nWhenever enchanted artifact becomes tapped, its controller gets a poison counter.",SOM,"""Until we shed the curse of sentience, we must endure its grotesque handiwork.""\n—Vorinclex, Voice of Hunger",normal,209720,,,Common,Aura,Enchantment
Skinrender,{2}{B}{B},4,B,David Rapoza,78,Creature — Zombie,"When Skinrender enters the battlefield, put three -1/-1 counters on target creature.","pWPN,SOM","""Your creations are effective, Sheoldred, but we must unite the flesh, not merely flay it.""\n—Elesh Norn, Grand Cenobite",normal,204958,3,3,Uncommon,Zombie,Creature
"Skithiryx, the Blight Dragon",{3}{B}{B},5,B,Chippy,79,Legendary Creature — Dragon Skeleton,"Flying\nInfect (This creature deals damage to creatures in the form of -1/-1 counters and to players in the form of poison counters.)\n{B}: Skithiryx, the Blight Dragon gains haste until end of turn.\n{B}{B}: Regenerate Skithiryx.",SOM,,normal,212249,4,4,Mythic Rare,"Dragon,Skeleton",Creature
Tainted Strike,{B},1,B,James Ryman,80,Instant,Target creature gets +1/+0 and gains infect until end of turn. (It deals damage to creatures in the form of -1/-1 counters and to players in the form of poison counters.),SOM,"""Welcome to perfection.""\n—Sheoldred, Whispering One",normal,209049,,,Common,,Instant
Arc Trail,{1}{R},2,R,Marc Simonetti,81,Sorcery,Arc Trail deals 2 damage to target creature or player and 1 damage to another target creature or player.,"SOM,PC2,DDN","""Don't try to hit your enemies. Concentrate on the space between them, and fill the air with doom.""\n—Spear-Tribe teaching",normal,206343,,,Uncommon,,Sorcery
Assault Strobe,{R},1,R,Kev Walker,82,Sorcery,Target creature gains double strike until end of turn. (It deals both first-strike and regular combat damage.),SOM,When breaking someone's face once just isn't enough.,normal,194119,,,Common,,Sorcery
Barrage Ogre,{3}{R}{R},5,R,David Rapoza,83,Creature — Ogre Warrior,"{T}, Sacrifice an artifact: Barrage Ogre deals 2 damage to target creature or player.",SOM,"The elves had devised countless strategies to combat Memnarch's war machines, but they had no idea what to do when one was thrown at them.",normal,194316,3,3,Uncommon,"Ogre,Warrior",Creature
Blade-Tribe Berserkers,{3}{R},4,R,Kev Walker,84,Creature — Human Berserker,"Metalcraft — When Blade-Tribe Berserkers enters the battlefield, if you control three or more artifacts, Blade-Tribe Berserkers gets +3/+3 and gains haste until end of turn.",SOM,,normal,194165,3,3,Common,"Human,Berserker",Creature
Bloodshot Trainee,{3}{R},4,R,Matt Stewart,85,Creature — Goblin Warrior,{T}: Bloodshot Trainee deals 4 damage to target creature. Activate this ability only if Bloodshot Trainee's power is 4 or greater.,"FUT,SOM,MM2","""Just think how strong I'll be if my arms don't tear off!""",normal,194255,2,3,Uncommon,"Goblin,Warrior",Creature
Cerebral Eruption,{2}{R}{R},4,R,Kev Walker,86,Sorcery,"Target opponent reveals the top card of his or her library. Cerebral Eruption deals damage equal to the revealed card's converted mana cost to that player and each creature he or she controls. If a land card is revealed this way, return Cerebral Eruption to its owner's hand.",SOM,,normal,215073,,,Rare,,Sorcery
Embersmith,{1}{R},2,R,Eric Deschamps,87,Creature — Human Artificer,"Whenever you cast an artifact spell, you may pay {1}. If you do, Embersmith deals 1 damage to target creature or player.",SOM,"The Vulshok see the artificer as a catalyst, bringing the spark of creation that ignites change.",normal,194202,2,1,Uncommon,"Human,Artificer",Creature
Ferrovore,{2}{R},3,R,Austin Hsu,88,Creature — Beast,"{R}, Sacrifice an artifact: Ferrovore gets +3/+0 until end of turn.",SOM,"The Vulshok use its digestion to break down the most obstinate metals, from darksteel myr to seastrider plates.",normal,194317,2,2,Common,Beast,Creature
Flameborn Hellion,{5}{R},6,R,Aleksi Briclot,89,Creature — Hellion,Haste\nFlameborn Hellion attacks each turn if able.,SOM,"""The most reliable omen of a future hellion attack is a past hellion attack.""\n—Spear-Tribe teaching",normal,208256,5,4,Common,Hellion,Creature
Furnace Celebration,{1}{R}{R},3,R,Svetlin Velinov,90,Enchantment,"Whenever you sacrifice another permanent, you may pay {2}. If you do, Furnace Celebration deals 2 damage to target creature or player.","SOM,C13",Reduce. Reuse. Wreak havoc.,normal,194374,,,Uncommon,,Enchantment
Galvanic Blast,{R},1,R,Marc Simonetti,91,Instant,Galvanic Blast deals 2 damage to target creature or player.\nMetalcraft — Galvanic Blast deals 4 damage to that creature or player instead if you control three or more artifacts.,SOM,"Mirrodin has little weather, but it certainly has lightning.",normal,208251,,,Common,,Instant
Goblin Gaveleer,{R},1,R,Svetlin Velinov,92,Creature — Goblin Warrior,Trample\nGoblin Gaveleer gets +2/+0 for each Equipment attached to it.,SOM,"""When everything looks like a nail, you really need to get yourself a hammer.""\n—Krol, goblin furnace-priest",normal,194373,1,1,Common,"Goblin,Warrior",Creature
Hoard-Smelter Dragon,{4}{R}{R},6,R,Eric Deschamps,93,Creature — Dragon,"Flying\n{3}{R}: Destroy target artifact. Hoard-Smelter Dragon gets +X/+0 until end of turn, where X is that artifact's converted mana cost.","SOM,C14","He collects the precious metals, and then converts the rest to propellant.",normal,215074,5,5,Rare,Dragon,Creature
Koth of the Hammer,{2}{R}{R},4,R,Jason Chan,94,Planeswalker — Koth,"+1: Untap target Mountain. It becomes a 4/4 red Elemental creature until end of turn. It's still a land.\n−2: Add {R} to your mana pool for each Mountain you control.\n−5: You get an emblem with ""Mountains you control have ‘{T}: This land deals 1 damage to target creature or player.'""","SOM,DDI",,normal,212238,,,Mythic Rare,Koth,Planeswalker
Kuldotha Phoenix,{2}{R}{R}{R},5,R,Mike Bierek,95,Creature — Phoenix,"Flying, haste\nMetalcraft — {4}: Return Kuldotha Phoenix from your graveyard to the battlefield. Activate this ability only during your upkeep and only if you control three or more artifacts.",SOM,,normal,194326,4,4,Rare,Phoenix,Creature
Kuldotha Rebirth,{R},1,R,Goran Josic,96,Sorcery,"As an additional cost to cast Kuldotha Rebirth, sacrifice an artifact.\nPut three 1/1 red Goblin creature tokens onto the battlefield.",SOM,"All goblin rituals serve a dual purpose as fertility rites, even the destructive ones. Especially the destructive ones.",normal,194239,,,Common,,Sorcery
Melt Terrain,{2}{R}{R},4,R,John Avon,97,Sorcery,Destroy target land. Melt Terrain deals 2 damage to that land's controller.,SOM,"Just as the most finely wrought metal can warp and rust, so too does Mirrodin buckle under pressures from without and within.",normal,194106,,,Common,,Sorcery
Molten Psyche,{1}{R}{R},3,R,Ryan Yee,98,Sorcery,"Each player shuffles the cards from his or her hand into his or her library, then draws that many cards.\nMetalcraft — If you control three or more artifacts, Molten Psyche deals damage to each opponent equal to the number of cards that player has drawn this turn.",SOM,,normal,212716,,,Rare,,Sorcery
Ogre Geargrabber,{4}{R}{R},6,R,David Rapoza,99,Creature — Ogre Warrior,"Whenever Ogre Geargrabber attacks, gain control of target Equipment an opponent controls until end of turn. Attach it to Ogre Geargrabber. When you lose control of that Equipment, unattach it.",SOM,"Long reach, short attention span.",normal,215101,4,4,Uncommon,"Ogre,Warrior",Creature
Oxidda Daredevil,{1}{R},2,R,Pete Venters,100,Creature — Goblin Artificer,Sacrifice an artifact: Oxidda Daredevil gains haste until end of turn.,SOM,"His goggles spattered with grime and his mouth full of bugs, he tossed the engines another priceless relic.",normal,194213,2,1,Common,"Goblin,Artificer",Creature
Oxidda Scrapmelter,{3}{R},4,R,Igor Kieryluk,101,Creature — Beast,"When Oxidda Scrapmelter enters the battlefield, destroy target artifact.",SOM,It subsists on a diet rich in screaming metal and molten blood.,normal,194281,3,3,Uncommon,Beast,Creature
Scoria Elemental,{4}{R},5,R,Karl Kopinski,102,Creature — Elemental,,SOM,"A single molten cord links it to the subterranean furnaces, drawing heat and metal from beneath Kuldotha. Until that bond is cut, it carves a swath of raw destruction.",normal,212710,6,1,Common,Elemental,Creature
Shatter,{1}{R},2,R,jD,103,Instant,Destroy target artifact.,"LEA,LEB,2ED,CED,CEI,3ED,4ED,ICE,5ED,TMP,6ED,7ED,DKM,8ED,MRD,9ED,M10,SOM,KTK,TPR","""I am an artist, a builder, a creator . . . I create the biggest explosions around.""\n—Krol, goblin furnace-priest",normal,194147,,,Common,,Instant
Spikeshot Elder,{R},1,R,Izzy,104,Creature — Goblin Shaman,{1}{R}{R}: Spikeshot Elder deals damage equal to its power to target creature or player.,"SOM,MM2","Now that he knows a thousand ways of hurting people, his next shamanic quest is to discover a thousand more.",normal,209404,1,1,Rare,"Goblin,Shaman",Creature
Tunnel Ignus,{1}{R},2,R,Scott Chou,105,Creature — Elemental,"Whenever a land enters the battlefield under an opponent's control, if that player had another land enter the battlefield under his or her control this turn, Tunnel Ignus deals 3 damage to that player.",SOM,Fight mischief with mischief.,normal,206361,2,1,Rare,Elemental,Creature
Turn to Slag,{3}{R}{R},5,R,Zoltan Boros & Gabor Szikszai,106,Sorcery,Turn to Slag deals 5 damage to target creature. Destroy all Equipment attached to that creature.,"SOM,M13","""If it wasn't a blackened, stinking, melted abomination before, it certainly is now.""\n—Koth of the Hammer",normal,209719,,,Common,,Sorcery
Vulshok Heartstoker,{2}{R},3,R,Shelly Wan,107,Creature — Human Shaman,"When Vulshok Heartstoker enters the battlefield, target creature gets +2/+0 until end of turn.",SOM,He fashions stirring words with as much passion as a smith fashioning a warhammer.,normal,194320,2,2,Common,"Human,Shaman",Creature
Acid Web Spider,{3}{G}{G},5,G,Austin Hsu,108,Creature — Spider,"Reach\nWhen Acid Web Spider enters the battlefield, you may destroy target Equipment.",SOM,Its web is an excellent source of found copper for the daring or the stupid.,normal,209290,3,5,Uncommon,Spider,Creature
Alpha Tyrranax,{4}{G}{G},6,G,Dave Kendall,109,Creature — Beast,,SOM,"Hunger seized the tyrranax, and the Sylvok's vision quest ended in disaster.",normal,202651,6,5,Common,Beast,Creature
Asceticism,{3}{G}{G},5,G,Daarken,110,Enchantment,Creatures you control have hexproof. (They can't be the targets of spells or abilities your opponents control.)\n{1}{G}: Regenerate target creature.,SOM,"""Let my ignominy build walls thicker than iron and stronger than darksteel.""\n—Thrun, the last troll",normal,215082,,,Rare,,Enchantment
Bellowing Tanglewurm,{3}{G}{G},5,G,jD,111,Creature — Wurm,Intimidate (This creature can't be blocked except by artifact creatures and/or creatures that share a color with it.)\nOther green creatures you control have intimidate.,SOM,,normal,209048,4,4,Uncommon,Wurm,Creature
Blight Mamba,{1}{G},2,G,Drew Baker,112,Creature — Snake,Infect (This creature deals damage to creatures in the form of -1/-1 counters and to players in the form of poison counters.)\n{1}{G}: Regenerate Blight Mamba.,SOM,Its venom drips with Phyrexia's hate.,normal,194158,1,1,Common,Snake,Creature
Blunt the Assault,{3}{G},4,G,Matt Stewart,113,Instant,You gain 1 life for each creature on the battlefield. Prevent all combat damage that would be dealt this turn.,SOM,"""Much can be gained from the appearance of vulnerability.""\n—Ezuri, renegade leader",normal,205486,,,Common,,Instant
Carapace Forger,{1}{G},2,G,Matt Cavotta,114,Creature — Elf Artificer,Metalcraft — Carapace Forger gets +2/+2 as long as you control three or more artifacts.,SOM,"""Bows and whips cannot save us from these new horrors of the Mephidross.""",normal,208250,2,2,Common,"Elf,Artificer",Creature
Carrion Call,{3}{G},4,G,Adrian Smith,115,Instant,Put two 1/1 green Insect creature tokens with infect onto the battlefield. (They deal damage to creatures in the form of -1/-1 counters and to players in the form of poison counters.),SOM,The natural order is out of order.,normal,194340,,,Uncommon,,Instant
Copperhorn Scout,{G},1,G,Shelly Wan,116,Creature — Elf Scout,"Whenever Copperhorn Scout attacks, untap each other creature you control.","SOM,CNS","Fangren spur may sound louder, but Viridian resurgents claim that the horn of the vorrac creates a truer, more inspiring note.",normal,194270,1,1,Common,"Elf,Scout",Creature
Cystbearer,{2}{G},3,G,Kev Walker,117,Creature — Beast,Infect (This creature deals damage to creatures in the form of -1/-1 counters and to players in the form of poison counters.),SOM,"Phyrexia strives to simulate natural life, but it can't resist improving on the design.",normal,205477,2,3,Common,Beast,Creature
Engulfing Slagwurm,{5}{G}{G},7,G,Jaime Jones,118,Creature — Wurm,"Whenever Engulfing Slagwurm blocks or becomes blocked by a creature, destroy that creature. You gain life equal to that creature's toughness.",SOM,Its teeth exist only for decoration.,normal,215080,7,7,Rare,Wurm,Creature
"Ezuri, Renegade Leader",{1}{G}{G},3,G,Karl Kopinski,119,Legendary Creature — Elf Warrior,{G}: Regenerate another target Elf.\n{2}{G}{G}{G}: Elf creatures you control get +3/+3 and gain trample until end of turn.,"SOM,C14",The infamous Ezuri commands the highest bounty the vedalken have ever placed upon an outlaw.,normal,194243,2,2,Rare,"Elf,Warrior",Creature
Ezuri's Archers,{G},1,G,Shelly Wan,120,Creature — Elf Archer,"Reach (This creature can block creatures with flying.)\nWhenever Ezuri's Archers blocks a creature with flying, Ezuri's Archers gets +3/+0 until end of turn.",SOM,,normal,194092,1,2,Common,"Elf,Archer",Creature
Ezuri's Brigade,{2}{G}{G},4,G,Nic Klein,121,Creature — Elf Warrior,"Metalcraft — As long as you control three or more artifacts, Ezuri's Brigade gets +4/+4 and has trample.",SOM,"Riding ravenous, ever-growing vorracs is almost as dangerous as fitting them with saddles.",normal,212707,4,4,Rare,"Elf,Warrior",Creature
Genesis Wave,{X}{G}{G}{G},3,G,James Paick,122,Sorcery,Reveal the top X cards of your library. You may put any number of permanent cards with converted mana cost X or less from among them onto the battlefield. Then put all cards revealed this way that weren't put onto the battlefield into your graveyard.,SOM,,normal,207882,,,Rare,,Sorcery
Liege of the Tangle,{6}{G}{G},8,G,Jason Chan,123,Creature — Elemental,"Trample\nWhenever Liege of the Tangle deals combat damage to a player, you may choose any number of target lands you control and put an awakening counter on each of them. Each of those lands is an 8/8 green Elemental creature for as long as it has an awakening counter on it. They're still lands.",SOM,,normal,194130,8,8,Mythic Rare,Elemental,Creature
Lifesmith,{1}{G},2,G,Eric Deschamps,124,Creature — Human Artificer,"Whenever you cast an artifact spell, you may pay {1}. If you do, you gain 3 life.",SOM,"The Sylvok see the artificer as a gardener, preparing the world for hardy growth.",normal,208252,2,1,Uncommon,"Human,Artificer",Creature
Molder Beast,{4}{G},5,G,Randis Albion,125,Creature — Beast,"Trample\nWhenever an artifact is put into a graveyard from the battlefield, Molder Beast gets +2/+0 until end of turn.",SOM,"""A trail of scrap metal can lead it into an ambush. But take care not to overfeed it.""\n—Adaran, Tangle hunter",normal,209403,5,3,Common,Beast,Creature
Putrefax,{3}{G}{G},5,G,Steven Belledin,126,Creature — Horror,"Trample, haste\nInfect (This creature deals damage to creatures in the form of -1/-1 counters and to players in the form of poison counters.)\nAt the beginning of the end step, sacrifice Putrefax.",SOM,,normal,207871,5,3,Rare,Horror,Creature
Slice in Twain,{2}{G}{G},4,G,Efrem Palacios,127,Instant,Destroy target artifact or enchantment.\nDraw a card.,"SOM,C13","""The hypocrisy of these elves is thicker than steel—destroying ‘unnatural metal' with their own enchanted swords.""\n—Kara Vrist, Neurok agent",normal,208254,,,Uncommon,,Instant
Tangle Angler,{3}{G},4,G,Igor Kieryluk,128,Creature — Horror,Infect (This creature deals damage to creatures in the form of -1/-1 counters and to players in the form of poison counters.)\n{G}: Target creature blocks Tangle Angler this turn if able.,SOM,A plague on the curious.,normal,205485,1,5,Uncommon,Horror,Creature
Tel-Jilad Defiance,{1}{G},2,G,Goran Josic,129,Instant,Target creature gains protection from artifacts until end of turn.\nDraw a card.,SOM,"The Viridian elves had purged their culture of the trolls' traitorous influence. In times of strife, however, the ancestral memories returned.",normal,202636,,,Common,,Instant
Tel-Jilad Fallen,{2}{G}{G},4,G,James Ryman,130,Creature — Elf Warrior,Protection from artifacts\nInfect (This creature deals damage to creatures in the form of -1/-1 counters and to players in the form of poison counters.),SOM,"""No longer am I shackled to antiquity. My new masters will etch a glorious future.""",normal,205483,3,1,Common,"Elf,Warrior",Creature
Untamed Might,{X}{G},1,G,Erica Yang,131,Instant,Target creature gets +X/+X until end of turn.,SOM,"""Beasts kill for their very survival. If you would have their strength, you must know their desperation.""\n—Konnos, Sylvok sage",normal,194160,,,Common,,Instant
Viridian Revel,{1}{G}{G},3,G,rk post,132,Enchantment,"Whenever an artifact is put into an opponent's graveyard from the battlefield, you may draw a card.",SOM,"""Let them have their revel. Soon those who won't submit will be turned. Those who won't be turned will die.""\n—Vorinclex, Voice of Hunger",normal,194266,,,Uncommon,,Enchantment
Wing Puncture,{G},1,G,jD,133,Instant,Target creature you control deals damage equal to its power to target creature with flying.,SOM,"""If I were the air, I wouldn't taunt the ground. It has the weight advantage.""\n—Konnos, Sylvok sage",normal,194097,,,Common,,Instant
Withstand Death,{G},1,G,Tomasz Jedruszek,134,Instant,"Target creature gains indestructible until end of turn. (Damage and effects that say ""destroy"" don't destroy it. If its toughness is 0 or less, it's still put into its owner's graveyard.)",SOM,"On Mirrodin, every conflict ends in either death or darksteel.",normal,209035,,,Common,,Instant
"Venser, the Sojourner",{3}{W}{U},5,"W,U",Eric Deschamps,135,Planeswalker — Venser,"+2: Exile target permanent you own. Return it to the battlefield under your control at the beginning of the next end step.\n−1: Creatures can't be blocked this turn.\n−8: You get an emblem with ""Whenever you cast a spell, exile target permanent.""","SOM,DDI",,normal,212240,,,Mythic Rare,Venser,Planeswalker
Accorder's Shield,{0},,,Alan Pollack,136,Artifact — Equipment,Equipped creature gets +0/+3 and has vigilance. (Attacking doesn't cause it to tap.)\nEquip {3} ({3}: Attach to target creature you control. Equip only as a sorcery.),"SOM,M14","An Auriok shield is polished to a mirror finish even on the inside, enabling its bearer to watch foes ahead and behind.",normal,209046,,,Common,Equipment,Artifact
Argentum Armor,{6},6,,Matt Cavotta,137,Artifact — Equipment,"Equipped creature gets +6/+6.\nWhenever equipped creature attacks, destroy target permanent.\nEquip {6}","SOM,C14","Mirrodin's creator still lives, still shapes metal, and still commands world-shaking power.",normal,217967,,,Rare,Equipment,Artifact
Auriok Replica,{3},3,W,Zoltan Boros & Gabor Szikszai,138,Artifact Creature — Cleric,"{W}, Sacrifice Auriok Replica: Prevent all damage a source of your choice would deal to you this turn.",SOM,All the loyalty of the Auriok with only a trace of their self-righteousness.,normal,209051,2,2,Common,Cleric,"Artifact,Creature"
Barbed Battlegear,{3},3,,Steve Argyle,139,Artifact — Equipment,Equipped creature gets +4/-1.\nEquip {2},SOM,"""One need only look at the inhabitants of this world to see that they are forged halfway to perfection. All they need is a whisper of the Glorious Word.""\n—Urabrask the Hidden",normal,208255,,,Uncommon,Equipment,Artifact
Bladed Pinions,{2},2,,Steve Argyle,140,Artifact — Equipment,Equipped creature has flying and first strike.\nEquip {2},SOM,"Lacking trained pterons, the Auriok had to rely on other measures to gain the upper hand in the skies.",normal,206354,,,Common,Equipment,Artifact
Chimeric Mass,{X},,,David Palumbo,141,Artifact,"Chimeric Mass enters the battlefield with X charge counters on it.\n{1}: Until end of turn, Chimeric Mass becomes a Construct artifact creature with ""This creature's power and toughness are each equal to the number of charge counters on it.""","SOM,MM2",,normal,209714,,,Rare,,Artifact
Chrome Steed,{4},4,,Jana Schirmer & Johannes Voss,142,Artifact Creature — Horse,Metalcraft — Chrome Steed gets +2/+2 as long as you control three or more artifacts.,SOM,"According to Auriok myth, it collects scrap in order to reassemble its lost rider.",normal,212247,2,2,Common,Horse,"Artifact,Creature"
Clone Shell,{5},5,,Volkan Baga,143,Artifact Creature — Shapeshifter,"Imprint — When Clone Shell enters the battlefield, look at the top four cards of your library, exile one face down, then put the rest on the bottom of your library in any order.\nWhen Clone Shell dies, turn the exiled card face up. If it's a creature card, put it onto the battlefield under your control.",SOM,,normal,209278,2,2,Uncommon,Shapeshifter,"Artifact,Creature"
Contagion Clasp,{2},2,,Anthony Palumbo,144,Artifact,"When Contagion Clasp enters the battlefield, put a -1/-1 counter on target creature.\n{4}, {T}: Proliferate. (You choose any number of permanents and/or players with counters on them, then give each another counter of a kind already there.)","pFNM,DDF,SOM",,normal,194341,,,Uncommon,,Artifact
Contagion Engine,{6},6,,Daarken,145,Artifact,"When Contagion Engine enters the battlefield, put a -1/-1 counter on each creature target player controls.\n{4}, {T}: Proliferate, then proliferate again. (You choose any number of permanents and/or players with counters on them, then give each another counter of a kind already there. Then do it again.)",SOM,,normal,212252,,,Rare,,Artifact
Copper Myr,{2},2,G,Alan Pollack,146,Artifact Creature — Myr,{T}: Add {G} to your mana pool.,"MRD,HOP,SOM",The myr are like verdigris: an ever-present patina on the surface of a metal world.,normal,194063,1,1,Common,Myr,"Artifact,Creature"
Corpse Cur,{4},4,,Pete Venters,147,Artifact Creature — Hound,"Infect (This creature deals damage to creatures in the form of -1/-1 counters and to players in the form of poison counters.)\nWhen Corpse Cur enters the battlefield, you may return target creature card with infect from your graveyard to your hand.",SOM,,normal,194337,2,2,Common,Hound,"Artifact,Creature"
Culling Dais,{2},2,,Anthony Palumbo,148,Artifact,"{T}, Sacrifice a creature: Put a charge counter on Culling Dais.\n{1}, Sacrifice Culling Dais: Draw a card for each charge counter on Culling Dais.","SOM,MM2","""Forswear the flesh and you will truly see.""\n—Jin-Gitaxias, Core Augur",normal,194127,,,Uncommon,,Artifact
Darksteel Axe,{1},1,,Daniel Ljunggren,149,Artifact — Equipment,"Indestructible (Effects that say ""destroy"" don't destroy this artifact.)\nEquipped creature gets +2/+0.\nEquip {2}","SOM,MM2","Heavier than it looks, tricky to wield, guaranteed to last.",normal,209033,,,Uncommon,Equipment,Artifact
Darksteel Juggernaut,{5},5,,Randis Albion,150,Artifact Creature — Juggernaut,Indestructible\nDarksteel Juggernaut's power and toughness are each equal to the number of artifacts you control.\nDarksteel Juggernaut attacks each turn if able.,SOM,"One part unstoppable force, one part immovable object.",normal,209011,*,*,Rare,Juggernaut,"Artifact,Creature"
Darksteel Myr,{3},3,,Randis Albion,151,Artifact Creature — Myr,"Indestructible (Damage and effects that say ""destroy"" don't destroy this creature. If its toughness is 0 or less, it's still put into its owner's graveyard.)",SOM,,normal,209000,0,1,Uncommon,Myr,"Artifact,Creature"
Darksteel Sentinel,{6},6,,Erica Yang,152,Artifact Creature — Golem,"Flash (You may cast this spell any time you could cast an instant.)\nVigilance\nIndestructible (Damage and effects that say ""destroy"" don't destroy this creature. If its toughness is 0 or less, it's still put into its owner's graveyard.)",SOM,,normal,207865,3,3,Uncommon,Golem,"Artifact,Creature"
Echo Circlet,{2},2,,Daarken,153,Artifact — Equipment,Equipped creature can block an additional creature.\nEquip {1},SOM,"After the vanishing of the elder generations, the Anvil Tribe developed creative solutions to their personnel shortages.",normal,209042,,,Common,Equipment,Artifact
Etched Champion,{3},3,,Matt Cavotta,154,Artifact Creature — Soldier,Metalcraft — Etched Champion has protection from all colors as long as you control three or more artifacts.,"SOM,MM2",Its predecessors were etched with the wisdom of ancients; its own etchings bear warnings of a future fraught with war.,normal,215099,2,2,Rare,Soldier,"Artifact,Creature"
Flight Spellbomb,{1},1,U,Franz Vohwinkel,155,Artifact,"{T}, Sacrifice Flight Spellbomb: Target creature gains flying until end of turn.\nWhen Flight Spellbomb is put into a graveyard from the battlefield, you may pay {U}. If you do, draw a card.",SOM,,normal,210233,,,Common,,Artifact
Glint Hawk Idol,{2},2,W,Dave Allsop,156,Artifact,"Whenever another artifact enters the battlefield under your control, you may have Glint Hawk Idol become a 2/2 Bird artifact creature with flying until end of turn.\n{W}: Glint Hawk Idol becomes a 2/2 Bird artifact creature with flying until end of turn.","SOM,MM2",,normal,194049,,,Common,,Artifact
Gold Myr,{2},2,W,Alan Pollack,157,Artifact Creature — Myr,{T}: Add {W} to your mana pool.,"MRD,HOP,SOM","The myr are like razorgrass: numberless metal figures, reflecting each other's light.",normal,194384,1,1,Common,Myr,"Artifact,Creature"
Golden Urn,{1},1,,Charles Urbach,158,Artifact,"At the beginning of your upkeep, you may put a charge counter on Golden Urn.\n{T}, Sacrifice Golden Urn: You gain life equal to the number of charge counters on Golden Urn.",SOM,,normal,213926,,,Common,,Artifact
Golem Artisan,{5},5,,Nic Klein,159,Artifact Creature — Golem,"{2}: Target artifact creature gets +1/+1 until end of turn.\n{2}: Target artifact creature gains your choice of flying, trample, or haste until end of turn.",SOM,Better living through metallurgy.,normal,206360,3,3,Uncommon,Golem,"Artifact,Creature"
Golem Foundry,{3},3,,Nic Klein,160,Artifact,"Whenever you cast an artifact spell, you may put a charge counter on Golem Foundry.\nRemove three charge counters from Golem Foundry: Put a 3/3 colorless Golem artifact creature token onto the battlefield.",SOM,,normal,194314,,,Common,,Artifact
Golem's Heart,{2},2,,Matt Cavotta,161,Artifact,"Whenever a player casts an artifact spell, you may gain 1 life.","pWPN,SOM",The heart of a golem gives life to more than just the iron husk around it.,normal,205472,,,Uncommon,,Artifact
Grafted Exoskeleton,{4},4,,Allen Williams,162,Artifact — Equipment,"Equipped creature gets +2/+2 and has infect. (It deals damage to creatures in the form of -1/-1 counters and to players in the form of poison counters.)\nWhenever Grafted Exoskeleton becomes unattached from a permanent, sacrifice that permanent.\nEquip {2}",SOM,,normal,209045,,,Uncommon,Equipment,Artifact
Grindclock,{2},2,,Nils Hamm,163,Artifact,"{T}: Put a charge counter on Grindclock.\n{T}: Target player puts the top X cards of his or her library into his or her graveyard, where X is the number of charge counters on Grindclock.","SOM,M15",Pray you never hear it chime.,normal,194134,,,Rare,,Artifact
Heavy Arbalest,{3},3,,David Rapoza,164,Artifact — Equipment,"Equipped creature doesn't untap during its controller's untap step.\nEquipped creature has ""{T}: This creature deals 2 damage to target creature or player.""\nEquip {4}",SOM,,normal,209050,,,Uncommon,Equipment,Artifact
Horizon Spellbomb,{1},1,G,Franz Vohwinkel,165,Artifact,"{2}, {T}, Sacrifice Horizon Spellbomb: Search your library for a basic land card, reveal it, and put it into your hand. Then shuffle your library.\nWhen Horizon Spellbomb is put into a graveyard from the battlefield, you may pay {G}. If you do, draw a card.",SOM,,normal,210229,,,Common,,Artifact
Ichorclaw Myr,{2},2,,Eric Deschamps,166,Artifact Creature — Myr,"Infect (This creature deals damage to creatures in the form of -1/-1 counters and to players in the form of poison counters.)\nWhenever Ichorclaw Myr becomes blocked, it gets +2/+2 until end of turn.",SOM,,normal,194256,1,1,Common,Myr,"Artifact,Creature"
Infiltration Lens,{1},1,,Izzy,167,Artifact — Equipment,"Whenever equipped creature becomes blocked by a creature, you may draw two cards.\nEquip {1}",SOM,"Neurok spies carry devices that let them look a few moments into the future, giving them an almost insurmountable edge.",normal,205480,,,Uncommon,Equipment,Artifact
Iron Myr,{2},2,R,Alan Pollack,168,Artifact Creature — Myr,{T}: Add {R} to your mana pool.,"MRD,HOP,SOM",The myr are like rusted metal: gleaming purpose hidden by a thin disguise of debris.,normal,194168,1,1,Common,Myr,"Artifact,Creature"
Kuldotha Forgemaster,{5},5,,jD,169,Artifact Creature — Construct,"{T}, Sacrifice three artifacts: Search your library for an artifact card and put it onto the battlefield. Then shuffle your library.",SOM,"The goblins say it used to be larger, before it began to stoke the Great Furnace with pieces of itself.",normal,215098,3,5,Rare,Construct,"Artifact,Creature"
Leaden Myr,{2},2,B,Alan Pollack,170,Artifact Creature — Myr,{T}: Add {B} to your mana pool.,"MRD,HOP,SOM",The myr are like necrogen: a transformative force unconcerned with the changes they wreak.,normal,194204,1,1,Common,Myr,"Artifact,Creature"
Liquimetal Coating,{2},2,,Johann Bodin,171,Artifact,{T}: Target permanent becomes an artifact in addition to its other types until end of turn.,"SOM,C14","""They'll soon become accustomed to wearing skin that is not their own.""\n—Elesh Norn, Grand Cenobite",normal,212709,,,Uncommon,,Artifact
Livewire Lash,{2},2,,Daniel Ljunggren,172,Artifact — Equipment,"Equipped creature gets +2/+0 and has ""Whenever this creature becomes the target of a spell, this creature deals 2 damage to target creature or player.""\nEquip {2}",SOM,,normal,212239,,,Rare,Equipment,Artifact
Lux Cannon,{4},4,,Martina Pilcerova,173,Artifact,"{T}: Put a charge counter on Lux Cannon.\n{T}, Remove three charge counters from Lux Cannon: Destroy target permanent.",SOM,There are few problems that can't be solved by putting a hole in the world.,normal,210236,,,Mythic Rare,,Artifact
Memnite,{0},,,Svetlin Velinov,174,Artifact Creature — Construct,,"pMGD,SOM","Reminders of Memnarch's reign still skirr across Mirrodin, reminiscent of his form if not his power.",normal,194078,1,1,Uncommon,Construct,"Artifact,Creature"
Mimic Vat,{3},3,,Matt Cavotta,175,Artifact,"Imprint — Whenever a nontoken creature dies, you may exile that card. If you do, return each other card exiled with Mimic Vat to its owner's graveyard.\n{3}, {T}: Put a token onto the battlefield that's a copy of the exiled card. It gains haste. Exile it at the beginning of the next end step.",SOM,,normal,207883,,,Rare,,Artifact
Mindslaver,{6},6,,Volkan Baga,176,Legendary Artifact,"{4}, {T}, Sacrifice Mindslaver: You control target player during that player's next turn. (You see all cards that player could see and make all decisions for the player.)","MRD,SOM",It's a helm that leaves the head at its most vulnerable.,normal,209044,,,Mythic Rare,,Artifact
Molten-Tail Masticore,{4},4,,Whit Brachna,177,Artifact Creature — Masticore,"At the beginning of your upkeep, sacrifice Molten-Tail Masticore unless you discard a card.\n{4}, Exile a creature card from your graveyard: Molten-Tail Masticore deals 4 damage to target creature or player.\n{2}: Regenerate Molten-Tail Masticore.",SOM,,normal,215089,4,4,Mythic Rare,Masticore,"Artifact,Creature"
Moriok Replica,{3},3,B,Zoltan Boros & Gabor Szikszai,178,Artifact Creature — Warrior,"{1}{B}, Sacrifice Moriok Replica: You draw two cards and you lose 2 life.",SOM,All the secrets of the Moriok with only a trace of their corruption.,normal,209037,2,2,Common,Warrior,"Artifact,Creature"
Mox Opal,{0},,,Volkan Baga,179,Legendary Artifact,Metalcraft — {T}: Add one mana of any color to your mana pool. Activate this ability only if you control three or more artifacts.,"SOM,MM2",The suns of Mirrodin have shone upon perfection only once.,normal,208248,,,Mythic Rare,,Artifact
Myr Battlesphere,{7},7,,Franz Vohwinkel,180,Artifact Creature — Myr Construct,"When Myr Battlesphere enters the battlefield, put four 1/1 colorless Myr artifact creature tokens onto the battlefield.\nWhenever Myr Battlesphere attacks, you may tap X untapped Myr you control. If you do, Myr Battlesphere gets +X/+0 until end of turn and deals X damage to defending player.","SOM,C13,C14",,normal,209717,4,7,Rare,"Myr,Construct","Artifact,Creature"
Myr Galvanizer,{3},3,,Greg Staples,181,Artifact Creature — Myr,"Other Myr creatures you control get +1/+1.\n{1}, {T}: Untap each other Myr you control.",SOM,"""We can't quite determine what they're doing, but they seem to be doing it quite well.""\n—Vedalken research notes",normal,220364,2,2,Uncommon,Myr,"Artifact,Creature"
Myr Propagator,{3},3,,Ryan Pancoast,182,Artifact Creature — Myr,"{3}, {T}: Put a token that's a copy of Myr Propagator onto the battlefield.",SOM,"""We will ingest and remake this world in our image, not unlike some admirable designs I have seen here.""\n—Vorinclex, Voice of Hunger",normal,215069,1,1,Rare,Myr,"Artifact,Creature"
Myr Reservoir,{3},3,,Jung Park,183,Artifact,"{T}: Add {C}{C} to your mana pool. Spend this mana only to cast Myr spells or activate abilities of Myr.\n{3}, {T}: Return target Myr card from your graveyard to your hand.",SOM,A mana well as bottomless as the myr are tireless.,normal,215114,,,Rare,,Artifact
Necrogen Censer,{3},3,,Pete Venters,184,Artifact,"Necrogen Censer enters the battlefield with two charge counters on it.\n{T}, Remove a charge counter from Necrogen Censer: Target player loses 2 life.",SOM,"Moriok necromancers actively spread necrogen, encouraging the transformation from Mirran to nim.",normal,194223,,,Common,,Artifact
Necropede,{2},2,,Nic Klein,185,Artifact Creature — Insect,"Infect (This creature deals damage to creatures in the form of -1/-1 counters and to players in the form of poison counters.)\nWhen Necropede dies, you may put a -1/-1 counter on target creature.",SOM,,normal,194052,1,1,Uncommon,Insect,"Artifact,Creature"
Neurok Replica,{3},3,U,Zoltan Boros & Gabor Szikszai,186,Artifact Creature — Wizard,"{1}{U}, Sacrifice Neurok Replica: Return target creature to its owner's hand.",SOM,All the curiosity of the Neurok with only a trace of their duplicity.,normal,209039,1,4,Common,Wizard,"Artifact,Creature"
Nihil Spellbomb,{1},1,B,Franz Vohwinkel,187,Artifact,"{T}, Sacrifice Nihil Spellbomb: Exile all cards from target player's graveyard.\nWhen Nihil Spellbomb is put into a graveyard from the battlefield, you may pay {B}. If you do, draw a card.","SOM,C13",,normal,210226,,,Common,,Artifact
Nim Deathmantle,{2},2,,Karl Kopinski,188,Artifact — Equipment,"Equipped creature gets +2/+2, has intimidate, and is a black Zombie. (A creature with intimidate can't be blocked except by artifact creatures and/or creatures that share a color with it.)\nWhenever a nontoken creature is put into your graveyard from the battlefield, you may pay {4}. If you do, return that card to the battlefield and attach Nim Deathmantle to it.\nEquip {4}",SOM,,normal,209289,,,Rare,Equipment,Artifact
Origin Spellbomb,{1},1,W,Franz Vohwinkel,189,Artifact,"{1}, {T}, Sacrifice Origin Spellbomb: Put a 1/1 colorless Myr artifact creature token onto the battlefield.\nWhen Origin Spellbomb is put into a graveyard from the battlefield, you may pay {W}. If you do, draw a card.",SOM,,normal,210239,,,Common,,Artifact
Palladium Myr,{3},3,,Alan Pollack,190,Artifact Creature — Myr,{T}: Add {C}{C} to your mana pool.,"SOM,C14",The myr are like the Glimmervoid: blank canvases on which to build grand creations.,normal,212251,2,2,Uncommon,Myr,"Artifact,Creature"
Panic Spellbomb,{1},1,R,Franz Vohwinkel,191,Artifact,"{T}, Sacrifice Panic Spellbomb: Target creature can't block this turn.\nWhen Panic Spellbomb is put into a graveyard from the battlefield, you may pay {R}. If you do, draw a card.","SOM,C14",,normal,210234,,,Common,,Artifact
Perilous Myr,{2},2,,Jason Felix,192,Artifact Creature — Myr,"When Perilous Myr dies, it deals 2 damage to target creature or player.",SOM,"To Mirrodin, an explosive. To Phyrexia, a missionary.",normal,194056,1,1,Common,Myr,"Artifact,Creature"
Platinum Emperion,{8},8,,Chris Rahn,193,Artifact Creature — Golem,Your life total can't change. (You can't gain or lose life. You can't pay any amount of life except 0.),SOM,"It ignores such insignificant forces as time, entropy, and death.",normal,215092,8,8,Mythic Rare,Golem,"Artifact,Creature"
Precursor Golem,{5},5,,Chippy,194,Artifact Creature — Golem,"When Precursor Golem enters the battlefield, put two 3/3 colorless Golem artifact creature tokens onto the battlefield.\nWhenever a player casts an instant or sorcery spell that targets only a single Golem, that player copies that spell for each other Golem that spell could target. Each copy targets a different one of those Golems.","SOM,MM2",,normal,206348,3,3,Rare,Golem,"Artifact,Creature"
Prototype Portal,{4},4,,Drew Baker,195,Artifact,"Imprint — When Prototype Portal enters the battlefield, you may exile an artifact card from your hand.\n{X}, {T}: Put a token that's a copy of the exiled card onto the battlefield. X is the converted mana cost of that card.",SOM,,normal,209009,,,Rare,,Artifact
Ratchet Bomb,{2},2,,Austin Hsu,196,Artifact,"{T}: Put a charge counter on Ratchet Bomb.\n{T}, Sacrifice Ratchet Bomb: Destroy each nonland permanent with converted mana cost equal to the number of charge counters on Ratchet Bomb.","pMEI,SOM,M14",,normal,205482,,,Rare,,Artifact
Razorfield Thresher,{7},7,,Karl Kopinski,197,Artifact Creature — Construct,,SOM,DANGER! Keep appendages clear of front of machine. And rear of machine. And side of machine. And top of machine.,normal,209725,6,4,Common,Construct,"Artifact,Creature"
Rust Tick,{3},3,,Carl Critchlow,198,Artifact Creature — Insect,"You may choose not to untap Rust Tick during your untap step.\n{1}, {T}: Tap target artifact. It doesn't untap during its controller's untap step for as long as Rust Tick remains tapped.",SOM,,normal,209282,1,3,Uncommon,Insect,"Artifact,Creature"
Rusted Relic,{4},4,,Igor Kieryluk,199,Artifact,Metalcraft — Rusted Relic is a 5/5 Golem artifact creature as long as you control three or more artifacts.,"SOM,MM2","""We consider rust a curable disease.""\n—Tarrin, Hammer-Tribe shaman",normal,194069,,,Uncommon,,Artifact
Saberclaw Golem,{5},5,R,Mike Bierek,200,Artifact Creature — Golem,{R}: Saberclaw Golem gains first strike until end of turn.,SOM,"The warriors of the Blade Tribe charged the golem, twenty strong. They returned numbering ten . . . and a half.",normal,212717,4,2,Common,Golem,"Artifact,Creature"
Semblance Anvil,{3},3,,Dan Scott,201,Artifact,"Imprint — When Semblance Anvil enters the battlefield, you may exile a nonland card from your hand.\nSpells you cast that share a card type with the exiled card cost {2} less to cast.",SOM,Forged from what it forges.,normal,209002,,,Rare,,Artifact
Silver Myr,{2},2,U,Alan Pollack,202,Artifact Creature — Myr,{T}: Add {U} to your mana pool.,"MRD,HOP,DDF,SOM",The myr are like quicksilver: malleable in function and adaptable in form.,normal,194378,1,1,Common,Myr,"Artifact,Creature"
Snapsail Glider,{3},3,,Efrem Palacios,203,Artifact Creature — Construct,Metalcraft — Snapsail Glider has flying as long as you control three or more artifacts.,SOM,"Built from a reconfigured thresher, it charges with light reflected off the golden plain, ready to take to the air in case of danger.",normal,209010,2,2,Common,Construct,"Artifact,Creature"
Soliton,{5},5,U,Jason Felix,204,Artifact Creature — Construct,{U}: Untap Soliton.,SOM,"The gemini engines had lost connection with each other and wandered apart, developing an independent awareness of their surroundings.",normal,205484,3,4,Common,Construct,"Artifact,Creature"
Steel Hellkite,{6},6,,James Paick,205,Artifact Creature — Dragon,Flying\n{2}: Steel Hellkite gets +1/+0 until end of turn.\n{X}: Destroy each nonland permanent with converted mana cost X whose controller was dealt combat damage by Steel Hellkite this turn. Activate this ability only once each turn.,"pLPA,SOM,C14",,normal,206351,5,5,Rare,Dragon,"Artifact,Creature"
Strata Scythe,{3},3,,Scott Chou,206,Artifact — Equipment,"Imprint — When Strata Scythe enters the battlefield, search your library for a land card, exile it, then shuffle your library.\nEquipped creature gets +1/+1 for each land on the battlefield with the same name as the exiled card.\nEquip {3}","SOM,C14",,normal,207870,,,Rare,Equipment,Artifact
Strider Harness,{3},3,,Matt Stewart,207,Artifact — Equipment,Equipped creature gets +1/+1 and has haste.\nEquip {1},"SOM,OGW",Each journey begins with a single step—and sometimes ends with that single step as well.,normal,206344,,,Common,Equipment,Artifact
Sword of Body and Mind,{3},3,,Chris Rahn,208,Artifact — Equipment,"Equipped creature gets +2/+2 and has protection from green and from blue.\nWhenever equipped creature deals combat damage to a player, you put a 2/2 green Wolf creature token onto the battlefield and that player puts the top ten cards of his or her library into his or her graveyard.\nEquip {2}","V10,SOM",,normal,209280,,,Mythic Rare,Equipment,Artifact
Sylvok Lifestaff,{1},1,,Martina Pilcerova,209,Artifact — Equipment,"Equipped creature gets +1/+0.\nWhenever equipped creature dies, you gain 3 life.\nEquip {1}",SOM,The druid's lifestaff connects her to generations of bygone Sylvok.,normal,207857,,,Common,Equipment,Artifact
Sylvok Replica,{3},3,G,Zoltan Boros & Gabor Szikszai,210,Artifact Creature — Shaman,"{G}, Sacrifice Sylvok Replica: Destroy target artifact or enchantment.",SOM,All the zeal of the Sylvok with only a trace of their conservancy.,normal,209052,1,3,Common,Shaman,"Artifact,Creature"
Throne of Geth,{2},2,,Jana Schirmer & Johannes Voss,211,Artifact,"{T}, Sacrifice an artifact: Proliferate. (You choose any number of permanents and/or players with counters on them, then give each another counter of a kind already there.)",SOM,"At the heart of Ish Sah, Geth stokes the dark fires of Phyrexia.",normal,202675,,,Uncommon,,Artifact
Tower of Calamities,{4},4,,Aleksi Briclot,212,Artifact,"{8}, {T}: Tower of Calamities deals 12 damage to target creature.",SOM,"The ur-golems concealed one of their towers out of fear that its power would be abused, and in anticipation of a time when its power would be sorely needed.",normal,207864,,,Rare,,Artifact
Trigon of Corruption,{4},4,B,Nils Hamm,213,Artifact,"Trigon of Corruption enters the battlefield with three charge counters on it.\n{B}{B}, {T}: Put a charge counter on Trigon of Corruption.\n{2}, {T}, Remove a charge counter from Trigon of Corruption: Put a -1/-1 counter on target creature.",SOM,,normal,202686,,,Uncommon,,Artifact
Trigon of Infestation,{4},4,G,Dave Allsop,214,Artifact,"Trigon of Infestation enters the battlefield with three charge counters on it.\n{G}{G}, {T}: Put a charge counter on Trigon of Infestation.\n{2}, {T}, Remove a charge counter from Trigon of Infestation: Put a 1/1 green Insect creature token with infect onto the battlefield.",SOM,,normal,194232,,,Uncommon,,Artifact
Trigon of Mending,{2},2,W,Igor Kieryluk,215,Artifact,"Trigon of Mending enters the battlefield with three charge counters on it.\n{W}{W}, {T}: Put a charge counter on Trigon of Mending.\n{2}, {T}, Remove a charge counter from Trigon of Mending: Target player gains 3 life.",SOM,,normal,212714,,,Uncommon,,Artifact
Trigon of Rage,{2},2,R,Marc Simonetti,216,Artifact,"Trigon of Rage enters the battlefield with three charge counters on it.\n{R}{R}, {T}: Put a charge counter on Trigon of Rage.\n{2}, {T}, Remove a charge counter from Trigon of Rage: Target creature gets +3/+0 until end of turn.",SOM,,normal,194393,,,Uncommon,,Artifact
Trigon of Thought,{5},5,U,Mike Bierek,217,Artifact,"Trigon of Thought enters the battlefield with three charge counters on it.\n{U}{U}, {T}: Put a charge counter on Trigon of Thought.\n{2}, {T}, Remove a charge counter from Trigon of Thought: Draw a card.",SOM,,normal,205476,,,Uncommon,,Artifact
Tumble Magnet,{3},3,,Drew Baker,218,Artifact,"Tumble Magnet enters the battlefield with three charge counters on it.\n{T}, Remove a charge counter from Tumble Magnet: Tap target artifact or creature.","SOM,MM2",Magnetic devices that keep massive golems and structures standing can also be used for the opposite purpose.,normal,210232,,,Common,,Artifact
Vector Asp,{1},1,B,Erica Yang,219,Artifact Creature — Snake,{B}: Vector Asp gains infect until end of turn. (It deals damage to creatures in the form of -1/-1 counters and to players in the form of poison counters.),SOM,"Phyrexia's machines take inspiration from nature. Twisted, disturbing inspiration.",normal,194074,1,1,Common,Snake,"Artifact,Creature"
Venser's Journal,{5},5,,Christopher Moeller,220,Artifact,"You have no maximum hand size.\nAt the beginning of your upkeep, you gain 1 life for each card in your hand.",SOM,"A Planeswalker's chronicle spans worlds and civilizations, each page a lifetime.",normal,215079,,,Rare,,Artifact
Vulshok Replica,{3},3,R,Zoltan Boros & Gabor Szikszai,221,Artifact Creature — Berserker,"{1}{R}, Sacrifice Vulshok Replica: Vulshok Replica deals 3 damage to target player.",SOM,All the fury of the Vulshok with only a trace of their recklessness.,normal,209034,3,1,Common,Berserker,"Artifact,Creature"
Wall of Tanglecord,{2},2,G,Vance Kovacs,222,Artifact Creature — Wall,Defender\n{G}: Wall of Tanglecord gains reach until end of turn. (It can block creatures with flying.),SOM,"Rootlike fibers travel far from Mirrodin's metallic forests, emerging from the crust to drink in the mana-infused sunlight.",normal,202652,0,6,Common,Wall,"Artifact,Creature"
Wurmcoil Engine,{6},6,,Raymond Swanland,223,Artifact Creature — Wurm,"Deathtouch, lifelink\nWhen Wurmcoil Engine dies, put a 3/3 colorless Wurm artifact creature token with deathtouch and a 3/3 colorless Wurm artifact creature token with lifelink onto the battlefield.","pPRE,SOM,C14",,normal,207875,6,6,Mythic Rare,Wurm,"Artifact,Creature"
Blackcleave Cliffs,,,"B,R",Dave Kendall,224,Land,Blackcleave Cliffs enters the battlefield tapped unless you control two or fewer other lands.\n{T}: Add {B} or {R} to your mana pool.,SOM,"Where the Oxidda Chain mingles with the Mephidross, oil-suffused metal crumbles away, leaving walls of blackened bones.",normal,209401,,,Rare,,Land
Copperline Gorge,,,"R,G",Zoltan Boros & Gabor Szikszai,225,Land,Copperline Gorge enters the battlefield tapped unless you control two or fewer other lands.\n{T}: Add {R} or {G} to your mana pool.,SOM,"Where the Tangle overruns the Oxidda mountains, metallic beasts scratch their territories in the verdigris.",normal,209408,,,Rare,,Land
Darkslick Shores,,,"U,B",Charles Urbach,226,Land,Darkslick Shores enters the battlefield tapped unless you control two or fewer other lands.\n{T}: Add {U} or {B} to your mana pool.,SOM,"Where the Mephidross leaches into the Quicksilver Sea, the waves writhe with necrogen.",normal,209400,,,Rare,,Land
Glimmerpost,,,,Matt Cavotta,227,Land — Locus,"When Glimmerpost enters the battlefield, you gain 1 life for each Locus on the battlefield.\n{T}: Add {C} to your mana pool.",SOM,What once spied upon Mirrodin from above now waits below for another to assume control.,normal,209043,,,Common,Locus,Land
Razorverge Thicket,,,"G,W",James Paick,228,Land,Razorverge Thicket enters the battlefield tapped unless you control two or fewer other lands.\n{T}: Add {G} or {W} to your mana pool.,SOM,"Where the Razor Fields beat back the Tangle, the crowded thicket yields to bright scimitars of grass.",normal,209407,,,Rare,,Land
Seachrome Coast,,,"W,U",Lars Grant-West,229,Land,Seachrome Coast enters the battlefield tapped unless you control two or fewer other lands.\n{T}: Add {W} or {U} to your mana pool.,SOM,"Where the Quicksilver Sea laps over the Razor Fields, the landscape reflects the suns' fading hope.",normal,209399,,,Rare,,Land
Plains,,,W,James Paick,230,Basic Land — Plains,,"LEA,LEB,2ED,CED,CEI,3ED,4ED,ICE,RQS,pARL,MIR,ITP,5ED,POR,pPRE,TMP,pJGP,PO2,UGL,pALP,USG,ATH,6ED,PTK,S99,pGRU,MMQ,BRB,pELP,S00,INV,7ED,ODY,ONS,8ED,MRD,CHK,UNH,9ED,RAV,CST,TSP,10E,MED,LRW,SHM,ALA,DDC,M10,HOP,ME3,ZEN,H09,DDE,ROE,ARC,M11,DDF,SOM,MBS,DDG,NPH,CMD,M12,DDH,ISD,DDI,AVR,PC2,M13,RTR,DDK,M14,DDL,THS,C13,MD1,M15,DDN,KTK,C14,DD3_DVD,FRF,DDO,DTK,TPR,ORI,DDP,BFZ,C15,DDQ,SOI",,normal,214677,,,Basic Land,Plains,Land
Plains,,,W,James Paick,231,Basic Land — Plains,,"LEA,LEB,2ED,CED,CEI,3ED,4ED,ICE,RQS,pARL,MIR,ITP,5ED,POR,pPRE,TMP,pJGP,PO2,UGL,pALP,USG,ATH,6ED,PTK,S99,pGRU,MMQ,BRB,pELP,S00,INV,7ED,ODY,ONS,8ED,MRD,CHK,UNH,9ED,RAV,CST,TSP,10E,MED,LRW,SHM,ALA,DDC,M10,HOP,ME3,ZEN,H09,DDE,ROE,ARC,M11,DDF,SOM,MBS,DDG,NPH,CMD,M12,DDH,ISD,DDI,AVR,PC2,M13,RTR,DDK,M14,DDL,THS,C13,MD1,M15,DDN,KTK,C14,DD3_DVD,FRF,DDO,DTK,TPR,ORI,DDP,BFZ,C15,DDQ,SOI",,normal,214679,,,Basic Land,Plains,Land
Plains,,,W,James Paick,232,Basic Land — Plains,,"LEA,LEB,2ED,CED,CEI,3ED,4ED,ICE,RQS,pARL,MIR,ITP,5ED,POR,pPRE,TMP,pJGP,PO2,UGL,pALP,USG,ATH,6ED,PTK,S99,pGRU,MMQ,BRB,pELP,S00,INV,7ED,ODY,ONS,8ED,MRD,CHK,UNH,9ED,RAV,CST,TSP,10E,MED,LRW,SHM,ALA,DDC,M10,HOP,ME3,ZEN,H09,DDE,ROE,ARC,M11,DDF,SOM,MBS,DDG,NPH,CMD,M12,DDH,ISD,DDI,AVR,PC2,M13,RTR,DDK,M14,DDL,THS,C13,MD1,M15,DDN,KTK,C14,DD3_DVD,FRF,DDO,DTK,TPR,ORI,DDP,BFZ,C15,DDQ,SOI",,normal,214671,,,Basic Land,Plains,Land
Plains,,,W,James Paick,233,Basic Land — Plains,,"LEA,LEB,2ED,CED,CEI,3ED,4ED,ICE,RQS,pARL,MIR,ITP,5ED,POR,pPRE,TMP,pJGP,PO2,UGL,pALP,USG,ATH,6ED,PTK,S99,pGRU,MMQ,BRB,pELP,S00,INV,7ED,ODY,ONS,8ED,MRD,CHK,UNH,9ED,RAV,CST,TSP,10E,MED,LRW,SHM,ALA,DDC,M10,HOP,ME3,ZEN,H09,DDE,ROE,ARC,M11,DDF,SOM,MBS,DDG,NPH,CMD,M12,DDH,ISD,DDI,AVR,PC2,M13,RTR,DDK,M14,DDL,THS,C13,MD1,M15,DDN,KTK,C14,DD3_DVD,FRF,DDO,DTK,TPR,ORI,DDP,BFZ,C15,DDQ,SOI",,normal,214683,,,Basic Land,Plains,Land
Island,,,U,Jung Park,234,Basic Land — Island,,"LEA,LEB,2ED,CED,CEI,3ED,4ED,ICE,RQS,pARL,MIR,ITP,5ED,POR,TMP,pJGP,PO2,UGL,pALP,USG,6ED,PTK,S99,pGRU,MMQ,BRB,pELP,S00,BTD,INV,7ED,ODY,ONS,8ED,MRD,CHK,UNH,9ED,RAV,CST,TSP,10E,MED,LRW,SHM,ALA,DD2,M10,HOP,ME3,ZEN,H09,DDE,ROE,DPA,ARC,M11,DDF,SOM,MBS,NPH,CMD,M12,DDH,ISD,DDI,AVR,PC2,M13,DDJ,RTR,M14,THS,C13,DDM,M15,DDN,KTK,C14,DD3_JVC,FRF,DDO,DTK,TPR,ORI,BFZ,C15,DDQ,SOI",,normal,214672,,,Basic Land,Island,Land
Island,,,U,Jung Park,235,Basic Land — Island,,"LEA,LEB,2ED,CED,CEI,3ED,4ED,ICE,RQS,pARL,MIR,ITP,5ED,POR,TMP,pJGP,PO2,UGL,pALP,USG,6ED,PTK,S99,pGRU,MMQ,BRB,pELP,S00,BTD,INV,7ED,ODY,ONS,8ED,MRD,CHK,UNH,9ED,RAV,CST,TSP,10E,MED,LRW,SHM,ALA,DD2,M10,HOP,ME3,ZEN,H09,DDE,ROE,DPA,ARC,M11,DDF,SOM,MBS,NPH,CMD,M12,DDH,ISD,DDI,AVR,PC2,M13,DDJ,RTR,M14,THS,C13,DDM,M15,DDN,KTK,C14,DD3_JVC,FRF,DDO,DTK,TPR,ORI,BFZ,C15,DDQ,SOI",,normal,214666,,,Basic Land,Island,Land
Island,,,U,Jung Park,236,Basic Land — Island,,"LEA,LEB,2ED,CED,CEI,3ED,4ED,ICE,RQS,pARL,MIR,ITP,5ED,POR,TMP,pJGP,PO2,UGL,pALP,USG,6ED,PTK,S99,pGRU,MMQ,BRB,pELP,S00,BTD,INV,7ED,ODY,ONS,8ED,MRD,CHK,UNH,9ED,RAV,CST,TSP,10E,MED,LRW,SHM,ALA,DD2,M10,HOP,ME3,ZEN,H09,DDE,ROE,DPA,ARC,M11,DDF,SOM,MBS,NPH,CMD,M12,DDH,ISD,DDI,AVR,PC2,M13,DDJ,RTR,M14,THS,C13,DDM,M15,DDN,KTK,C14,DD3_JVC,FRF,DDO,DTK,TPR,ORI,BFZ,C15,DDQ,SOI",,normal,214678,,,Basic Land,Island,Land
Island,,,U,Jung Park,237,Basic Land — Island,,"LEA,LEB,2ED,CED,CEI,3ED,4ED,ICE,RQS,pARL,MIR,ITP,5ED,POR,TMP,pJGP,PO2,UGL,pALP,USG,6ED,PTK,S99,pGRU,MMQ,BRB,pELP,S00,BTD,INV,7ED,ODY,ONS,8ED,MRD,CHK,UNH,9ED,RAV,CST,TSP,10E,MED,LRW,SHM,ALA,DD2,M10,HOP,ME3,ZEN,H09,DDE,ROE,DPA,ARC,M11,DDF,SOM,MBS,NPH,CMD,M12,DDH,ISD,DDI,AVR,PC2,M13,DDJ,RTR,M14,THS,C13,DDM,M15,DDN,KTK,C14,DD3_JVC,FRF,DDO,DTK,TPR,ORI,BFZ,C15,DDQ,SOI",,normal,214682,,,Basic Land,Island,Land
Swamp,,,B,Lars Grant-West,238,Basic Land — Swamp,,"LEA,LEB,2ED,CED,CEI,3ED,4ED,ICE,RQS,pARL,MIR,ITP,5ED,POR,TMP,pJGP,PO2,UGL,pALP,USG,ATH,6ED,PTK,S99,pGRU,MMQ,BRB,pELP,S00,BTD,INV,7ED,ODY,DKM,ONS,8ED,MRD,CHK,UNH,9ED,RAV,CST,TSP,10E,MED,LRW,SHM,ALA,DDC,M10,HOP,ME3,ZEN,DDD,H09,DDE,ROE,DPA,ARC,M11,SOM,MBS,NPH,CMD,M12,DDH,ISD,PD3,AVR,PC2,M13,DDJ,RTR,DDK,M14,THS,C13,DDM,MD1,M15,DDN,KTK,C14,DD3_DVD,DD3_GVL,FRF,DTK,TPR,ORI,DDP,BFZ,C15,DDQ,SOI",,normal,214684,,,Basic Land,Swamp,Land
Swamp,,,B,Lars Grant-West,239,Basic Land — Swamp,,"LEA,LEB,2ED,CED,CEI,3ED,4ED,ICE,RQS,pARL,MIR,ITP,5ED,POR,TMP,pJGP,PO2,UGL,pALP,USG,ATH,6ED,PTK,S99,pGRU,MMQ,BRB,pELP,S00,BTD,INV,7ED,ODY,DKM,ONS,8ED,MRD,CHK,UNH,9ED,RAV,CST,TSP,10E,MED,LRW,SHM,ALA,DDC,M10,HOP,ME3,ZEN,DDD,H09,DDE,ROE,DPA,ARC,M11,SOM,MBS,NPH,CMD,M12,DDH,ISD,PD3,AVR,PC2,M13,DDJ,RTR,DDK,M14,THS,C13,DDM,MD1,M15,DDN,KTK,C14,DD3_DVD,DD3_GVL,FRF,DTK,TPR,ORI,DDP,BFZ,C15,DDQ,SOI",,normal,214669,,,Basic Land,Swamp,Land
Swamp,,,B,Lars Grant-West,240,Basic Land — Swamp,,"LEA,LEB,2ED,CED,CEI,3ED,4ED,ICE,RQS,pARL,MIR,ITP,5ED,POR,TMP,pJGP,PO2,UGL,pALP,USG,ATH,6ED,PTK,S99,pGRU,MMQ,BRB,pELP,S00,BTD,INV,7ED,ODY,DKM,ONS,8ED,MRD,CHK,UNH,9ED,RAV,CST,TSP,10E,MED,LRW,SHM,ALA,DDC,M10,HOP,ME3,ZEN,DDD,H09,DDE,ROE,DPA,ARC,M11,SOM,MBS,NPH,CMD,M12,DDH,ISD,PD3,AVR,PC2,M13,DDJ,RTR,DDK,M14,THS,C13,DDM,MD1,M15,DDN,KTK,C14,DD3_DVD,DD3_GVL,FRF,DTK,TPR,ORI,DDP,BFZ,C15,DDQ,SOI",,normal,214676,,,Basic Land,Swamp,Land
Swamp,,,B,Lars Grant-West,241,Basic Land — Swamp,,"LEA,LEB,2ED,CED,CEI,3ED,4ED,ICE,RQS,pARL,MIR,ITP,5ED,POR,TMP,pJGP,PO2,UGL,pALP,USG,ATH,6ED,PTK,S99,pGRU,MMQ,BRB,pELP,S00,BTD,INV,7ED,ODY,DKM,ONS,8ED,MRD,CHK,UNH,9ED,RAV,CST,TSP,10E,MED,LRW,SHM,ALA,DDC,M10,HOP,ME3,ZEN,DDD,H09,DDE,ROE,DPA,ARC,M11,SOM,MBS,NPH,CMD,M12,DDH,ISD,PD3,AVR,PC2,M13,DDJ,RTR,DDK,M14,THS,C13,DDM,MD1,M15,DDN,KTK,C14,DD3_DVD,DD3_GVL,FRF,DTK,TPR,ORI,DDP,BFZ,C15,DDQ,SOI",,normal,214674,,,Basic Land,Swamp,Land
Mountain,,,R,Tomasz Jedruszek,242,Basic Land — Mountain,,"LEA,LEB,2ED,ARN,CED,CEI,3ED,4ED,ICE,RQS,pARL,MIR,ITP,5ED,POR,TMP,pJGP,PO2,UGL,pALP,USG,ATH,6ED,PTK,S99,pGRU,MMQ,BRB,pELP,S00,BTD,INV,7ED,ODY,DKM,ONS,8ED,MRD,CHK,UNH,9ED,RAV,CST,TSP,10E,MED,LRW,EVG,SHM,ALA,DD2,M10,HOP,ME3,ZEN,H09,DDE,ROE,DPA,ARC,M11,SOM,PD2,MBS,DDG,NPH,CMD,M12,DDH,ISD,DDI,AVR,PC2,M13,DDJ,RTR,DDK,M14,DDL,THS,C13,M15,DDN,KTK,C14,DD3_EVG,DD3_JVC,FRF,DTK,TPR,ORI,DDP,BFZ,C15,SOI",,normal,214667,,,Basic Land,Mountain,Land
Mountain,,,R,Tomasz Jedruszek,243,Basic Land — Mountain,,"LEA,LEB,2ED,ARN,CED,CEI,3ED,4ED,ICE,RQS,pARL,MIR,ITP,5ED,POR,TMP,pJGP,PO2,UGL,pALP,USG,ATH,6ED,PTK,S99,pGRU,MMQ,BRB,pELP,S00,BTD,INV,7ED,ODY,DKM,ONS,8ED,MRD,CHK,UNH,9ED,RAV,CST,TSP,10E,MED,LRW,EVG,SHM,ALA,DD2,M10,HOP,ME3,ZEN,H09,DDE,ROE,DPA,ARC,M11,SOM,PD2,MBS,DDG,NPH,CMD,M12,DDH,ISD,DDI,AVR,PC2,M13,DDJ,RTR,DDK,M14,DDL,THS,C13,M15,DDN,KTK,C14,DD3_EVG,DD3_JVC,FRF,DTK,TPR,ORI,DDP,BFZ,C15,SOI",,normal,214668,,,Basic Land,Mountain,Land
Mountain,,,R,Tomasz Jedruszek,244,Basic Land — Mountain,,"LEA,LEB,2ED,ARN,CED,CEI,3ED,4ED,ICE,RQS,pARL,MIR,ITP,5ED,POR,TMP,pJGP,PO2,UGL,pALP,USG,ATH,6ED,PTK,S99,pGRU,MMQ,BRB,pELP,S00,BTD,INV,7ED,ODY,DKM,ONS,8ED,MRD,CHK,UNH,9ED,RAV,CST,TSP,10E,MED,LRW,EVG,SHM,ALA,DD2,M10,HOP,ME3,ZEN,H09,DDE,ROE,DPA,ARC,M11,SOM,PD2,MBS,DDG,NPH,CMD,M12,DDH,ISD,DDI,AVR,PC2,M13,DDJ,RTR,DDK,M14,DDL,THS,C13,M15,DDN,KTK,C14,DD3_EVG,DD3_JVC,FRF,DTK,TPR,ORI,DDP,BFZ,C15,SOI",,normal,214675,,,Basic Land,Mountain,Land
Mountain,,,R,Tomasz Jedruszek,245,Basic Land — Mountain,,"LEA,LEB,2ED,ARN,CED,CEI,3ED,4ED,ICE,RQS,pARL,MIR,ITP,5ED,POR,TMP,pJGP,PO2,UGL,pALP,USG,ATH,6ED,PTK,S99,pGRU,MMQ,BRB,pELP,S00,BTD,INV,7ED,ODY,DKM,ONS,8ED,MRD,CHK,UNH,9ED,RAV,CST,TSP,10E,MED,LRW,EVG,SHM,ALA,DD2,M10,HOP,ME3,ZEN,H09,DDE,ROE,DPA,ARC,M11,SOM,PD2,MBS,DDG,NPH,CMD,M12,DDH,ISD,DDI,AVR,PC2,M13,DDJ,RTR,DDK,M14,DDL,THS,C13,M15,DDN,KTK,C14,DD3_EVG,DD3_JVC,FRF,DTK,TPR,ORI,DDP,BFZ,C15,SOI",,normal,214681,,,Basic Land,Mountain,Land
Forest,,,G,Mark Tedin,246,Basic Land — Forest,,"LEA,LEB,2ED,CED,CEI,3ED,4ED,ICE,RQS,pARL,MIR,ITP,5ED,POR,TMP,pJGP,PO2,UGL,pALP,USG,ATH,6ED,PTK,S99,pGRU,MMQ,BRB,pELP,S00,BTD,INV,7ED,ODY,DKM,ONS,8ED,MRD,CHK,UNH,9ED,RAV,CST,TSP,10E,MED,LRW,EVG,SHM,ALA,M10,HOP,ME3,ZEN,DDD,H09,DDE,ROE,DPA,ARC,M11,SOM,MBS,DDG,NPH,CMD,M12,DDH,ISD,AVR,PC2,M13,DDJ,RTR,M14,DDL,THS,C13,DDM,M15,KTK,C14,DD3_EVG,DD3_GVL,FRF,DDO,DTK,TPR,ORI,DDP,BFZ,C15,SOI",,normal,214665,,,Basic Land,Forest,Land
Forest,,,G,Mark Tedin,247,Basic Land — Forest,,"LEA,LEB,2ED,CED,CEI,3ED,4ED,ICE,RQS,pARL,MIR,ITP,5ED,POR,TMP,pJGP,PO2,UGL,pALP,USG,ATH,6ED,PTK,S99,pGRU,MMQ,BRB,pELP,S00,BTD,INV,7ED,ODY,DKM,ONS,8ED,MRD,CHK,UNH,9ED,RAV,CST,TSP,10E,MED,LRW,EVG,SHM,ALA,M10,HOP,ME3,ZEN,DDD,H09,DDE,ROE,DPA,ARC,M11,SOM,MBS,DDG,NPH,CMD,M12,DDH,ISD,AVR,PC2,M13,DDJ,RTR,M14,DDL,THS,C13,DDM,M15,KTK,C14,DD3_EVG,DD3_GVL,FRF,DDO,DTK,TPR,ORI,DDP,BFZ,C15,SOI",,normal,214673,,,Basic Land,Forest,Land
Forest,,,G,Mark Tedin,248,Basic Land — Forest,,"LEA,LEB,2ED,CED,CEI,3ED,4ED,ICE,RQS,pARL,MIR,ITP,5ED,POR,TMP,pJGP,PO2,UGL,pALP,USG,ATH,6ED,PTK,S99,pGRU,MMQ,BRB,pELP,S00,BTD,INV,7ED,ODY,DKM,ONS,8ED,MRD,CHK,UNH,9ED,RAV,CST,TSP,10E,MED,LRW,EVG,SHM,ALA,M10,HOP,ME3,ZEN,DDD,H09,DDE,ROE,DPA,ARC,M11,SOM,MBS,DDG,NPH,CMD,M12,DDH,ISD,AVR,PC2,M13,DDJ,RTR,M14,DDL,THS,C13,DDM,M15,KTK,C14,DD3_EVG,DD3_GVL,FRF,DDO,DTK,TPR,ORI,DDP,BFZ,C15,SOI",,normal,214680,,,Basic Land,Forest,Land
Forest,,,G,Mark Tedin,249,Basic Land — Forest,,"LEA,LEB,2ED,CED,CEI,3ED,4ED,ICE,RQS,pARL,MIR,ITP,5ED,POR,TMP,pJGP,PO2,UGL,pALP,USG,ATH,6ED,PTK,S99,pGRU,MMQ,BRB,pELP,S00,BTD,INV,7ED,ODY,DKM,ONS,8ED,MRD,CHK,UNH,9ED,RAV,CST,TSP,10E,MED,LRW,EVG,SHM,ALA,M10,HOP,ME3,ZEN,DDD,H09,DDE,ROE,DPA,ARC,M11,SOM,MBS,DDG,NPH,CMD,M12,DDH,ISD,AVR,PC2,M13,DDJ,RTR,M14,DDL,THS,C13,DDM,M15,KTK,C14,DD3_EVG,DD3_GVL,FRF,DDO,DTK,TPR,ORI,DDP,BFZ,C15,SOI",,normal,214670,,,Basic Land,Forest,Land
