name,manaCost,cmc,colorIdentity,artist,number,type,text,printings,flavor,layout,multiverseid,power,toughness,rarity,subtypes,types
Angelic Blessing,{2}{W},3,W,Mark Zug,1,Sorcery,Target creature gets +3/+3 and gains flying until end of turn. (It can't be blocked except by creatures with flying or reach.),"POR,PO2,EXO,S99,S00,9ED,10E,TPR",Only the warrior who can admit mortal weakness will be bolstered by immortal strength.,normal,397647,,,Common,,Sorcery
Angelic Protector,{3}{W},4,W,DiTerlizzi,2,Creature — Angel,"Flying\nWhenever Angelic Protector becomes the target of a spell or ability, Angelic Protector gets +0/+3 until end of turn.","TMP,DDC,DD3_DVD,TPR","""My family sheltered in her light, the dark was content to wait.""\n—Crovax",normal,397598,2,2,Uncommon,Angel,Creature
Anoint,{W},1,W,Eric David Anderson,3,Instant,"Buyback {3} (You may pay an additional {3} as you cast this spell. If you do, put this card into your hand as it resolves.)\nPrevent the next 3 damage that would be dealt to target creature this turn.","TMP,TPR",,normal,397397,,,Common,,Instant
Armor Sliver,{2}{W},3,W,Scott Kirschner,4,Creature — Sliver,"All Sliver creatures have ""{2}: This creature gets +0/+1 until end of turn.""","TMP,H09,TPR","Hanna: ""We must learn how they protect each other.""\nMirri: ""After they're done trying to kill us, all right?""",normal,397515,2,2,Common,Sliver,Creature
Armored Pegasus,{1}{W},2,W,Una Fricker,5,Creature — Pegasus,Flying,"POR,pPOD,TMP,ATH,6ED,BRB,S00,TPR","""I always charge a little extra to take on a pegasus. They fly like eagles, kick like mules, and hide like hermits.""\n—Tahli en-Dal, bounty hunter",normal,397411,1,2,Common,Pegasus,Creature
Avenging Angel,{3}{W}{W},5,W,Matthew D. Wilson,6,Creature — Angel,"Flying\nWhen Avenging Angel dies, you may put it on top of its owner's library.","TMP,TPR",,normal,397621,3,3,Uncommon,Angel,Creature
Bandage,{W},1,W,Rebecca Guay,7,Instant,Prevent the next 1 damage that would be dealt to target creature or player this turn.\nDraw a card.,"STH,10E,TPR",Takara shook with guilt. She knew the last image her father had seen was her sword flashing toward him.,normal,397620,,,Common,,Instant
Cataclysm,{2}{W}{W},4,W,Jim Nelson,8,Sorcery,"Each player chooses from among the permanents he or she controls an artifact, a creature, an enchantment, and a land, then sacrifices the rest.","EXO,V14,TPR","The Weatherlight dragged the Predator behind it, the cradle hauling the casket.",normal,397399,,,Mythic Rare,,Sorcery
Charging Paladin,{2}{W},3,W,Ciruelo,9,Creature — Human Knight,"Whenever Charging Paladin attacks, it gets +0/+3 until end of turn.","POR,EXO,S99,DDC,DD3_DVD,TPR","""Hope shall be the blade that severs our bonds.""",normal,397634,2,2,Common,"Human,Knight",Creature
Conviction,{1}{W},2,W,Paolo Parente,10,Enchantment — Aura,Enchant creature\nEnchanted creature gets +1/+3.\n{W}: Return Conviction to its owner's hand.,"STH,TPR",It was not the minotaur's shoulders but his soul that bore the heaviest weight.,normal,397603,,,Common,Aura,Enchantment
Disenchant,{1}{W},2,W,Allen Williams,11,Instant,Destroy target artifact or enchantment.,"LEA,LEB,2ED,CED,CEI,3ED,4ED,ICE,pARL,MIR,5ED,TMP,USG,ATH,6ED,MMQ,BRB,pFNM,S00,7ED,pMPR,CST,TSB,ME2,ME3,TPR","The swarm seemed unmoved by the artificial slivers' destruction. ""They clearly were not the leaders,"" Hanna cursed. ""I guess we'll have to do this the hard way.""",normal,397544,,,Common,,Instant
Exalted Dragon,{4}{W}{W},6,W,Matthew D. Wilson,12,Creature — Dragon,Flying\nExalted Dragon can't attack unless you sacrifice a land. (This cost is paid as attackers are declared.),"EXO,TPR","If dragons excel at anything more than vanity, it is greed.",normal,397601,5,5,Rare,Dragon,Creature
Field of Souls,{2}{W}{W},4,W,Richard Kane Ferguson,13,Enchantment,"Whenever a nontoken creature is put into your graveyard from the battlefield, put a 1/1 white Spirit creature token with flying onto the battlefield.","TMP,DDK,TPR,EMA",,normal,397645,,,Rare,,Enchantment
Gallantry,{1}{W},2,W,Douglas Shuler,14,Instant,Target blocking creature gets +4/+4 until end of turn.\nDraw a card.,"TMP,ODY,TPR","""Forgive me,"" Mirri whispered. ""I thought you a burden, and you saved my life."" Hanna quietly accepted the apology.",normal,397554,,,Uncommon,,Instant
Gerrard's Battle Cry,{W},1,W,Val Mayerik,15,Enchantment,{2}{W}: Creatures you control get +1/+1 until end of turn.,"TMP,VMA,TPR","Gerrard grinned and drew his sword. ""This won't be a fair fight,"" he called to his crew. ""They should have brought a second ship!""",normal,397481,,,Rare,,Enchantment
Humility,{2}{W}{W},4,W,Phil Foglio,16,Enchantment,All creatures lose all abilities and have base power and toughness 1/1.,"TMP,TPR","""One cannot cleanse the wounds of failure.""\n—Karn, silver golem",normal,397614,,,Mythic Rare,,Enchantment
Kor Chant,{2}{W},3,W,John Matson,17,Instant,All damage that would be dealt this turn to target creature you control by a source of your choice is dealt to another target creature instead.,"EXO,CNS,TPR",The true treasure no thief can touch.,normal,397541,,,Uncommon,,Instant
Master Decoy,{1}{W},2,W,Phil Foglio,18,Creature — Human Soldier,"{W}, {T}: Tap target creature.","TMP,BRB,8ED,9ED,DDN,TPR","""A skilled decoy can throw your enemies off your trail. A master decoy can survive to do it again.""\n—Gerrard of the Weatherlight",normal,397588,1,2,Common,"Human,Soldier",Creature
Mounted Archers,{3}{W},4,W,Kev Walker,19,Creature — Human Soldier Archer,Reach (This creature can block creatures with flying.)\n{W}: Mounted Archers can block an additional creature this turn.,"TMP,TPR",,normal,397510,2,3,Common,"Human,Soldier,Archer",Creature
Nomads en-Kor,{W},1,W,Val Mayerik,20,Creature — Kor Nomad Soldier,{0}: The next 1 damage that would be dealt to Nomads en-Kor this turn is dealt to target creature you control instead.,"STH,TPR","The kor forsake roots for the winding of the path, forsake voices for the silence of the mind, forsake all else for the poverty of isolation.",normal,397520,1,1,Common,"Kor,Nomad,Soldier",Creature
"Orim, Samite Healer",{1}{W}{W},3,W,Kaja Foglio,21,Legendary Creature — Human Cleric,{T}: Prevent the next 3 damage that would be dealt to target creature or player this turn.,"TMP,TPR","""The silkworm spins itself a new existence. So the healer weaves the threads of life.""\n—Orim, Samite healer",normal,397460,1,3,Rare,"Human,Cleric",Creature
Pacifism,{1}{W},2,W,Adam Rex,22,Enchantment — Aura,Enchant creature\nEnchanted creature can't attack or block.,"MIR,TMP,USG,ATH,6ED,BRB,7ED,ONS,8ED,9ED,10E,DDC,M10,M11,M12,M13,M14,DD3_DVD,DTK,TPR,EMA","Frozen by conscience, Karn did not resist as the moggs carried him to the Predator.",normal,397528,,,Uncommon,Aura,Enchantment
Paladin en-Vec,{1}{W}{W},3,W,Randy Elliott,23,Creature — Human Knight,"First strike, protection from black and from red (This creature deals combat damage before creatures without first strike. It can't be blocked, targeted, dealt damage, or enchanted by anything black or red.)","EXO,9ED,10E,TPR","""Our belief shall be the lance that pierces Volrath's heart.""",normal,397600,2,2,Rare,"Human,Knight",Creature
Pegasus Stampede,{1}{W},2,W,Mark Zug,24,Sorcery,"Buyback—Sacrifice a land. (You may sacrifice a land in addition to any other costs as you cast this spell. If you do, put this card into your hand as it resolves.)\nPut a 1/1 white Pegasus creature token with flying onto the battlefield.","EXO,ATH,TPR",,normal,397430,,,Uncommon,,Sorcery
Repentance,{2}{W},3,W,Ron Spencer,25,Sorcery,Target creature deals damage to itself equal to its power.,"TMP,TPR","""The cannon wasn't aimed at you!"" pleaded Vhati.\n""I'm not sure which is more pathetic,"" replied Greven, ""your judgment or your aim.""",normal,397644,,,Uncommon,,Sorcery
Shackles,{2}{W},3,W,Heather Hudson,26,Enchantment — Aura,Enchant creature\nEnchanted creature doesn't untap during its controller's untap step.\n{W}: Return Shackles to its owner's hand.,"EXO,INV,TPR",Shackles of gold are still shackles.,normal,397403,,,Common,Aura,Enchantment
Shaman en-Kor,{1}{W},2,W,Jeff Miracola,27,Creature — Kor Cleric Shaman,"{0}: The next 1 damage that would be dealt to Shaman en-Kor this turn is dealt to target creature you control instead.\n{1}{W}: The next time a source of your choice would deal damage to target creature this turn, that damage is dealt to Shaman en-Kor instead.","STH,TPR",,normal,397648,1,2,Rare,"Kor,Cleric,Shaman",Creature
Smite,{W},1,W,Daren Bader,28,Instant,Destroy target blocked creature.,"STH,ROE,GTC,TPR","""You've got your childhood wish at last. Now you get to die.""\n—Gerrard, to Volrath",normal,397527,,,Common,,Instant
Soltari Champion,{2}{W},3,W,Adam Rex,29,Creature — Soltari Soldier,"Shadow (This creature can block or be blocked by only creatures with shadow.)\nWhenever Soltari Champion attacks, other creatures you control get +1/+1 until end of turn.","STH,TPR",,normal,397487,2,2,Uncommon,"Soltari,Soldier",Creature
Soltari Lancer,{2}{W},3,W,Matthew D. Wilson,30,Creature — Soltari Knight,Shadow (This creature can block or be blocked by only creatures with shadow.)\nSoltari Lancer has first strike as long as it's attacking.,"TMP,TPR","""In times of war the victors rarely save their best for last.""\n—Gerrard of the Weatherlight",normal,397483,2,2,Common,"Soltari,Knight",Creature
Soltari Monk,{W}{W},2,W,Janet Aulisio,31,Creature — Soltari Monk Cleric,Protection from black\nShadow (This creature can block or be blocked by only creatures with shadow.),"TMP,TPR","""Prayer rarely explains.""\n—Orim, Samite healer",normal,397592,2,1,Uncommon,"Soltari,Monk,Cleric",Creature
Soltari Priest,{W}{W},2,W,Janet Aulisio,32,Creature — Soltari Cleric,Protection from red\nShadow (This creature can block or be blocked by only creatures with shadow.),"TMP,pSUS,pFNM,TSB,TPR","""In Rath,"" the priest said, ""there is even greater need for prayer.""",normal,397657,2,1,Uncommon,"Soltari,Cleric",Creature
Soltari Trooper,{1}{W},2,W,Kev Walker,33,Creature — Soltari Soldier,"Shadow (This creature can block or be blocked by only creatures with shadow.)\nWhenever Soltari Trooper attacks, it gets +1/+1 until end of turn.","TMP,VMA,TPR","""Dauthi blood is soltari wine.""\n—Soltari Tales of Life",normal,397452,1,1,Common,"Soltari,Soldier",Creature
Spirit en-Kor,{3}{W},4,W,John Matson,34,Creature — Kor Spirit,Flying\n{0}: The next 1 damage that would be dealt to Spirit en-Kor this turn is dealt to target creature you control instead.,"STH,TPR","Death free throat from thirst, mouth from speech, feet from earth.\n—Kor requiem",normal,397638,2,2,Common,"Kor,Spirit",Creature
Spirit Mirror,{2}{W}{W},4,W,D. Alexander Gregory,35,Enchantment,"At the beginning of your upkeep, if there are no Reflection tokens on the battlefield, put a 2/2 white Reflection creature token onto the battlefield.\n{0}: Destroy target Reflection.","TMP,VMA,TPR",,normal,397646,,,Rare,,Enchantment
Standing Troops,{2}{W},3,W,Daren Bader,36,Creature — Human Soldier,Vigilance,"EXO,6ED,7ED,8ED,DDO,TPR","The less you have, the harder you fight for it.",normal,397627,1,4,Common,"Human,Soldier",Creature
Staunch Defenders,{3}{W}{W},5,W,Mark Poole,37,Creature — Human Soldier,"When Staunch Defenders enters the battlefield, you gain 4 life.","TMP,6ED,pFNM,7ED,8ED,TPR","""Hold your position! Leave doubt for the dying!""\n—Tahngarth of the Weatherlight",normal,397552,3,4,Common,"Human,Soldier",Creature
Wall of Essence,{1}{W},2,W,Adam Rex,38,Creature — Wall,"Defender (This creature can't attack.)\nWhenever Wall of Essence is dealt combat damage, you gain that much life.","STH,M15,TPR","The ceiling and the floor fell in love, but only the wall knew.\n—Dal saying",normal,397439,0,4,Uncommon,Wall,Creature
Warrior en-Kor,{W}{W},2,W,Stephen Daniele,39,Creature — Kor Warrior Knight,{0}: The next 1 damage that would be dealt to Warrior en-Kor this turn is dealt to target creature you control instead.,"STH,TPR",Only a matter as vital as destroying Volrath could bring together the reclusive kor people.,normal,397402,2,2,Uncommon,"Kor,Warrior,Knight",Creature
Winds of Rath,{3}{W}{W},5,W,Drew Tucker,40,Sorcery,Destroy all creatures that aren't enchanted. They can't be regenerated.,"TMP,DDL,VMA,TPR","""There shall be a vast shout and then a vaster silence.""\n—Oracle en-Vec",normal,397606,,,Rare,,Sorcery
Youthful Knight,{1}{W},2,W,Rebecca Guay,41,Creature — Human Knight,First strike (This creature deals combat damage before creatures without first strike.),"STH,ATH,10E,TPR","""Let no child be without a sword. We will all fight, for if we fail, we will certainly all die.""\n—Oracle en-Vec",normal,397413,2,1,Common,"Human,Knight",Creature
Capsize,{1}{U}{U},3,U,Tom Wänerstrand,42,Instant,"Buyback {3} (You may pay an additional {3} as you cast this spell. If you do, put this card into your hand as it resolves.)\nReturn target permanent to its owner's hand.","TMP,pFNM,TPR",,normal,397492,,,Uncommon,,Instant
Counterspell,{U}{U},2,U,Stephen Daniele,43,Instant,Counter target spell.,"LEA,LEB,2ED,CED,CEI,3ED,pLGM,4ED,ICE,5ED,TMP,pJGP,6ED,S99,MMQ,BRB,pFNM,S00,BTD,7ED,ME2,DD2,ME4,VMA,DD3_JVC,TPR,EMA","""It was probably a lousy spell in the first place.""\n—Ertai, wizard adept",normal,397612,,,Uncommon,,Instant
Curiosity,{U},1,U,Val Mayerik,44,Enchantment — Aura,"Enchant creature\nWhenever enchanted creature deals damage to an opponent, you may draw a card.","EXO,8ED,ISD,TPR","All Mirri wanted to do was rest, but she couldn't ignore a nagging suspicion as she followed Crovax's skulking form.",normal,397447,,,Uncommon,Aura,Enchantment
Dismiss,{2}{U}{U},4,U,Donato Giancola,45,Instant,Counter target spell.\nDraw a card.,"pARL,TMP,C13,C14,TPR","""There is nothing you can do that I cannot simply deny.""\n—Ertai, wizard adept",normal,397545,,,Uncommon,,Instant
Dream Halls,{3}{U}{U},5,U,Matthew D. Wilson,46,Enchantment,"Rather than pay the mana cost for a spell, its controller may discard a card that shares a color with that spell.","STH,TPR",Within without.,normal,397553,,,Mythic Rare,,Enchantment
Dream Prowler,{2}{U}{U},4,U,Richard Kane Ferguson,47,Creature — Illusion,Dream Prowler can't be blocked as long as it's attacking alone.,"STH,9ED,TPR","""To think that some find sleep a restful state.""\n—Volrath",normal,397558,1,5,Uncommon,Illusion,Creature
Ephemeron,{4}{U}{U},6,U,Keith Parkinson,48,Creature — Illusion,Flying\nDiscard a card: Return Ephemeron to its owner's hand.,"EXO,VMA,TPR",From nothing came teeth.,normal,397565,4,4,Rare,Illusion,Creature
Fighting Drake,{2}{U}{U},4,U,DiTerlizzi,49,Creature — Drake,Flying,"TMP,7ED,8ED,TPR",Two things are needed to survive the harsh skies of Rath: a thick hide and a thicker skull.,normal,397491,2,4,Uncommon,Drake,Creature
Forbid,{1}{U}{U},3,U,Scott Kirschner,50,Instant,"Buyback—Discard two cards. (You may discard two cards in addition to any other costs as you cast this spell. If you do, put this card into your hand as it resolves.)\nCounter target spell.","EXO,pFNM,TPR",,normal,397532,,,Rare,,Instant
Gaseous Form,{2}{U},3,U,Roger Raupp,51,Enchantment — Aura,Enchant creature\nPrevent all combat damage that would be dealt to and dealt by enchanted creature.,"LEG,4ED,5ED,TMP,6ED,BTD,TPR,EMA","""It's hard to hurt anyone when you're as transparent as your motives.""\n—Ertai, wizard adept",normal,397497,,,Common,Aura,Enchantment
Hammerhead Shark,{1}{U},2,U,Stephen Daniele,52,Creature — Fish,Hammerhead Shark can't attack unless defending player controls an Island.,"STH,TPR",Cross the eyes of a hammerhead and you'll dot its teeth.,normal,397472,2,3,Common,Fish,Creature
Horned Turtle,{2}{U},3,U,DiTerlizzi,53,Creature — Turtle,,"POR,TMP,6ED,7ED,8ED,9ED,M10,TPR","""So like men are they: a hardened shell with fragile flesh beneath.""\n—Selenia, dark angel",normal,397526,1,4,Common,Turtle,Creature
Intuition,{2}{U},3,U,April Lee,54,Instant,Search your library for three cards and reveal them. Target opponent chooses one. Put that card into your hand and the rest into your graveyard. Then shuffle your library.,"TMP,pJGP,TPR",,normal,397633,,,Rare,,Instant
Killer Whale,{3}{U}{U},5,U,Stephen Daniele,55,Creature — Whale,{U}: Killer Whale gains flying until end of turn.,"EXO,BTD,VMA,TPR","Hunger is like the sea: deep, endless, and unforgiving.",normal,397618,3,5,Uncommon,Whale,Creature
Legacy's Allure,{U}{U},2,U,Daren Bader,56,Enchantment,"At the beginning of your upkeep, you may put a treasure counter on Legacy's Allure.\nSacrifice Legacy's Allure: Gain control of target creature with power less than or equal to the number of treasure counters on Legacy's Allure. (This effect lasts indefinitely.)","TMP,TPR",,normal,397409,,,Rare,,Enchantment
Legerdemain,{2}{U}{U},4,U,Daren Bader,57,Sorcery,Exchange control of target artifact or creature and another target permanent that shares one of those types with it. (This effect lasts indefinitely.),"TMP,TPR","Squee tucked the warm ball in his pocket and slipped a pebble in its place. ""Glok,"" he mumbled, and hid.",normal,397503,,,Uncommon,,Sorcery
Mana Leak,{1}{U},2,U,Christopher Rush,58,Instant,Counter target spell unless its controller pays {3}.,"pARL,STH,BRB,pMPR,8ED,9ED,M11,M12,DDN,TPR,MM2","""The fatal flaw in every plan is the assumption that you know more than your enemy.""\n—Volrath",normal,397471,,,Common,,Instant
Mawcor,{3}{U}{U},5,U,John Matson,59,Creature — Beast,Flying\n{T}: Mawcor deals 1 damage to target creature or player.,"TMP,7ED,TPR",From its maw comes neither word nor whisper—only wind.,normal,397511,3,3,Rare,Beast,Creature
Meditate,{2}{U},3,U,Susan Van Camp,60,Instant,Draw four cards. You skip your next turn.,"TMP,TPR","""Part of me believes that Barrin taught me meditation simply to shut me up.""\n—Ertai, wizard adept",normal,397394,,,Rare,,Instant
Merfolk Looter,{1}{U},2,U,Ron Spencer,61,Creature — Merfolk Rogue,"{T}: Draw a card, then discard a card.","EXO,7ED,10E,M10,M12,TPR,EMA","In the depths of Rootwater, salvage and sewage differ only in texture.",normal,397427,1,1,Common,"Merfolk,Rogue",Creature
Mnemonic Sliver,{2}{U},3,U,Randy Gallegos,62,Creature — Sliver,"All Slivers have ""{2}, Sacrifice this permanent: Draw a card.""","TMP,TPR","""A jigsaw puzzle that lives, breeds, and thinks.""\n—Hanna, Weatherlight navigator",normal,397643,2,2,Common,Sliver,Creature
Rootwater Hunter,{2}{U},3,U,Brom,63,Creature — Merfolk,{T}: Rootwater Hunter deals 1 damage to target creature or player.,"TMP,TPR","""Bitter water, vicious wave;\nShadow-cold shallows, root-made maze.\nHome's angry embrace.""\n—Rootwater Saga",normal,397607,1,1,Uncommon,Merfolk,Creature
Scrivener,{4}{U},5,U,Heather Hudson,64,Creature — Human Wizard,"When Scrivener enters the battlefield, you may return target instant card from your graveyard to your hand.","EXO,ODY,VMA,TPR","""History is a potent weapon.""\n—Karn, silver golem",normal,397587,2,2,Common,"Human,Wizard",Creature
Sea Monster,{4}{U}{U},6,U,Daniel Gelon,65,Creature — Serpent,Sea Monster can't attack unless defending player controls an Island.,"TMP,6ED,7ED,8ED,9ED,10E,TPR",Water is life. Or perhaps it is just something to wash it down with.,normal,397516,6,6,Common,Serpent,Creature
Shadow Rift,{U},1,U,Adam Rex,66,Instant,Target creature gains shadow until end of turn. (It can block or be blocked by only creatures with shadow.)\nDraw a card.,"TMP,TPR",,normal,397405,,,Common,,Instant
Sift,{3}{U},4,U,Pete Venters,67,Sorcery,"Draw three cards, then discard a card.","STH,9ED,10E,TPR","""Twice I have let the Legacy slip away. Never again.""\n—Karn, silver golem",normal,397514,,,Common,,Sorcery
Silver Wyvern,{3}{U}{U},5,U,Colin MacNeil,68,Creature — Drake,Flying\n{U}: Change the target of target spell or ability that targets only Silver Wyvern. The new target must be a creature.,"STH,TPR",,normal,397484,4,3,Rare,Drake,Creature
Spell Blast,{X}{U},1,U,Steve Luke,69,Instant,"Counter target spell with converted mana cost X. (For example, if that spell's mana cost is {3}{U}{U}, X is 5.)","LEA,LEB,2ED,CED,CEI,3ED,4ED,5ED,TMP,6ED,M14,TPR",Call it the thinking mage's version of brute force.,normal,397501,,,Common,,Instant
Thalakos Drifters,{2}{U}{U},4,U,Andrew Robinson,70,Creature — Thalakos,Discard a card: Thalakos Drifters gains shadow until end of turn. (It can block or be blocked by only creatures with shadow.),"EXO,VMA,TPR",They drift in and out of shadow and ever on toward madness.,normal,397630,3,3,Uncommon,Thalakos,Creature
Thalakos Scout,{2}{U},3,U,Daren Bader,71,Creature — Thalakos Soldier Scout,Shadow (This creature can block or be blocked by only creatures with shadow.)\nDiscard a card: Return Thalakos Scout to its owner's hand.,"EXO,TPR",,normal,397474,2,1,Common,"Thalakos,Soldier,Scout",Creature
Thalakos Seer,{U}{U},2,U,Ron Spencer,72,Creature — Thalakos Wizard,"Shadow (This creature can block or be blocked by only creatures with shadow.)\nWhen Thalakos Seer leaves the battlefield, draw a card.","TMP,TPR","""You see our world when you shut your eyes so tightly that tiny shapes float before them.""\n—Lyna, to Ertai",normal,397525,1,1,Common,"Thalakos,Wizard",Creature
Time Ebb,{2}{U},3,U,Thomas M. Baxa,73,Sorcery,Put target creature on top of its owner's library.,"POR,TMP,PO2,S99,S00,9ED,M14,TPR","""Gone today, here tomorrow.""\n—Ertai, wizard adept",normal,397608,,,Common,,Sorcery
Time Warp,{3}{U}{U},5,U,Pete Venters,74,Sorcery,Target player takes an extra turn after this one.,"TMP,pJGP,S99,M10,TPR","""Let's do it again!""\n—Squee, goblin cabin hand",normal,397391,,,Mythic Rare,,Sorcery
Tradewind Rider,{3}{U},4,U,John Matson,75,Creature — Spirit,"Flying\n{T}, Tap two untapped creatures you control: Return target permanent to its owner's hand.","TMP,pJGP,VMA,TPR",It is said that the wind will blow the world past if you wait long enough.,normal,397576,1,4,Rare,Spirit,Creature
Twitch,{2}{U},3,U,DiTerlizzi,76,Instant,"You may tap or untap target artifact, creature, or land.\nDraw a card.","TMP,10E,WWK,TPR",Battles are won in nuance.,normal,397420,,,Common,,Instant
Volrath's Curse,{1}{U},2,U,Daren Bader,77,Enchantment — Aura,"Enchant creature\nEnchanted creature can't attack or block, and its activated abilities can't be activated. That creature's controller may sacrifice a permanent for that player to ignore this effect until end of turn.\n{1}{U}: Return Volrath's Curse to its owner's hand.","TMP,TPR",,normal,397637,,,Uncommon,Aura,Enchantment
Wayward Soul,{2}{U}{U},4,U,M. W. Kaluta & DiTerlizzi,78,Creature — Spirit,Flying\n{U}: Put Wayward Soul on top of its owner's library.,"EXO,BTD,TPR","""No home, no heart, no hope.""\n—Stronghold graffito",normal,397593,3,2,Common,Spirit,Creature
Whispers of the Muse,{U},1,U,Quinton Hoover,79,Instant,"Buyback {5} (You may pay an additional {5} as you cast this spell. If you do, put this card into your hand as it resolves.)\nDraw a card.","TMP,TSB,TPR","""I followed her song only to find it was a dirge.""\n—Crovax",normal,397548,,,Common,,Instant
Wind Dancer,{1}{U},2,U,Susan Van Camp,80,Creature — Faerie,Flying\n{T}: Target creature gains flying until end of turn.,"TMP,7ED,CNS,TPR","""Flying like a bird does not make you as free as one.""\n—Volrath",normal,397478,1,1,Uncommon,Faerie,Creature
Wind Drake,{2}{U},3,U,Greg Simanson,81,Creature — Drake,Flying,"POR,TMP,6ED,S99,BRB,S00,7ED,8ED,9ED,M10,M13,DGM,TPR","Orim regarded Gerrard coolly. ""You are like the drake,"" she said, her expression unchanging. ""It works hard to maintain its position, but to us it seems to glide along effortlessly. You must do the same.""",normal,397626,2,2,Common,Drake,Creature
Winged Sliver,{1}{U},2,U,Anthony S. Waters,82,Creature — Sliver,All Sliver creatures have flying.,"TMP,H09,TPR","""Everything around here has cut a deal with gravity.""\n—Gerrard of the Weatherlight",normal,397579,1,1,Common,Sliver,Creature
Cannibalize,{1}{B},2,B,Robert Bliss,83,Sorcery,Choose two target creatures controlled by the same player. Exile one of those creatures and put two +1/+1 counters on the other.,"STH,TPR","""Mine.""",normal,397631,,,Uncommon,,Sorcery
Carnophage,{B},1,B,Pete Venters,84,Creature — Zombie,"At the beginning of your upkeep, tap Carnophage unless you pay 1 life.","EXO,pFNM,VMA,TPR",Eating is all it knows.,normal,397570,2,2,Common,Zombie,Creature
Clot Sliver,{1}{B},2,B,Jeff Laubenstein,85,Creature — Sliver,"All Slivers have ""{2}: Regenerate this permanent.""","TMP,H09,TPR","""One would think I would be accustomed to unexpected returns.""\n—Hanna, Weatherlight navigator",normal,397636,1,1,Common,Sliver,Creature
Coercion,{2}{B},3,B,Pete Venters,86,Sorcery,Target opponent reveals his or her hand. You choose a card from it. That player discards that card.,"VIS,TMP,PO2,6ED,PTK,S99,S00,BTD,8ED,9ED,TPR","""There's very little that escapes me, Greven. And you will escape very little if you fail.""\n—Volrath",normal,397509,,,Common,,Sorcery
Coffin Queen,{2}{B},3,B,Kaja Foglio,87,Creature — Zombie Wizard,"You may choose not to untap Coffin Queen during your untap step.\n{2}{B}, {T}: Put target creature card from a graveyard onto the battlefield under your control. When Coffin Queen becomes untapped or you lose control of Coffin Queen, exile that creature.","TMP,TPR",,normal,397562,1,1,Rare,"Zombie,Wizard",Creature
Commander Greven il-Vec,{3}{B}{B}{B},6,B,Kev Walker,88,Legendary Creature — Human Warrior,"Fear (This creature can't be blocked except by artifact creatures and/or black creatures.)\nWhen Commander Greven il-Vec enters the battlefield, sacrifice a creature.","TMP,TPR","""Rage is the only freedom left to me.""",normal,397539,7,5,Rare,"Human,Warrior",Creature
Corpse Dance,{2}{B},3,B,Brian Snõddy,89,Instant,"Buyback {2} (You may pay an additional {2} as you cast this spell. If you do, put this card into your hand as it resolves.)\nReturn the top creature card of your graveyard to the battlefield. That creature gains haste until end of turn. Exile it at the beginning of the next end step.","TMP,TPR",,normal,397625,,,Rare,,Instant
Crovax the Cursed,{2}{B}{B},4,B,Pete Venters,90,Legendary Creature — Vampire,"Crovax the Cursed enters the battlefield with four +1/+1 counters on it.\nAt the beginning of your upkeep, you may sacrifice a creature. If you do, put a +1/+1 counter on Crovax. If you don't, remove a +1/+1 counter from Crovax.\n{B}: Crovax gains flying until end of turn.","STH,VMA,TPR",,normal,397613,0,0,Rare,Vampire,Creature
Cursed Flesh,{B},1,B,Ron Spencer,91,Enchantment — Aura,Enchant creature\nEnchanted creature gets -1/-1 and has fear. (It can't be blocked except by artifact creatures and/or black creatures.),"EXO,INV,TPR",A farewell to arms . . . and feet . . . and legs . . .,normal,397412,,,Common,Aura,Enchantment
Dark Banishing,{2}{B},3,B,John Matson,92,Instant,Destroy target nonblack creature. It can't be regenerated.,"ICE,MIR,TMP,7ED,DKM,8ED,9ED,CST,ME2,DDC,DD3_DVD,TPR","""It is the way of most wizards to begin by exiling themselves and to end by exiling everyone else.""\n—Hanna, Weatherlight navigator",normal,397458,,,Common,,Instant
Dark Ritual,{B},1,B,"Ken Meyer, Jr.",93,Instant,Add {B}{B}{B} to your mana pool.,"LEA,LEB,2ED,CED,CEI,3ED,4ED,ICE,RQS,MIR,ITP,5ED,TMP,pJGP,USG,MMQ,BRB,BTD,DKM,CST,DDC,HOP,DDE,ME4,V13,VMA,DD3_DVD,TPR","""If there is such a thing as too much power, I have not discovered it.""\n—Volrath",normal,397401,,,Common,,Instant
Dauthi Horror,{1}{B},2,B,Jeff Laubenstein,94,Creature — Dauthi Horror,Shadow (This creature can block or be blocked by only creatures with shadow.)\nDauthi Horror can't be blocked by white creatures.,"TMP,TPR",,normal,397594,2,1,Common,"Dauthi,Horror",Creature
Dauthi Jackal,{2}{B},3,B,Adam Rex,95,Creature — Dauthi Hound,"Shadow (This creature can block or be blocked by only creatures with shadow.)\n{B}{B}, Sacrifice Dauthi Jackal: Destroy target blocking creature.","EXO,TPR","""All dauthi are jackals, regardless of breed.""\n—Lyna, soltari emissary",normal,397473,2,1,Common,"Dauthi,Hound",Creature
Dauthi Marauder,{2}{B},3,B,Andrew Robinson,96,Creature — Dauthi Minion,Shadow (This creature can block or be blocked by only creatures with shadow.),"TMP,TPR","""The dauthi came from beneath the ruins one night, and the darkness cast them in the best possible light.""\n—Soltari Tales of Life",normal,397395,3,1,Uncommon,"Dauthi,Minion",Creature
Dauthi Slayer,{B}{B},2,B,Dermot Power,97,Creature — Dauthi Soldier,Shadow (This creature can block or be blocked by only creatures with shadow.)\nDauthi Slayer attacks each turn if able.,"pARL,TMP,TSB,TPR","""They have knives for every soul.""\n—Lyna, soltari emissary",normal,397417,2,2,Uncommon,"Dauthi,Soldier",Creature
Dauthi Warlord,{1}{B},2,B,Kev Walker,98,Creature — Dauthi Soldier,Shadow (This creature can block or be blocked by only creatures with shadow.)\nDauthi Warlord's power is equal to the number of creatures with shadow on the battlefield.,"EXO,TPR",,normal,397508,*,1,Uncommon,"Dauthi,Soldier",Creature
Death Pits of Rath,{3}{B}{B},5,B,Joel Biske,99,Enchantment,"Whenever a creature is dealt damage, destroy it. It can't be regenerated.","TMP,8ED,9ED,TPR","As the sludge below began to shift and take shapes, Gerrard turned from the railing to Orim. ""I suppose,"" he said, ""it's a little too late for prayer, isn't it?""",normal,397493,,,Rare,,Enchantment
Death Stroke,{B}{B},2,B,Colin MacNeil,100,Sorcery,Destroy target tapped creature.,"STH,BTD,TPR","For a sharp second, Selenia froze, and Crovax's blade found home. As the angel shattered like glass, Crovax felt his mind collapse—the curse had been fulfilled.",normal,397559,,,Common,,Sorcery
Death's Duet,{2}{B},3,B,Keith Parkinson,101,Sorcery,Return two target creature cards from your graveyard to your hand.,"EXO,TPR",Life has always been a dance. It is only fitting that death sing the tune.,normal,397632,,,Common,,Sorcery
Diabolic Edict,{1}{B},2,B,Ron Spencer,102,Instant,Target player sacrifices a creature.,"pARL,TMP,BTD,TPR","Greven il-Vec lifted Vhati off his feet. ""The fall will give you time to think on your failure.""",normal,397522,,,Common,,Instant
Dungeon Shade,{3}{B},4,B,Jason Alexander Behnke,103,Creature — Shade Spirit,Flying\n{B}: Dungeon Shade gets +1/+1 until end of turn.,"STH,TPR","A sickness stirs in its eyes, a nightmare born in darkened wails.",normal,397500,1,1,Common,"Shade,Spirit",Creature
Evincar's Justice,{2}{B}{B},4,B,Hannibal King,104,Sorcery,"Buyback {3} (You may pay an additional {3} as you cast this spell. If you do, put this card into your hand as it resolves.)\nEvincar's Justice deals 2 damage to each creature and each player.","TMP,CMD,TPR",,normal,397615,,,Uncommon,,Sorcery
Fugue,{3}{B}{B},5,B,Randy Gallegos,105,Sorcery,Target player discards three cards.,"EXO,7ED,TPR","""My ship . . . ,"" Sisay mumbled. ""Intact,"" Gerrard reassured her, ""which is more than I can say for you, my friend."" Sisay laughed despite the pain.",normal,397502,,,Uncommon,,Sorcery
Gravedigger,{3}{B},4,B,Dermot Power,106,Creature — Zombie,"When Gravedigger enters the battlefield, you may return target creature card from your graveyard to your hand.","POR,TMP,6ED,S99,BTD,7ED,ODY,8ED,9ED,pGTW,10E,M10,HOP,M11,CMD,M12,M15,TPR,EMA",A full coffin is like a full coffer—both are attractive to thieves.,normal,397518,2,2,Common,Zombie,Creature
Kezzerdrix,{2}{B}{B},4,B,Matthew D. Wilson,107,Creature — Rabbit Beast,"First strike\nAt the beginning of your upkeep, if your opponents control no creatures, Kezzerdrix deals 4 damage to you.","TMP,VMA,TPR",,normal,397470,4,4,Rare,"Rabbit,Beast",Creature
Lab Rats,{B},1,B,DiTerlizzi,108,Sorcery,"Buyback {4} (You may pay an additional {4} as you cast this spell. If you do, put this card into your hand as it resolves.)\nPut a 1/1 black Rat creature token onto the battlefield.","STH,TPR",,normal,397640,,,Common,,Sorcery
Living Death,{3}{B}{B},5,B,Charles Gillespie,109,Sorcery,"Each player exiles all creature cards from his or her graveyard, then sacrifices all creatures he or she controls, then puts all cards he or she exiled this way onto the battlefield.","TMP,pJGP,BRB,DDE,CMD,VMA,V14,TPR",,normal,397523,,,Mythic Rare,,Sorcery
Necrologia,{3}{B}{B},5,B,Brom,110,Instant,"Cast Necrologia only during your end step.\nAs an additional cost to cast Necrologia, pay X life.\nDraw X cards.","EXO,7ED,TPR","""My enemies' death yields threefold benefit: removal, reuse, and research.""\n—Volrath",normal,397595,,,Rare,,Instant
Rats of Rath,{1}{B},2,B,John Matson,111,Creature — Rat,"{B}: Destroy target artifact, creature, or land you control.","TMP,TPR","""These creatures offer new challenges in the scrutiny of entrails.""\n—Oracle en-Vec",normal,397611,2,1,Common,Rat,Creature
Reanimate,{B},1,B,Robert Bliss,112,Sorcery,Put target creature card from a graveyard onto the battlefield under your control. You lose life equal to its converted mana cost.,"TMP,BRB,pFNM,ARC,PD3,VMA,TPR","""You will learn to earn death.""\n—Volrath",normal,397423,,,Uncommon,,Sorcery
Recurring Nightmare,{2}{B},3,B,Jeff Laubenstein,113,Enchantment,"Sacrifice a creature, Return Recurring Nightmare to its owner's hand: Return target creature card from your graveyard to the battlefield. Activate this ability only any time you could cast a sorcery.","EXO,VMA,TPR","""I am confined by sleep and defined by nightmare.""\n—Crovax",normal,397441,,,Mythic Rare,,Enchantment
Revenant,{4}{B},5,B,Terese Nielsen,114,Creature — Spirit,Flying\nRevenant's power and toughness are each equal to the number of creature cards in your graveyard.,"pPRE,STH,7ED,TPR,ORI","""Not again.""\n—Hans",normal,397475,*,*,Uncommon,Spirit,Creature
Sarcomancy,{B},1,B,Daren Bader,115,Enchantment,"When Sarcomancy enters the battlefield, put a 2/2 black Zombie creature token onto the battlefield.\nAt the beginning of your upkeep, if there are no Zombies on the battlefield, Sarcomancy deals 1 damage to you.","TMP,VMA,TPR",,normal,397586,,,Uncommon,,Enchantment
Screeching Harpy,{2}{B}{B},4,B,Una Fricker,116,Creature — Harpy Beast,Flying\n{1}{B}: Regenerate Screeching Harpy.,"TMP,TPR","""They are called ‘fowl' for a reason.""\n—Mirri of the Weatherlight",normal,397507,2,2,Uncommon,"Harpy,Beast",Creature
Serpent Warrior,{2}{B},3,B,Ron Spencer,117,Creature — Snake Warrior,"When Serpent Warrior enters the battlefield, you lose 3 life.","POR,STH,S99,7ED,8ED,9ED,TPR",A hiss before dying.,normal,397652,3,3,Common,"Snake,Warrior",Creature
Skyshroud Vampire,{3}{B}{B},5,B,Gary Leach,118,Creature — Vampire,Flying\nDiscard a creature card: Skyshroud Vampire gets +2/+2 until end of turn.,"TMP,TPR","""If it tastes one drop of elvish blood I will cast it from the shroud to see it burn.""\n—Eladamri, Lord of Leaves",normal,397655,3,3,Uncommon,Vampire,Creature
Spinal Graft,{1}{B},2,B,Ron Spencer,119,Enchantment — Aura,"Enchant creature\nEnchanted creature gets +3/+3.\nWhen enchanted creature becomes the target of a spell or ability, destroy that creature. It can't be regenerated.","TMP,VMA,TPR",,normal,397609,,,Common,Aura,Enchantment
Stronghold Assassin,{1}{B}{B},3,B,Matthew D. Wilson,120,Creature — Zombie Assassin,"{T}, Sacrifice a creature: Destroy target nonblack creature.","STH,7ED,C13,TPR",The assassin sees only throats and hears only heartbeats.,normal,397450,2,1,Rare,"Zombie,Assassin",Creature
Thrull Surgeon,{1}{B},2,B,rk post,121,Creature — Thrull,"{1}{B}, Sacrifice Thrull Surgeon: Look at target player's hand and choose a card from it. That player discards that card. Activate this ability only any time you could cast a sorcery.","EXO,10E,TPR","""Just take a little off the top.""",normal,397393,1,1,Common,Thrull,Creature
Vampire Hounds,{2}{B},3,B,Kev Walker,122,Creature — Vampire Hound,Discard a creature card: Vampire Hounds gets +2/+2 until end of turn.,"EXO,TPR","The hounds' barks are a horrifying chorus of screams, moans, and whispers.",normal,397477,2,2,Common,"Vampire,Hound",Creature
Wall of Souls,{1}{B},2,B,John Matson,123,Creature — Wall,"Defender (This creature can't attack.)\nWhenever Wall of Souls is dealt combat damage, it deals that much damage to target opponent.","STH,TPR","""It is the nature of evil to turn you against yourself.""\n—Starke",normal,397551,0,4,Uncommon,Wall,Creature
Aftershock,{2}{R}{R},4,R,Hannibal King,124,Sorcery,"Destroy target artifact, creature, or land. Aftershock deals 3 damage to you.","TMP,VMA,TPR","""Every act of destruction has a repercussion.""\n—Karn, silver golem",normal,397641,,,Common,,Sorcery
Anarchist,{4}{R},5,R,Brom,125,Creature — Human Wizard,"When Anarchist enters the battlefield, you may return target sorcery card from your graveyard to your hand.","EXO,ODY,9ED,TPR","""I'll take that. You won't need it when the revolution comes.""",normal,397533,2,2,Common,"Human,Wizard",Creature
Barbed Sliver,{2}{R},3,R,Scott Kirschner,126,Creature — Sliver,"All Sliver creatures have ""{2}: This creature gets +1/+0 until end of turn.""","TMP,H09,TPR","Spans of spines leapt from one sliver to the next, forming a deadly hedge around the Weatherlight.",normal,397524,2,2,Common,Sliver,Creature
Canyon Wildcat,{1}{R},2,R,Gary Leach,127,Creature — Cat,Mountainwalk (This creature can't be blocked as long as defending player controls a Mountain.),"TMP,8ED,DDH,TPR","""Relative of yours?"" Ertai teased. Mirri simply sneered.",normal,397566,2,1,Common,Cat,Creature
Craven Giant,{2}{R},3,R,Brian Snõddy,128,Creature — Giant,Craven Giant can't block.,"POR,STH,TPR",What is high as a mountain and low as a snake?\n—Dal riddle,normal,397583,4,1,Common,Giant,Creature
Deadshot,{3}{R},4,R,Heather Hudson,129,Sorcery,Tap target creature. It deals damage equal to its power to another target creature.,"TMP,TPR","""Carrion! Keep your distance. My blade will come to you!""\n—Crovax",normal,397549,,,Uncommon,,Sorcery
Fanning the Flames,{X}{R}{R},2,R,Ron Spencer,130,Sorcery,"Buyback {3} (You may pay an additional {3} as you cast this spell. If you do, put this card into your hand as it resolves.)\nFanning the Flames deals X damage to target creature or player.","STH,TPR",,normal,397555,,,Rare,,Sorcery
Flame Wave,{3}{R}{R}{R}{R},7,R,Donato Giancola,131,Sorcery,Flame Wave deals 4 damage to target player and each creature he or she controls.,"STH,9ED,TPR","""I hear the roaring of a wave whose waters are red and whose mists are black.""\n—Oracle en-Vec",normal,397629,,,Rare,,Sorcery
Flowstone Blade,{R},1,R,Allen Williams,132,Enchantment — Aura,Enchant creature\n{R}: Enchanted creature gets +1/-1 until end of turn.,"STH,CNS,TPR","""Remember the fable of the elf who came upon a cave of gold. In trying to free the largest piece, she was crushed by its weight.""\n—Karn, silver golem",normal,397494,,,Common,Aura,Enchantment
Flowstone Mauler,{4}{R}{R},6,R,Paolo Parente,133,Creature — Beast,Trample\n{R}: Flowstone Mauler gets +1/-1 until end of turn.,"STH,TPR","Once these horrifying creatures were perfected, there was no need for armodons.",normal,397617,4,5,Uncommon,Beast,Creature
Flowstone Wyvern,{3}{R}{R},5,R,Stephen Daniele,134,Creature — Drake,Flying\n{R}: Flowstone Wyvern gets +2/-2 until end of turn.,"TMP,TPR","""Where I come from, stone stays on the ground.""\n—Tahngarth of the Weatherlight",normal,397581,3,3,Uncommon,Drake,Creature
Furnace Brood,{3}{R},4,R,Jeff Miracola,135,Creature — Elemental,{R}: Target creature can't be regenerated this turn.,"EXO,TPR",Furnace air crackles with magmatic cackles.,normal,397436,3,3,Common,Elemental,Creature
Goblin Bombardment,{1}{R},2,R,Brian Snõddy,136,Enchantment,Sacrifice a creature: Goblin Bombardment deals 1 damage to target creature or player.,"TMP,pFNM,C13,DDN,TPR","One mogg to aim the catapult, one mogg to steer the rock.",normal,397584,,,Uncommon,,Enchantment
Kindle,{1}{R},2,R,Donato Giancola,137,Instant,"Kindle deals X damage to target creature or player, where X is 2 plus the number of cards named Kindle in all graveyards.","TMP,VMA,TPR",Hope of deliverance is scorched by the fire of futility.,normal,397431,,,Common,,Instant
Lightning Blast,{3}{R},4,R,Richard Thomas,138,Instant,Lightning Blast deals 4 damage to target creature or player.,"TMP,6ED,7ED,8ED,TPR","""Those who fear the darkness have never seen what the light can do.""\n—Selenia, dark angel",normal,397444,,,Common,,Instant
Lowland Giant,{2}{R}{R},4,R,Paolo Parente,139,Creature — Giant,,"TMP,BTD,TPR","""Faugh!"" snorted Tahngarth. ""Why would it make a meal of something like you?"" Squee looked relieved. ""No,"" he continued, ""you'd make a much better toothpick.""",normal,397572,4,3,Common,Giant,Creature
Mage il-Vec,{2}{R},3,R,John Matson,140,Creature — Human Wizard,"{T}, Discard a card at random: Mage il-Vec deals 1 damage to target creature or player.","EXO,TPR",Living below a flowstone foundry produces a disproportionate number of fire mages among the il.,normal,397599,2,2,Uncommon,"Human,Wizard",Creature
Magmasaur,{3}{R}{R},5,R,Daniel Gelon,141,Creature — Elemental Lizard,"Magmasaur enters the battlefield with five +1/+1 counters on it.\nAt the beginning of your upkeep, you may remove a +1/+1 counter from Magmasaur. If you don't, sacrifice Magmasaur and it deals damage equal to the number of +1/+1 counters on it to each creature without flying and each player.","TMP,TPR",,normal,397434,0,0,Rare,"Elemental,Lizard",Creature
Maniacal Rage,{1}{R},2,R,Pete Venters,142,Enchantment — Aura,Enchant creature\nEnchanted creature gets +2/+2 and can't block.,"EXO,BRB,INV,CON,TPR",Only by sacrificing any semblance of defense could Gerrard best Greven.,normal,397568,,,Common,Aura,Enchantment
Mogg Conscripts,{R},1,R,Pete Venters,143,Creature — Goblin,Mogg Conscripts can't attack unless you've cast a creature spell this turn.,"TMP,TPR","""Torahn's horns! They've seen us. Now, statue, you must fight to save yourself!""\n—Tahngarth, aboard the Predator",normal,397404,2,2,Common,Goblin,Creature
Mogg Fanatic,{R},1,R,Brom,144,Creature — Goblin,Sacrifice Mogg Fanatic: Mogg Fanatic deals 1 damage to target creature or player.,"TMP,ATH,pFNM,pGTW,10E,EVG,PD2,DD3_EVG,TPR,EMA","""I got it! I got it! I—""",normal,397498,1,1,Common,Goblin,Creature
Mogg Flunkies,{1}{R},2,R,Brom,145,Creature — Goblin,Mogg Flunkies can't attack or block alone.,"STH,ATH,PD2,M13,TPR",They'll attack whatever's in front of them—as long as you tell them where that is.,normal,397534,3,3,Common,Goblin,Creature
Mogg Infestation,{3}{R}{R},5,R,Pete Venters,146,Sorcery,"Destroy all creatures target player controls. For each creature that died this way, put two 1/1 red Goblin creature tokens onto the battlefield under that player's control.","STH,TPR",,normal,397418,,,Rare,,Sorcery
Mogg Maniac,{1}{R},2,R,Brian Snõddy,147,Creature — Goblin,"Whenever Mogg Maniac is dealt damage, it deals that much damage to target opponent.","STH,TPR",Stand clear if he gets an itch.,normal,397480,1,1,Uncommon,Goblin,Creature
Ogre Shaman,{3}{R}{R},5,R,Paolo Parente,148,Creature — Ogre Shaman,"{2}, Discard a card at random: Ogre Shaman deals 2 damage to target creature or player.","EXO,TPR",Ogre shamans must be bright enough to learn their invocations and dim enough to use them.,normal,397465,3,3,Rare,"Ogre,Shaman",Creature
Pandemonium,{3}{R},4,R,Pete Venters,149,Enchantment,"Whenever a creature enters the battlefield, that creature's controller may have it deal damage equal to its power to target creature or player of his or her choice.","EXO,TSB,TPR","""If we cannot live proudly, we die so!""\n—Eladamri, Lord of Leaves",normal,397575,,,Rare,,Enchantment
Rathi Dragon,{2}{R}{R},4,R,Christopher Rush,150,Creature — Dragon,"Flying (This creature can't be blocked except by creatures with flying or reach.)\nWhen Rathi Dragon enters the battlefield, sacrifice it unless you sacrifice two Mountains.","TMP,9ED,TPR","Wrap the flame as twine,\nKingdoms will be thine.",normal,397602,5,5,Rare,Dragon,Creature
Renegade Warlord,{4}{R},5,R,Ron Spencer,151,Creature — Human Soldier,"First strike\nWhenever Renegade Warlord attacks, each other attacking creature gets +1/+0 until end of turn.","TMP,TPR","""His tongue must be honey, the way he gathers ants to fight with him.""\n—Volrath",normal,397463,3,3,Uncommon,"Human,Soldier",Creature
Rolling Thunder,{X}{R}{R},2,R,Richard Thomas,152,Sorcery,Rolling Thunder deals X damage divided as you choose among any number of target creatures and/or players.,"TMP,BRB,HOP,TPR,BFZ","""Such rage,"" thought Vhati, gazing up at the thunderhead from the Predator. ""It is Greven's mind manifest.""",normal,397419,,,Uncommon,,Sorcery
Sabertooth Wyvern,{4}{R},5,R,Keith Parkinson,153,Creature — Drake,"Flying, first strike","EXO,TPR","Most creatures grow out of their baby teeth, but sabertooth wyverns grow into theirs.",normal,397628,3,2,Uncommon,Drake,Creature
Sandstone Warrior,{2}{R}{R},4,R,Stephen Daniele,154,Creature — Human Soldier Warrior,First strike (This creature deals combat damage before creatures without first strike.)\n{R}: Sandstone Warrior gets +1/+0 until end of turn.,"TMP,9ED,TPR","""I used to describe something stable as ‘rock solid.' So much for that expression.""\n—Gerrard of the Weatherlight",normal,397464,1,3,Common,"Human,Soldier,Warrior",Creature
Searing Touch,{R},1,R,D. Alexander Gregory,155,Instant,"Buyback {4} (You may pay an additional {4} as you cast this spell. If you do, put this card into your hand as it resolves.)\nSearing Touch deals 1 damage to target creature or player.","TMP,TPR",,normal,397530,,,Uncommon,,Instant
Seething Anger,{R},1,R,Val Mayerik,156,Sorcery,"Buyback {3} (You may pay an additional {3} as you cast this spell. If you do, put this card into your hand as it resolves.)\nTarget creature gets +3/+0 until end of turn.","STH,TPR",,normal,397651,,,Common,,Sorcery
Shadowstorm,{R},1,R,Adam Rex,157,Sorcery,Shadowstorm deals 2 damage to each creature with shadow.,"TMP,TPR","""You've not seen a storm until you've seen the kind that roars between worlds.""\n—Lyna, soltari emissary",normal,397537,,,Uncommon,,Sorcery
Shard Phoenix,{4}{R},5,R,Paolo Parente,158,Creature — Phoenix,Flying (This creature can't be blocked except by creatures with flying or reach.)\nSacrifice Shard Phoenix: Shard Phoenix deals 2 damage to each creature without flying.\n{R}{R}{R}: Return Shard Phoenix from your graveyard to your hand. Activate this ability only during your upkeep.,"STH,pSUS,9ED,TPR",,normal,397414,2,2,Mythic Rare,Phoenix,Creature
Shatter,{1}{R},2,R,Jason Alexander Behnke,159,Instant,Destroy target artifact.,"LEA,LEB,2ED,CED,CEI,3ED,4ED,ICE,5ED,TMP,6ED,7ED,DKM,8ED,MRD,9ED,M10,SOM,KTK,TPR","""Such fuss over machines, Gerrard. Remember that you are the prize of the Legacy. Throw away your toys!""\n—Orim, Samite healer",normal,397429,,,Common,,Instant
Spellshock,{2}{R},3,R,Thomas M. Baxa,160,Enchantment,"Whenever a player casts a spell, Spellshock deals 2 damage to that player.","EXO,TPR","A snap of fingers, a snap of teeth.",normal,397489,,,Uncommon,,Enchantment
Spitting Hydra,{3}{R}{R},5,R,Daren Bader,161,Creature — Hydra,"Spitting Hydra enters the battlefield with four +1/+1 counters on it.\n{1}{R}, Remove a +1/+1 counter from Spitting Hydra: Spitting Hydra deals 1 damage to target creature.","STH,TPR",,normal,397642,0,0,Rare,Hydra,Creature
Starke of Rath,{1}{R}{R},3,R,Dan Frazier,162,Legendary Creature — Human Rogue,{T}: Destroy target artifact or creature. That permanent's controller gains control of Starke of Rath. (This effect lasts indefinitely.),"TMP,TPR","""I know to whom I owe the most loyalty, and I see him in the mirror every day.""\n—Starke",normal,397432,2,2,Mythic Rare,"Human,Rogue",Creature
Stun,{1}{R},2,R,Terese Nielsen,163,Instant,Target creature can't block this turn.\nDraw a card.,"TMP,INV,10E,TPR","""I concede it was a cheap shot, but it was the only one I could afford.""\n—Gerrard of the Weatherlight",normal,397466,,,Common,,Instant
Wall of Diffusion,{1}{R},2,R,DiTerlizzi,164,Creature — Wall,Defender (This creature can't attack.)\nWall of Diffusion can block creatures with shadow as though Wall of Diffusion had shadow.,"TMP,VMA,TPR","""The injury was being caught between this world and our own; the insult was to find walls within.""\n—Lyna, soltari emissary",normal,397560,0,5,Common,Wall,Creature
Aluren,{2}{G}{G},4,G,April Lee,165,Enchantment,Any player may play creature cards with converted mana cost 3 or less without paying their mana cost and as though they had flash.,"TMP,TPR","Squee bounced up and down. ""I sees a horsey, an' a piggy, an' a—""\n""If you don't shut up,"" hissed Mirri, ""you'll see a kidney and a spleeny.""",normal,397389,,,Rare,,Enchantment
Canopy Spider,{1}{G},2,G,Christopher Rush,166,Creature — Spider,Reach (This creature can block creatures with flying.),"TMP,ATH,7ED,8ED,10E,TPR","""We know our place in the cycle of life—and it is not as flies.""\n—Eladamri, Lord of Leaves",normal,397437,1,3,Common,Spider,Creature
Carnassid,{4}{G}{G},6,G,Brom,167,Creature — Beast,Trample\n{1}{G}: Regenerate Carnassid.,"STH,TPR","The hunter would never forget the time or place where he first met the carnassid, for they buried him there.",normal,397506,5,4,Uncommon,Beast,Creature
Crashing Boars,{3}{G}{G},5,G,Ron Spencer,168,Creature — Boar,"Whenever Crashing Boars attacks, defending player chooses an untapped creature he or she controls. That creature blocks Crashing Boars this turn if able.","EXO,BTD,TPR",Bores ruin a party. Boars are party to ruin.,normal,397512,4,4,Uncommon,Boar,Creature
Elven Rite,{1}{G},2,G,Jeff Miracola,169,Sorcery,Distribute two +1/+1 counters among one or two target creatures.,"STH,TPR","As the bough stretches, so shall you grow. As the roots spread, so shall you thrive.",normal,397428,,,Common,,Sorcery
Elvish Fury,{G},1,G,Quinton Hoover,170,Instant,"Buyback {4} (You may pay an additional {4} as you cast this spell. If you do, put this card into your hand as it resolves.)\nTarget creature gets +2/+2 until end of turn.","TMP,TPR",,normal,397622,,,Common,,Instant
Endangered Armodon,{2}{G}{G},4,G,Kev Walker,171,Creature — Elephant,"When you control a creature with toughness 2 or less, sacrifice Endangered Armodon.","STH,TPR",These are its last days. It is doomed to be remembered only until the hunters hunger again.,normal,397407,4,5,Common,Elephant,Creature
Harrow,{2}{G},3,G,Eric David Anderson,172,Instant,"As an additional cost to cast Harrow, sacrifice a land.\nSearch your library for up to two basic land cards and put them onto the battlefield. Then shuffle your library.","TMP,INV,pMPR,ZEN,DDE,C14,TPR,DDP",Changing Rath's landscape is like tearing the scab from a wound.,normal,397415,,,Common,,Instant
Heartwood Dryad,{1}{G},2,G,Rebecca Guay,173,Creature — Dryad,Heartwood Dryad can block creatures with shadow as though Heartwood Dryad had shadow.,"TMP,TPR",To snare what lies between worlds takes the patient reach of trees.,normal,397488,2,1,Common,Dryad,Creature
Heartwood Giant,{3}{G}{G},5,G,Randy Elliott,174,Creature — Giant,"{T}, Sacrifice a Forest: Heartwood Giant deals 2 damage to target player.","TMP,TPR","Wind in the trees is soothing, but the same can't be said for trees on the wind.",normal,397440,4,4,Rare,Giant,Creature
Hermit Druid,{1}{G},2,G,Heather Hudson,175,Creature — Human Druid,"{G}, {T}: Reveal cards from the top of your library until you reveal a basic land card. Put that card into your hand and all other cards revealed this way into your graveyard.","STH,pJGP,VMA,TPR",Seeking the company of plants ensures that your wits will go to seed.,normal,397556,1,1,Uncommon,"Human,Druid",Creature
Horned Sliver,{2}{G},3,G,Allen Williams,176,Creature — Sliver,All Sliver creatures have trample.,"TMP,TPR",A bristling wave of slivers broke against the Weatherlight's timbers.,normal,397390,2,2,Common,Sliver,Creature
Krakilin,{X}{G}{G},2,G,Richard Kane Ferguson,177,Creature — Beast,Krakilin enters the battlefield with X +1/+1 counters on it.\n{1}{G}: Regenerate Krakilin.,"TMP,TPR","""A perfect reflection of its world: brutal, fetal, and lacking truth.""\n—Oracle en-Vec",normal,397521,0,0,Rare,Beast,Creature
Lowland Basilisk,{2}{G},3,G,Randy Gallegos,178,Creature — Basilisk,"Whenever Lowland Basilisk deals damage to a creature, destroy that creature at end of combat.","STH,TPR","Unlike their cousins, Rathi basilisks turn their victims into puddles of flowstone.",normal,397398,1,3,Uncommon,Basilisk,Creature
Manabond,{G},1,G,Stephen Daniele,179,Enchantment,"At the beginning of your end step, you may reveal your hand and put all land cards from it onto the battlefield. If you do, discard your hand.","EXO,TPR",,normal,397461,,,Rare,,Enchantment
"Mirri, Cat Warrior",{1}{G}{G},3,G,Daren Bader,180,Legendary Creature — Cat Warrior,"First strike, forestwalk, vigilance (This creature deals combat damage before creatures without first strike, it can't be blocked as long as defending player controls a Forest, and attacking doesn't cause this creature to tap.)","EXO,ATH,10E,TPR","""Full of beauty and grace, with a predator's instincts . . . Although she wanders, I have always thought Mirri belongs in Llanowar most of all.""\n—Rofellos, Llanowar emissary",normal,397392,2,3,Rare,"Cat,Warrior",Creature
Mulch,{1}{G},2,G,Rebecca Guay,181,Sorcery,Reveal the top four cards of your library. Put all land cards revealed this way into your hand and the rest into your graveyard.,"STH,ISD,TPR,C15",Hope is the one crop that can grow in any climate.,normal,397563,,,Common,,Sorcery
Muscle Sliver,{1}{G},2,G,Richard Kane Ferguson,182,Creature — Sliver,All Sliver creatures get +1/+1.,"TMP,pFNM,H09,TPR",The air was filled with the cracks and snaps of flesh hardening as the new sliver joined the battle.,normal,397442,1,1,Common,Sliver,Creature
Needle Storm,{2}{G},3,G,Val Mayerik,183,Sorcery,Needle Storm deals 4 damage to each creature with flying.,"POR,TMP,9ED,TPR",The rain is driven like nails.,normal,397499,,,Uncommon,,Sorcery
Oath of Druids,{1}{G},2,G,Daren Bader,184,Enchantment,"At the beginning of each player's upkeep, that player chooses target player who controls more creatures than he or she does and is his or her opponent. The first player may reveal cards from the top of his or her library until he or she reveals a creature card. If he or she does, that player puts that card onto the battlefield and all other cards revealed this way into his or her graveyard.","pJGP,EXO,VMA,TPR",,normal,397400,,,Mythic Rare,,Enchantment
Overrun,{2}{G}{G}{G},5,G,Jeff Miracola,185,Sorcery,Creatures you control get +3/+3 and gain trample until end of turn.,"TMP,ATH,ODY,10E,M10,DDD,DPA,M12,PC2,C14,DD3_GVL,TPR,C15","""You want to know your enemy? Look at your feet while you trample him.""\n—Tahngarth of the Weatherlight",normal,397574,,,Uncommon,,Sorcery
Provoke,{1}{G},2,G,Terese Nielsen,186,Instant,Untap target creature you don't control. That creature blocks this turn if able.\nDraw a card.,"STH,CNS,VMA,TPR","Mirri did not have time to think, only to react.",normal,397604,,,Common,,Instant
Rampant Growth,{1}{G},2,G,Tom Kyffin,187,Sorcery,Search your library for a basic land card and put that card onto the battlefield tapped. Then shuffle your library.,"MIR,TMP,6ED,BTD,7ED,pMPR,8ED,9ED,10E,M10,HOP,DPA,M12,TPR,MM2,C15",Rath forces plants from its surface as one presses whey from cheese.,normal,397623,,,Common,,Sorcery
Reality Anchor,{1}{G},2,G,Randy Gallegos,188,Instant,Target creature loses shadow until end of turn.\nDraw a card.,"TMP,TPR","""See how you like it.""\n—Ertai, wizard adept",normal,397421,,,Common,,Instant
Recycle,{4}{G}{G},6,G,Phil Foglio,189,Enchantment,"Skip your draw step.\nWhenever you play a card, draw a card.\nYour maximum hand size is two.","TMP,TPR",,normal,397573,,,Rare,,Enchantment
Rootbreaker Wurm,{5}{G}{G},7,G,Richard Kane Ferguson,190,Creature — Wurm,Trample (This creature can deal excess combat damage to defending player or planeswalker while attacking.),"TMP,9ED,TPR","As Gerrard made his escape, the wurm covered his flight by helping itself to three great mouthfuls of merfolk.",normal,397567,6,6,Uncommon,Wurm,Creature
Rootwalla,{2}{G},3,G,Roger Raupp,191,Creature — Lizard,{1}{G}: Rootwalla gets +2/+2 until end of turn. Activate this ability only once each turn.,"TMP,9ED,10E,M14,TPR","If you try to sneak up on a rootwalla, you'll suddenly find yourself dealing with twice the lizard.",normal,397580,2,2,Common,Lizard,Creature
Skyshroud Elf,{1}{G},2,"G,R,W",Jeff Miracola,192,Creature — Elf Druid,{T}: Add {G} to your mana pool.\n{1}: Add {R} or {W} to your mana pool.,"TMP,TPR","""It is our duty to endure.""\n—Eladamri, Lord of Leaves",normal,397435,1,1,Common,"Elf,Druid",Creature
Skyshroud Troll,{2}{G}{G},4,G,Matthew D. Wilson,193,Creature — Troll Giant,{1}{G}: Regenerate Skyshroud Troll.,"TMP,TPR","The elves and merfolk have nothing but bitterness for each other. The trolls, however, find them both rather tasty.",normal,397589,3,3,Common,"Troll,Giant",Creature
Spike Breeder,{3}{G},4,G,Adam Rex,194,Creature — Spike,"Spike Breeder enters the battlefield with three +1/+1 counters on it.\n{2}, Remove a +1/+1 counter from Spike Breeder: Put a +1/+1 counter on target creature.\n{2}, Remove a +1/+1 counter from Spike Breeder: Put a 1/1 green Spike creature token onto the battlefield.","STH,TPR",,normal,397406,0,0,Uncommon,Spike,Creature
Spike Colony,{4}{G},5,G,Douglas Shuler,195,Creature — Spike,"Spike Colony enters the battlefield with four +1/+1 counters on it.\n{2}, Remove a +1/+1 counter from Spike Colony: Put a +1/+1 counter on target creature.","STH,BRB,TPR",,normal,397457,0,0,Common,Spike,Creature
Spike Feeder,{1}{G}{G},3,G,Heather Hudson,196,Creature — Spike,"Spike Feeder enters the battlefield with two +1/+1 counters on it.\n{2}, Remove a +1/+1 counter from Spike Feeder: Put a +1/+1 counter on target creature.\nRemove a +1/+1 counter from Spike Feeder: You gain 2 life.","STH,BRB,pFNM,TSB,CMD,TPR",,normal,397486,0,0,Uncommon,Spike,Creature
Spike Hatcher,{6}{G},7,G,Stephen Daniele,197,Creature — Spike,"Spike Hatcher enters the battlefield with six +1/+1 counters on it.\n{2}, Remove a +1/+1 counter from Spike Hatcher: Put a +1/+1 counter on target creature.\n{1}, Remove a +1/+1 counter from Spike Hatcher: Regenerate Spike Hatcher.","EXO,TPR",,normal,397591,0,0,Rare,Spike,Creature
Spined Wurm,{4}{G},5,G,Keith Parkinson,198,Creature — Wurm,,"pMEI,POR,STH,S00,7ED,8ED,9ED,10E,DPA,M11,TPR","""As it moved, the wurm's spines gathered up bits of flowstone, which took the shapes of dead villagers' heads. Each head spoke a single sound, but if taken together, they said, ‘Alas for the living.'""\n—Dal myth of the wurm",normal,397454,5,4,Common,Wurm,Creature
Survival of the Fittest,{1}{G},2,G,Pete Venters,199,Enchantment,"{G}, Discard a creature card: Search your library for a creature card, reveal that card, and put it into your hand. Then shuffle your library.","pJGP,EXO,VMA,TPR",,normal,397535,,,Mythic Rare,,Enchantment
Trained Armodon,{1}{G}{G},3,G,Gary Leach,200,Creature — Elephant,,"TMP,6ED,7ED,8ED,9ED,DPA,TPR",These are its last days. Better to grow broad and heavy. Better that the enemy is crushed beneath its carcass.,normal,397448,3,3,Common,Elephant,Creature
Tranquility,{2}{G},3,G,Margaret Organ-Kean,201,Sorcery,Destroy all enchantments.,"LEA,LEB,2ED,CED,CEI,3ED,4ED,5ED,TMP,6ED,MMQ,BRB,INV,7ED,TPR","""Peace will come, but whether born of harmony or entropy I cannot say.""\n—Oracle en-Vec",normal,397519,,,Uncommon,,Sorcery
Verdant Force,{5}{G}{G}{G},8,G,DiTerlizzi,202,Creature — Elemental,"At the beginning of each upkeep, put a 1/1 green Saproling creature token onto the battlefield.","TMP,9ED,10E,HOP,DPA,PD3,TPR,C15","Burl, scurf, and bower\nBirth fern and flower.",normal,397577,7,7,Rare,Elemental,Creature
Verdant Touch,{1}{G},2,G,M. W. Kaluta & DiTerlizzi,203,Sorcery,"Buyback {3} (You may pay an additional {3} as you cast this spell. If you do, put this card into your hand as it resolves.)\nTarget land becomes a 2/2 creature that's still a land. (This effect lasts indefinitely.)","STH,TPR",,normal,397496,,,Uncommon,,Sorcery
Verdigris,{2}{G},3,G,Zina Saunders,204,Instant,Destroy target artifact.,"TMP,TPR","""Only the most sophisticated inventions can survive nature's unsophisticated motivations.""\n—Hanna, Weatherlight navigator",normal,397538,,,Common,,Instant
Wall of Blossoms,{1}{G},2,G,Heather Hudson,205,Creature — Plant Wall,"Defender\nWhen Wall of Blossoms enters the battlefield, draw a card.","STH,pFNM,PC2,V13,TPR,C15","Each flower identical, every leaf and petal disturbingly exact.",normal,397479,0,4,Uncommon,"Plant,Wall",Creature
Acidic Sliver,{B}{R},2,"B,R",Jeff Miracola,206,Creature — Sliver,"All Slivers have ""{2}, Sacrifice this permanent: This permanent deals 2 damage to target creature or player.""","STH,H09,TPR","The first sliver burst against the cave wall, and others piled in behind to deepen the new tunnel.",normal,397564,2,2,Uncommon,Sliver,Creature
Crystalline Sliver,{W}{U},2,"W,U",Allen Williams,207,Creature — Sliver,All Slivers have shroud. (They can't be the targets of spells or abilities.),"STH,pFNM,H09,TPR","Bred as living shields, these slivers have proven unruly—they know they cannot be caught.",normal,397513,2,2,Uncommon,Sliver,Creature
Dracoplasm,{U}{R},2,"U,R",Andrew Robinson,208,Creature — Shapeshifter,"Flying\nAs Dracoplasm enters the battlefield, sacrifice any number of creatures. Dracoplasm's power becomes the total power of those creatures and its toughness becomes their total toughness.\n{R}: Dracoplasm gets +1/+0 until end of turn.","TMP,TPR",,normal,397485,0,0,Rare,Shapeshifter,Creature
Hibernation Sliver,{U}{B},2,"U,B",Scott Kirschner,209,Creature — Sliver,"All Slivers have ""Pay 2 life: Return this permanent to its owner's hand.""","STH,H09,TPR","Mogglings have been known to play ball with hibernating slivers, completely unaware of their true nature.",normal,397495,2,2,Uncommon,Sliver,Creature
"Selenia, Dark Angel",{3}{W}{B},5,"W,B",Matthew D. Wilson,210,Legendary Creature — Angel,"Flying\nPay 2 life: Return Selenia, Dark Angel to its owner's hand.","TMP,TPR","""I am light. I am dark. I must give my life to serve; not even death can release me.""",normal,397639,3,3,Rare,Angel,Creature
Sliver Queen,{W}{U}{B}{R}{G},5,"W,U,B,R,G",Ron Spencer,211,Legendary Creature — Sliver,{2}: Put a 1/1 colorless Sliver creature token onto the battlefield.,"STH,TPR",Her children are ever part of her.,normal,397585,7,7,Mythic Rare,Sliver,Creature
Soltari Guerrillas,{2}{R}{W},4,"W,R",Val Mayerik,212,Creature — Soltari Soldier,"Shadow (This creature can block or be blocked by only creatures with shadow.)\n{0}: The next time Soltari Guerrillas would deal combat damage to an opponent this turn, it deals that damage to target creature instead.","TMP,TPR",,normal,397650,3,2,Rare,"Soltari,Soldier",Creature
Spined Sliver,{R}{G},2,"R,G",Ron Spencer,213,Creature — Sliver,"Whenever a Sliver becomes blocked, that Sliver gets +1/+1 until end of turn for each creature blocking it.","STH,TSB,H09,TPR","""Slivers are evil and slivers are sly;\nAnd if you get eaten, then no one will cry.""\n—Mogg children's rhyme",normal,397578,2,2,Uncommon,Sliver,Creature
Vhati il-Dal,{2}{B}{G},4,"B,G",Ron Spencer,214,Legendary Creature — Human Warrior,"{T}: Until end of turn, target creature has base power 1 or base toughness 1.","TMP,TSB,TPR","""Sir, I just thought . . . ,"" explained Vhati.\n""Don't think,"" interrupted Greven. ""It doesn't suit you.""",normal,397504,3,3,Rare,"Human,Warrior",Creature
Victual Sliver,{G}{W},2,"W,G",Terese Nielsen,215,Creature — Sliver,"All Slivers have ""{2}, Sacrifice this permanent: You gain 4 life.""","STH,H09,TPR","""We are kinfolk,"" explained Karn to the sliver queen. ""Just as you need your progeny to complete you, so do I need the pieces of the Legacy to make me whole.""",normal,397416,2,2,Uncommon,Sliver,Creature
Wood Sage,{G}{U},2,"U,G",Paolo Parente,216,Creature — Human Druid,{T}: Name a creature card. Reveal the top four cards of your library and put all of them with that name into your hand. Put the rest into your graveyard.,"TMP,CNS,TPR",,normal,397455,1,1,Rare,"Human,Druid",Creature
Bottle Gnomes,{3},3,,Kaja Foglio,217,Artifact Creature — Gnome,Sacrifice Bottle Gnomes: You gain 3 life.,"TMP,pFNM,MRD,9ED,10E,DD2,C14,DD3_JVC,TPR","""I am reminded of the fable of the silver egg. Its owner cracks it open to see what jewels it holds, only to discover a simple yellow yolk.""\n—Karn, silver golem",normal,397557,1,3,Common,Gnome,"Artifact,Creature"
Coat of Arms,{5},5,,Scott M. Fischer,218,Artifact,"Each creature gets +1/+1 for each other creature on the battlefield that shares at least one creature type with it. (For example, if two Goblin Warriors and a Goblin Shaman are on the battlefield, each gets +2/+2.)","EXO,7ED,8ED,9ED,10E,M10,H09,DPA,TPR","""Hup, two, three, four,\nDunno how to count no more.""\n—Mogg march",normal,397422,,,Rare,,Artifact
Coiled Tinviper,{3},3,,John Matson,219,Artifact Creature — Snake,First strike,"TMP,TPR",The bite of the tinviper feels most like a razor drawn across the tongue.,normal,397396,2,1,Common,Snake,"Artifact,Creature"
Cursed Scroll,{1},1,,D. Alexander Gregory,220,Artifact,"{3}, {T}: Name a card. Reveal a card at random from your hand. If it's the named card, Cursed Scroll deals 2 damage to target creature or player.","TMP,VMA,TPR",,normal,397653,,,Mythic Rare,,Artifact
Emmessi Tome,{4},4,,Tom Wänerstrand,221,Artifact,"{5}, {T}: Draw two cards, then discard a card.","TMP,TPR,EMA","It is like life and destiny: we think we know the story, but we have read only half the tale.",normal,397542,,,Uncommon,,Artifact
Erratic Portal,{4},4,,John Matson,222,Artifact,"{1}, {T}: Return target creature to its owner's hand unless its controller pays {1}.","EXO,TPR","""In Barrin's name!"" cried Lyna as Hanna's sword passed through her, ""Ertai sends word that the portal is open—but not for long!""",normal,397649,,,Rare,,Artifact
Grindstone,{1},1,,Greg Simanson,223,Artifact,"{3}, {T}: Target player puts the top two cards of his or her library into his or her graveyard. If both cards share a color, repeat this process.","TMP,TPR","""Memory is a burden that wears at the soul as weather wears at stone.""\n—Crovax",normal,397443,,,Mythic Rare,,Artifact
Jinxed Idol,{2},2,,John Matson,224,Artifact,"At the beginning of your upkeep, Jinxed Idol deals 2 damage to you.\nSacrifice a creature: Target opponent gains control of Jinxed Idol.","TMP,M11,TPR","""Here.""",normal,397505,,,Rare,,Artifact
Lotus Petal,{0},,,April Lee,225,Artifact,"{T}, Sacrifice Lotus Petal: Add one mana of any color to your mana pool.","TMP,V09,TPR","""Hard to imagine,"" mused Hanna, stroking the petal, ""such a lovely flower inspiring such greed.""",normal,397468,,,Uncommon,,Artifact
Metallic Sliver,{1},1,,Allen Williams,226,Artifact Creature — Sliver,,"TMP,H09,TPR","When the clever counterfeit was accepted by the hive, Volrath's influence upon the slivers grew even stronger.",normal,397569,1,1,Common,Sliver,"Artifact,Creature"
Mindless Automaton,{4},4,,Brian Snõddy,227,Artifact Creature — Construct,"Mindless Automaton enters the battlefield with two +1/+1 counters on it.\n{1}, Discard a card: Put a +1/+1 counter on Mindless Automaton.\nRemove two +1/+1 counters from Mindless Automaton: Draw a card.","EXO,TSB,TPR,EMA",,normal,397449,0,0,Rare,Construct,"Artifact,Creature"
Mox Diamond,{0},,,Dan Frazier,228,Artifact,"If Mox Diamond would enter the battlefield, you may discard a land card instead. If you do, put Mox Diamond onto the battlefield. If you don't, put it into its owner's graveyard.\n{T}: Add one mana of any color to your mana pool.","STH,V10,TPR",,normal,397482,,,Mythic Rare,,Artifact
Patchwork Gnomes,{3},3,,Mike Raabe,229,Artifact Creature — Gnome,Discard a card: Regenerate Patchwork Gnomes.,"TMP,ODY,TPR","""Just when I get them working, they always start fighting and tearing at each other for spare parts.""\n—Hanna, Weatherlight navigator",normal,397408,2,1,Common,Gnome,"Artifact,Creature"
Phyrexian Hulk,{6},6,,Matthew D. Wilson,230,Artifact Creature — Golem,,"TMP,7ED,8ED,9ED,DDE,NPH,M13,TPR","""They are convenient in having no souls, but less so in having no spirit.""\n—Volrath",normal,397571,5,4,Uncommon,Golem,"Artifact,Creature"
Skyshaper,{2},2,,Donato Giancola,231,Artifact,Sacrifice Skyshaper: Creatures you control gain flying until end of turn.,"EXO,TPR","""It'll get us to the portal, but I can't guarantee what it'll do to the ship.""\n—Hanna, Weatherlight navigator",normal,397424,,,Common,,Artifact
Telethopter,{4},4,,Thomas M. Baxa,232,Artifact Creature — Thopter,Tap an untapped creature you control: Telethopter gains flying until end of turn.,"TMP,TPR","After losing several of the devices to midair collisions, Greven forbade moggs from operating telethopters.",normal,397462,3,1,Common,Thopter,"Artifact,Creature"
Thopter Squadron,{5},5,,Doug Chaffee,233,Artifact Creature — Thopter,"Flying\nThopter Squadron enters the battlefield with three +1/+1 counters on it.\n{1}, Remove a +1/+1 counter from Thopter Squadron: Put a 1/1 colorless Thopter artifact creature token with flying onto the battlefield. Activate this ability only any time you could cast a sorcery.\n{1}, Sacrifice another Thopter: Put a +1/+1 counter on Thopter Squadron. Activate this ability only any time you could cast a sorcery.","EXO,VMA,TPR",,normal,397624,0,0,Rare,Thopter,"Artifact,Creature"
Volrath's Laboratory,{5},5,,Brom,234,Artifact,"As Volrath's Laboratory enters the battlefield, choose a color and a creature type.\n{5}, {T}: Put a 2/2 creature token of the chosen color and type onto the battlefield.","STH,TPR",,normal,397656,,,Rare,,Artifact
Caldera Lake,,,"U,R",Allen Williams,235,Land,Caldera Lake enters the battlefield tapped.\n{T}: Add {C} to your mana pool.\n{T}: Add {U} or {R} to your mana pool. Caldera Lake deals 1 damage to you.,"TMP,VMA,TPR",,normal,397490,,,Uncommon,,Land
Cinder Marsh,,,"B,R",John Matson,236,Land,{T}: Add {C} to your mana pool.\n{T}: Add {B} or {R} to your mana pool. Cinder Marsh doesn't untap during your next untap step.,"TMP,BRB,TPR",,normal,397547,,,Uncommon,,Land
City of Traitors,,,,Kev Walker,237,Land,"When you play another land, sacrifice City of Traitors.\n{T}: Add {C}{C} to your mana pool.","EXO,TPR","""While we fought, the il surrendered.""\n—Oracle en-Vec",normal,397543,,,Rare,,Land
Maze of Shadows,,,,D. Alexander Gregory,238,Land,{T}: Add {C} to your mana pool.\n{T}: Untap target attacking creature with shadow. Prevent all combat damage that would be dealt to and dealt by that creature this turn.,"TMP,TPR",,normal,397445,,,Uncommon,,Land
Mogg Hollows,,,"R,G",Jeff Laubenstein,239,Land,{T}: Add {C} to your mana pool.\n{T}: Add {R} or {G} to your mana pool. Mogg Hollows doesn't untap during your next untap step.,"TMP,BRB,TPR",,normal,397459,,,Uncommon,,Land
Pine Barrens,,,"B,G",Rebecca Guay,240,Land,Pine Barrens enters the battlefield tapped.\n{T}: Add {C} to your mana pool.\n{T}: Add {B} or {G} to your mana pool. Pine Barrens deals 1 damage to you.,"TMP,VMA,TPR",,normal,397425,,,Uncommon,,Land
Rootwater Depths,,,"U,B",Roger Raupp,241,Land,{T}: Add {C} to your mana pool.\n{T}: Add {U} or {B} to your mana pool. Rootwater Depths doesn't untap during your next untap step.,"TMP,TPR",,normal,397536,,,Uncommon,,Land
Salt Flats,,,"W,B",Scott Kirschner,242,Land,Salt Flats enters the battlefield tapped.\n{T}: Add {C} to your mana pool.\n{T}: Add {W} or {B} to your mana pool. Salt Flats deals 1 damage to you.,"TMP,VMA,TPR",,normal,397590,,,Uncommon,,Land
Scabland,,,"R,W",Andrew Robinson,243,Land,Scabland enters the battlefield tapped.\n{T}: Add {C} to your mana pool.\n{T}: Add {R} or {W} to your mana pool. Scabland deals 1 damage to you.,"TMP,VMA,TPR",,normal,397438,,,Uncommon,,Land
Skyshroud Forest,,,"G,U",Roger Raupp,244,Land,Skyshroud Forest enters the battlefield tapped.\n{T}: Add {C} to your mana pool.\n{T}: Add {G} or {U} to your mana pool. Skyshroud Forest deals 1 damage to you.,"TMP,VMA,TPR",,normal,397616,,,Uncommon,,Land
Stalking Stones,,,,Stephen Daniele,245,Land,{T}: Add {C} to your mana pool.\n{6}: Stalking Stones becomes a 3/3 Elemental artifact creature that's still a land. (This effect lasts indefinitely.),"TMP,MRD,DDF,TPR",,normal,397410,,,Uncommon,,Land
Thalakos Lowlands,,,"W,U",Jeff A. Menges,246,Land,{T}: Add {C} to your mana pool.\n{T}: Add {W} or {U} to your mana pool. Thalakos Lowlands doesn't untap during your next untap step.,"TMP,BRB,TPR",,normal,397446,,,Uncommon,,Land
Vec Townships,,,"G,W",Eric David Anderson,247,Land,{T}: Add {C} to your mana pool.\n{T}: Add {G} or {W} to your mana pool. Vec Townships doesn't untap during your next untap step.,"TMP,BRB,TPR",,normal,397451,,,Uncommon,,Land
Volrath's Stronghold,,,B,Kev Walker,248,Legendary Land,"{T}: Add {C} to your mana pool.\n{1}{B}, {T}: Put target creature card from your graveyard on top of your library.","STH,TPR",The seed of a world's evil.,normal,397619,,,Mythic Rare,,Land
Wasteland,,,,Una Fricker,249,Land,"{T}: Add {C} to your mana pool.\n{T}, Sacrifice Wasteland: Destroy target nonbasic land.","TMP,pJGP,pMPR,TPR,EXP,EMA","""The land promises nothing and keeps its promise.""\n—Oracle en-Vec",normal,397531,,,Rare,,Land
Plains,,,W,Terese Nielsen,250,Basic Land — Plains,,"LEA,LEB,2ED,CED,CEI,3ED,4ED,ICE,RQS,pARL,MIR,ITP,5ED,POR,pPRE,TMP,pJGP,PO2,UGL,pALP,USG,ATH,6ED,PTK,S99,pGRU,MMQ,BRB,pELP,S00,INV,7ED,ODY,ONS,8ED,MRD,CHK,UNH,9ED,RAV,CST,TSP,10E,MED,LRW,SHM,ALA,DDC,M10,HOP,ME3,ZEN,H09,DDE,ROE,ARC,M11,DDF,SOM,MBS,DDG,NPH,CMD,M12,DDH,ISD,DDI,AVR,PC2,M13,RTR,DDK,M14,DDL,THS,C13,MD1,M15,DDN,KTK,C14,DD3_DVD,FRF,DDO,DTK,TPR,ORI,DDP,BFZ,C15,DDQ,SOI",,normal,397550,,,Basic Land,Plains,Land
Plains,,,W,Terese Nielsen,251,Basic Land — Plains,,"LEA,LEB,2ED,CED,CEI,3ED,4ED,ICE,RQS,pARL,MIR,ITP,5ED,POR,pPRE,TMP,pJGP,PO2,UGL,pALP,USG,ATH,6ED,PTK,S99,pGRU,MMQ,BRB,pELP,S00,INV,7ED,ODY,ONS,8ED,MRD,CHK,UNH,9ED,RAV,CST,TSP,10E,MED,LRW,SHM,ALA,DDC,M10,HOP,ME3,ZEN,H09,DDE,ROE,ARC,M11,DDF,SOM,MBS,DDG,NPH,CMD,M12,DDH,ISD,DDI,AVR,PC2,M13,RTR,DDK,M14,DDL,THS,C13,MD1,M15,DDN,KTK,C14,DD3_DVD,FRF,DDO,DTK,TPR,ORI,DDP,BFZ,C15,DDQ,SOI",,normal,397469,,,Basic Land,Plains,Land
Plains,,,W,Terese Nielsen,252,Basic Land — Plains,,"LEA,LEB,2ED,CED,CEI,3ED,4ED,ICE,RQS,pARL,MIR,ITP,5ED,POR,pPRE,TMP,pJGP,PO2,UGL,pALP,USG,ATH,6ED,PTK,S99,pGRU,MMQ,BRB,pELP,S00,INV,7ED,ODY,ONS,8ED,MRD,CHK,UNH,9ED,RAV,CST,TSP,10E,MED,LRW,SHM,ALA,DDC,M10,HOP,ME3,ZEN,H09,DDE,ROE,ARC,M11,DDF,SOM,MBS,DDG,NPH,CMD,M12,DDH,ISD,DDI,AVR,PC2,M13,RTR,DDK,M14,DDL,THS,C13,MD1,M15,DDN,KTK,C14,DD3_DVD,FRF,DDO,DTK,TPR,ORI,DDP,BFZ,C15,DDQ,SOI",,normal,397610,,,Basic Land,Plains,Land
Plains,,,W,Terese Nielsen,253,Basic Land — Plains,,"LEA,LEB,2ED,CED,CEI,3ED,4ED,ICE,RQS,pARL,MIR,ITP,5ED,POR,pPRE,TMP,pJGP,PO2,UGL,pALP,USG,ATH,6ED,PTK,S99,pGRU,MMQ,BRB,pELP,S00,INV,7ED,ODY,ONS,8ED,MRD,CHK,UNH,9ED,RAV,CST,TSP,10E,MED,LRW,SHM,ALA,DDC,M10,HOP,ME3,ZEN,H09,DDE,ROE,ARC,M11,DDF,SOM,MBS,DDG,NPH,CMD,M12,DDH,ISD,DDI,AVR,PC2,M13,RTR,DDK,M14,DDL,THS,C13,MD1,M15,DDN,KTK,C14,DD3_DVD,FRF,DDO,DTK,TPR,ORI,DDP,BFZ,C15,DDQ,SOI",,normal,397433,,,Basic Land,Plains,Land
Island,,,U,Randy Gallegos,254,Basic Land — Island,,"LEA,LEB,2ED,CED,CEI,3ED,4ED,ICE,RQS,pARL,MIR,ITP,5ED,POR,TMP,pJGP,PO2,UGL,pALP,USG,6ED,PTK,S99,pGRU,MMQ,BRB,pELP,S00,BTD,INV,7ED,ODY,ONS,8ED,MRD,CHK,UNH,9ED,RAV,CST,TSP,10E,MED,LRW,SHM,ALA,DD2,M10,HOP,ME3,ZEN,H09,DDE,ROE,DPA,ARC,M11,DDF,SOM,MBS,NPH,CMD,M12,DDH,ISD,DDI,AVR,PC2,M13,DDJ,RTR,M14,THS,C13,DDM,M15,DDN,KTK,C14,DD3_JVC,FRF,DDO,DTK,TPR,ORI,BFZ,C15,DDQ,SOI",,normal,397456,,,Basic Land,Island,Land
Island,,,U,Randy Gallegos,255,Basic Land — Island,,"LEA,LEB,2ED,CED,CEI,3ED,4ED,ICE,RQS,pARL,MIR,ITP,5ED,POR,TMP,pJGP,PO2,UGL,pALP,USG,6ED,PTK,S99,pGRU,MMQ,BRB,pELP,S00,BTD,INV,7ED,ODY,ONS,8ED,MRD,CHK,UNH,9ED,RAV,CST,TSP,10E,MED,LRW,SHM,ALA,DD2,M10,HOP,ME3,ZEN,H09,DDE,ROE,DPA,ARC,M11,DDF,SOM,MBS,NPH,CMD,M12,DDH,ISD,DDI,AVR,PC2,M13,DDJ,RTR,M14,THS,C13,DDM,M15,DDN,KTK,C14,DD3_JVC,FRF,DDO,DTK,TPR,ORI,BFZ,C15,DDQ,SOI",,normal,397476,,,Basic Land,Island,Land
Island,,,U,Randy Gallegos,256,Basic Land — Island,,"LEA,LEB,2ED,CED,CEI,3ED,4ED,ICE,RQS,pARL,MIR,ITP,5ED,POR,TMP,pJGP,PO2,UGL,pALP,USG,6ED,PTK,S99,pGRU,MMQ,BRB,pELP,S00,BTD,INV,7ED,ODY,ONS,8ED,MRD,CHK,UNH,9ED,RAV,CST,TSP,10E,MED,LRW,SHM,ALA,DD2,M10,HOP,ME3,ZEN,H09,DDE,ROE,DPA,ARC,M11,DDF,SOM,MBS,NPH,CMD,M12,DDH,ISD,DDI,AVR,PC2,M13,DDJ,RTR,M14,THS,C13,DDM,M15,DDN,KTK,C14,DD3_JVC,FRF,DDO,DTK,TPR,ORI,BFZ,C15,DDQ,SOI",,normal,397596,,,Basic Land,Island,Land
Island,,,U,Randy Gallegos,257,Basic Land — Island,,"LEA,LEB,2ED,CED,CEI,3ED,4ED,ICE,RQS,pARL,MIR,ITP,5ED,POR,TMP,pJGP,PO2,UGL,pALP,USG,6ED,PTK,S99,pGRU,MMQ,BRB,pELP,S00,BTD,INV,7ED,ODY,ONS,8ED,MRD,CHK,UNH,9ED,RAV,CST,TSP,10E,MED,LRW,SHM,ALA,DD2,M10,HOP,ME3,ZEN,H09,DDE,ROE,DPA,ARC,M11,DDF,SOM,MBS,NPH,CMD,M12,DDH,ISD,DDI,AVR,PC2,M13,DDJ,RTR,M14,THS,C13,DDM,M15,DDN,KTK,C14,DD3_JVC,FRF,DDO,DTK,TPR,ORI,BFZ,C15,DDQ,SOI",,normal,397654,,,Basic Land,Island,Land
Swamp,,,B,Brom,258,Basic Land — Swamp,,"LEA,LEB,2ED,CED,CEI,3ED,4ED,ICE,RQS,pARL,MIR,ITP,5ED,POR,TMP,pJGP,PO2,UGL,pALP,USG,ATH,6ED,PTK,S99,pGRU,MMQ,BRB,pELP,S00,BTD,INV,7ED,ODY,DKM,ONS,8ED,MRD,CHK,UNH,9ED,RAV,CST,TSP,10E,MED,LRW,SHM,ALA,DDC,M10,HOP,ME3,ZEN,DDD,H09,DDE,ROE,DPA,ARC,M11,SOM,MBS,NPH,CMD,M12,DDH,ISD,PD3,AVR,PC2,M13,DDJ,RTR,DDK,M14,THS,C13,DDM,MD1,M15,DDN,KTK,C14,DD3_DVD,DD3_GVL,FRF,DTK,TPR,ORI,DDP,BFZ,C15,DDQ,SOI",,normal,397529,,,Basic Land,Swamp,Land
Swamp,,,B,Brom,259,Basic Land — Swamp,,"LEA,LEB,2ED,CED,CEI,3ED,4ED,ICE,RQS,pARL,MIR,ITP,5ED,POR,TMP,pJGP,PO2,UGL,pALP,USG,ATH,6ED,PTK,S99,pGRU,MMQ,BRB,pELP,S00,BTD,INV,7ED,ODY,DKM,ONS,8ED,MRD,CHK,UNH,9ED,RAV,CST,TSP,10E,MED,LRW,SHM,ALA,DDC,M10,HOP,ME3,ZEN,DDD,H09,DDE,ROE,DPA,ARC,M11,SOM,MBS,NPH,CMD,M12,DDH,ISD,PD3,AVR,PC2,M13,DDJ,RTR,DDK,M14,THS,C13,DDM,MD1,M15,DDN,KTK,C14,DD3_DVD,DD3_GVL,FRF,DTK,TPR,ORI,DDP,BFZ,C15,DDQ,SOI",,normal,397635,,,Basic Land,Swamp,Land
Swamp,,,B,Brom,260,Basic Land — Swamp,,"LEA,LEB,2ED,CED,CEI,3ED,4ED,ICE,RQS,pARL,MIR,ITP,5ED,POR,TMP,pJGP,PO2,UGL,pALP,USG,ATH,6ED,PTK,S99,pGRU,MMQ,BRB,pELP,S00,BTD,INV,7ED,ODY,DKM,ONS,8ED,MRD,CHK,UNH,9ED,RAV,CST,TSP,10E,MED,LRW,SHM,ALA,DDC,M10,HOP,ME3,ZEN,DDD,H09,DDE,ROE,DPA,ARC,M11,SOM,MBS,NPH,CMD,M12,DDH,ISD,PD3,AVR,PC2,M13,DDJ,RTR,DDK,M14,THS,C13,DDM,MD1,M15,DDN,KTK,C14,DD3_DVD,DD3_GVL,FRF,DTK,TPR,ORI,DDP,BFZ,C15,DDQ,SOI",,normal,397426,,,Basic Land,Swamp,Land
Swamp,,,B,Brom,261,Basic Land — Swamp,,"LEA,LEB,2ED,CED,CEI,3ED,4ED,ICE,RQS,pARL,MIR,ITP,5ED,POR,TMP,pJGP,PO2,UGL,pALP,USG,ATH,6ED,PTK,S99,pGRU,MMQ,BRB,pELP,S00,BTD,INV,7ED,ODY,DKM,ONS,8ED,MRD,CHK,UNH,9ED,RAV,CST,TSP,10E,MED,LRW,SHM,ALA,DDC,M10,HOP,ME3,ZEN,DDD,H09,DDE,ROE,DPA,ARC,M11,SOM,MBS,NPH,CMD,M12,DDH,ISD,PD3,AVR,PC2,M13,DDJ,RTR,DDK,M14,THS,C13,DDM,MD1,M15,DDN,KTK,C14,DD3_DVD,DD3_GVL,FRF,DTK,TPR,ORI,DDP,BFZ,C15,DDQ,SOI",,normal,397467,,,Basic Land,Swamp,Land
Mountain,,,R,Mark Poole,262,Basic Land — Mountain,,"LEA,LEB,2ED,ARN,CED,CEI,3ED,4ED,ICE,RQS,pARL,MIR,ITP,5ED,POR,TMP,pJGP,PO2,UGL,pALP,USG,ATH,6ED,PTK,S99,pGRU,MMQ,BRB,pELP,S00,BTD,INV,7ED,ODY,DKM,ONS,8ED,MRD,CHK,UNH,9ED,RAV,CST,TSP,10E,MED,LRW,EVG,SHM,ALA,DD2,M10,HOP,ME3,ZEN,H09,DDE,ROE,DPA,ARC,M11,SOM,PD2,MBS,DDG,NPH,CMD,M12,DDH,ISD,DDI,AVR,PC2,M13,DDJ,RTR,DDK,M14,DDL,THS,C13,M15,DDN,KTK,C14,DD3_EVG,DD3_JVC,FRF,DTK,TPR,ORI,DDP,BFZ,C15,SOI",,normal,397605,,,Basic Land,Mountain,Land
Mountain,,,R,Mark Poole,263,Basic Land — Mountain,,"LEA,LEB,2ED,ARN,CED,CEI,3ED,4ED,ICE,RQS,pARL,MIR,ITP,5ED,POR,TMP,pJGP,PO2,UGL,pALP,USG,ATH,6ED,PTK,S99,pGRU,MMQ,BRB,pELP,S00,BTD,INV,7ED,ODY,DKM,ONS,8ED,MRD,CHK,UNH,9ED,RAV,CST,TSP,10E,MED,LRW,EVG,SHM,ALA,DD2,M10,HOP,ME3,ZEN,H09,DDE,ROE,DPA,ARC,M11,SOM,PD2,MBS,DDG,NPH,CMD,M12,DDH,ISD,DDI,AVR,PC2,M13,DDJ,RTR,DDK,M14,DDL,THS,C13,M15,DDN,KTK,C14,DD3_EVG,DD3_JVC,FRF,DTK,TPR,ORI,DDP,BFZ,C15,SOI",,normal,397561,,,Basic Land,Mountain,Land
Mountain,,,R,Mark Poole,264,Basic Land — Mountain,,"LEA,LEB,2ED,ARN,CED,CEI,3ED,4ED,ICE,RQS,pARL,MIR,ITP,5ED,POR,TMP,pJGP,PO2,UGL,pALP,USG,ATH,6ED,PTK,S99,pGRU,MMQ,BRB,pELP,S00,BTD,INV,7ED,ODY,DKM,ONS,8ED,MRD,CHK,UNH,9ED,RAV,CST,TSP,10E,MED,LRW,EVG,SHM,ALA,DD2,M10,HOP,ME3,ZEN,H09,DDE,ROE,DPA,ARC,M11,SOM,PD2,MBS,DDG,NPH,CMD,M12,DDH,ISD,DDI,AVR,PC2,M13,DDJ,RTR,DDK,M14,DDL,THS,C13,M15,DDN,KTK,C14,DD3_EVG,DD3_JVC,FRF,DTK,TPR,ORI,DDP,BFZ,C15,SOI",,normal,397546,,,Basic Land,Mountain,Land
Mountain,,,R,Mark Poole,265,Basic Land — Mountain,,"LEA,LEB,2ED,ARN,CED,CEI,3ED,4ED,ICE,RQS,pARL,MIR,ITP,5ED,POR,TMP,pJGP,PO2,UGL,pALP,USG,ATH,6ED,PTK,S99,pGRU,MMQ,BRB,pELP,S00,BTD,INV,7ED,ODY,DKM,ONS,8ED,MRD,CHK,UNH,9ED,RAV,CST,TSP,10E,MED,LRW,EVG,SHM,ALA,DD2,M10,HOP,ME3,ZEN,H09,DDE,ROE,DPA,ARC,M11,SOM,PD2,MBS,DDG,NPH,CMD,M12,DDH,ISD,DDI,AVR,PC2,M13,DDJ,RTR,DDK,M14,DDL,THS,C13,M15,DDN,KTK,C14,DD3_EVG,DD3_JVC,FRF,DTK,TPR,ORI,DDP,BFZ,C15,SOI",,normal,397597,,,Basic Land,Mountain,Land
Forest,,,G,Douglas Shuler,266,Basic Land — Forest,,"LEA,LEB,2ED,CED,CEI,3ED,4ED,ICE,RQS,pARL,MIR,ITP,5ED,POR,TMP,pJGP,PO2,UGL,pALP,USG,ATH,6ED,PTK,S99,pGRU,MMQ,BRB,pELP,S00,BTD,INV,7ED,ODY,DKM,ONS,8ED,MRD,CHK,UNH,9ED,RAV,CST,TSP,10E,MED,LRW,EVG,SHM,ALA,M10,HOP,ME3,ZEN,DDD,H09,DDE,ROE,DPA,ARC,M11,SOM,MBS,DDG,NPH,CMD,M12,DDH,ISD,AVR,PC2,M13,DDJ,RTR,M14,DDL,THS,C13,DDM,M15,KTK,C14,DD3_EVG,DD3_GVL,FRF,DDO,DTK,TPR,ORI,DDP,BFZ,C15,SOI",,normal,397540,,,Basic Land,Forest,Land
Forest,,,G,Douglas Shuler,267,Basic Land — Forest,,"LEA,LEB,2ED,CED,CEI,3ED,4ED,ICE,RQS,pARL,MIR,ITP,5ED,POR,TMP,pJGP,PO2,UGL,pALP,USG,ATH,6ED,PTK,S99,pGRU,MMQ,BRB,pELP,S00,BTD,INV,7ED,ODY,DKM,ONS,8ED,MRD,CHK,UNH,9ED,RAV,CST,TSP,10E,MED,LRW,EVG,SHM,ALA,M10,HOP,ME3,ZEN,DDD,H09,DDE,ROE,DPA,ARC,M11,SOM,MBS,DDG,NPH,CMD,M12,DDH,ISD,AVR,PC2,M13,DDJ,RTR,M14,DDL,THS,C13,DDM,M15,KTK,C14,DD3_EVG,DD3_GVL,FRF,DDO,DTK,TPR,ORI,DDP,BFZ,C15,SOI",,normal,397453,,,Basic Land,Forest,Land
Forest,,,G,Douglas Shuler,268,Basic Land — Forest,,"LEA,LEB,2ED,CED,CEI,3ED,4ED,ICE,RQS,pARL,MIR,ITP,5ED,POR,TMP,pJGP,PO2,UGL,pALP,USG,ATH,6ED,PTK,S99,pGRU,MMQ,BRB,pELP,S00,BTD,INV,7ED,ODY,DKM,ONS,8ED,MRD,CHK,UNH,9ED,RAV,CST,TSP,10E,MED,LRW,EVG,SHM,ALA,M10,HOP,ME3,ZEN,DDD,H09,DDE,ROE,DPA,ARC,M11,SOM,MBS,DDG,NPH,CMD,M12,DDH,ISD,AVR,PC2,M13,DDJ,RTR,M14,DDL,THS,C13,DDM,M15,KTK,C14,DD3_EVG,DD3_GVL,FRF,DDO,DTK,TPR,ORI,DDP,BFZ,C15,SOI",,normal,397582,,,Basic Land,Forest,Land
Forest,,,G,Douglas Shuler,269,Basic Land — Forest,,"LEA,LEB,2ED,CED,CEI,3ED,4ED,ICE,RQS,pARL,MIR,ITP,5ED,POR,TMP,pJGP,PO2,UGL,pALP,USG,ATH,6ED,PTK,S99,pGRU,MMQ,BRB,pELP,S00,BTD,INV,7ED,ODY,DKM,ONS,8ED,MRD,CHK,UNH,9ED,RAV,CST,TSP,10E,MED,LRW,EVG,SHM,ALA,M10,HOP,ME3,ZEN,DDD,H09,DDE,ROE,DPA,ARC,M11,SOM,MBS,DDG,NPH,CMD,M12,DDH,ISD,AVR,PC2,M13,DDJ,RTR,M14,DDL,THS,C13,DDM,M15,KTK,C14,DD3_EVG,DD3_GVL,FRF,DDO,DTK,TPR,ORI,DDP,BFZ,C15,SOI",,normal,397517,,,Basic Land,Forest,Land
