name,manaCost,cmc,colorIdentity,artist,number,type,text,printings,flavor,layout,multiverseid,power,toughness,rarity,subtypes,types
Admonition Angel,{3}{W}{W}{W},6,W,Steve Argyle,1,Creature — Angel,"Flying\nLandfall — Whenever a land enters the battlefield under your control, you may exile target nonland permanent other than Admonition Angel.\nWhen Admonition Angel leaves the battlefield, return all cards exiled with it to the battlefield under their owners' control.",WWK,,normal,197160,6,6,Mythic Rare,Angel,Creature
Apex Hawks,{2}{W},3,W,David Palumbo,2,Creature — Bird,Multikicker {1}{W} (You may pay an additional {1}{W} any number of times as you cast this spell.)\nFlying\nApex Hawks enters the battlefield with a +1/+1 counter on it for each time it was kicked.,"WWK,CNS",,normal,197769,2,2,Common,Bird,Creature
Archon of Redemption,{3}{W}{W},5,W,Steven Belledin,3,Creature — Archon,"Flying\nWhenever Archon of Redemption or another creature with flying enters the battlefield under your control, you may gain life equal to that creature's power.",WWK,"Until Emeria is freed, he raises his sword in her name.",normal,201575,3,4,Rare,Archon,Creature
Battle Hurda,{4}{W},5,W,Christopher Moeller,4,Creature — Giant,First strike,WWK,"""Murasan hurdas were too aggressive to tolerate a harness, so we put them on guard duty. Now the bandits can't get within spitting distance of us.""\n—Bruse Tarl, Goma Fada nomad",normal,198394,3,3,Common,Giant,Creature
Fledgling Griffin,{1}{W},2,W,Christopher Moeller,5,Creature — Griffin,"Landfall — Whenever a land enters the battlefield under your control, Fledgling Griffin gains flying until end of turn.",WWK,"""We're making progress, but its desire to explore still far exceeds its ability.""\n—Amadi, Halimar griffin-master",normal,191580,2,2,Common,Griffin,Creature
Guardian Zendikon,{2}{W},3,W,John Avon,6,Enchantment — Aura,"Enchant land\nEnchanted land is a 2/6 white Wall creature with defender. It's still a land.\nWhen enchanted land dies, return that card to its owner's hand.","WWK,CNS",,normal,197872,,,Common,Aura,Enchantment
Hada Freeblade,{W},1,W,Cyril Van Der Haegen,7,Creature — Human Soldier Ally,"Whenever Hada Freeblade or another Ally enters the battlefield under your control, you may put a +1/+1 counter on Hada Freeblade.","pWPN,WWK","""I toiled in Kazuul's mines when I was eight. I think I'm tough enough for a little hiking.""",normal,198400,0,1,Uncommon,"Human,Soldier,Ally",Creature
Iona's Judgment,{4}{W},5,W,Mike Bierek,8,Sorcery,Exile target creature or enchantment.,WWK,"Beneath the gaze of angels, only the righteous may stand without fear.",normal,197880,,,Common,,Sorcery
Join the Ranks,{3}{W},4,W,Kekai Kotaki,9,Instant,Put two 1/1 white Soldier Ally creature tokens onto the battlefield.,WWK,"Expeditionary houses are notorious for their rivalries. But when adventurers meet in the wilderness, the instinct for mutual survival outweighs petty grudges.",normal,194706,,,Common,,Instant
Kitesail Apprentice,{W},1,W,Austin Hsu,10,Creature — Kor Soldier,"As long as Kitesail Apprentice is equipped, it gets +1/+1 and has flying.",WWK,"Carving lines through the sky, kite sailors map trails for the pilgrims below to follow.",normal,194018,1,1,Common,"Kor,Soldier",Creature
Kor Firewalker,{W}{W},2,W,Matt Stewart,11,Creature — Kor Soldier,"Protection from red\nWhenever a player casts a red spell, you may gain 1 life.","pWPN,WWK","""A river of lava is just another river to cross.""",normal,194708,2,2,Uncommon,"Kor,Soldier",Creature
Lightkeeper of Emeria,{3}{W},4,W,James Ryman,12,Creature — Angel,"Multikicker {W} (You may pay an additional {W} any number of times as you cast this spell.)\nFlying\nWhen Lightkeeper of Emeria enters the battlefield, you gain 2 life for each time it was kicked.","WWK,CMD",,normal,189159,2,4,Uncommon,Angel,Creature
Loam Lion,{W},1,W,Daniel Ljunggren,13,Creature — Cat,Loam Lion gets +1/+2 as long as you control a Forest.,"WWK,DDH","In Zendikar, today's grassland could be tomorrow's jungle, and hunting grounds change as quickly as the weather.",normal,197873,1,1,Uncommon,Cat,Creature
Marsh Threader,{1}{W},2,W,David Palumbo,14,Creature — Kor Scout,Swampwalk (This creature can't be blocked as long as defending player controls a Swamp.),WWK,"""Give me a sturdy rope over the advice of any so-called expert. I can thread the dark wilds better than anyone.""",normal,194718,2,1,Common,"Kor,Scout",Creature
Marshal's Anthem,{2}{W}{W},4,W,Matt Stewart,15,Enchantment,"Multikicker {1}{W} (You may pay an additional {1}{W} any number of times as you cast this spell.)\nCreatures you control get +1/+1.\nWhen Marshal's Anthem enters the battlefield, return up to X target creature cards from your graveyard to the battlefield, where X is the number of times Marshal's Anthem was kicked.","WWK,C14,C15",,normal,198393,,,Rare,,Enchantment
Perimeter Captain,{W},1,W,Steven Belledin,16,Creature — Human Soldier,"Defender\nWhenever a creature you control with defender blocks, you may gain 2 life.",WWK,"""We stand between the jaws of chaos and the mantle of order.""",normal,198361,0,4,Uncommon,"Human,Soldier",Creature
Refraction Trap,{3}{W},4,W,Zoltan Boros & Gabor Szikszai,17,Instant — Trap,"If an opponent cast a red instant or sorcery spell this turn, you may pay {W} rather than pay Refraction Trap's mana cost.\nPrevent the next 3 damage that a source of your choice would deal to you and/or permanents you control this turn. If damage is prevented this way, Refraction Trap deals that much damage to target creature or player.",WWK,,normal,189163,,,Uncommon,Trap,Instant
Rest for the Weary,{1}{W},2,W,James Paick,18,Instant,"Target player gains 4 life.\nLandfall — If you had a land enter the battlefield under your control this turn, that player gains 8 life instead.",WWK,"Zendikar is a brutal taskmaster, but sometimes it offers unexpected solace.",normal,189180,,,Common,,Instant
Ruin Ghost,{1}{W},2,W,Jason A. Engle,19,Creature — Spirit,"{W}, {T}: Exile target land you control, then return it to the battlefield under your control.",WWK,The Forsaken Ones haunt the ruins that flicker in and out of the spirit realm. Such sites are hard to find and even harder to loot.,normal,198378,1,1,Uncommon,Spirit,Creature
Stoneforge Mystic,{1}{W},2,W,Mike Bierek,20,Creature — Kor Artificer,"When Stoneforge Mystic enters the battlefield, you may search your library for an Equipment card, reveal it, put it into your hand, then shuffle your library.\n{1}{W}, {T}: You may put an Equipment card from your hand onto the battlefield.",WWK,,normal,198383,1,2,Rare,"Kor,Artificer",Creature
Talus Paladin,{3}{W},4,W,Svetlin Velinov,21,Creature — Human Knight Ally,"Whenever Talus Paladin or another Ally enters the battlefield under your control, you may have Allies you control gain lifelink until end of turn, and you may put a +1/+1 counter on Talus Paladin.",WWK,"""Why fill pockets with gold when you can fill hearts with conviction?""",normal,194672,2,3,Rare,"Human,Knight,Ally",Creature
Terra Eternal,{2}{W},3,W,Daniel Ljunggren,22,Enchantment,All lands have indestructible.,WWK,"""If this world could make a wish, it would be to survive the parasites who loot its treasures and threaten its life force.""\n—Saidah, Joraga hunter",normal,197866,,,Rare,,Enchantment
Veteran's Reflexes,{W},1,W,Scott Chou,23,Instant,Target creature gets +1/+1 until end of turn. Untap that creature.,WWK,"""Assume everything wants to kill you. At the very least, assume everything wants what's in your pack.""",normal,198384,,,Common,,Instant
Æther Tradewinds,{2}{U},3,U,Kieran Yanner,24,Instant,Return target permanent you control and target permanent you don't control to their owners' hands.,"WWK,CNS","""The wind smells of misfortune. Check your knots.""\n—Anitan, Ondu cleric",normal,201568,,,Common,,Instant
Calcite Snapper,{1}{U}{U},3,U,David Palumbo,25,Creature — Turtle,"Shroud (This creature can't be the target of spells or abilities.)\nLandfall — Whenever a land enters the battlefield under your control, you may switch Calcite Snapper's power and toughness until end of turn.",WWK,,normal,191569,1,4,Common,Turtle,Creature
Dispel,{U},1,U,Vance Kovacs,26,Instant,Counter target instant spell.,"WWK,RTR,BFZ",The Jwari winds undo reality as easily as they scatter a pile of leaves.,normal,201562,,,Common,,Instant
Enclave Elite,{2}{U},3,U,Igor Kieryluk,27,Creature — Merfolk Soldier,Multikicker {1}{U} (You may pay an additional {1}{U} any number of times as you cast this spell.)\nIslandwalk (This creature can't be blocked as long as defending player controls an Island.)\nEnclave Elite enters the battlefield with a +1/+1 counter on it for each time it was kicked.,"WWK,CNS",,normal,197767,2,2,Common,"Merfolk,Soldier",Creature
Goliath Sphinx,{5}{U}{U},7,U,Greg Staples,28,Creature — Sphinx,Flying,WWK,"He makes his home on the tallest mountain in Sejiri, where the vista is as endless as his patience.",normal,197153,8,7,Rare,Sphinx,Creature
Halimar Excavator,{1}{U},2,U,Kev Walker,29,Creature — Human Wizard Ally,"Whenever Halimar Excavator or another Ally enters the battlefield under your control, target player puts the top X cards of his or her library into his or her graveyard, where X is the number of Allies you control.",WWK,,normal,197129,1,3,Common,"Human,Wizard,Ally",Creature
Horizon Drake,{1}{U}{U},3,U,Adi Granov,30,Creature — Drake,"Flying, protection from lands",WWK,"Using thermal updrafts and gravity currents, drakes eat and sleep in the air. Some never touch the ground from birth until death.",normal,180412,3,1,Uncommon,Drake,Creature
"Jace, the Mind Sculptor",{2}{U}{U},4,U,Jason Chan,31,Planeswalker — Jace,"+2: Look at the top card of target player's library. You may put that card on the bottom of that player's library.\n0: Draw three cards, then put two cards from your hand on top of your library in any order.\n−1: Return target creature to its owner's hand.\n−12: Exile all cards from target player's library, then that player shuffles his or her hand into his or her library.","WWK,V13,VMA,EMA",,normal,195297,,,Mythic Rare,Jace,Planeswalker
Jwari Shapeshifter,{1}{U},2,U,Kev Walker,32,Creature — Shapeshifter Ally,You may have Jwari Shapeshifter enter the battlefield as a copy of any Ally creature on the battlefield.,WWK,"""The best expedition would be an entire team of me.""",normal,198390,0,0,Rare,"Shapeshifter,Ally",Creature
Mysteries of the Deep,{4}{U},5,U,Véronique Meignaud,33,Instant,"Draw two cards.\nLandfall — If you had a land enter the battlefield under your control this turn, draw three cards instead.",WWK,"""The Roil is destructive, but not random. It's Zendikar's way of revealing secrets.""\n—Ilori, merfolk falconer",normal,194699,,,Common,,Instant
Permafrost Trap,{2}{U}{U},4,U,Howard Lyon,34,Instant — Trap,"If an opponent had a green creature enter the battlefield under his or her control this turn, you may pay {U} rather than pay Permafrost Trap's mana cost.\nTap up to two target creatures. Those creatures don't untap during their controller's next untap step.",WWK,,normal,194703,,,Uncommon,Trap,Instant
Quest for Ula's Temple,{U},1,U,Rob Alexander,35,Enchantment,"At the beginning of your upkeep, you may look at the top card of your library. If it's a creature card, you may reveal it and put a quest counter on Quest for Ula's Temple.\nAt the beginning of each end step, if there are three or more quest counters on Quest for Ula's Temple, you may put a Kraken, Leviathan, Octopus, or Serpent creature card from your hand onto the battlefield.",WWK,,normal,198401,,,Rare,,Enchantment
Sejiri Merfolk,{1}{U},2,U,Anthony Francisco,36,Creature — Merfolk Soldier,"As long as you control a Plains, Sejiri Merfolk has first strike and lifelink. (Damage dealt by a creature with lifelink also causes its controller to gain that much life.)",WWK,,normal,197844,2,1,Uncommon,"Merfolk,Soldier",Creature
Selective Memory,{3}{U},4,U,Chippy,37,Sorcery,Search your library for any number of nonland cards and exile them. Then shuffle your library.,WWK,"""I of all people know that memory is not a safe place to hide valuables.""\n—Jace Beleren",normal,194700,,,Rare,,Sorcery
Spell Contortion,{2}{U},3,U,Wayne Reynolds,38,Instant,Multikicker {1}{U} (You may pay an additional {1}{U} any number of times as you cast this spell.)\nCounter target spell unless its controller pays {2}. Draw a card for each time Spell Contortion was kicked.,WWK,,normal,194714,,,Uncommon,,Instant
Surrakar Banisher,{4}{U},5,U,Matt Cavotta,39,Creature — Surrakar,"When Surrakar Banisher enters the battlefield, you may return target tapped creature to its owner's hand.","WWK,DDO",Surrakar grab things they don't want.,normal,198370,3,3,Common,Surrakar,Creature
"Thada Adel, Acquisitor",{1}{U}{U},3,U,Andrew Robinson,40,Legendary Creature — Merfolk Rogue,"Islandwalk (This creature can't be blocked as long as defending player controls an Island.)\nWhenever Thada Adel, Acquisitor deals combat damage to a player, search that player's library for an artifact card and exile it. Then that player shuffles his or her library. Until end of turn, you may play that card.",WWK,,normal,197973,2,2,Rare,"Merfolk,Rogue",Creature
Tideforce Elemental,{2}{U},3,U,Donato Giancola,41,Creature — Elemental,"{U}, {T}: You may tap or untap another target creature.\nLandfall — Whenever a land enters the battlefield under your control, you may untap Tideforce Elemental.",WWK,"Ebb and flow, high tide and low, quick as sand and just as slow.",normal,194012,2,1,Uncommon,Elemental,Creature
Treasure Hunt,{1}{U},2,U,Daren Bader,42,Sorcery,"Reveal cards from the top of your library until you reveal a nonland card, then put all cards revealed this way into your hand.","pMEI,pMPR,WWK","""The longer the journey, the more one learns.""\n—Isanke, Halimar seastalker",normal,197968,,,Common,,Sorcery
Twitch,{2}{U},3,U,Scott Chou,43,Instant,"You may tap or untap target artifact, creature, or land.\nDraw a card.","TMP,10E,WWK,TPR","""The flow is diverted. Your path is clear. What are you waiting for—the cave to bid you welcome?""\n—Maizah Shere, Tazeem lullmage",normal,198396,,,Common,,Instant
Vapor Snare,{4}{U},5,U,Trevor Claxton,44,Enchantment — Aura,"Enchant creature\nYou control enchanted creature.\nAt the beginning of your upkeep, sacrifice Vapor Snare unless you return a land you control to its owner's hand.",WWK,,normal,194003,,,Uncommon,Aura,Enchantment
Voyager Drake,{3}{U},4,U,Kieran Yanner,45,Creature — Drake,"Multikicker {U} (You may pay an additional {U} any number of times as you cast this spell.)\nFlying\nWhen Voyager Drake enters the battlefield, up to X target creatures gain flying until end of turn, where X is the number of times Voyager Drake was kicked.",WWK,,normal,189181,3,3,Uncommon,Drake,Creature
Wind Zendikon,{U},1,U,Vincent Proce,46,Enchantment — Aura,"Enchant land\nEnchanted land is a 2/2 blue Elemental creature with flying. It's still a land.\nWhen enchanted land dies, return that card to its owner's hand.",WWK,,normal,197865,,,Common,Aura,Enchantment
Abyssal Persecutor,{2}{B}{B},4,B,Chippy,47,Creature — Demon,"Flying, trample\nYou can't win the game and your opponents can't lose the game.","WWK,C14",His slaves crave death more than they desire freedom. He denies them both.,normal,197869,6,6,Mythic Rare,Demon,Creature
Agadeem Occultist,{2}{B},3,B,Vance Kovacs,48,Creature — Human Shaman Ally,{T}: Put target creature card from an opponent's graveyard onto the battlefield under your control if its converted mana cost is less than or equal to the number of Allies you control.,WWK,,normal,198402,0,2,Rare,"Human,Shaman,Ally",Creature
"Anowon, the Ruin Sage",{3}{B}{B},5,B,Dan Scott,49,Legendary Creature — Vampire Shaman,"At the beginning of your upkeep, each player sacrifices a non-Vampire creature.",WWK,"""So many have died in search of that map. And now it appears in the hands of the arrogant child Chandra Nalaar.""",normal,177508,4,3,Rare,"Vampire,Shaman",Creature
Bloodhusk Ritualist,{2}{B},3,B,Daarken,50,Creature — Vampire Shaman,"Multikicker {B} (You may pay an additional {B} any number of times as you cast this spell.)\nWhen Bloodhusk Ritualist enters the battlefield, target opponent discards a card for each time it was kicked.",WWK,,normal,191570,2,2,Uncommon,"Vampire,Shaman",Creature
Bojuka Brigand,{1}{B},2,B,Johann Bodin,51,Creature — Human Warrior Ally,"Bojuka Brigand can't block.\nWhenever Bojuka Brigand or another Ally enters the battlefield under your control, you may put a +1/+1 counter on Bojuka Brigand.",WWK,"""I don't do tactics. I don't do guard duty. I do damage. Take it or leave it.""",normal,197159,1,1,Common,"Human,Warrior,Ally",Creature
Brink of Disaster,{2}{B}{B},4,B,Alex Horley-Orlandelli,52,Enchantment — Aura,"Enchant creature or land\nWhen enchanted permanent becomes tapped, destroy it.","WWK,M12","""You always have a choice. That doesn't mean you always have a good choice.""\n—Alubri, Guul Draz gatekeeper",normal,201571,,,Common,Aura,Enchantment
Butcher of Malakir,{5}{B}{B},7,B,Jason Chan,53,Creature — Vampire Warrior,"Flying\nWhenever Butcher of Malakir or another creature you control dies, each opponent sacrifices a creature.","WWK,CMD,DDK,C14,DDP,C15",His verdict is always guilty. His sentence is always death.,normal,197125,5,4,Rare,"Vampire,Warrior",Creature
Caustic Crawler,{3}{B}{B},5,B,Raymond Swanland,54,Creature — Insect,"Landfall — Whenever a land enters the battlefield under your control, you may have target creature get -1/-1 until end of turn.",WWK,Novice explorers can mistake the acid-carved stone lairs for ancient ruins. They rarely survive to learn better.,normal,198376,4,3,Uncommon,Insect,Creature
Corrupted Zendikon,{1}{B},2,B,John Avon,55,Enchantment — Aura,"Enchant land\nEnchanted land is a 3/3 black Ooze creature. It's still a land.\nWhen enchanted land dies, return that card to its owner's hand.",WWK,,normal,197874,,,Common,Aura,Enchantment
Dead Reckoning,{1}{B}{B},3,B,Svetlin Velinov,56,Sorcery,"You may put target creature card from your graveyard on top of your library. If you do, Dead Reckoning deals damage equal to that card's power to target creature.",WWK,Many venture out to hunt for treasures. Others lie in wait to hunt the hunters.,normal,194679,,,Common,,Sorcery
Death's Shadow,{B},1,B,Howard Lyon,57,Creature — Avatar,"Death's Shadow gets -X/-X, where X is your life total.",WWK,The shadow of the candle looms tall even as its light grows dim.,normal,198372,13,13,Rare,Avatar,Creature
Jagwasp Swarm,{3}{B},4,B,Austin Hsu,58,Creature — Insect,Flying,WWK,"""You know how to tell a sapling explorer from an old hardhead? See which one mistakes a swarm of jagwasps for the setting sun.""\n—Chadir the Navigator",normal,191581,3,2,Common,Insect,Creature
Kalastria Highborn,{B}{B},2,B,D. Alexander Gregory,59,Creature — Vampire Shaman,"Whenever Kalastria Highborn or another Vampire you control dies, you may pay {B}. If you do, target player loses 2 life and you gain 2 life.","pWPN,WWK",Each of Malakir's great families boasts a contingent of nulls appropriate to its rank in society.,normal,197118,2,2,Rare,"Vampire,Shaman",Creature
Mire's Toll,{B},1,B,Alex Horley-Orlandelli,60,Sorcery,Target player reveals a number of cards from his or her hand equal to the number of Swamps you control. You choose one of them. That player discards that card.,WWK,"As the bridge snapped, Berko was sure he heard the swamp laughing at him.",normal,194002,,,Common,,Sorcery
Nemesis Trap,{4}{B}{B},6,B,Ryan Pancoast,61,Instant — Trap,"If a white creature is attacking, you may pay {B}{B} rather than pay Nemesis Trap's mana cost.\nExile target attacking creature. Put a token that's a copy of that creature onto the battlefield. Exile it at the beginning of the next end step.","WWK,CMD",,normal,197836,,,Uncommon,Trap,Instant
Pulse Tracker,{B},1,B,Andrew Robinson,62,Creature — Vampire Rogue,"Whenever Pulse Tracker attacks, each opponent loses 1 life.","WWK,DDM","Pulse trackers terrorize adventurers, driving them through the jungle toward certain death at the gates of Malakir.",normal,197154,1,1,Common,"Vampire,Rogue",Creature
Quag Vampires,{B},1,B,Jason Felix,63,Creature — Vampire Rogue,Multikicker {1}{B} (You may pay an additional {1}{B} any number of times as you cast this spell.)\nSwampwalk (This creature can't be blocked as long as defending player controls a Swamp.)\nQuag Vampires enters the battlefield with a +1/+1 counter on it for each time it was kicked.,"WWK,CNS",,normal,197763,1,1,Common,"Vampire,Rogue",Creature
Quest for the Nihil Stone,{B},1,B,Mike Bierek,64,Enchantment,"Whenever an opponent discards a card, you may put a quest counter on Quest for the Nihil Stone.\nAt the beginning of each opponent's upkeep, if that player has no cards in hand and Quest for the Nihil Stone has two or more quest counters on it, you may have that player lose 5 life.",WWK,,normal,198386,,,Rare,,Enchantment
Ruthless Cullblade,{1}{B},2,B,rk post,65,Creature — Vampire Warrior,Ruthless Cullblade gets +2/+1 as long as an opponent has 10 or less life.,WWK,She wields a blade as bloodthirsty and elegant as herself.,normal,194678,2,1,Common,"Vampire,Warrior",Creature
Scrib Nibblers,{2}{B},3,B,Daren Bader,66,Creature — Rat,"{T}: Exile the top card of target player's library. If it's a land card, you gain 1 life.\nLandfall — Whenever a land enters the battlefield under your control, you may untap Scrib Nibblers.",WWK,,normal,198382,1,1,Uncommon,Rat,Creature
Shoreline Salvager,{3}{B},4,B,Igor Kieryluk,67,Creature — Surrakar,"Whenever Shoreline Salvager deals combat damage to a player, if you control an Island, you may draw a card.",WWK,"""They search for treasures that wash up from the depths. Tracking one could lead you to riches. Or in circles.""\n—Javad Nasrin, Ondu relic hunter",normal,197877,3,3,Uncommon,Surrakar,Creature
Smother,{1}{B},2,B,Karl Kopinski,68,Instant,Destroy target creature with converted mana cost 3 or less. It can't be regenerated.,"pFNM,ONS,WWK,DDP","""Before I hire new recruits, I test how long they can hold their breath. You'd be surprised how often it comes up.""\n—Zahr Gada, Halimar expedition leader",normal,191578,,,Uncommon,,Instant
Tomb Hex,{2}{B},3,B,Izzy,69,Instant,"Target creature gets -2/-2 until end of turn.\nLandfall — If you had a land enter the battlefield under your control this turn, that creature gets -4/-4 until end of turn instead.",WWK,,normal,195307,,,Common,,Instant
Urge to Feed,{B}{B},2,B,Johann Bodin,70,Instant,"Target creature gets -3/-3 until end of turn. You may tap any number of untapped Vampire creatures you control. If you do, put a +1/+1 counter on each of those Vampires.","WWK,DDK",,normal,198368,,,Uncommon,,Instant
Akoum Battlesinger,{1}{R},2,R,Adi Granov,71,Creature — Human Berserker Ally,"Haste\nWhenever Akoum Battlesinger or another Ally enters the battlefield under your control, you may have Ally creatures you control get +1/+0 until end of turn.",WWK,,normal,198360,1,1,Common,"Human,Berserker,Ally",Creature
Bazaar Trader,{1}{R},2,R,Matt Cavotta,72,Creature — Goblin,"{T}: Target player gains control of target artifact, creature, or land you control.",WWK,"""No need for a hurda? How about these maps to recently discovered tombs? Or these vials of invisible potion? Very fancy . . .""",normal,198364,1,1,Rare,Goblin,Creature
Bull Rush,{R},1,R,Christopher Moeller,73,Instant,Target creature gets +2/+0 until end of turn.,WWK,"""It's gone mad! Loose the chains and save what you can!""",normal,201560,,,Common,,Instant
Chain Reaction,{2}{R}{R},4,R,Trevor Claxton,74,Sorcery,"Chain Reaction deals X damage to each creature, where X is the number of creatures on the battlefield.","WWK,CMD,C15","""We train for the improbable, like lightning striking the same place twice, or striking everywhere at once.""\n—Nundari, Sea Gate militia captain",normal,201573,,,Rare,,Sorcery
Claws of Valakut,{1}{R}{R},3,R,Igor Kieryluk,75,Enchantment — Aura,Enchant creature\nEnchanted creature gets +1/+0 for each Mountain you control and has first strike.,"WWK,DDG","""Swords may sunder. Shields may fail. My will is stronger than steel, and my flesh and bone far more deadly.""",normal,193975,,,Common,Aura,Enchantment
Comet Storm,{X}{R}{R},2,R,Jung Park,76,Instant,"Multikicker {1} (You may pay an additional {1} any number of times as you cast this spell.)\nChoose target creature or player, then choose another target creature or player for each time Comet Storm was kicked. Comet Storm deals X damage to each of them.","pPRE,WWK,CMD,MM2,C15",,normal,197766,,,Mythic Rare,,Instant
Cosi's Ravager,{3}{R},4,R,Zoltan Boros & Gabor Szikszai,77,Creature — Elemental,"Landfall — Whenever a land enters the battlefield under your control, you may have Cosi's Ravager deal 1 damage to target player.","WWK,DDI","""Cosi has many followers. Even the volcano finds a way to do his bidding.""\n—Zakken, Enclave cleric",normal,201565,2,2,Common,Elemental,Creature
Crusher Zendikon,{2}{R},3,R,Ryan Pancoast,78,Enchantment — Aura,"Enchant land\nEnchanted land is a 4/2 red Beast creature with trample. It's still a land.\nWhen enchanted land dies, return that card to its owner's hand.",WWK,,normal,180416,,,Common,Aura,Enchantment
Cunning Sparkmage,{2}{R},3,R,Wayne Reynolds,79,Creature — Human Shaman,Haste\n{T}: Cunning Sparkmage deals 1 damage to target creature or player.,WWK,"""I see the weaknesses you hide even from yourself.""",normal,201563,0,1,Uncommon,"Human,Shaman",Creature
Deathforge Shaman,{4}{R},5,R,Dave Kendall,80,Creature — Ogre Shaman,"Multikicker {R} (You may pay an additional {R} any number of times as you cast this spell.)\nWhen Deathforge Shaman enters the battlefield, it deals damage to target player equal to twice the number of times it was kicked.","WWK,CNS",,normal,191540,4,3,Uncommon,"Ogre,Shaman",Creature
Dragonmaster Outcast,{R},1,R,Raymond Swanland,81,Creature — Human Shaman,"At the beginning of your upkeep, if you control six or more lands, put a 5/5 red Dragon creature token with flying onto the battlefield.","WWK,BFZ","""Cast out by my tribe, I am a pariah trapped in this mammal's carcass. Only my true kin hear my cries.""",normal,197854,1,1,Mythic Rare,"Human,Shaman",Creature
Goblin Roughrider,{2}{R},3,R,Jesper Ejsing,82,Creature — Goblin Knight,,"WWK,M15","Astride the bucking creature, Gribble hurtled down the mountainside while his Grotag brethren cheered. It was at that moment that legend of the Skrill Tamer was born.",normal,194681,3,2,Common,"Goblin,Knight",Creature
Grotag Thrasher,{4}{R},5,R,Jesper Ejsing,83,Creature — Lizard,"Whenever Grotag Thrasher attacks, target creature can't block this turn.",WWK,The goblin fancied himself a rider. The lizard was happy with its new flail.,normal,191548,3,3,Common,Lizard,Creature
"Kazuul, Tyrant of the Cliffs",{3}{R}{R},5,R,Paul Bonner,84,Legendary Creature — Ogre Warrior,"Whenever a creature an opponent controls attacks, if you're the defending player, put a 3/3 red Ogre creature token onto the battlefield unless that creature's controller pays {3}.",WWK,Warning to those who scale the cliffs without paying tribute: It's a long way down.,normal,197145,5,4,Rare,"Ogre,Warrior",Creature
Mordant Dragon,{3}{R}{R}{R},6,R,Scott Chou,85,Creature — Dragon,"Flying\n{1}{R}: Mordant Dragon gets +1/+0 until end of turn.\nWhenever Mordant Dragon deals combat damage to a player, you may have it deal that much damage to target creature that player controls.","WWK,DDG",,normal,197162,5,5,Rare,Dragon,Creature
Quest for the Goblin Lord,{R},1,R,Jesper Ejsing,86,Enchantment,"Whenever a Goblin enters the battlefield under your control, you may put a quest counter on Quest for the Goblin Lord.\nAs long as Quest for the Goblin Lord has five or more quest counters on it, creatures you control get +2/+0.",WWK,A shrine to unchecked desire.,normal,198392,,,Uncommon,,Enchantment
Ricochet Trap,{3}{R},4,R,Jaime Jones,87,Instant — Trap,"If an opponent cast a blue spell this turn, you may pay {R} rather than pay Ricochet Trap's mana cost.\nChange the target of target spell with a single target.",WWK,"In his last seconds, Remhas regretted using his most powerful spell.",normal,191549,,,Uncommon,Trap,Instant
Roiling Terrain,{2}{R}{R},4,R,Steve Prescott,88,Sorcery,"Destroy target land, then Roiling Terrain deals damage to that land's controller equal to the number of land cards in that player's graveyard.",WWK,"""The trembling lands ruptured, leaving an open door for things from below to emerge.""\n—Screed of the Mul Daya",normal,194671,,,Common,,Sorcery
Rumbling Aftershocks,{4}{R},5,R,Tomasz Jedruszek,89,Enchantment,"Whenever you cast a kicked spell, you may have Rumbling Aftershocks deal damage to target creature or player equal to the number of times that spell was kicked.",WWK,"""I like it here. You always get a little more for your mana.""\n—Chandra Nalaar",normal,197770,,,Uncommon,,Enchantment
Searing Blaze,{R}{R},2,R,James Paick,90,Instant,"Searing Blaze deals 1 damage to target player and 1 damage to target creature that player controls.\nLandfall — If you had a land enter the battlefield under your control this turn, Searing Blaze deals 3 damage to that player and 3 damage to that creature instead.","pMPR,WWK,DDI",,normal,193982,,,Common,,Instant
Skitter of Lizards,{R},1,R,Warren Mahy,91,Creature — Lizard,Multikicker {1}{R} (You may pay an additional {1}{R} any number of times as you cast this spell.)\nHaste\nSkitter of Lizards enters the battlefield with a +1/+1 counter on it for each time it was kicked.,"WWK,CNS",,normal,197758,1,1,Common,Lizard,Creature
Slavering Nulls,{1}{R},2,R,Dave Kendall,92,Creature — Goblin Zombie,"Whenever Slavering Nulls deals combat damage to a player, if you control a Swamp, you may have that player discard a card.","WWK,DDH","Having lost their minds, they now want yours.",normal,197859,2,1,Uncommon,"Goblin,Zombie",Creature
Stone Idol Trap,{5}{R},6,R,Jung Park,93,Instant — Trap,Stone Idol Trap costs {1} less to cast for each attacking creature.\nPut a 6/12 colorless Construct artifact creature token with trample onto the battlefield. Exile it at the beginning of your next end step.,WWK,,normal,191552,,,Rare,Trap,Instant
Tuktuk Scrapper,{3}{R},4,R,Matt Cavotta,94,Creature — Goblin Artificer Ally,"Whenever Tuktuk Scrapper or another Ally enters the battlefield under your control, you may destroy target artifact. If that artifact is put into a graveyard this way, Tuktuk Scrapper deals damage to that artifact's controller equal to the number of Allies you control.",WWK,,normal,201579,2,2,Uncommon,"Goblin,Artificer,Ally",Creature
Arbor Elf,{G},1,G,rk post,95,Creature — Elf Druid,{T}: Untap target Forest.,"WWK,M13","The Mul Daya elves reject their Tajuru kin, calling them arrogant tree-binders who think the roots serve the canopy.",normal,197959,1,1,Common,"Elf,Druid",Creature
Avenger of Zendikar,{5}{G}{G},7,G,Zoltan Boros & Gabor Szikszai,96,Creature — Elemental,"When Avenger of Zendikar enters the battlefield, put a 0/1 green Plant creature token onto the battlefield for each land you control.\nLandfall — Whenever a land enters the battlefield under your control, you may put a +1/+1 counter on each Plant creature you control.","WWK,C13,DDP",,normal,201570,5,5,Mythic Rare,Elemental,Creature
Bestial Menace,{3}{G}{G},5,G,Andrew Robinson,97,Sorcery,"Put a 1/1 green Snake creature token, a 2/2 green Wolf creature token, and a 3/3 green Elephant creature token onto the battlefield.","WWK,CMD,MM2","""My battle cry reaches ears far keener than yours.""\n—Saidah, Joraga hunter",normal,197843,,,Uncommon,,Sorcery
Canopy Cover,{1}{G},2,G,Igor Kieryluk,98,Enchantment — Aura,Enchant creature\nEnchanted creature can't be blocked except by creatures with flying or reach.\nEnchanted creature can't be the target of spells or abilities your opponents control.,WWK,,normal,193970,,,Uncommon,Aura,Enchantment
Explore,{1}{G},2,G,John Avon,99,Sorcery,You may play an additional land this turn.\nDraw a card.,"WWK,DDO",An explorer's reward is a view of tomorrow's possibilities.,normal,201578,,,Common,,Sorcery
Feral Contest,{3}{G},4,G,Daarken,100,Sorcery,Put a +1/+1 counter on target creature you control. Another target creature blocks it this turn if able.,WWK,The instinct for survival makes enemies of all.,normal,198362,,,Common,,Sorcery
Gnarlid Pack,{1}{G},2,G,Johann Bodin,101,Creature — Beast,Multikicker {1}{G} (You may pay an additional {1}{G} any number of times as you cast this spell.)\nGnarlid Pack enters the battlefield with a +1/+1 counter on it for each time it was kicked.,"WWK,CNS,MM2",,normal,197771,2,2,Common,Beast,Creature
Grappler Spider,{1}{G},2,G,Austin Hsu,102,Creature — Spider,Reach (This creature can block creatures with flying.),WWK,Creatures of the air wisely avoid the darkest regions of Guul Draz—which is why grappler spiders inhabit the few places touched by the sun's rays.,normal,198371,2,1,Common,Spider,Creature
Graypelt Hunter,{3}{G},4,G,Svetlin Velinov,103,Creature — Human Warrior Ally,"Trample\nWhenever Graypelt Hunter or another Ally enters the battlefield under your control, you may put a +1/+1 counter on Graypelt Hunter.","WWK,DDP",He'll cleave wood and bone alike to carve a path for his allies.,normal,193994,2,2,Common,"Human,Warrior,Ally",Creature
Groundswell,{G},1,G,Chris Rahn,104,Instant,"Target creature gets +2/+2 until end of turn.\nLandfall — If you had a land enter the battlefield under your control this turn, that creature gets +4/+4 until end of turn instead.","WWK,DDP","""This world will not be tamed.""",normal,193998,,,Common,,Instant
Harabaz Druid,{1}{G},2,G,Wayne Reynolds,105,Creature — Human Druid Ally,"{T}: Add X mana of any one color to your mana pool, where X is the number of Allies you control.",WWK,"""I care nothing for treasure. The land beckons me, and I cannot rest until my feet have touched every inch of it.""",normal,194675,0,1,Rare,"Human,Druid,Ally",Creature
Joraga Warcaller,{G},1,G,Steven Belledin,106,Creature — Elf Warrior,Multikicker {1}{G} (You may pay an additional {1}{G} any number of times as you cast this spell.)\nJoraga Warcaller enters the battlefield with a +1/+1 counter on it for each time it was kicked.\nOther Elf creatures you control get +1/+1 for each +1/+1 counter on Joraga Warcaller.,"pLPA,WWK,C14",,normal,197765,1,1,Rare,"Elf,Warrior",Creature
Leatherback Baloth,{G}{G}{G},3,G,Dave Kendall,107,Creature — Beast,,"pWPN,WWK","Heavy enough to withstand the Roil, leatherback skeletons are havens for travelers in storms and landshifts.",normal,197856,4,5,Uncommon,Beast,Creature
Nature's Claim,{G},1,G,Daarken,108,Instant,Destroy target artifact or enchantment. Its controller gains 4 life.,"WWK,CNS,EMA","""On this plane, the use of magic can provoke a ferocious reprisal from nature. Whoever the Eldrazi were, their relics left Zendikar forever enraged.""\n—Jace Beleren",normal,198357,,,Common,,Instant
"Omnath, Locus of Mana",{2}{G},3,G,Mike Bierek,109,Legendary Creature — Elemental,"Green mana doesn't empty from your mana pool as steps and phases end.\nOmnath, Locus of Mana gets +1/+1 for each green mana in your mana pool.","WWK,V11",It gathers against the coming storm.,normal,197759,1,1,Mythic Rare,Elemental,Creature
Quest for Renewal,{1}{G},2,G,Tomasz Jedruszek,110,Enchantment,"Whenever a creature you control becomes tapped, you may put a quest counter on Quest for Renewal.\nAs long as there are four or more quest counters on Quest for Renewal, untap all creatures you control during each other player's untap step.",WWK,,normal,194007,,,Uncommon,,Enchantment
Slingbow Trap,{3}{G},4,G,Daniel Ljunggren,111,Instant — Trap,"If a black creature with flying is attacking, you may pay {G} rather than pay Slingbow Trap's mana cost.\nDestroy target attacking creature with flying.",WWK,The Tajuru elves devised ways to let the forest defend itself.,normal,194017,,,Uncommon,Trap,Instant
Snapping Creeper,{2}{G},3,G,Cyril Van Der Haegen,112,Creature — Plant,"Landfall — Whenever a land enters the battlefield under your control, Snapping Creeper gains vigilance until end of turn.",WWK,Its vast network of roots and vines keeps it aware of distant dangers.,normal,191547,2,3,Common,Plant,Creature
Strength of the Tajuru,{X}{G}{G},2,G,Christopher Moeller,113,Instant,"Multikicker {1} (You may pay an additional {1} any number of times as you cast this spell.)\nChoose target creature, then choose another target creature for each time Strength of the Tajuru was kicked. Put X +1/+1 counters on each of them.",WWK,,normal,197875,,,Rare,,Instant
Summit Apes,{3}{G},4,G,Véronique Meignaud,114,Creature — Ape,"As long as you control a Mountain, Summit Apes has menace. (It can't be blocked except by two or more creatures.)",WWK,"""If you climb Skyfang Peak, avoid the pass. Generations of apes made that trail, and they don't tolerate trespassers.""\n—Sachir, Akoum Expeditionary House",normal,197864,5,2,Uncommon,Ape,Creature
Terastodon,{6}{G}{G},8,G,Lars Grant-West,115,Creature — Elephant,"When Terastodon enters the battlefield, you may destroy up to three target noncreature permanents. For each permanent put into a graveyard this way, its controller puts a 3/3 green Elephant creature token onto the battlefield.","pMEI,WWK,PD3,CNS,C14,C15",,normal,197137,9,9,Rare,Elephant,Creature
Vastwood Animist,{2}{G},3,G,Raymond Swanland,116,Creature — Elf Shaman Ally,"{T}: Target land you control becomes an X/X Elemental creature until end of turn, where X is the number of Allies you control. It's still a land.",WWK,He calls on the forests for counsel and summons the earth to his cause.,normal,201566,1,1,Uncommon,"Elf,Shaman,Ally",Creature
Vastwood Zendikon,{4}{G},5,G,Rob Alexander,117,Enchantment — Aura,"Enchant land\nEnchanted land is a 6/4 green Elemental creature. It's still a land.\nWhen enchanted land dies, return that card to its owner's hand.",WWK,,normal,197870,,,Common,Aura,Enchantment
Wolfbriar Elemental,{2}{G}{G},4,G,Chippy,118,Creature — Elemental,"Multikicker {G} (You may pay an additional {G} any number of times as you cast this spell.)\nWhen Wolfbriar Elemental enters the battlefield, put a 2/2 green Wolf creature token onto the battlefield for each time it was kicked.","WWK,CNS,C14,MM2",,normal,189162,4,4,Rare,Elemental,Creature
Novablast Wurm,{3}{G}{G}{W}{W},7,"W,G",Michael Komarck,119,Creature — Wurm,"Whenever Novablast Wurm attacks, destroy all other creatures.",WWK,"""The sun was born within its coils, but it fled to the sky. The wurm hungers for its child, and the world will bear its loss.""\n—Screed of the Mul Daya",normal,197857,7,7,Mythic Rare,Wurm,Creature
"Wrexial, the Risen Deep",{3}{U}{U}{B},6,"U,B",Eric Deschamps,120,Legendary Creature — Kraken,"Islandwalk, swampwalk (This creature can't be blocked as long as defending player controls an Island or a Swamp.)\nWhenever Wrexial, the Risen Deep deals combat damage to a player, you may cast target instant or sorcery card from that player's graveyard without paying its mana cost. If that card would be put into a graveyard this turn, exile it instead.","WWK,CMD",,normal,197840,5,8,Mythic Rare,Kraken,Creature
Amulet of Vigor,{1},1,,Warren Mahy,121,Artifact,"Whenever a permanent enters the battlefield tapped and under your control, untap it.",WWK,"""After years of study, I've learned an important lesson: the relics we watch may be watching us back.""\n—Anowon, the Ruin Sage",normal,191577,,,Rare,,Artifact
Basilisk Collar,{1},1,,Howard Lyon,122,Artifact — Equipment,Equipped creature has deathtouch and lifelink.\nEquip {2},WWK,"During their endless travels, the mages of the Goma Fada caravan have learned ways to harness both life and death.",normal,198356,,,Rare,Equipment,Artifact
Everflowing Chalice,{0},,,Steve Argyle,123,Artifact,Multikicker {2} (You may pay an additional {2} any number of times as you cast this spell.)\nEverflowing Chalice enters the battlefield with a charge counter on it for each time it was kicked.\n{T}: Add {C} to your mana pool for each charge counter on Everflowing Chalice.,"pFNM,WWK,ARC,DDF,C14,MM2",,normal,198374,,,Uncommon,,Artifact
Hammer of Ruin,{2},2,,Vincent Proce,124,Artifact — Equipment,"Equipped creature gets +2/+0.\nWhenever equipped creature deals combat damage to a player, you may destroy target Equipment that player controls.\nEquip {2}",WWK,"By hammer forged, and by hammer undone.",normal,197871,,,Uncommon,Equipment,Artifact
Hedron Rover,{4},4,,Jason Felix,125,Artifact Creature — Construct,"Landfall — Whenever a land enters the battlefield under your control, Hedron Rover gets +2/+2 until end of turn.",WWK,"""Now that it has woken up and wandered off, we should go see what it was guarding.""\n—Gotzen, Bulwark explorer",normal,194686,2,2,Common,Construct,"Artifact,Creature"
Kitesail,{2},2,,Cyril Van Der Haegen,126,Artifact — Equipment,Equipped creature gets +1/+0 and has flying.\nEquip {2} ({2}: Attach to target creature you control. Equip only as a sorcery.),"WWK,M13,MM2","Kitesailing is a way of life—and without practice, the end of it.",normal,197152,,,Common,Equipment,Artifact
Lodestone Golem,{4},4,,Chris Rahn,127,Artifact Creature — Golem,Nonartifact spells cost {1} more to cast.,"WWK,ARC,MM2","""Somehow it warps the Æther. It brings a strange weight, a blockade in the flow of spellcraft.""\n—Noyan Dar, Tazeem lullmage",normal,191557,5,3,Rare,Golem,"Artifact,Creature"
Pilgrim's Eye,{3},3,,Dan Scott,128,Artifact Creature — Thopter,"Flying\nWhen Pilgrim's Eye enters the battlefield, you may search your library for a basic land card, reveal it, put it into your hand, then shuffle your library.","WWK,DDI,C13,C14,BFZ,EMA",The kor send their thopter kites to see if the land is in a welcoming mood.,normal,198367,1,1,Common,Thopter,"Artifact,Creature"
Razor Boomerang,{3},3,,Franz Vohwinkel,129,Artifact — Equipment,"Equipped creature has ""{T}, Unattach Razor Boomerang: Razor Boomerang deals 1 damage to target creature or player. Return Razor Boomerang to its owner's hand.""\nEquip {2}",WWK,Few can catch it without losing a finger.,normal,198395,,,Uncommon,Equipment,Artifact
Seer's Sundial,{4},4,,Franz Vohwinkel,130,Artifact,"Landfall — Whenever a land enters the battlefield under your control, you may pay {2}. If you do, draw a card.","WWK,C13,C14,DDP,C15","""The shadow travels toward the apex. I predict we will soon see the true measure of darkness.""",normal,201561,,,Rare,,Artifact
Walking Atlas,{2},2,,Rob Alexander,131,Artifact Creature — Construct,{T}: You may put a land card from your hand onto the battlefield.,WWK,"Crafted by lullmages and bound to the land, it alters itself to match the tumultuous terrain.",normal,198375,1,1,Common,Construct,"Artifact,Creature"
Bojuka Bog,,,B,Howard Lyon,132,Land,"Bojuka Bog enters the battlefield tapped.\nWhen Bojuka Bog enters the battlefield, exile all cards from target player's graveyard.\n{T}: Add {B} to your mana pool.","WWK,CMD,C13,C14",,normal,197786,,,Common,,Land
Celestial Colonnade,,,"W,U",Eric Deschamps,133,Land,"Celestial Colonnade enters the battlefield tapped.\n{T}: Add {W} or {U} to your mana pool.\n{3}{W}{U}: Until end of turn, Celestial Colonnade becomes a 4/4 white and blue Elemental creature with flying and vigilance. It's still a land.","pMEI,WWK",,normal,177545,,,Rare,,Land
Creeping Tar Pit,,,"U,B",Jason Felix,134,Land,Creeping Tar Pit enters the battlefield tapped.\n{T}: Add {U} or {B} to your mana pool.\n{1}{U}{B}: Creeping Tar Pit becomes a 3/2 blue and black Elemental creature until end of turn and can't be blocked this turn. It's still a land.,WWK,,normal,177520,,,Rare,,Land
Dread Statuary,,,,Jason A. Engle,135,Land,{T}: Add {C} to your mana pool.\n{4}: Dread Statuary becomes a 4/2 Golem artifact creature until end of turn. It's still a land.,"WWK,DDM",The last reliable landmark in Tazeem just walked away.,normal,205425,,,Uncommon,,Land
Eye of Ugin,,,,James Paick,136,Legendary Land,"Colorless Eldrazi spells you cast cost {2} less to cast.\n{7}, {T}: Search your library for a colorless creature card, reveal it, and put it into your hand. Then shuffle your library.","WWK,MM2,EXP",An eye closes. A race awakens.,normal,197881,,,Mythic Rare,,Land
Halimar Depths,,,U,Volkan Baga,137,Land,"Halimar Depths enters the battlefield tapped.\nWhen Halimar Depths enters the battlefield, look at the top three cards of your library, then put them back in any order.\n{T}: Add {U} to your mana pool.","WWK,DDM",,normal,197787,,,Common,,Land
Khalni Garden,,,G,Ryan Pancoast,138,Land,"Khalni Garden enters the battlefield tapped.\nWhen Khalni Garden enters the battlefield, put a 0/1 green Plant creature token onto the battlefield.\n{T}: Add {G} to your mana pool.","WWK,ARC,PC2,C13",,normal,197789,,,Common,,Land
Lavaclaw Reaches,,,"B,R",Véronique Meignaud,139,Land,"Lavaclaw Reaches enters the battlefield tapped.\n{T}: Add {B} or {R} to your mana pool.\n{1}{B}{R}: Until end of turn, Lavaclaw Reaches becomes a 2/2 black and red Elemental creature with ""{X}: This creature gets +X/+0 until end of turn."" It's still a land.",WWK,,normal,171007,,,Rare,,Land
Quicksand,,,,Matt Stewart,140,Land,"{T}: Add {C} to your mana pool.\n{T}, Sacrifice Quicksand: Target attacking creature without flying gets -1/-2 until end of turn.","VIS,9ED,10E,WWK,CNS",Not all deaths are etched with mythic meaning and iconic glory.,normal,197853,,,Common,,Land
Raging Ravine,,,"R,G",Todd Lockwood,141,Land,"Raging Ravine enters the battlefield tapped.\n{T}: Add {R} or {G} to your mana pool.\n{2}{R}{G}: Until end of turn, Raging Ravine becomes a 3/3 red and green Elemental creature with ""Whenever this creature attacks, put a +1/+1 counter on it."" It's still a land.",WWK,,normal,177583,,,Rare,,Land
Sejiri Steppe,,,W,Anthony Francisco,142,Land,"Sejiri Steppe enters the battlefield tapped.\nWhen Sejiri Steppe enters the battlefield, target creature you control gains protection from the color of your choice until end of turn.\n{T}: Add {W} to your mana pool.","WWK,DDG",,normal,197788,,,Common,,Land
Smoldering Spires,,,R,Rob Alexander,143,Land,"Smoldering Spires enters the battlefield tapped.\nWhen Smoldering Spires enters the battlefield, target creature can't block this turn.\n{T}: Add {R} to your mana pool.",WWK,,normal,197785,,,Common,,Land
Stirring Wildwood,,,"G,W",Eric Deschamps,144,Land,"Stirring Wildwood enters the battlefield tapped.\n{T}: Add {G} or {W} to your mana pool.\n{1}{G}{W}: Until end of turn, Stirring Wildwood becomes a 3/4 green and white Elemental creature with reach. It's still a land.","WWK,DDP",,normal,177560,,,Rare,,Land
Tectonic Edge,,,,Vincent Proce,145,Land,"{T}: Add {C} to your mana pool.\n{1}, {T}, Sacrifice Tectonic Edge: Destroy target nonbasic land. Activate this ability only if an opponent controls four or more lands.","pFNM,WWK,C14,EXP","""We move because the earth does.""\n—Bruse Tarl, Goma Fada nomad",normal,197855,,,Uncommon,,Land
