name,manaCost,cmc,colorIdentity,artist,number,type,text,printings,flavor,layout,multiverseid,power,toughness,rarity,subtypes,types
Armament Master,{W}{W},2,W,Steven Belledin,1,Creature — Kor Soldier,Other Kor creatures you control get +2/+2 for each Equipment attached to Armament Master.,ZEN,"""We prepare for the known with daggers, rations, rope, and pitons. But we also prepare for the unknown with billycat tails, pikku roots, hedron chips . . .""",normal,190420,2,2,Rare,"Kor,Soldier",Creature
Arrow Volley Trap,{3}{W}{W},5,W,Steve Argyle,2,Instant — Trap,"If four or more creatures are attacking, you may pay {1}{W} rather than pay Arrow Volley Trap's mana cost.\nArrow Volley Trap deals 5 damage divided as you choose among any number of target attacking creatures.","ZEN,DDN",,normal,193404,,,Uncommon,Trap,Instant
Bold Defense,{2}{W},3,W,Scott Chou,3,Instant,"Kicker {3}{W} (You may pay an additional {3}{W} as you cast this spell.)\nCreatures you control get +1/+1 until end of turn. If Bold Defense was kicked, instead creatures you control get +2/+2 and gain first strike until end of turn.",ZEN,,normal,180509,,,Common,,Instant
Brave the Elements,{W},1,W,Goran Josic,4,Instant,Choose a color. White creatures you control gain protection from the chosen color until end of turn.,"pMPR,ZEN,M14,C14","""Trust me, your lost fingers and toes are nothing compared to the lost treasures of Sejiri.""\n—Zahr Gada, Halimar expedition leader",normal,185734,,,Uncommon,,Instant
Caravan Hurda,{4}{W},5,W,Dave Kendall,5,Creature — Giant,Lifelink (Damage dealt by this creature also causes you to gain that much life.),ZEN,"""Not too bright, but good enough for the job required—carrying and walking in a straight line.""\n—Bruse Tarl, Goma Fada nomad",normal,185697,1,5,Common,Giant,Creature
Celestial Mantle,{3}{W}{W}{W},6,W,Steve Argyle,6,Enchantment — Aura,"Enchant creature\nEnchanted creature gets +3/+3.\nWhenever enchanted creature deals combat damage to a player, double its controller's life total.",ZEN,"Upon such armor, even a mountain would break.",normal,198524,,,Rare,Aura,Enchantment
Cliff Threader,{1}{W},2,W,Paul Bonner,7,Creature — Kor Scout,Mountainwalk (This creature can't be blocked as long as defending player controls a Mountain.),ZEN,"""The crossing demands singular focus. Your life consists of these ropes, these hooks, and these rocky crags. Your past is miles below.""",normal,177546,2,1,Common,"Kor,Scout",Creature
Conqueror's Pledge,{2}{W}{W}{W},5,W,Kev Walker,8,Sorcery,"Kicker {6} (You may pay an additional {6} as you cast this spell.)\nPut six 1/1 white Kor Soldier creature tokens onto the battlefield. If Conqueror's Pledge was kicked, put twelve of those tokens onto the battlefield instead.",ZEN,,normal,195626,,,Rare,,Sorcery
Day of Judgment,{2}{W}{W},4,W,Vincent Proce,9,Sorcery,Destroy all creatures.,"pMEI,pMPR,ZEN,M11,M12","""I have seen planes leveled and all life rendered to dust. It brought no pleasure, even to a heart as dark as mine.""\n—Sorin Markov",normal,186309,,,Rare,,Sorcery
Devout Lightcaster,{W}{W}{W},3,W,Shelly Wan,10,Creature — Kor Cleric,"Protection from black\nWhen Devout Lightcaster enters the battlefield, exile target black permanent.",ZEN,"""Goddess, grant us light to banish the world's shadows.""\n—Prayer to Kamsa",normal,191374,2,2,Rare,"Kor,Cleric",Creature
Emeria Angel,{2}{W}{W},4,W,Jim Murray,11,Creature — Angel,"Flying\nLandfall — Whenever a land enters the battlefield under your control, you may put a 1/1 white Bird creature token with flying onto the battlefield.","pWPN,ZEN","When the earth shudders, the sky overflows.",normal,190399,3,3,Rare,Angel,Creature
Felidar Sovereign,{4}{W}{W},6,W,Zoltan Boros & Gabor Szikszai,12,Creature — Cat Beast,"Vigilance, lifelink\nAt the beginning of your upkeep, if you have 40 or more life, you win the game.","ZEN,BFZ","""If survival is a game, I've seen the winner.""\n—Hazir, Sejiri cartographer",normal,185743,4,6,Mythic Rare,"Cat,Beast",Creature
"Iona, Shield of Emeria",{6}{W}{W}{W},9,W,Jason Chan,13,Legendary Creature — Angel,"Flying\nAs Iona, Shield of Emeria enters the battlefield, choose a color.\nYour opponents can't cast spells of the chosen color.","ZEN,MM2,V15",No more shall the righteous cower before evil.,normal,190407,7,7,Mythic Rare,Angel,Creature
Journey to Nowhere,{1}{W},2,W,Warren Mahy,14,Enchantment,"When Journey to Nowhere enters the battlefield, exile target creature.\nWhen Journey to Nowhere leaves the battlefield, return the exiled card to the battlefield under its owner's control.","ZEN,DDF,CMD",,normal,177505,,,Common,,Enchantment
Kabira Evangel,{2}{W},3,W,Eric Deschamps,15,Creature — Human Cleric Ally,"Whenever Kabira Evangel or another Ally enters the battlefield under your control, you may choose a color. If you do, Allies you control gain protection from the chosen color until end of turn.",ZEN,,normal,180347,2,3,Rare,"Human,Cleric,Ally",Creature
Kazandu Blademaster,{W}{W},2,W,Michael Komarck,16,Creature — Human Soldier Ally,"First strike, vigilance\nWhenever Kazandu Blademaster or another Ally enters the battlefield under your control, you may put a +1/+1 counter on Kazandu Blademaster.",ZEN,"""If you hire a sell-sword, you'd better watch your back. Hire me, and I'll watch it for you.""",normal,191356,1,1,Uncommon,"Human,Soldier,Ally",Creature
Kor Aeronaut,{W}{W},2,W,Karl Kopinski,17,Creature — Kor Soldier,"Kicker {1}{W} (You may pay an additional {1}{W} as you cast this spell.)\nFlying\nWhen Kor Aeronaut enters the battlefield, if it was kicked, target creature gains flying until end of turn.","ZEN,DDF",,normal,177530,2,2,Uncommon,"Kor,Soldier",Creature
Kor Cartographer,{3}{W},4,W,Ryan Pancoast,18,Creature — Kor Scout,"When Kor Cartographer enters the battlefield, you may search your library for a Plains card, put it onto the battlefield tapped, then shuffle your library.","ZEN,DDI",Kor have no concept of exploration. They return to homelands forgotten.,normal,170991,2,2,Common,"Kor,Scout",Creature
Kor Duelist,{W},1,W,Izzy,19,Creature — Kor Soldier,"As long as Kor Duelist is equipped, it has double strike. (It deals both first-strike and regular combat damage.)","pWPN,ZEN,MM2","""Swords cannot reach far enough. Chains cannot strike hard enough. An eternal dilemma, but a simple one.""",normal,177542,1,1,Uncommon,"Kor,Soldier",Creature
Kor Hookmaster,{2}{W},3,W,Wayne Reynolds,20,Creature — Kor Soldier,"When Kor Hookmaster enters the battlefield, tap target creature an opponent controls. That creature doesn't untap during its controller's next untap step.","ZEN,DDF,DDN,EMA","""For us, a rope represents the ties that bind the kor. For you, it's more literal.""",normal,178131,2,2,Common,"Kor,Soldier",Creature
Kor Outfitter,{W}{W},2,W,Kieran Yanner,21,Creature — Kor Soldier,"When Kor Outfitter enters the battlefield, you may attach target Equipment you control to target creature you control.",ZEN,"""We take only what we need to survive. Believe me, you will need this.""",normal,189637,2,2,Common,"Kor,Soldier",Creature
Kor Sanctifiers,{2}{W},3,W,Dan Scott,22,Creature — Kor Cleric,"Kicker {W} (You may pay an additional {W} as you cast this spell.)\nWhen Kor Sanctifiers enters the battlefield, if it was kicked, destroy target artifact or enchantment.","HOP,ZEN,C14,C15","""Why keep such trinkets? They only add weight to your travels.""",normal,192214,2,3,Common,"Kor,Cleric",Creature
Kor Skyfisher,{1}{W},2,W,Dan Scott,23,Creature — Kor Soldier,"Flying\nWhen Kor Skyfisher enters the battlefield, return a permanent you control to its owner's hand.","pMEI,ZEN,DDF,DDO","""Sometimes I snare the unexpected, but I know its purpose will be revealed in time.""",normal,178145,2,3,Common,"Kor,Soldier",Creature
Landbind Ritual,{3}{W}{W},5,W,Steve Prescott,24,Sorcery,You gain 2 life for each Plains you control.,ZEN,"""Honor this place, for our children's children will stand here and speak these same words again.""\n—Ayli, Kamsa cleric",normal,188999,,,Uncommon,,Sorcery
Luminarch Ascension,{1}{W},2,W,Michael Komarck,25,Enchantment,"At the beginning of each opponent's end step, if you didn't lose life this turn, you may put a quest counter on Luminarch Ascension. (Damage causes loss of life.)\n{1}{W}: Put a 4/4 white Angel creature token with flying onto the battlefield. Activate this ability only if Luminarch Ascension has four or more quest counters on it.",ZEN,,normal,197889,,,Rare,,Enchantment
Makindi Shieldmate,{2}{W},3,W,Howard Lyon,26,Creature — Kor Soldier Ally,"Defender\nWhenever Makindi Shieldmate or another Ally enters the battlefield under your control, you may put a +1/+1 counter on Makindi Shieldmate.",ZEN,"The more who rely on him, the more resolute he becomes.",normal,195628,0,3,Common,"Kor,Soldier,Ally",Creature
Narrow Escape,{2}{W},3,W,Karl Kopinski,27,Instant,Return target permanent you control to its owner's hand. You gain 4 life.,"ZEN,DDE","""A good explorer has to be as slippery as a gomazoa, as tough as a scute bug, and luckier than a ten-fingered trapfinder.""\n—Arhana, Kazandu trapfinder",normal,180360,,,Common,,Instant
Nimbus Wings,{1}{W},2,W,Chris Rahn,28,Enchantment — Aura,Enchant creature\nEnchanted creature gets +1/+2 and has flying.,ZEN,"Explorers may find ways into the Sky Ruin, but they find its secrets well protected by shifting hedrons and Roil winds.",normal,180346,,,Common,Aura,Enchantment
Noble Vestige,{2}{W},3,W,Jason Chan,29,Creature — Spirit,Flying\n{T}: Prevent the next 1 damage that would be dealt to target player this turn.,ZEN,"Most spirits are chained to this world by their despair, but he remains tethered by his hope for better days.",normal,171001,1,2,Common,Spirit,Creature
Ondu Cleric,{1}{W},2,W,Jim Murray,30,Creature — Kor Cleric Ally,"Whenever Ondu Cleric or another Ally enters the battlefield under your control, you may gain life equal to the number of Allies you control.",ZEN,A cleric's true balm is the confidence he inspires in his compatriots.,normal,192210,1,1,Common,"Kor,Cleric,Ally",Creature
Pillarfield Ox,{3}{W},4,W,Andrew Robinson,31,Creature — Ox,,"ZEN,M13,M14,CNS",These stubborn and unpredictable oxen inspire the plains nomads' most colorful curses.,normal,190395,2,4,Common,Ox,Creature
Pitfall Trap,{2}{W},3,W,Franz Vohwinkel,32,Instant — Trap,"If exactly one creature is attacking, you may pay {W} rather than pay Pitfall Trap's mana cost.\nDestroy target attacking creature without flying.",ZEN,Each spike is poisoned—the trapmaker's idea of mercy.,normal,197533,,,Uncommon,Trap,Instant
Quest for the Holy Relic,{W},1,W,Greg Staples,33,Enchantment,"Whenever you cast a creature spell, you may put a quest counter on Quest for the Holy Relic.\nRemove five quest counters from Quest for the Holy Relic and sacrifice it: Search your library for an Equipment card, put it onto the battlefield, and attach it to a creature you control. Then shuffle your library.",ZEN,,normal,197406,,,Uncommon,,Enchantment
Shepherd of the Lost,{4}{W},5,W,Kekai Kotaki,34,Creature — Angel,"Flying, first strike, vigilance",ZEN,"""Should you fall in the wilds, lift your voice to the Sky Realm. The one who answers will be your salvation.""\n—Emeria's Creed",normal,193399,3,3,Uncommon,Angel,Creature
Shieldmate's Blessing,{W},1,W,Mike Bierek,35,Instant,Prevent the next 3 damage that would be dealt to target creature or player this turn.,ZEN,"""Even land dwellers may call for Emeria's grace in times of need.""\n—Emeria's Creed",normal,178119,,,Common,,Instant
Steppe Lynx,{W},1,W,Nic Klein,36,Creature — Cat,"Landfall — Whenever a land enters the battlefield under your control, Steppe Lynx gets +2/+2 until end of turn.",ZEN,Nothing quickens the predator's blood like the unfamiliar scents of new hunting grounds and the mewling cries of new prey.,normal,171012,0,1,Common,Cat,Creature
Sunspring Expedition,{W},1,W,Chris J. Anderson,37,Enchantment,"Landfall — Whenever a land enters the battlefield under your control, you may put a quest counter on Sunspring Expedition.\nRemove three quest counters from Sunspring Expedition and sacrifice it: You gain 8 life.",ZEN,,normal,177551,,,Common,,Enchantment
Windborne Charge,{2}{W}{W},4,W,Ryan Pancoast,38,Sorcery,Two target creatures you control each get +2/+2 and gain flying until end of turn.,ZEN,The merfolk call the sky goddess Emeria. The kor call her Kamsa. The two races agree on little except that she offers many blessings to the faithful.,normal,190418,,,Uncommon,,Sorcery
World Queller,{3}{W}{W},5,W,James Paick,39,Creature — Avatar,"At the beginning of your upkeep, you may choose a card type. If you do, each player sacrifices a permanent of that type.",ZEN,"""Why fight the world when you know who will win?""\n—Nissa Revane",normal,191376,4,4,Rare,Avatar,Creature
Æther Figment,{1}{U},2,U,Thomas M. Baxa,40,Creature — Illusion,"Kicker {3} (You may pay an additional {3} as you cast this spell.)\nÆther Figment can't be blocked.\nIf Æther Figment was kicked, it enters the battlefield with two +1/+1 counters on it.","ZEN,DDM",,normal,170993,1,1,Uncommon,Illusion,Creature
Archive Trap,{3}{U}{U},5,U,Jason Felix,41,Instant — Trap,"If an opponent searched his or her library this turn, you may pay {0} rather than pay Archive Trap's mana cost.\nTarget opponent puts the top thirteen cards of his or her library into his or her graveyard.",ZEN,,normal,197538,,,Rare,Trap,Instant
Archmage Ascension,{2}{U},3,U,Christopher Moeller,42,Enchantment,"At the beginning of each end step, if you drew two or more cards this turn, you may put a quest counter on Archmage Ascension.\nAs long as Archmage Ascension has six or more quest counters on it, if you would draw a card, you may instead search your library for a card, put that card into your hand, then shuffle your library.",ZEN,,normal,197893,,,Rare,,Enchantment
Caller of Gales,{U},1,U,Alex Horley-Orlandelli,43,Creature — Merfolk Wizard,"{1}{U}, {T}: Target creature gains flying until end of turn.",ZEN,"""Some merfolk choose to rest their fins in the water. I believe wisdom exists not only where we were born but where we were told not to go.""",normal,183417,1,1,Common,"Merfolk,Wizard",Creature
Cancel,{1}{U}{U},3,U,Scott Chou,44,Instant,Counter target spell.,"pMPR,TSP,10E,ALA,M10,ZEN,DPA,M11,M12,PC2,RTR,M14,M15,KTK",Zendikar's volatile mana is the basis for many spectacular spells—and some equally astonishing failures.,normal,189001,,,Common,,Instant
Cosi's Trickster,{U},1,U,Igor Kieryluk,45,Creature — Merfolk Wizard,"Whenever an opponent shuffles his or her library, you may put a +1/+1 counter on Cosi's Trickster.",ZEN,"She watches the chaos created by the Roil, seeking strength in the patterns of anarchy.",normal,186322,1,1,Rare,"Merfolk,Wizard",Creature
Gomazoa,{2}{U},3,U,Chippy,46,Creature — Jellyfish,"Defender, flying\n{T}: Put Gomazoa and each creature it's blocking on top of their owners' libraries, then those players shuffle their libraries.","ZEN,CMD","To explorers, ""point man"" is a polite way of saying ""gomazoa fodder.""",normal,198523,0,3,Uncommon,Jellyfish,Creature
Hedron Crab,{U},1,U,Jesper Ejsing,47,Creature — Crab,"Landfall — Whenever a land enters the battlefield under your control, target player puts the top three cards of his or her library into his or her graveyard.",ZEN,Hedrons perplex minds both great and small.,normal,180348,0,2,Uncommon,Crab,Creature
Into the Roil,{1}{U},2,U,Kieran Yanner,48,Instant,"Kicker {1}{U} (You may pay an additional {1}{U} as you cast this spell.)\nReturn target nonland permanent to its owner's hand. If Into the Roil was kicked, draw a card.","ZEN,DDM,C14","""Roil tide! Roil tide! Tie yourselves down!""",normal,178151,,,Common,,Instant
Ior Ruin Expedition,{1}{U},2,U,Chris Rahn,49,Enchantment,"Landfall — Whenever a land enters the battlefield under your control, you may put a quest counter on Ior Ruin Expedition.\nRemove three quest counters from Ior Ruin Expedition and sacrifice it: Draw two cards.",ZEN,,normal,185711,,,Common,,Enchantment
Kraken Hatchling,{U},1,U,Jason Felix,50,Creature — Kraken,,"ZEN,M13","A spike and a maul are needed to crack their shells, but the taste is worth the effort.",normal,177585,0,4,Common,Kraken,Creature
Lethargy Trap,{3}{U},4,U,Anthony Francisco,51,Instant — Trap,"If three or more creatures are attacking, you may pay {U} rather than pay Lethargy Trap's mana cost.\nAttacking creatures get -3/-0 until end of turn.",ZEN,"Suddenly, Zurdi didn't care about treasure, glory, food . . . or the drakes circling above.",normal,197534,,,Common,Trap,Instant
Living Tsunami,{2}{U}{U},4,U,Matt Cavotta,52,Creature — Elemental,"Flying\nAt the beginning of your upkeep, sacrifice Living Tsunami unless you return a land you control to its owner's hand.",ZEN,At low tide it slumbers. At high tide it devours.,normal,189636,4,4,Uncommon,Elemental,Creature
"Lorthos, the Tidemaker",{5}{U}{U}{U},8,U,Kekai Kotaki,53,Legendary Creature — Octopus,"Whenever Lorthos, the Tidemaker attacks, you may pay {8}. If you do, tap up to eight target permanents. Those permanents don't untap during their controllers' next untap steps.","ZEN,C14","When Lorthos emerges from his deepwater realm, the tides bow to his will and the coastline cowers in his presence.",normal,191369,8,8,Mythic Rare,Octopus,Creature
Lullmage Mentor,{1}{U}{U},3,U,Jaime Jones,54,Creature — Merfolk Wizard,"Whenever a spell or ability you control counters a spell, you may put a 1/1 blue Merfolk creature token onto the battlefield.\nTap seven untapped Merfolk you control: Counter target spell.",ZEN,"""Many voices are needed to quiet this land.""",normal,190404,2,2,Rare,"Merfolk,Wizard",Creature
Merfolk Seastalkers,{3}{U},4,U,Eric Deschamps,55,Creature — Merfolk Scout,Islandwalk (This creature can't be blocked as long as defending player controls an Island.)\n{2}{U}: Tap target creature without flying.,ZEN,"""Do they seek knowledge or wealth? Are they bandits or benefactors? It depends on who is chanting the tale.""\n—Nikou, Joraga bard",normal,189625,2,3,Uncommon,"Merfolk,Scout",Creature
Merfolk Wayfinder,{2}{U},3,U,Christopher Moeller,56,Creature — Merfolk Scout,"Flying\nWhen Merfolk Wayfinder enters the battlefield, reveal the top three cards of your library. Put all Island cards revealed this way into your hand and the rest on the bottom of your library in any order.","ZEN,DDM",,normal,170978,1,2,Uncommon,"Merfolk,Scout",Creature
Mindbreak Trap,{2}{U}{U},4,U,Christopher Moeller,57,Instant — Trap,"If an opponent cast three or more spells this turn, you may pay {0} rather than pay Mindbreak Trap's mana cost.\nExile any number of target spells.",ZEN,"""Life is a maze. This is one of its dead ends.""\n—Noyan Dar, Tazeem lullmage",normal,197532,,,Mythic Rare,Trap,Instant
Paralyzing Grasp,{2}{U},3,U,Izzy,58,Enchantment — Aura,Enchant creature\nEnchanted creature doesn't untap during its controller's untap step.,"ZEN,RTR",The Halimar Sea Caves are both the breeding ground of giant squids and the dumping ground of hardened criminals.,normal,178109,,,Common,Aura,Enchantment
Quest for Ancient Secrets,{U},1,U,Mike Bierek,59,Enchantment,"Whenever a card is put into your graveyard from anywhere, you may put a quest counter on Quest for Ancient Secrets.\nRemove five quest counters from Quest for Ancient Secrets and sacrifice it: Target player shuffles his or her graveyard into his or her library.",ZEN,,normal,195635,,,Uncommon,,Enchantment
Reckless Scholar,{2}{U},3,U,Steve Prescott,60,Creature — Human Wizard,"{T}: Target player draws a card, then discards a card.","ZEN,CNS,SOI","""Any good prospector must sift the gold from the sand.""",normal,180493,2,1,Common,"Human,Wizard",Creature
Rite of Replication,{2}{U}{U},4,U,Matt Cavotta,61,Sorcery,"Kicker {5} (You may pay an additional {5} as you cast this spell.)\nPut a token onto the battlefield that's a copy of target creature. If Rite of Replication was kicked, put five of those tokens onto the battlefield instead.","ZEN,C14,C15",,normal,195630,,,Rare,,Sorcery
Roil Elemental,{3}{U}{U}{U},6,U,Raymond Swanland,62,Creature — Elemental,"Flying\nLandfall — Whenever a land enters the battlefield under your control, you may gain control of target creature for as long as you control Roil Elemental.",ZEN,A vortex that devours everything—even the souls of the living.,normal,185712,3,2,Rare,Elemental,Creature
Sea Gate Loremaster,{4}{U},5,U,Dave Kendall,63,Creature — Merfolk Wizard Ally,{T}: Draw a card for each Ally you control.,ZEN,"""He's a living library. He remembers everything our band of explorers has seen, and we can use that to our advantage.""\n—Zahr Gada, Halimar expedition leader",normal,195629,1,3,Rare,"Merfolk,Wizard,Ally",Creature
Seascape Aerialist,{4}{U},5,U,Andrew Robinson,64,Creature — Merfolk Wizard Ally,"Whenever Seascape Aerialist or another Ally enters the battlefield under your control, you may have Ally creatures you control gain flying until end of turn.",ZEN,"""The sky is like another sea. It teems with currents, life, and endless possibility.""",normal,195631,2,3,Uncommon,"Merfolk,Wizard,Ally",Creature
Shoal Serpent,{5}{U},6,U,Trevor Claxton,65,Creature — Serpent,"Defender\nLandfall — Whenever a land enters the battlefield under your control, Shoal Serpent loses defender until end of turn.",ZEN,"""It's like a reef that runs aground on ships.""\n—Jaby, Silundi Sea nomad",normal,177517,5,5,Common,Serpent,Creature
Sky Ruin Drake,{4}{U},5,U,Izzy,66,Creature — Drake,Flying,ZEN,"""Hold up your spears. And try not to look like food.""\n—Tarsa, Sea Gate sell-sword",normal,192211,2,5,Common,Drake,Creature
Spell Pierce,{U},1,U,Vance Kovacs,67,Instant,Counter target noncreature spell unless its controller pays {2}.,ZEN,"""There's a hole in your plan.""\n—Noyan Dar, Tazeem lullmage",normal,178144,,,Common,,Instant
Sphinx of Jwar Isle,{4}{U}{U},6,U,Justin Sweet,68,Creature — Sphinx,Flying\nShroud (This creature can't be the target of spells or abilities.)\nYou may look at the top card of your library. (You may do this at any time.),"ZEN,C14","""Even if the sphinxes do know the location of every relic, getting one to talk is harder than just searching yourself.""\n—Sachir, Akoum Expeditionary House",normal,185709,5,5,Rare,Sphinx,Creature
Sphinx of Lost Truths,{3}{U}{U},5,U,Shelly Wan,69,Creature — Sphinx,"Kicker {1}{U} (You may pay an additional {1}{U} as you cast this spell.)\nFlying\nWhen Sphinx of Lost Truths enters the battlefield, draw three cards. Then if it wasn't kicked, discard three cards.",ZEN,,normal,185751,3,5,Rare,Sphinx,Creature
Spreading Seas,{1}{U},2,U,Jung Park,70,Enchantment — Aura,"Enchant land\nWhen Spreading Seas enters the battlefield, draw a card.\nEnchanted land is an Island.",ZEN,Most inhabitants of Zendikar have given up on the idea of an accurate map.,normal,190405,,,Common,Aura,Enchantment
Summoner's Bane,{2}{U}{U},4,U,Cyril Van Der Haegen,71,Instant,Counter target creature spell. Put a 2/2 blue Illusion creature token onto the battlefield.,"ZEN,DDM","""I don't need to have the perfect plan. My foe just has to have an imperfect one.""\n—Jace Beleren",normal,191360,,,Uncommon,,Instant
Tempest Owl,{1}{U},2,U,Dan Scott,72,Creature — Bird,"Kicker {4}{U} (You may pay an additional {4}{U} as you cast this spell.)\nFlying\nWhen Tempest Owl enters the battlefield, if it was kicked, tap up to three target permanents.",ZEN,,normal,180482,1,2,Common,Bird,Creature
Trapfinder's Trick,{1}{U},2,U,Philip Straub,73,Sorcery,Target player reveals his or her hand and discards all Trap cards.,ZEN,"""At some point, every trapfinder will lose a hunk of flesh. It's just a question of how much—and whether it'll grow back.""\n—Arhana, Kazandu trapfinder",normal,192212,,,Common,,Sorcery
Trapmaker's Snare,{1}{U},2,U,Daarken,74,Instant,"Search your library for a Trap card, reveal it, and put it into your hand. Then shuffle your library.",ZEN,"""Trapmaking is an art. The trap is a corporeal riddle, a battle of wits between its creator and whatever it lures inside.""",normal,192223,,,Uncommon,,Instant
Umara Raptor,{2}{U},3,U,Sam Wood,75,Creature — Bird Ally,"Flying\nWhenever Umara Raptor or another Ally enters the battlefield under your control, you may put a +1/+1 counter on Umara Raptor.",ZEN,"Messenger, weapon, friend.",normal,180447,1,1,Common,"Bird,Ally",Creature
Welkin Tern,{1}{U},2,U,Austin Hsu,76,Creature — Bird,Flying (This creature can't be blocked except by creatures with flying or reach.)\nWelkin Tern can block only creatures with flying.,"ZEN,M13,M15","""The sky hedrons are covered with tern nests. It's as though the birds have given up on the land altogether.""\n—Ilori, merfolk falconer",normal,191353,2,1,Common,Bird,Creature
Whiplash Trap,{3}{U}{U},5,U,Zoltan Boros & Gabor Szikszai,77,Instant — Trap,"If an opponent had two or more creatures enter the battlefield under his or her control this turn, you may pay {U} rather than pay Whiplash Trap's mana cost.\nReturn two target creatures to their owners' hands.","HOP,ZEN,DDN",,normal,197526,,,Common,Trap,Instant
Windrider Eel,{3}{U},4,U,Austin Hsu,78,Creature — Fish,"Flying\nLandfall — Whenever a land enters the battlefield under your control, Windrider Eel gets +2/+2 until end of turn.",ZEN,"""The best spot to hook one is right behind the gills.""\n—Rana Cloudwake, kor skyfisher",normal,170982,2,2,Common,Fish,Creature
Bala Ged Thief,{3}{B},4,B,Matt Cavotta,79,Creature — Human Rogue Ally,"Whenever Bala Ged Thief or another Ally enters the battlefield under your control, target player reveals a number of cards from his or her hand equal to the number of Allies you control. You choose one of them. That player discards that card.",ZEN,,normal,197402,2,2,Rare,"Human,Rogue,Ally",Creature
Blood Seeker,{1}{B},2,B,Greg Staples,80,Creature — Vampire Shaman,"Whenever a creature enters the battlefield under an opponent's control, you may have that player lose 1 life.","ZEN,M12",A drop now is all he needs to find you later.,normal,180362,1,1,Common,"Vampire,Shaman",Creature
Blood Tribute,{4}{B}{B},6,B,Alex Horley-Orlandelli,81,Sorcery,"Kicker—Tap an untapped Vampire you control. (You may tap a Vampire you control in addition to any other costs as you cast this spell.)\nTarget opponent loses half his or her life, rounded up. If Blood Tribute was kicked, you gain life equal to the life lost this way.",ZEN,,normal,170995,,,Rare,,Sorcery
Bloodchief Ascension,{B},1,B,Adi Granov,82,Enchantment,"At the beginning of each end step, if an opponent lost 2 or more life this turn, you may put a quest counter on Bloodchief Ascension. (Damage causes loss of life.)\nWhenever a card is put into an opponent's graveyard from anywhere, if Bloodchief Ascension has three or more quest counters on it, you may have that player lose 2 life. If you do, you gain 2 life.",ZEN,,normal,197892,,,Rare,,Enchantment
Bloodghast,{B}{B},2,B,Daarken,83,Creature — Vampire Spirit,"Bloodghast can't block.\nBloodghast has haste as long as an opponent has 10 or less life.\nLandfall — Whenever a land enters the battlefield under your control, you may return Bloodghast from your graveyard to the battlefield.",ZEN,,normal,192230,2,1,Rare,"Vampire,Spirit",Creature
Bog Tatters,{4}{B},5,B,Daarken,84,Creature — Wraith,Swampwalk (This creature can't be blocked as long as defending player controls a Swamp.),ZEN,A wraith is a tale of brutal slaying told anew whenever it finds a victim.,normal,177500,4,2,Common,Wraith,Creature
Crypt Ripper,{2}{B}{B},4,B,Dave Kendall,85,Creature — Shade,Haste\n{B}: Crypt Ripper gets +1/+1 until end of turn.,ZEN,The tender light of the living quickens the pulse of the dead.,normal,178121,2,2,Common,Shade,Creature
Desecrated Earth,{4}{B},5,B,Daarken,86,Sorcery,Destroy target land. Its controller discards a card.,ZEN,"""The land is swollen with mana, cursed relics, and secrets. If you puncture it, you never know what will burst out.""\n—Javad Nasrin, Ondu relic hunter",normal,178137,,,Common,,Sorcery
Disfigure,{B},1,B,Justin Sweet,87,Instant,Target creature gets -2/-2 until end of turn.,ZEN,"""Brave scar or unfortunate tale? It all depends on your pain threshold.""",normal,180115,,,Common,,Instant
Feast of Blood,{1}{B},2,B,Jason Felix,88,Sorcery,Cast Feast of Blood only if you control two or more Vampires.\nDestroy target creature. You gain 4 life.,"pMEI,ZEN","""The vampires of this world don't know the pleasures of hunger. They gorge themselves without savoring the kill.""\n—Sorin Markov",normal,189629,,,Uncommon,,Sorcery
Gatekeeper of Malakir,{B}{B},2,B,Karl Kopinski,89,Creature — Vampire Warrior,"Kicker {B} (You may pay an additional {B} as you cast this spell.)\nWhen Gatekeeper of Malakir enters the battlefield, if it was kicked, target player sacrifices a creature.","pFNM,ZEN,DDK","""You may enter the city—once the toll is paid.""",normal,185698,2,2,Uncommon,"Vampire,Warrior",Creature
Giant Scorpion,{2}{B},3,B,Raymond Swanland,90,Creature — Scorpion,Deathtouch (Any amount of damage this deals to a creature is enough to destroy it.),"ZEN,M13","Its sting hurts, but death is strangely painless.",normal,192226,1,3,Common,Scorpion,Creature
Grim Discovery,{1}{B},2,B,Christopher Moeller,91,Sorcery,Choose one or both —\n• Return target creature card from your graveyard to your hand.\n• Return target land card from your graveyard to your hand.,ZEN,Few among the living understand just how much of their world is shaped by the ruins of the dead.,normal,180127,,,Common,,Sorcery
Guul Draz Specter,{2}{B}{B},4,B,Mark Tedin,92,Creature — Specter,"Flying\nGuul Draz Specter gets +3/+3 as long as an opponent has no cards in hand.\nWhenever Guul Draz Specter deals combat damage to a player, that player discards a card.",ZEN,,normal,183418,2,2,Rare,Specter,Creature
Guul Draz Vampire,{B},1,B,Steve Argyle,93,Creature — Vampire Rogue,"As long as an opponent has 10 or less life, Guul Draz Vampire gets +2/+1 and has intimidate. (It can't be blocked except by artifact creatures and/or creatures that share a color with it.)",ZEN,"""A creature's bloodscent is a beacon that cannot be disguised.""",normal,180498,1,1,Common,"Vampire,Rogue",Creature
Hagra Crocodile,{3}{B},4,B,Daren Bader,94,Creature — Crocodile,"Hagra Crocodile can't block.\nLandfall — Whenever a land enters the battlefield under your control, Hagra Crocodile gets +2/+2 until end of turn.",ZEN,"The creatures of Zendikar are opportunists, eating whatever is available to them. Like goblins. Or boats.",normal,170998,3,1,Common,Crocodile,Creature
Hagra Diabolist,{4}{B},5,B,Karl Kopinski,95,Creature — Ogre Shaman Ally,"Whenever Hagra Diabolist or another Ally enters the battlefield under your control, you may have target player lose life equal to the number of Allies you control.",ZEN,"""When exploring the darkest regions, wickedness can be the best accomplice of all.""",normal,197404,3,2,Uncommon,"Ogre,Shaman,Ally",Creature
Halo Hunter,{2}{B}{B}{B},5,B,Chris Rahn,96,Creature — Demon,"Intimidate (This creature can't be blocked except by artifact creatures and/or creatures that share a color with it.)\nWhen Halo Hunter enters the battlefield, destroy target Angel.",ZEN,"Hanging on the walls of his lair, the fallen halos cast his depravity in everlasting light.",normal,185752,6,3,Rare,Demon,Creature
Heartstabber Mosquito,{3}{B},4,B,Jason Felix,97,Creature — Insect,"Kicker {2}{B} (You may pay an additional {2}{B} as you cast this spell.)\nFlying\nWhen Heartstabber Mosquito enters the battlefield, if it was kicked, destroy target creature.","ZEN,DDP",,normal,191361,2,2,Common,Insect,Creature
Hideous End,{1}{B}{B},3,B,Zoltan Boros & Gabor Szikszai,98,Instant,Destroy target nonblack creature. Its controller loses 2 life.,"HOP,ZEN,DDD,DDE,DD3_GVL","""A little dark magic won't stop me. The worse the curse, the better the prize.""\n—Radavi, Joraga relic hunter, last words",normal,180435,,,Common,,Instant
"Kalitas, Bloodchief of Ghet",{5}{B}{B},7,B,Todd Lockwood,99,Legendary Creature — Vampire Warrior,"{B}{B}{B}, {T}: Destroy target creature. If that creature dies this way, put a black Vampire creature token onto the battlefield. Its power is equal to that creature's power and its toughness is equal to that creature's toughness.",ZEN,,normal,185704,5,5,Mythic Rare,"Vampire,Warrior",Creature
Malakir Bloodwitch,{3}{B}{B},5,B,Shelly Wan,100,Creature — Vampire Shaman,"Flying, protection from white\nWhen Malakir Bloodwitch enters the battlefield, each opponent loses life equal to the number of Vampires you control. You gain life equal to the life lost this way.",ZEN,,normal,190398,4,4,Rare,"Vampire,Shaman",Creature
Marsh Casualties,{B}{B},2,B,Scott Chou,101,Sorcery,"Kicker {3} (You may pay an additional {3} as you cast this spell.)\nCreatures target player controls get -1/-1 until end of turn. If Marsh Casualties was kicked, those creatures get -2/-2 until end of turn instead.","ZEN,DDM,DDP",,normal,177543,,,Uncommon,,Sorcery
Mind Sludge,{4}{B},5,B,Howard Lyon,102,Sorcery,Target player discards a card for each Swamp you control.,"TOR,8ED,ZEN","""Guard your thoughts. You never know who might wish to take them from you.""\n—Kalitas, Bloodchief of Ghet",normal,193403,,,Uncommon,,Sorcery
Mindless Null,{2}{B},3,B,Karl Kopinski,103,Creature — Zombie,Mindless Null can't block unless you control a Vampire.,ZEN,"Only a bloodchief can create vampires. The rest sire nulls, who become mindless beasts in their former bodies.",normal,180415,2,2,Common,Zombie,Creature
Mire Blight,{B},1,B,Dave Kendall,104,Enchantment — Aura,"Enchant creature\nWhen enchanted creature is dealt damage, destroy it.",ZEN,"""Is there anything in Guul Draz that doesn't suck the life out of you?""\n—Tarsa, Sea Gate sell-sword",normal,190401,,,Common,Aura,Enchantment
Needlebite Trap,{5}{B}{B},7,B,Daarken,105,Instant — Trap,"If an opponent gained life this turn, you may pay {B} rather than pay Needlebite Trap's mana cost.\nTarget player loses 5 life and you gain 5 life.",ZEN,The traps around the vampire city of Malakir hint at the thirst of its inhabitants.,normal,197529,,,Uncommon,Trap,Instant
Nimana Sell-Sword,{3}{B},4,B,Daarken,106,Creature — Human Warrior Ally,"Whenever Nimana Sell-Sword or another Ally enters the battlefield under your control, you may put a +1/+1 counter on Nimana Sell-Sword.",ZEN,"""He asked if I had work for him. No wasn't the right answer.""\n—Samila, Murasa Expeditionary House",normal,197403,2,2,Common,"Human,Warrior,Ally",Creature
"Ob Nixilis, the Fallen",{3}{B}{B},5,B,Jason Felix,107,Legendary Creature — Demon,"Landfall — Whenever a land enters the battlefield under your control, you may have target player lose 3 life. If you do, put three +1/+1 counters on Ob Nixilis, the Fallen.",ZEN,"His spark lost, he plots revenge upon the plane whose corrupting mana fractured his soul.",normal,192219,3,3,Mythic Rare,Demon,Creature
Quest for the Gravelord,{B},1,B,Chris Rahn,108,Enchantment,"Whenever a creature dies, you may put a quest counter on Quest for the Gravelord.\nRemove three quest counters from Quest for the Gravelord and sacrifice it: Put a 5/5 black Zombie Giant creature token onto the battlefield.",ZEN,,normal,180448,,,Uncommon,,Enchantment
Ravenous Trap,{2}{B}{B},4,B,Cyril Van Der Haegen,109,Instant — Trap,"If an opponent had three or more cards put into his or her graveyard from anywhere this turn, you may pay {0} rather than pay Ravenous Trap's mana cost.\nExile all cards from target player's graveyard.",ZEN,,normal,197537,,,Uncommon,Trap,Instant
Sadistic Sacrament,{B}{B}{B},3,B,Dan Scott,110,Sorcery,"Kicker {7} (You may pay an additional {7} as you cast this spell.)\nSearch target player's library for up to three cards, exile them, then that player shuffles his or her library. If Sadistic Sacrament was kicked, instead search that player's library for up to fifteen cards, exile them, then that player shuffles his or her library.",ZEN,,normal,195632,,,Rare,,Sorcery
Sorin Markov,{3}{B}{B}{B},6,B,Michael Komarck,111,Planeswalker — Sorin,+2: Sorin Markov deals 2 damage to target creature or player and you gain 2 life.\n−3: Target opponent's life total becomes 10.\n−7: You control target player during that player's next turn.,"ZEN,M12",,normal,195403,,,Mythic Rare,Sorin,Planeswalker
Soul Stair Expedition,{B},1,B,Anthony Francisco,112,Enchantment,"Landfall — Whenever a land enters the battlefield under your control, you may put a quest counter on Soul Stair Expedition.\nRemove three quest counters from Soul Stair Expedition and sacrifice it: Return up to two target creature cards from your graveyard to your hand.",ZEN,,normal,177586,,,Common,,Enchantment
Surrakar Marauder,{1}{B},2,B,Kev Walker,113,Creature — Surrakar,"Landfall — Whenever a land enters the battlefield under your control, Surrakar Marauder gains intimidate until end of turn. (It can't be blocked except by artifact creatures and/or creatures that share a color with it.)",ZEN,,normal,180465,2,1,Common,Surrakar,Creature
Vampire Hexmage,{B}{B},2,B,Eric Deschamps,114,Creature — Vampire Shaman,First strike\nSacrifice Vampire Hexmage: Remove all counters from target permanent.,"ZEN,CNS,C14","When the blood hunt lost its thrill, she looked for less tangible means of domination.",normal,192232,2,1,Uncommon,"Vampire,Shaman",Creature
Vampire Lacerator,{B},1,B,Steve Argyle,115,Creature — Vampire Warrior,"At the beginning of your upkeep, you lose 1 life unless an opponent has 10 or less life.","ZEN,DDK,MM2",The lacerators cut themselves before each hunt. They must feed before the sun rises or bleed to death.,normal,192225,2,2,Common,"Vampire,Warrior",Creature
Vampire Nighthawk,{1}{B}{B},3,B,Jason Chan,116,Creature — Vampire Shaman,Flying\nDeathtouch (Any amount of damage this deals to a creature is enough to destroy it.)\nLifelink (Damage dealt by this creature also causes you to gain that much life.),"pWPN,ZEN,CMD,M13,DDK,C13,DDP",,normal,185707,2,3,Uncommon,"Vampire,Shaman",Creature
Vampire's Bite,{B},1,B,Christopher Moeller,117,Instant,"Kicker {2}{B} (You may pay an additional {2}{B} as you cast this spell.)\nTarget creature gets +3/+0 until end of turn. If Vampire's Bite was kicked, that creature gains lifelink until end of turn. (Damage dealt by the creature also causes its controller to gain that much life.)","ZEN,DDK",,normal,178150,,,Common,,Instant
Bladetusk Boar,{3}{R},4,R,Paul Bonner,118,Creature — Boar,Intimidate (This creature can't be blocked except by artifact creatures and/or creatures that share a color with it.),"ZEN,M13,JOU","Those who dare stand in its path are either brave or mindless. Or in the case of goblins, both.",normal,180350,3,2,Common,Boar,Creature
Burst Lightning,{R},1,R,Vance Kovacs,119,Instant,"Kicker {4} (You may pay an additional {4} as you cast this spell.)\nBurst Lightning deals 2 damage to target creature or player. If Burst Lightning was kicked, it deals 4 damage to that creature or player instead.","pMPR,ZEN,MM2",,normal,177558,,,Common,,Instant
Chandra Ablaze,{4}{R}{R},6,R,Steve Argyle,120,Planeswalker — Chandra,"+1: Discard a card. If a red card is discarded this way, Chandra Ablaze deals 4 damage to target creature or player.\n−2: Each player discards his or her hand, then draws three cards.\n−7: Cast any number of red instant and/or sorcery cards from your graveyard without paying their mana costs.",ZEN,,normal,195402,,,Mythic Rare,Chandra,Planeswalker
Demolish,{3}{R},4,R,John Avon,121,Sorcery,Destroy target artifact or land.,"ODY,8ED,9ED,10E,ZEN,M11,AVR,M14,THS,ORI","""This is why I hate settlements. They lull you into a false sense of security.""\n—Yon Basrel, Oran-Rief survivalist",normal,190406,,,Common,,Sorcery
Electropotence,{2}{R},3,R,Christopher Moeller,122,Enchantment,"Whenever a creature enters the battlefield under your control, you may pay {2}{R}. If you do, that creature deals damage equal to its power to target creature or player.",ZEN,Where life and force collide.,normal,191373,,,Rare,,Enchantment
Elemental Appeal,{R}{R}{R}{R},4,R,Anthony Francisco,123,Sorcery,"Kicker {5} (You may pay an additional {5} as you cast this spell.)\nPut a 7/1 red Elemental creature token with trample and haste onto the battlefield. Exile it at the beginning of the next end step. If Elemental Appeal was kicked, that creature gets +7/+0 until end of turn.",ZEN,,normal,192221,,,Rare,,Sorcery
Geyser Glider,{3}{R}{R},5,R,Warren Mahy,124,Creature — Elemental Beast,"Landfall — Whenever a land enters the battlefield under your control, Geyser Glider gains flying until end of turn.","ZEN,DDI","""Quit pontificating, mage. The last thing we want to do is give it more hot air.""\n—Tala Vertan, Makindi shieldmate",normal,197887,4,4,Uncommon,"Elemental,Beast",Creature
Goblin Bushwhacker,{R},1,R,Mark Tedin,125,Creature — Goblin Warrior,"Kicker {R} (You may pay an additional {R} as you cast this spell.)\nWhen Goblin Bushwhacker enters the battlefield, if it was kicked, creatures you control get +1/+0 and gain haste until end of turn.",ZEN,,normal,177501,1,1,Common,"Goblin,Warrior",Creature
Goblin Guide,{R},1,R,Warren Mahy,126,Creature — Goblin Scout,"Haste\nWhenever Goblin Guide attacks, defending player reveals the top card of his or her library. If it's a land card, that player puts it into his or her hand.","pGPX,ZEN","""I've been all over this world. I even remember some of those places.""",normal,170987,2,2,Rare,"Goblin,Scout",Creature
Goblin Ruinblaster,{2}{R},3,R,Matt Cavotta,127,Creature — Goblin Shaman,"Kicker {R} (You may pay an additional {R} as you cast this spell.)\nHaste\nWhen Goblin Ruinblaster enters the battlefield, if it was kicked, destroy target nonbasic land.",ZEN,,normal,180411,2,1,Uncommon,"Goblin,Shaman",Creature
Goblin Shortcutter,{1}{R},2,R,Jesper Ejsing,128,Creature — Goblin Scout,"When Goblin Shortcutter enters the battlefield, target creature can't block this turn.","ZEN,M14","""Goblins are cheap, but be careful. It's a lot easier to steal from a corpse than a customer.""\n—Samila, Murasa Expeditionary House",normal,180473,2,1,Common,"Goblin,Scout",Creature
Goblin War Paint,{1}{R},2,R,Austin Hsu,129,Enchantment — Aura,Enchant creature\nEnchanted creature gets +2/+2 and has haste.,"ZEN,M12,MM2,BFZ","War paint made from kolya fruit heightens senses and lessens fear. Unfortunately, fear is usually what keeps you alive.",normal,185701,,,Common,Aura,Enchantment
Hellfire Mongrel,{2}{R},3,R,Dan Scott,130,Creature — Elemental Hound,"At the beginning of each opponent's upkeep, if that player has two or fewer cards in hand, Hellfire Mongrel deals 2 damage to him or her.","ZEN,DDH",There is no fondness between the hound and its master. There is only a common appreciation of the hunt.,normal,192215,2,2,Uncommon,"Elemental,Hound",Creature
Hellkite Charger,{4}{R}{R},6,R,Jaime Jones,131,Creature — Dragon,"Flying, haste\nWhenever Hellkite Charger attacks, you may pay {5}{R}{R}. If you do, untap all attacking creatures and after this phase, there is an additional combat phase.","ZEN,ARC,MM2",,normal,185727,5,5,Rare,Dragon,Creature
Highland Berserker,{1}{R},2,R,Chris Rahn,132,Creature — Human Berserker Ally,"Whenever Highland Berserker or another Ally enters the battlefield under your control, you may have Ally creatures you control gain first strike until end of turn.",ZEN,He gets paid by the axe.,normal,180467,2,1,Common,"Human,Berserker,Ally",Creature
Inferno Trap,{3}{R},4,R,Philip Straub,133,Instant — Trap,"If you've been dealt damage by two or more creatures this turn, you may pay {R} rather than pay Inferno Trap's mana cost.\nInferno Trap deals 4 damage to target creature.","ZEN,ARC,DDN","""Do you smell something burning?""",normal,197530,,,Uncommon,Trap,Instant
Kazuul Warlord,{4}{R},5,R,Kev Walker,134,Creature — Minotaur Warrior Ally,"Whenever Kazuul Warlord or another Ally enters the battlefield under your control, you may put a +1/+1 counter on each Ally creature you control.",ZEN,"On expeditions, minotaurs are worth their weight in gold. Fortunately for their paymasters, most minotaurs don't know how much they weigh.",normal,190408,3,3,Rare,"Minotaur,Warrior,Ally",Creature
Lavaball Trap,{6}{R}{R},8,R,Zoltan Boros & Gabor Szikszai,135,Instant — Trap,"If an opponent had two or more lands enter the battlefield under his or her control this turn, you may pay {3}{R}{R} rather than pay Lavaball Trap's mana cost.\nDestroy two target lands. Lavaball Trap deals 4 damage to each creature.",ZEN,,normal,197528,,,Rare,Trap,Instant
Magma Rift,{2}{R},3,R,Jung Park,136,Sorcery,"As an additional cost to cast Magma Rift, sacrifice a land.\nMagma Rift deals 5 damage to target creature.",ZEN,"""Lighting a fire needs kindling and heat. You be the kindling. I'll bring the heat.""\n—Chandra Nalaar",normal,180352,,,Common,,Sorcery
Mark of Mutiny,{2}{R},3,R,Mike Bierek,137,Sorcery,Gain control of target creature until end of turn. Put a +1/+1 counter on it and untap it. That creature gains haste until end of turn. (It can attack and {T} this turn.),"ZEN,PC2,M13",The flame of anger is hard to douse once lit.,normal,186324,,,Uncommon,,Sorcery
Molten Ravager,{2}{R},3,R,Dave Kendall,138,Creature — Elemental,{R}: Molten Ravager gets +1/+0 until end of turn.,ZEN,"""Only the foolhardy would venture into the Akoum Mountains without a lullmage to tame the raging rocks and living fires.""\n—Sachir, Akoum Expeditionary House",normal,191359,0,4,Common,Elemental,Creature
Murasa Pyromancer,{4}{R}{R},6,R,Kekai Kotaki,139,Creature — Human Shaman Ally,"Whenever Murasa Pyromancer or another Ally enters the battlefield under your control, you may have Murasa Pyromancer deal damage to target creature equal to the number of Allies you control.",ZEN,"""Fire is my accomplice. For enough coin, it can be yours as well.""",normal,195634,3,2,Uncommon,"Human,Shaman,Ally",Creature
Obsidian Fireheart,{1}{R}{R}{R},4,R,Raymond Swanland,140,Creature — Elemental,"{1}{R}{R}: Put a blaze counter on target land without a blaze counter on it. For as long as that land has a blaze counter on it, it has ""At the beginning of your upkeep, this land deals 1 damage to you."" (The land continues to burn after Obsidian Fireheart has left the battlefield.)",ZEN,,normal,192224,4,4,Mythic Rare,Elemental,Creature
Plated Geopede,{1}{R},2,R,Eric Deschamps,141,Creature — Insect,"First strike\nLandfall — Whenever a land enters the battlefield under your control, Plated Geopede gets +2/+2 until end of turn.","ZEN,DDI","""Kor armorers buy the scales and claws. Elf oracles buy the rest.""\n—Nablus, North Hada trapper",normal,170977,1,1,Common,Insect,Creature
Punishing Fire,{1}{R},2,R,Christopher Moeller,142,Instant,"Punishing Fire deals 2 damage to target creature or player.\nWhenever an opponent gains life, you may pay {R}. If you do, return Punishing Fire from your graveyard to your hand.","ZEN,DDG,CMD",,normal,192217,,,Uncommon,,Instant
Pyromancer Ascension,{1}{R},2,R,Kev Walker,143,Enchantment,"Whenever you cast an instant or sorcery spell that has the same name as a card in your graveyard, you may put a quest counter on Pyromancer Ascension.\nWhenever you cast an instant or sorcery spell while Pyromancer Ascension has two or more quest counters on it, you may copy that spell. You may choose new targets for the copy.",ZEN,,normal,197891,,,Rare,,Enchantment
Quest for Pure Flame,{R},1,R,Cyril Van Der Haegen,144,Enchantment,"Whenever a source you control deals damage to an opponent, you may put a quest counter on Quest for Pure Flame.\nRemove four quest counters from Quest for Pure Flame and sacrifice it: If any source you control would deal damage to a creature or player this turn, it deals double that damage to that creature or player instead.",ZEN,,normal,197407,,,Uncommon,,Enchantment
Ruinous Minotaur,{1}{R}{R},3,R,Raymond Swanland,145,Creature — Minotaur Warrior,"Whenever Ruinous Minotaur deals damage to an opponent, sacrifice a land.",ZEN,Not every intelligent being is interested in treasure and lost knowledge . . . or even the basics of speech.,normal,189624,5,2,Common,"Minotaur,Warrior",Creature
Runeflare Trap,{4}{R}{R},6,R,Franz Vohwinkel,146,Instant — Trap,"If an opponent drew three or more cards this turn, you may pay {R} rather than pay Runeflare Trap's mana cost.\nRuneflare Trap deals damage to target player equal to the number of cards in that player's hand.",ZEN,,normal,197536,,,Uncommon,Trap,Instant
Seismic Shudder,{1}{R},2,R,Vincent Proce,147,Instant,Seismic Shudder deals 1 damage to each creature without flying.,ZEN,"""The land here seems go out of its way to kill you.""\n—Chandra Nalaar",normal,180134,,,Common,,Instant
Shatterskull Giant,{2}{R}{R},4,R,Kekai Kotaki,148,Creature — Giant Warrior,,ZEN,"""Now I know why they call it Shatterskull Pass. Rocks fell all night like hammers smashing an anvil. It's no wonder the giants are angry all the time.""\n—Mitra, Bala Ged missionary",normal,180505,4,3,Common,"Giant,Warrior",Creature
Slaughter Cry,{2}{R},3,R,Matt Cavotta,149,Instant,Target creature gets +3/+0 and gains first strike until end of turn. (It deals combat damage before creatures without first strike.),"ZEN,M12","""Since when did ‘AIIIEEEE!' become a negotiation tactic?""\n—Nikou, Joraga bard",normal,178136,,,Common,,Instant
Spire Barrage,{4}{R},5,R,Ryan Pancoast,150,Sorcery,Spire Barrage deals damage to target creature or player equal to the number of Mountains you control.,"ZEN,DDI","Goblin lessons include the 2,071 tips for survival. Frek only remembered 2,070.",normal,180495,,,Common,,Sorcery
Torch Slinger,{2}{R},3,R,Andrew Robinson,151,Creature — Goblin Shaman,"Kicker {1}{R} (You may pay an additional {1}{R} as you cast this spell.)\nWhen Torch Slinger enters the battlefield, if it was kicked, it deals 2 damage to target creature.","ZEN,DDP","Once thrown, twice burned.",normal,180423,2,2,Common,"Goblin,Shaman",Creature
Tuktuk Grunts,{4}{R},5,R,Mike Bierek,152,Creature — Goblin Warrior Ally,"Haste\nWhenever Tuktuk Grunts or another Ally enters the battlefield under your control, you may put a +1/+1 counter on Tuktuk Grunts.",ZEN,Goblins are more aggressive with a crowd to cheer them on.,normal,192229,2,2,Common,"Goblin,Warrior,Ally",Creature
Unstable Footing,{R},1,R,Nic Klein,153,Instant,"Kicker {3}{R} (You may pay an additional {3}{R} as you cast this spell.)\nDamage can't be prevented this turn. If Unstable Footing was kicked, it deals 5 damage to target player.",ZEN,A long way down is shorter than you think.,normal,192209,,,Uncommon,,Instant
Warren Instigator,{R}{R},2,R,Andrew Robinson,154,Creature — Goblin Berserker,"Double strike\nWhenever Warren Instigator deals damage to an opponent, you may put a Goblin creature card from your hand onto the battlefield.",ZEN,"""Danger! Danger! Come out of the safety of your holes!""",normal,191368,1,1,Mythic Rare,"Goblin,Berserker",Creature
Zektar Shrine Expedition,{1}{R},2,R,Justin Sweet,155,Enchantment,"Landfall — Whenever a land enters the battlefield under your control, you may put a quest counter on Zektar Shrine Expedition.\nRemove three quest counters from Zektar Shrine Expedition and sacrifice it: Put a 7/1 red Elemental creature token with trample and haste onto the battlefield. Exile it at the beginning of the next end step.",ZEN,,normal,183403,,,Common,,Enchantment
Baloth Cage Trap,{3}{G}{G},5,G,Austin Hsu,156,Instant — Trap,"If an opponent had an artifact enter the battlefield under his or her control this turn, you may pay {1}{G} rather than pay Baloth Cage Trap's mana cost.\nPut a 4/4 green Beast creature token onto the battlefield.",ZEN,,normal,197531,,,Uncommon,Trap,Instant
Baloth Woodcrasher,{4}{G}{G},6,G,Zoltan Boros & Gabor Szikszai,157,Creature — Beast,"Landfall — Whenever a land enters the battlefield under your control, Baloth Woodcrasher gets +4/+4 and gains trample until end of turn.","ZEN,CMD,C13",Its insatiable hunger quickly depletes a region of prey. It must migrate from place to place to feed its massive bulk.,normal,192231,4,4,Uncommon,Beast,Creature
Beast Hunt,{3}{G},4,G,Kieran Yanner,158,Sorcery,Reveal the top three cards of your library. Put all creature cards revealed this way into your hand and the rest into your graveyard.,"HOP,ZEN","""Surely we could tame something besides hurdas and pillarfield oxen!""\n—Sheyda, Ondu gamekeeper",normal,185703,,,Common,,Sorcery
Beastmaster Ascension,{2}{G},3,G,Alex Horley-Orlandelli,159,Enchantment,"Whenever a creature you control attacks, you may put a quest counter on Beastmaster Ascension.\nAs long as Beastmaster Ascension has seven or more quest counters on it, creatures you control get +5/+5.","ZEN,C14,C15",,normal,197890,,,Rare,,Enchantment
Cobra Trap,{4}{G}{G},6,G,Scott Chou,160,Instant — Trap,"If a noncreature permanent under your control was destroyed this turn by a spell or ability an opponent controlled, you may pay {G} rather than pay Cobra Trap's mana cost.\nPut four 1/1 green Snake creature tokens onto the battlefield.","ZEN,CMD,C15",,normal,197535,,,Uncommon,Trap,Instant
Frontier Guide,{1}{G},2,G,Wayne Reynolds,161,Creature — Elf Scout,"{3}{G}, {T}: Search your library for a basic land card and put it onto the battlefield tapped. Then shuffle your library.","ZEN,DDP","""The elders say Zendikar has no safe, peaceful places. How would they know? They've never looked.""",normal,180361,1,1,Uncommon,"Elf,Scout",Creature
Gigantiform,{3}{G}{G},5,G,Justin Sweet,162,Enchantment — Aura,"Kicker {4}\nEnchant creature\nEnchanted creature has base power and toughness 8/8 and has trample.\nWhen Gigantiform enters the battlefield, if it was kicked, you may search your library for a card named Gigantiform, put it onto the battlefield, then shuffle your library.",ZEN,,normal,195627,,,Rare,Aura,Enchantment
Grazing Gladehart,{2}{G},3,G,Ryan Pancoast,163,Creature — Antelope,"Landfall — Whenever a land enters the battlefield under your control, you may gain 2 life.","ZEN,DDH,C13,DDO,DDP","""Don't be fooled. If it were as docile as it looks, it would've died off long ago.""\n—Yon Basrel, Oran-Rief survivalist",normal,189621,2,2,Common,Antelope,Creature
Greenweaver Druid,{2}{G},3,G,Justin Sweet,164,Creature — Elf Druid,{T}: Add {G}{G} to your mana pool.,"ZEN,DPA","The other tribes call them fanatics, but none deny that the Mul Daya elves have an iron-strong bond to some force greater than themselves.",normal,185694,1,1,Uncommon,"Elf,Druid",Creature
Harrow,{2}{G},3,G,Izzy,165,Instant,"As an additional cost to cast Harrow, sacrifice a land.\nSearch your library for up to two basic land cards and put them onto the battlefield. Then shuffle your library.","TMP,INV,pMPR,ZEN,DDE,C14,TPR,DDP","The Roil redraws the world as it passes, leaving only the hedrons unchanged.",normal,180408,,,Common,,Instant
Joraga Bard,{3}{G},4,G,Volkan Baga,166,Creature — Elf Rogue Ally,"Whenever Joraga Bard or another Ally enters the battlefield under your control, you may have Ally creatures you control gain vigilance until end of turn.","ZEN,DDP","Adventuring bards recite Chanter's Epics, never-ending tales that keep their comrades' minds alert to danger.",normal,192227,1,4,Common,"Elf,Rogue,Ally",Creature
Khalni Heart Expedition,{1}{G},2,G,Jason Chan,167,Enchantment,"Landfall — Whenever a land enters the battlefield under your control, you may put a quest counter on Khalni Heart Expedition.\nRemove three quest counters from Khalni Heart Expedition and sacrifice it: Search your library for up to two basic land cards, put them onto the battlefield tapped, then shuffle your library.","ZEN,DDP",,normal,186320,,,Common,,Enchantment
Lotus Cobra,{1}{G},2,G,Chippy,168,Creature — Snake,"Landfall — Whenever a land enters the battlefield under your control, you may add one mana of any color to your mana pool.","pGPX,ZEN",Its scales contain the essence of thousands of lotus blooms.,normal,185749,2,1,Mythic Rare,Snake,Creature
Mold Shambler,{3}{G},4,G,Karl Kopinski,169,Creature — Fungus Beast,"Kicker {1}{G} (You may pay an additional {1}{G} as you cast this spell.)\nWhen Mold Shambler enters the battlefield, if it was kicked, destroy target noncreature permanent.","ZEN,C13,DDM","When civilization encroaches on nature, Zendikar encroaches back.",normal,183414,3,3,Common,"Fungus,Beast",Creature
Nissa Revane,{2}{G}{G},4,G,Jaime Jones,170,Planeswalker — Nissa,+1: Search your library for a card named Nissa's Chosen and put it onto the battlefield. Then shuffle your library.\n+1: You gain 2 life for each Elf you control.\n−7: Search your library for any number of Elf creature cards and put them onto the battlefield. Then shuffle your library.,"pMEI,ZEN",,normal,190411,,,Mythic Rare,Nissa,Planeswalker
Nissa's Chosen,{G}{G},2,G,Jaime Jones,171,Creature — Elf Warrior,"If Nissa's Chosen would die, put it on the bottom of its owner's library instead.","pWPN,ZEN","""Nissa will save the elves, but only the ones who have proved their worth.""",normal,185699,2,3,Common,"Elf,Warrior",Creature
Oracle of Mul Daya,{3}{G},4,G,Vance Kovacs,172,Creature — Elf Shaman,You may play an additional land on each of your turns.\nPlay with the top card of your library revealed.\nYou may play the top card of your library if it's a land card.,ZEN,,normal,185737,2,2,Rare,"Elf,Shaman",Creature
Oran-Rief Recluse,{2}{G},3,G,Lars Grant-West,173,Creature — Spider,"Kicker {2}{G} (You may pay an additional {2}{G} as you cast this spell.)\nReach (This creature can block creatures with flying.)\nWhen Oran-Rief Recluse enters the battlefield, if it was kicked, destroy target creature with flying.","ZEN,DDM",,normal,185696,1,3,Common,Spider,Creature
Oran-Rief Survivalist,{1}{G},2,G,Kev Walker,174,Creature — Human Warrior Ally,"Whenever Oran-Rief Survivalist or another Ally enters the battlefield under your control, you may put a +1/+1 counter on Oran-Rief Survivalist.",ZEN,"""I'm strong enough to survive alone. I'm smart enough to want companions at my side.""",normal,178138,1,1,Common,"Human,Warrior,Ally",Creature
Predatory Urge,{3}{G},4,G,Scott Chou,175,Enchantment — Aura,"Enchant creature\nEnchanted creature has ""{T}: This creature deals damage equal to its power to target creature. That creature deals damage equal to its power to this creature.""","ZEN,PC2",,normal,169958,,,Rare,Aura,Enchantment
Primal Bellow,{G},1,G,Daren Bader,176,Instant,Target creature gets +1/+1 until end of turn for each Forest you control.,ZEN,"""A might spell can be handy against baloths, giants, kraken, the Roil—or if you lose your bearings in the woods.""\n—Chadir the Navigator",normal,193407,,,Uncommon,,Instant
Quest for the Gemblades,{1}{G},2,G,Karl Kopinski,177,Enchantment,"Whenever a creature you control deals combat damage to a creature, you may put a quest counter on Quest for the Gemblades.\nRemove a quest counter from Quest for the Gemblades and sacrifice it: Put four +1/+1 counters on target creature.",ZEN,,normal,195572,,,Uncommon,,Enchantment
Rampaging Baloths,{4}{G}{G},6,G,Steve Prescott,178,Creature — Beast,"Trample\nLandfall — Whenever a land enters the battlefield under your control, you may put a 4/4 green Beast creature token onto the battlefield.","pPRE,ZEN,C13,C14","""When the land is angry, so are they.""\n—Nissa Revane",normal,192222,6,6,Mythic Rare,Beast,Creature
Relic Crush,{4}{G},5,G,Steven Belledin,179,Instant,Destroy target artifact or enchantment and up to one other target artifact or enchantment.,"ZEN,CMD,CNS","There are many ruins, but there used to be many more.",normal,178115,,,Common,,Instant
River Boa,{1}{G},2,G,Paul Bonner,180,Creature — Snake,Islandwalk (This creature can't be blocked as long as defending player controls an Island.)\n{G}: Regenerate River Boa.,"VIS,6ED,BRB,pFNM,ZEN,DPA,DDM","""Sheath your swords! Cudgels only. I see a new pair of waterproof trek boots slithering away.""\n—Nablus, North Hada trapper",normal,197405,2,1,Uncommon,Snake,Creature
Savage Silhouette,{2}{G},3,G,Dave Kendall,181,Enchantment — Aura,"Enchant creature\nEnchanted creature gets +2/+2 and has ""{1}{G}: Regenerate this creature.""",ZEN,Some elves believe that their survival instincts are born of many cycles of reincarnation.,normal,186316,,,Common,Aura,Enchantment
Scute Mob,{G},1,G,Zoltan Boros & Gabor Szikszai,182,Creature — Insect,"At the beginning of your upkeep, if you control five or more lands, put four +1/+1 counters on Scute Mob.","ZEN,MM2,DDP","""Survival rule 781: There are always more scute bugs.""\n—Zurdi, goblin shortcutter",normal,180455,1,1,Rare,Insect,Creature
Scythe Tiger,{G},1,G,Michael Komarck,183,Creature — Cat,"Shroud (This creature can't be the target of spells or abilities.)\nWhen Scythe Tiger enters the battlefield, sacrifice it unless you sacrifice a land.",ZEN,"Instead of adapting to its environment, it adapts its environment to itself.",normal,178113,3,2,Common,Cat,Creature
Summoning Trap,{4}{G}{G},6,G,Kieran Yanner,184,Instant — Trap,"If a creature spell you cast this turn was countered by a spell or ability an opponent controlled, you may pay {0} rather than pay Summoning Trap's mana cost.\nLook at the top seven cards of your library. You may put a creature card from among them onto the battlefield. Put the rest on the bottom of your library in any order.",ZEN,,normal,197527,,,Rare,Trap,Instant
Tajuru Archer,{2}{G},3,G,Chris Rahn,185,Creature — Elf Archer Ally,"Whenever Tajuru Archer or another Ally enters the battlefield under your control, you may have Tajuru Archer deal damage to target creature with flying equal to the number of Allies you control.","ZEN,DDP",,normal,180457,1,2,Uncommon,"Elf,Archer,Ally",Creature
Tanglesap,{1}{G},2,G,Trevor Claxton,186,Instant,Prevent all combat damage that would be dealt this turn by creatures without trample.,ZEN,"""The blood of the forest is beholden to no one.""\n—Nissa Revane",normal,191355,,,Common,,Instant
Terra Stomper,{3}{G}{G}{G},6,G,Goran Josic,187,Creature — Beast,Terra Stomper can't be countered.\nTrample (This creature can deal excess combat damage to defending player or planeswalker while attacking.),"ZEN,M15,ORI","Sometimes violent earthquakes, hurtling boulders, and unseasonable dust storms are wrongly attributed to the Roil.",normal,186321,8,8,Rare,Beast,Creature
Territorial Baloth,{4}{G},5,G,Jesper Ejsing,188,Creature — Beast,"Landfall — Whenever a land enters the battlefield under your control, Territorial Baloth gets +2/+2 until end of turn.","ZEN,DDP,BFZ",Its territory is defined by wherever it is at the moment.,normal,170971,4,4,Common,Beast,Creature
Timbermaw Larva,{3}{G},4,G,Matt Cavotta,189,Creature — Beast,"Whenever Timbermaw Larva attacks, it gets +1/+1 until end of turn for each Forest you control.",ZEN,"""You can't trust your eyes. A tree might look healthy, but its insides tell a different tale.""\n—Zahr Gada, Halimar expedition leader",normal,180458,2,2,Common,Beast,Creature
Turntimber Basilisk,{1}{G}{G},3,G,Goran Josic,190,Creature — Basilisk,"Deathtouch (Any amount of damage this deals to a creature is enough to destroy it.)\nLandfall — Whenever a land enters the battlefield under your control, you may have target creature block Turntimber Basilisk this turn if able.","ZEN,DDP",,normal,178140,2,1,Uncommon,Basilisk,Creature
Turntimber Ranger,{3}{G}{G},5,G,Wayne Reynolds,191,Creature — Elf Scout Ally,"Whenever Turntimber Ranger or another Ally enters the battlefield under your control, you may put a 2/2 green Wolf creature token onto the battlefield. If you do, put a +1/+1 counter on Turntimber Ranger.",ZEN,The lone wolf dies alone.,normal,169971,2,2,Rare,"Elf,Scout,Ally",Creature
Vastwood Gorger,{5}{G},6,G,Kieran Yanner,192,Creature — Wurm,,"ZEN,M12,M13,ORI","""I've known true ferocity and power. Those brazen ‘planar-walkers' have no idea what wild really means.""\n—Chadir the Navigator",normal,180454,5,6,Common,Wurm,Creature
Vines of Vastwood,{G},1,G,Christopher Moeller,193,Instant,"Kicker {G} (You may pay an additional {G} as you cast this spell.)\nTarget creature can't be the target of spells or abilities your opponents control this turn. If Vines of Vastwood was kicked, that creature gets +4/+4 until end of turn.","ZEN,MM2",,normal,177571,,,Common,,Instant
Zendikar Farguide,{4}{G},5,G,Vincent Proce,194,Creature — Elemental,Forestwalk (This creature can't be blocked as long as defending player controls a Forest.),ZEN,Expeditions follow the paths it leaves in its wake.,normal,189620,3,3,Common,Elemental,Creature
Adventuring Gear,{1},1,,Howard Lyon,195,Artifact — Equipment,"Landfall — Whenever a land enters the battlefield under your control, equipped creature gets +2/+2 until end of turn.\nEquip {1} ({1}: Attach to target creature you control. Equip only as a sorcery.)",ZEN,An explorer's essentials in a wild world.,normal,178135,,,Common,Equipment,Artifact
Blade of the Bloodchief,{1},1,,Jung Park,196,Artifact — Equipment,"Whenever a creature dies, put a +1/+1 counter on equipped creature. If equipped creature is a Vampire, put two +1/+1 counters on it instead.\nEquip {1}",ZEN,,normal,193397,,,Rare,Equipment,Artifact
Blazing Torch,{1},1,,Vance Kovacs,197,Artifact — Equipment,"Equipped creature can't be blocked by Vampires or Zombies.\nEquipped creature has ""{T}, Sacrifice Blazing Torch: Blazing Torch deals 2 damage to target creature or player.""\nEquip {1} ({1}: Attach to target creature you control. Equip only as a sorcery.)","ZEN,ISD",,normal,191372,,,Uncommon,Equipment,Artifact
Carnage Altar,{2},2,,James Paick,198,Artifact,"{3}, Sacrifice a creature: Draw a card.","ZEN,C13","""In these bloodstains I will find the fingerprints of our oppressors.""\n—Anowon, the Ruin Sage",normal,193406,,,Uncommon,,Artifact
Eldrazi Monument,{5},5,,Mark Tedin,199,Artifact,"Creatures you control get +1/+1 and have flying and indestructible.\nAt the beginning of your upkeep, sacrifice a creature. If you can't, sacrifice Eldrazi Monument.","ZEN,C15","""Gods don't die. They merely slumber.""\n—Ayli, Kamsa cleric",normal,193398,,,Mythic Rare,,Artifact
Eternity Vessel,{6},6,,John Avon,200,Artifact,"Eternity Vessel enters the battlefield with X charge counters on it, where X is your life total.\nLandfall — Whenever a land enters the battlefield under your control, you may have your life total become the number of charge counters on Eternity Vessel.",ZEN,,normal,189006,,,Mythic Rare,,Artifact
Expedition Map,{1},1,,Franz Vohwinkel,201,Artifact,"{2}, {T}, Sacrifice Expedition Map: Search your library for a land card, reveal it, and put it into your hand. Then shuffle your library.","ZEN,MM2","""I use maps to find out where explorers have already been. Then I go the other way.""\n—Javad Nasrin, Ondu relic hunter",normal,193405,,,Common,,Artifact
Explorer's Scope,{1},1,,Vincent Proce,202,Artifact — Equipment,"Whenever equipped creature attacks, look at the top card of your library. If it's a land card, you may put it onto the battlefield tapped.\nEquip {1} ({1}: Attach to target creature you control. Equip only as a sorcery.)","ZEN,CNS,DDP",,normal,190396,,,Common,Equipment,Artifact
Grappling Hook,{4},4,,Philip Straub,203,Artifact — Equipment,"Equipped creature has double strike.\nWhenever equipped creature attacks, you may have target creature block it this turn if able.\nEquip {4}",ZEN,"Part tool, part weapon, part of the kor.",normal,192220,,,Rare,Equipment,Artifact
Hedron Scrabbler,{2},2,,Jason Felix,204,Artifact Creature — Construct,"Landfall — Whenever a land enters the battlefield under your control, Hedron Scrabbler gets +1/+1 until end of turn.",ZEN,"""I don't care when the hedrons awoke. Why is the question that really matters.""\n—Anowon, the Ruin Sage",normal,193394,1,1,Common,Construct,"Artifact,Creature"
Khalni Gem,{4},4,,Franz Vohwinkel,205,Artifact,"When Khalni Gem enters the battlefield, return two lands you control to their owner's hand.\n{T}: Add two mana of any one color to your mana pool.",ZEN,A fragment of ancient power lost in the heart of Ora Ondar.,normal,198519,,,Uncommon,,Artifact
Spidersilk Net,{0},,,Zoltan Boros & Gabor Szikszai,206,Artifact — Equipment,Equipped creature gets +0/+2 and has reach. (It can block creatures with flying.)\nEquip {2} ({2}: Attach to target creature you control. Equip only as a sorcery.),"ZEN,DTK",,normal,178134,,,Common,Equipment,Artifact
Stonework Puma,{3},3,,Christopher Moeller,207,Artifact Creature — Cat Ally,,"ZEN,DDP","""We suffer uneasy ground, unstable alliances, and unpredictable magic. Something you can truly trust is worth more than a chest of gold.""\n—Nikou, Joraga bard",normal,190397,2,2,Common,"Cat,Ally","Artifact,Creature"
Trailblazer's Boots,{2},2,,Zoltan Boros & Gabor Szikszai,208,Artifact — Equipment,Equipped creature has nonbasic landwalk. (It can't be blocked as long as defending player controls a nonbasic land.)\nEquip {2},ZEN,It's much easier to list the places they haven't been.,normal,190410,,,Uncommon,Equipment,Artifact
Trusty Machete,{1},1,,Raymond Swanland,209,Artifact — Equipment,Equipped creature gets +2/+1.\nEquip {2},ZEN,"""Until this expedition is done, that blade is your guardian, your liberator, and your best friend all rolled into one.""\n—Yon Basrel, Oran-Rief survivalist",normal,193396,,,Uncommon,Equipment,Artifact
Akoum Refuge,,,"B,R",Fred Fields,210,Land,"Akoum Refuge enters the battlefield tapped.\nWhen Akoum Refuge enters the battlefield, you gain 1 life.\n{T}: Add {B} or {R} to your mana pool.","ZEN,CMD,DDK,C13,DDP",,normal,189638,,,Uncommon,,Land
Arid Mesa,,,,Raymond Swanland,211,Land,"{T}, Pay 1 life, Sacrifice Arid Mesa: Search your library for a Mountain or Plains card and put it onto the battlefield. Then shuffle your library.","ZEN,EXP",,normal,177584,,,Rare,,Land
Crypt of Agadeem,,,B,Jason Felix,212,Land,"Crypt of Agadeem enters the battlefield tapped.\n{T}: Add {B} to your mana pool.\n{2}, {T}: Add {B} to your mana pool for each black creature card in your graveyard.","ZEN,C14",,normal,190394,,,Rare,,Land
"Emeria, the Sky Ruin",,,W,Jaime Jones,213,Land,"Emeria, the Sky Ruin enters the battlefield tapped.\nAt the beginning of your upkeep, if you control seven or more Plains, you may return target creature card from your graveyard to the battlefield.\n{T}: Add {W} to your mana pool.","ZEN,C14",,normal,190414,,,Rare,,Land
Graypelt Refuge,,,"G,W",Philip Straub,214,Land,"Graypelt Refuge enters the battlefield tapped.\nWhen Graypelt Refuge enters the battlefield, you gain 1 life.\n{T}: Add {G} or {W} to your mana pool.","ZEN,ARC,DDH,PC2,DDP",,normal,189631,,,Uncommon,,Land
Jwar Isle Refuge,,,"U,B",Cyril Van Der Haegen,215,Land,"Jwar Isle Refuge enters the battlefield tapped.\nWhen Jwar Isle Refuge enters the battlefield, you gain 1 life.\n{T}: Add {U} or {B} to your mana pool.","ZEN,CMD,PC2,C13",,normal,189627,,,Uncommon,,Land
Kabira Crossroads,,,W,James Paick,216,Land,"Kabira Crossroads enters the battlefield tapped.\nWhen Kabira Crossroads enters the battlefield, you gain 2 life.\n{T}: Add {W} to your mana pool.","ZEN,DDF",,normal,169963,,,Common,,Land
Kazandu Refuge,,,"R,G",Franz Vohwinkel,217,Land,"Kazandu Refuge enters the battlefield tapped.\nWhen Kazandu Refuge enters the battlefield, you gain 1 life.\n{T}: Add {R} or {G} to your mana pool.","ZEN,ARC,CMD,DDH,PC2,DDL,C13",,normal,189635,,,Uncommon,,Land
"Magosi, the Waterveil",,,U,Eric Deschamps,218,Land,"Magosi, the Waterveil enters the battlefield tapped.\n{T}: Add {U} to your mana pool.\n{U}, {T}: Put an eon counter on Magosi, the Waterveil. Skip your next turn.\n{T}, Remove an eon counter from Magosi, the Waterveil and return it to its owner's hand: Take an extra turn after this one.",ZEN,,normal,190412,,,Rare,,Land
Marsh Flats,,,,Izzy,219,Land,"{T}, Pay 1 life, Sacrifice Marsh Flats: Search your library for a Plains or Swamp card and put it onto the battlefield. Then shuffle your library.","ZEN,EXP",,normal,191371,,,Rare,,Land
Misty Rainforest,,,,Shelly Wan,220,Land,"{T}, Pay 1 life, Sacrifice Misty Rainforest: Search your library for a Forest or Island card and put it onto the battlefield. Then shuffle your library.","ZEN,EXP",,normal,190413,,,Rare,,Land
"Oran-Rief, the Vastwood",,,G,Mike Bierek,221,Land,"Oran-Rief, the Vastwood enters the battlefield tapped.\n{T}: Add {G} to your mana pool.\n{T}: Put a +1/+1 counter on each green creature that entered the battlefield this turn.","ZEN,C14,C15",,normal,190417,,,Rare,,Land
Piranha Marsh,,,B,Nic Klein,222,Land,"Piranha Marsh enters the battlefield tapped.\nWhen Piranha Marsh enters the battlefield, target player loses 1 life.\n{T}: Add {B} to your mana pool.",ZEN,,normal,169975,,,Common,,Land
Scalding Tarn,,,,Philip Straub,223,Land,"{T}, Pay 1 life, Sacrifice Scalding Tarn: Search your library for an Island or Mountain card and put it onto the battlefield. Then shuffle your library.","ZEN,EXP",,normal,190393,,,Rare,,Land
Sejiri Refuge,,,"W,U",Ryan Pancoast,224,Land,"Sejiri Refuge enters the battlefield tapped.\nWhen Sejiri Refuge enters the battlefield, you gain 1 life.\n{T}: Add {W} or {U} to your mana pool.","ZEN,DDI,C13",,normal,189626,,,Uncommon,,Land
Soaring Seacliff,,,U,Izzy,225,Land,"Soaring Seacliff enters the battlefield tapped.\nWhen Soaring Seacliff enters the battlefield, target creature gains flying until end of turn.\n{T}: Add {U} to your mana pool.","ZEN,DDI",,normal,177541,,,Common,,Land
Teetering Peaks,,,R,Fred Fields,226,Land,"Teetering Peaks enters the battlefield tapped.\nWhen Teetering Peaks enters the battlefield, target creature gets +2/+0 until end of turn.\n{T}: Add {R} to your mana pool.","pFNM,ZEN,PD2",,normal,177549,,,Common,,Land
Turntimber Grove,,,G,Rob Alexander,227,Land,"Turntimber Grove enters the battlefield tapped.\nWhen Turntimber Grove enters the battlefield, target creature gets +1/+1 until end of turn.\n{T}: Add {G} to your mana pool.","ZEN,DDP",,normal,169977,,,Common,,Land
"Valakut, the Molten Pinnacle",,,R,Kieran Yanner,228,Land,"Valakut, the Molten Pinnacle enters the battlefield tapped.\nWhenever a Mountain enters the battlefield under your control, if you control at least five other Mountains, you may have Valakut, the Molten Pinnacle deal 3 damage to target creature or player.\n{T}: Add {R} to your mana pool.","pLPA,ZEN",,normal,190400,,,Rare,,Land
Verdant Catacombs,,,,Vance Kovacs,229,Land,"{T}, Pay 1 life, Sacrifice Verdant Catacombs: Search your library for a Swamp or Forest card and put it onto the battlefield. Then shuffle your library.","ZEN,EXP",,normal,193400,,,Rare,,Land
Plains,,,W,John Avon,230,Basic Land — Plains,,"LEA,LEB,2ED,CED,CEI,3ED,4ED,ICE,RQS,pARL,MIR,ITP,5ED,POR,pPRE,TMP,pJGP,PO2,UGL,pALP,USG,ATH,6ED,PTK,S99,pGRU,MMQ,BRB,pELP,S00,INV,7ED,ODY,ONS,8ED,MRD,CHK,UNH,9ED,RAV,CST,TSP,10E,MED,LRW,SHM,ALA,DDC,M10,HOP,ME3,ZEN,H09,DDE,ROE,ARC,M11,DDF,SOM,MBS,DDG,NPH,CMD,M12,DDH,ISD,DDI,AVR,PC2,M13,RTR,DDK,M14,DDL,THS,C13,MD1,M15,DDN,KTK,C14,DD3_DVD,FRF,DDO,DTK,TPR,ORI,DDP,BFZ,C15,DDQ,SOI",,normal,201973,,,Basic Land,Plains,Land
Plains,,,W,John Avon,230a,Basic Land — Plains,,"LEA,LEB,2ED,CED,CEI,3ED,4ED,ICE,RQS,pARL,MIR,ITP,5ED,POR,pPRE,TMP,pJGP,PO2,UGL,pALP,USG,ATH,6ED,PTK,S99,pGRU,MMQ,BRB,pELP,S00,INV,7ED,ODY,ONS,8ED,MRD,CHK,UNH,9ED,RAV,CST,TSP,10E,MED,LRW,SHM,ALA,DDC,M10,HOP,ME3,ZEN,H09,DDE,ROE,ARC,M11,DDF,SOM,MBS,DDG,NPH,CMD,M12,DDH,ISD,DDI,AVR,PC2,M13,RTR,DDK,M14,DDL,THS,C13,MD1,M15,DDN,KTK,C14,DD3_DVD,FRF,DDO,DTK,TPR,ORI,DDP,BFZ,C15,DDQ,SOI",,normal,195179,,,Basic Land,Plains,Land
Plains,,,W,Jung Park,231,Basic Land — Plains,,"LEA,LEB,2ED,CED,CEI,3ED,4ED,ICE,RQS,pARL,MIR,ITP,5ED,POR,pPRE,TMP,pJGP,PO2,UGL,pALP,USG,ATH,6ED,PTK,S99,pGRU,MMQ,BRB,pELP,S00,INV,7ED,ODY,ONS,8ED,MRD,CHK,UNH,9ED,RAV,CST,TSP,10E,MED,LRW,SHM,ALA,DDC,M10,HOP,ME3,ZEN,H09,DDE,ROE,ARC,M11,DDF,SOM,MBS,DDG,NPH,CMD,M12,DDH,ISD,DDI,AVR,PC2,M13,RTR,DDK,M14,DDL,THS,C13,MD1,M15,DDN,KTK,C14,DD3_DVD,FRF,DDO,DTK,TPR,ORI,DDP,BFZ,C15,DDQ,SOI",,normal,195173,,,Basic Land,Plains,Land
Plains,,,W,Jung Park,231a,Basic Land — Plains,,"LEA,LEB,2ED,CED,CEI,3ED,4ED,ICE,RQS,pARL,MIR,ITP,5ED,POR,pPRE,TMP,pJGP,PO2,UGL,pALP,USG,ATH,6ED,PTK,S99,pGRU,MMQ,BRB,pELP,S00,INV,7ED,ODY,ONS,8ED,MRD,CHK,UNH,9ED,RAV,CST,TSP,10E,MED,LRW,SHM,ALA,DDC,M10,HOP,ME3,ZEN,H09,DDE,ROE,ARC,M11,DDF,SOM,MBS,DDG,NPH,CMD,M12,DDH,ISD,DDI,AVR,PC2,M13,RTR,DDK,M14,DDL,THS,C13,MD1,M15,DDN,KTK,C14,DD3_DVD,FRF,DDO,DTK,TPR,ORI,DDP,BFZ,C15,DDQ,SOI",,normal,201972,,,Basic Land,Plains,Land
Plains,,,W,Véronique Meignaud,232,Basic Land — Plains,,"LEA,LEB,2ED,CED,CEI,3ED,4ED,ICE,RQS,pARL,MIR,ITP,5ED,POR,pPRE,TMP,pJGP,PO2,UGL,pALP,USG,ATH,6ED,PTK,S99,pGRU,MMQ,BRB,pELP,S00,INV,7ED,ODY,ONS,8ED,MRD,CHK,UNH,9ED,RAV,CST,TSP,10E,MED,LRW,SHM,ALA,DDC,M10,HOP,ME3,ZEN,H09,DDE,ROE,ARC,M11,DDF,SOM,MBS,DDG,NPH,CMD,M12,DDH,ISD,DDI,AVR,PC2,M13,RTR,DDK,M14,DDL,THS,C13,MD1,M15,DDN,KTK,C14,DD3_DVD,FRF,DDO,DTK,TPR,ORI,DDP,BFZ,C15,DDQ,SOI",,normal,195196,,,Basic Land,Plains,Land
Plains,,,W,Véronique Meignaud,232a,Basic Land — Plains,,"LEA,LEB,2ED,CED,CEI,3ED,4ED,ICE,RQS,pARL,MIR,ITP,5ED,POR,pPRE,TMP,pJGP,PO2,UGL,pALP,USG,ATH,6ED,PTK,S99,pGRU,MMQ,BRB,pELP,S00,INV,7ED,ODY,ONS,8ED,MRD,CHK,UNH,9ED,RAV,CST,TSP,10E,MED,LRW,SHM,ALA,DDC,M10,HOP,ME3,ZEN,H09,DDE,ROE,ARC,M11,DDF,SOM,MBS,DDG,NPH,CMD,M12,DDH,ISD,DDI,AVR,PC2,M13,RTR,DDK,M14,DDL,THS,C13,MD1,M15,DDN,KTK,C14,DD3_DVD,FRF,DDO,DTK,TPR,ORI,DDP,BFZ,C15,DDQ,SOI",,normal,201974,,,Basic Land,Plains,Land
Plains,,,W,Vincent Proce,233,Basic Land — Plains,,"LEA,LEB,2ED,CED,CEI,3ED,4ED,ICE,RQS,pARL,MIR,ITP,5ED,POR,pPRE,TMP,pJGP,PO2,UGL,pALP,USG,ATH,6ED,PTK,S99,pGRU,MMQ,BRB,pELP,S00,INV,7ED,ODY,ONS,8ED,MRD,CHK,UNH,9ED,RAV,CST,TSP,10E,MED,LRW,SHM,ALA,DDC,M10,HOP,ME3,ZEN,H09,DDE,ROE,ARC,M11,DDF,SOM,MBS,DDG,NPH,CMD,M12,DDH,ISD,DDI,AVR,PC2,M13,RTR,DDK,M14,DDL,THS,C13,MD1,M15,DDN,KTK,C14,DD3_DVD,FRF,DDO,DTK,TPR,ORI,DDP,BFZ,C15,DDQ,SOI",,normal,195163,,,Basic Land,Plains,Land
Plains,,,W,Vincent Proce,233a,Basic Land — Plains,,"LEA,LEB,2ED,CED,CEI,3ED,4ED,ICE,RQS,pARL,MIR,ITP,5ED,POR,pPRE,TMP,pJGP,PO2,UGL,pALP,USG,ATH,6ED,PTK,S99,pGRU,MMQ,BRB,pELP,S00,INV,7ED,ODY,ONS,8ED,MRD,CHK,UNH,9ED,RAV,CST,TSP,10E,MED,LRW,SHM,ALA,DDC,M10,HOP,ME3,ZEN,H09,DDE,ROE,ARC,M11,DDF,SOM,MBS,DDG,NPH,CMD,M12,DDH,ISD,DDI,AVR,PC2,M13,RTR,DDK,M14,DDL,THS,C13,MD1,M15,DDN,KTK,C14,DD3_DVD,FRF,DDO,DTK,TPR,ORI,DDP,BFZ,C15,DDQ,SOI",,normal,201971,,,Basic Land,Plains,Land
Island,,,U,John Avon,234,Basic Land — Island,,"LEA,LEB,2ED,CED,CEI,3ED,4ED,ICE,RQS,pARL,MIR,ITP,5ED,POR,TMP,pJGP,PO2,UGL,pALP,USG,6ED,PTK,S99,pGRU,MMQ,BRB,pELP,S00,BTD,INV,7ED,ODY,ONS,8ED,MRD,CHK,UNH,9ED,RAV,CST,TSP,10E,MED,LRW,SHM,ALA,DD2,M10,HOP,ME3,ZEN,H09,DDE,ROE,DPA,ARC,M11,DDF,SOM,MBS,NPH,CMD,M12,DDH,ISD,DDI,AVR,PC2,M13,DDJ,RTR,M14,THS,C13,DDM,M15,DDN,KTK,C14,DD3_JVC,FRF,DDO,DTK,TPR,ORI,BFZ,C15,DDQ,SOI",,normal,195187,,,Basic Land,Island,Land
Island,,,U,John Avon,234a,Basic Land — Island,,"LEA,LEB,2ED,CED,CEI,3ED,4ED,ICE,RQS,pARL,MIR,ITP,5ED,POR,TMP,pJGP,PO2,UGL,pALP,USG,6ED,PTK,S99,pGRU,MMQ,BRB,pELP,S00,BTD,INV,7ED,ODY,ONS,8ED,MRD,CHK,UNH,9ED,RAV,CST,TSP,10E,MED,LRW,SHM,ALA,DD2,M10,HOP,ME3,ZEN,H09,DDE,ROE,DPA,ARC,M11,DDF,SOM,MBS,NPH,CMD,M12,DDH,ISD,DDI,AVR,PC2,M13,DDJ,RTR,M14,THS,C13,DDM,M15,DDN,KTK,C14,DD3_JVC,FRF,DDO,DTK,TPR,ORI,BFZ,C15,DDQ,SOI",,normal,201966,,,Basic Land,Island,Land
Island,,,U,Jung Park,235,Basic Land — Island,,"LEA,LEB,2ED,CED,CEI,3ED,4ED,ICE,RQS,pARL,MIR,ITP,5ED,POR,TMP,pJGP,PO2,UGL,pALP,USG,6ED,PTK,S99,pGRU,MMQ,BRB,pELP,S00,BTD,INV,7ED,ODY,ONS,8ED,MRD,CHK,UNH,9ED,RAV,CST,TSP,10E,MED,LRW,SHM,ALA,DD2,M10,HOP,ME3,ZEN,H09,DDE,ROE,DPA,ARC,M11,DDF,SOM,MBS,NPH,CMD,M12,DDH,ISD,DDI,AVR,PC2,M13,DDJ,RTR,M14,THS,C13,DDM,M15,DDN,KTK,C14,DD3_JVC,FRF,DDO,DTK,TPR,ORI,BFZ,C15,DDQ,SOI",,normal,201964,,,Basic Land,Island,Land
Island,,,U,Jung Park,235a,Basic Land — Island,,"LEA,LEB,2ED,CED,CEI,3ED,4ED,ICE,RQS,pARL,MIR,ITP,5ED,POR,TMP,pJGP,PO2,UGL,pALP,USG,6ED,PTK,S99,pGRU,MMQ,BRB,pELP,S00,BTD,INV,7ED,ODY,ONS,8ED,MRD,CHK,UNH,9ED,RAV,CST,TSP,10E,MED,LRW,SHM,ALA,DD2,M10,HOP,ME3,ZEN,H09,DDE,ROE,DPA,ARC,M11,DDF,SOM,MBS,NPH,CMD,M12,DDH,ISD,DDI,AVR,PC2,M13,DDJ,RTR,M14,THS,C13,DDM,M15,DDN,KTK,C14,DD3_JVC,FRF,DDO,DTK,TPR,ORI,BFZ,C15,DDQ,SOI",,normal,195165,,,Basic Land,Island,Land
Island,,,U,Véronique Meignaud,236,Basic Land — Island,,"LEA,LEB,2ED,CED,CEI,3ED,4ED,ICE,RQS,pARL,MIR,ITP,5ED,POR,TMP,pJGP,PO2,UGL,pALP,USG,6ED,PTK,S99,pGRU,MMQ,BRB,pELP,S00,BTD,INV,7ED,ODY,ONS,8ED,MRD,CHK,UNH,9ED,RAV,CST,TSP,10E,MED,LRW,SHM,ALA,DD2,M10,HOP,ME3,ZEN,H09,DDE,ROE,DPA,ARC,M11,DDF,SOM,MBS,NPH,CMD,M12,DDH,ISD,DDI,AVR,PC2,M13,DDJ,RTR,M14,THS,C13,DDM,M15,DDN,KTK,C14,DD3_JVC,FRF,DDO,DTK,TPR,ORI,BFZ,C15,DDQ,SOI",,normal,201963,,,Basic Land,Island,Land
Island,,,U,Véronique Meignaud,236a,Basic Land — Island,,"LEA,LEB,2ED,CED,CEI,3ED,4ED,ICE,RQS,pARL,MIR,ITP,5ED,POR,TMP,pJGP,PO2,UGL,pALP,USG,6ED,PTK,S99,pGRU,MMQ,BRB,pELP,S00,BTD,INV,7ED,ODY,ONS,8ED,MRD,CHK,UNH,9ED,RAV,CST,TSP,10E,MED,LRW,SHM,ALA,DD2,M10,HOP,ME3,ZEN,H09,DDE,ROE,DPA,ARC,M11,DDF,SOM,MBS,NPH,CMD,M12,DDH,ISD,DDI,AVR,PC2,M13,DDJ,RTR,M14,THS,C13,DDM,M15,DDN,KTK,C14,DD3_JVC,FRF,DDO,DTK,TPR,ORI,BFZ,C15,DDQ,SOI",,normal,195161,,,Basic Land,Island,Land
Island,,,U,Vincent Proce,237,Basic Land — Island,,"LEA,LEB,2ED,CED,CEI,3ED,4ED,ICE,RQS,pARL,MIR,ITP,5ED,POR,TMP,pJGP,PO2,UGL,pALP,USG,6ED,PTK,S99,pGRU,MMQ,BRB,pELP,S00,BTD,INV,7ED,ODY,ONS,8ED,MRD,CHK,UNH,9ED,RAV,CST,TSP,10E,MED,LRW,SHM,ALA,DD2,M10,HOP,ME3,ZEN,H09,DDE,ROE,DPA,ARC,M11,DDF,SOM,MBS,NPH,CMD,M12,DDH,ISD,DDI,AVR,PC2,M13,DDJ,RTR,M14,THS,C13,DDM,M15,DDN,KTK,C14,DD3_JVC,FRF,DDO,DTK,TPR,ORI,BFZ,C15,DDQ,SOI",,normal,201965,,,Basic Land,Island,Land
Island,,,U,Vincent Proce,237a,Basic Land — Island,,"LEA,LEB,2ED,CED,CEI,3ED,4ED,ICE,RQS,pARL,MIR,ITP,5ED,POR,TMP,pJGP,PO2,UGL,pALP,USG,6ED,PTK,S99,pGRU,MMQ,BRB,pELP,S00,BTD,INV,7ED,ODY,ONS,8ED,MRD,CHK,UNH,9ED,RAV,CST,TSP,10E,MED,LRW,SHM,ALA,DD2,M10,HOP,ME3,ZEN,H09,DDE,ROE,DPA,ARC,M11,DDF,SOM,MBS,NPH,CMD,M12,DDH,ISD,DDI,AVR,PC2,M13,DDJ,RTR,M14,THS,C13,DDM,M15,DDN,KTK,C14,DD3_JVC,FRF,DDO,DTK,TPR,ORI,BFZ,C15,DDQ,SOI",,normal,195170,,,Basic Land,Island,Land
Swamp,,,B,John Avon,238,Basic Land — Swamp,,"LEA,LEB,2ED,CED,CEI,3ED,4ED,ICE,RQS,pARL,MIR,ITP,5ED,POR,TMP,pJGP,PO2,UGL,pALP,USG,ATH,6ED,PTK,S99,pGRU,MMQ,BRB,pELP,S00,BTD,INV,7ED,ODY,DKM,ONS,8ED,MRD,CHK,UNH,9ED,RAV,CST,TSP,10E,MED,LRW,SHM,ALA,DDC,M10,HOP,ME3,ZEN,DDD,H09,DDE,ROE,DPA,ARC,M11,SOM,MBS,NPH,CMD,M12,DDH,ISD,PD3,AVR,PC2,M13,DDJ,RTR,DDK,M14,THS,C13,DDM,MD1,M15,DDN,KTK,C14,DD3_DVD,DD3_GVL,FRF,DTK,TPR,ORI,DDP,BFZ,C15,DDQ,SOI",,normal,201977,,,Basic Land,Swamp,Land
Swamp,,,B,John Avon,238a,Basic Land — Swamp,,"LEA,LEB,2ED,CED,CEI,3ED,4ED,ICE,RQS,pARL,MIR,ITP,5ED,POR,TMP,pJGP,PO2,UGL,pALP,USG,ATH,6ED,PTK,S99,pGRU,MMQ,BRB,pELP,S00,BTD,INV,7ED,ODY,DKM,ONS,8ED,MRD,CHK,UNH,9ED,RAV,CST,TSP,10E,MED,LRW,SHM,ALA,DDC,M10,HOP,ME3,ZEN,DDD,H09,DDE,ROE,DPA,ARC,M11,SOM,MBS,NPH,CMD,M12,DDH,ISD,PD3,AVR,PC2,M13,DDJ,RTR,DDK,M14,THS,C13,DDM,MD1,M15,DDN,KTK,C14,DD3_DVD,DD3_GVL,FRF,DTK,TPR,ORI,DDP,BFZ,C15,DDQ,SOI",,normal,195172,,,Basic Land,Swamp,Land
Swamp,,,B,Jung Park,239,Basic Land — Swamp,,"LEA,LEB,2ED,CED,CEI,3ED,4ED,ICE,RQS,pARL,MIR,ITP,5ED,POR,TMP,pJGP,PO2,UGL,pALP,USG,ATH,6ED,PTK,S99,pGRU,MMQ,BRB,pELP,S00,BTD,INV,7ED,ODY,DKM,ONS,8ED,MRD,CHK,UNH,9ED,RAV,CST,TSP,10E,MED,LRW,SHM,ALA,DDC,M10,HOP,ME3,ZEN,DDD,H09,DDE,ROE,DPA,ARC,M11,SOM,MBS,NPH,CMD,M12,DDH,ISD,PD3,AVR,PC2,M13,DDJ,RTR,DDK,M14,THS,C13,DDM,MD1,M15,DDN,KTK,C14,DD3_DVD,DD3_GVL,FRF,DTK,TPR,ORI,DDP,BFZ,C15,DDQ,SOI",,normal,195194,,,Basic Land,Swamp,Land
Swamp,,,B,Jung Park,239a,Basic Land — Swamp,,"LEA,LEB,2ED,CED,CEI,3ED,4ED,ICE,RQS,pARL,MIR,ITP,5ED,POR,TMP,pJGP,PO2,UGL,pALP,USG,ATH,6ED,PTK,S99,pGRU,MMQ,BRB,pELP,S00,BTD,INV,7ED,ODY,DKM,ONS,8ED,MRD,CHK,UNH,9ED,RAV,CST,TSP,10E,MED,LRW,SHM,ALA,DDC,M10,HOP,ME3,ZEN,DDD,H09,DDE,ROE,DPA,ARC,M11,SOM,MBS,NPH,CMD,M12,DDH,ISD,PD3,AVR,PC2,M13,DDJ,RTR,DDK,M14,THS,C13,DDM,MD1,M15,DDN,KTK,C14,DD3_DVD,DD3_GVL,FRF,DTK,TPR,ORI,DDP,BFZ,C15,DDQ,SOI",,normal,201978,,,Basic Land,Swamp,Land
Swamp,,,B,Véronique Meignaud,240,Basic Land — Swamp,,"LEA,LEB,2ED,CED,CEI,3ED,4ED,ICE,RQS,pARL,MIR,ITP,5ED,POR,TMP,pJGP,PO2,UGL,pALP,USG,ATH,6ED,PTK,S99,pGRU,MMQ,BRB,pELP,S00,BTD,INV,7ED,ODY,DKM,ONS,8ED,MRD,CHK,UNH,9ED,RAV,CST,TSP,10E,MED,LRW,SHM,ALA,DDC,M10,HOP,ME3,ZEN,DDD,H09,DDE,ROE,DPA,ARC,M11,SOM,MBS,NPH,CMD,M12,DDH,ISD,PD3,AVR,PC2,M13,DDJ,RTR,DDK,M14,THS,C13,DDM,MD1,M15,DDN,KTK,C14,DD3_DVD,DD3_GVL,FRF,DTK,TPR,ORI,DDP,BFZ,C15,DDQ,SOI",,normal,201976,,,Basic Land,Swamp,Land
Swamp,,,B,Véronique Meignaud,240a,Basic Land — Swamp,,"LEA,LEB,2ED,CED,CEI,3ED,4ED,ICE,RQS,pARL,MIR,ITP,5ED,POR,TMP,pJGP,PO2,UGL,pALP,USG,ATH,6ED,PTK,S99,pGRU,MMQ,BRB,pELP,S00,BTD,INV,7ED,ODY,DKM,ONS,8ED,MRD,CHK,UNH,9ED,RAV,CST,TSP,10E,MED,LRW,SHM,ALA,DDC,M10,HOP,ME3,ZEN,DDD,H09,DDE,ROE,DPA,ARC,M11,SOM,MBS,NPH,CMD,M12,DDH,ISD,PD3,AVR,PC2,M13,DDJ,RTR,DDK,M14,THS,C13,DDM,MD1,M15,DDN,KTK,C14,DD3_DVD,DD3_GVL,FRF,DTK,TPR,ORI,DDP,BFZ,C15,DDQ,SOI",,normal,195159,,,Basic Land,Swamp,Land
Swamp,,,B,Vincent Proce,241,Basic Land — Swamp,,"LEA,LEB,2ED,CED,CEI,3ED,4ED,ICE,RQS,pARL,MIR,ITP,5ED,POR,TMP,pJGP,PO2,UGL,pALP,USG,ATH,6ED,PTK,S99,pGRU,MMQ,BRB,pELP,S00,BTD,INV,7ED,ODY,DKM,ONS,8ED,MRD,CHK,UNH,9ED,RAV,CST,TSP,10E,MED,LRW,SHM,ALA,DDC,M10,HOP,ME3,ZEN,DDD,H09,DDE,ROE,DPA,ARC,M11,SOM,MBS,NPH,CMD,M12,DDH,ISD,PD3,AVR,PC2,M13,DDJ,RTR,DDK,M14,THS,C13,DDM,MD1,M15,DDN,KTK,C14,DD3_DVD,DD3_GVL,FRF,DTK,TPR,ORI,DDP,BFZ,C15,DDQ,SOI",,normal,195157,,,Basic Land,Swamp,Land
Swamp,,,B,Vincent Proce,241a,Basic Land — Swamp,,"LEA,LEB,2ED,CED,CEI,3ED,4ED,ICE,RQS,pARL,MIR,ITP,5ED,POR,TMP,pJGP,PO2,UGL,pALP,USG,ATH,6ED,PTK,S99,pGRU,MMQ,BRB,pELP,S00,BTD,INV,7ED,ODY,DKM,ONS,8ED,MRD,CHK,UNH,9ED,RAV,CST,TSP,10E,MED,LRW,SHM,ALA,DDC,M10,HOP,ME3,ZEN,DDD,H09,DDE,ROE,DPA,ARC,M11,SOM,MBS,NPH,CMD,M12,DDH,ISD,PD3,AVR,PC2,M13,DDJ,RTR,DDK,M14,THS,C13,DDM,MD1,M15,DDN,KTK,C14,DD3_DVD,DD3_GVL,FRF,DTK,TPR,ORI,DDP,BFZ,C15,DDQ,SOI",,normal,201975,,,Basic Land,Swamp,Land
Mountain,,,R,John Avon,242,Basic Land — Mountain,,"LEA,LEB,2ED,ARN,CED,CEI,3ED,4ED,ICE,RQS,pARL,MIR,ITP,5ED,POR,TMP,pJGP,PO2,UGL,pALP,USG,ATH,6ED,PTK,S99,pGRU,MMQ,BRB,pELP,S00,BTD,INV,7ED,ODY,DKM,ONS,8ED,MRD,CHK,UNH,9ED,RAV,CST,TSP,10E,MED,LRW,EVG,SHM,ALA,DD2,M10,HOP,ME3,ZEN,H09,DDE,ROE,DPA,ARC,M11,SOM,PD2,MBS,DDG,NPH,CMD,M12,DDH,ISD,DDI,AVR,PC2,M13,DDJ,RTR,DDK,M14,DDL,THS,C13,M15,DDN,KTK,C14,DD3_EVG,DD3_JVC,FRF,DTK,TPR,ORI,DDP,BFZ,C15,SOI",,normal,201968,,,Basic Land,Mountain,Land
Mountain,,,R,John Avon,242a,Basic Land — Mountain,,"LEA,LEB,2ED,ARN,CED,CEI,3ED,4ED,ICE,RQS,pARL,MIR,ITP,5ED,POR,TMP,pJGP,PO2,UGL,pALP,USG,ATH,6ED,PTK,S99,pGRU,MMQ,BRB,pELP,S00,BTD,INV,7ED,ODY,DKM,ONS,8ED,MRD,CHK,UNH,9ED,RAV,CST,TSP,10E,MED,LRW,EVG,SHM,ALA,DD2,M10,HOP,ME3,ZEN,H09,DDE,ROE,DPA,ARC,M11,SOM,PD2,MBS,DDG,NPH,CMD,M12,DDH,ISD,DDI,AVR,PC2,M13,DDJ,RTR,DDK,M14,DDL,THS,C13,M15,DDN,KTK,C14,DD3_EVG,DD3_JVC,FRF,DTK,TPR,ORI,DDP,BFZ,C15,SOI",,normal,195178,,,Basic Land,Mountain,Land
Mountain,,,R,Jung Park,243,Basic Land — Mountain,,"LEA,LEB,2ED,ARN,CED,CEI,3ED,4ED,ICE,RQS,pARL,MIR,ITP,5ED,POR,TMP,pJGP,PO2,UGL,pALP,USG,ATH,6ED,PTK,S99,pGRU,MMQ,BRB,pELP,S00,BTD,INV,7ED,ODY,DKM,ONS,8ED,MRD,CHK,UNH,9ED,RAV,CST,TSP,10E,MED,LRW,EVG,SHM,ALA,DD2,M10,HOP,ME3,ZEN,H09,DDE,ROE,DPA,ARC,M11,SOM,PD2,MBS,DDG,NPH,CMD,M12,DDH,ISD,DDI,AVR,PC2,M13,DDJ,RTR,DDK,M14,DDL,THS,C13,M15,DDN,KTK,C14,DD3_EVG,DD3_JVC,FRF,DTK,TPR,ORI,DDP,BFZ,C15,SOI",,normal,201967,,,Basic Land,Mountain,Land
Mountain,,,R,Jung Park,243a,Basic Land — Mountain,,"LEA,LEB,2ED,ARN,CED,CEI,3ED,4ED,ICE,RQS,pARL,MIR,ITP,5ED,POR,TMP,pJGP,PO2,UGL,pALP,USG,ATH,6ED,PTK,S99,pGRU,MMQ,BRB,pELP,S00,BTD,INV,7ED,ODY,DKM,ONS,8ED,MRD,CHK,UNH,9ED,RAV,CST,TSP,10E,MED,LRW,EVG,SHM,ALA,DD2,M10,HOP,ME3,ZEN,H09,DDE,ROE,DPA,ARC,M11,SOM,PD2,MBS,DDG,NPH,CMD,M12,DDH,ISD,DDI,AVR,PC2,M13,DDJ,RTR,DDK,M14,DDL,THS,C13,M15,DDN,KTK,C14,DD3_EVG,DD3_JVC,FRF,DTK,TPR,ORI,DDP,BFZ,C15,SOI",,normal,195171,,,Basic Land,Mountain,Land
Mountain,,,R,Véronique Meignaud,244,Basic Land — Mountain,,"LEA,LEB,2ED,ARN,CED,CEI,3ED,4ED,ICE,RQS,pARL,MIR,ITP,5ED,POR,TMP,pJGP,PO2,UGL,pALP,USG,ATH,6ED,PTK,S99,pGRU,MMQ,BRB,pELP,S00,BTD,INV,7ED,ODY,DKM,ONS,8ED,MRD,CHK,UNH,9ED,RAV,CST,TSP,10E,MED,LRW,EVG,SHM,ALA,DD2,M10,HOP,ME3,ZEN,H09,DDE,ROE,DPA,ARC,M11,SOM,PD2,MBS,DDG,NPH,CMD,M12,DDH,ISD,DDI,AVR,PC2,M13,DDJ,RTR,DDK,M14,DDL,THS,C13,M15,DDN,KTK,C14,DD3_EVG,DD3_JVC,FRF,DTK,TPR,ORI,DDP,BFZ,C15,SOI",,normal,195181,,,Basic Land,Mountain,Land
Mountain,,,R,Véronique Meignaud,244a,Basic Land — Mountain,,"LEA,LEB,2ED,ARN,CED,CEI,3ED,4ED,ICE,RQS,pARL,MIR,ITP,5ED,POR,TMP,pJGP,PO2,UGL,pALP,USG,ATH,6ED,PTK,S99,pGRU,MMQ,BRB,pELP,S00,BTD,INV,7ED,ODY,DKM,ONS,8ED,MRD,CHK,UNH,9ED,RAV,CST,TSP,10E,MED,LRW,EVG,SHM,ALA,DD2,M10,HOP,ME3,ZEN,H09,DDE,ROE,DPA,ARC,M11,SOM,PD2,MBS,DDG,NPH,CMD,M12,DDH,ISD,DDI,AVR,PC2,M13,DDJ,RTR,DDK,M14,DDL,THS,C13,M15,DDN,KTK,C14,DD3_EVG,DD3_JVC,FRF,DTK,TPR,ORI,DDP,BFZ,C15,SOI",,normal,201969,,,Basic Land,Mountain,Land
Mountain,,,R,Vincent Proce,245,Basic Land — Mountain,,"LEA,LEB,2ED,ARN,CED,CEI,3ED,4ED,ICE,RQS,pARL,MIR,ITP,5ED,POR,TMP,pJGP,PO2,UGL,pALP,USG,ATH,6ED,PTK,S99,pGRU,MMQ,BRB,pELP,S00,BTD,INV,7ED,ODY,DKM,ONS,8ED,MRD,CHK,UNH,9ED,RAV,CST,TSP,10E,MED,LRW,EVG,SHM,ALA,DD2,M10,HOP,ME3,ZEN,H09,DDE,ROE,DPA,ARC,M11,SOM,PD2,MBS,DDG,NPH,CMD,M12,DDH,ISD,DDI,AVR,PC2,M13,DDJ,RTR,DDK,M14,DDL,THS,C13,M15,DDN,KTK,C14,DD3_EVG,DD3_JVC,FRF,DTK,TPR,ORI,DDP,BFZ,C15,SOI",,normal,201970,,,Basic Land,Mountain,Land
Mountain,,,R,Vincent Proce,245a,Basic Land — Mountain,,"LEA,LEB,2ED,ARN,CED,CEI,3ED,4ED,ICE,RQS,pARL,MIR,ITP,5ED,POR,TMP,pJGP,PO2,UGL,pALP,USG,ATH,6ED,PTK,S99,pGRU,MMQ,BRB,pELP,S00,BTD,INV,7ED,ODY,DKM,ONS,8ED,MRD,CHK,UNH,9ED,RAV,CST,TSP,10E,MED,LRW,EVG,SHM,ALA,DD2,M10,HOP,ME3,ZEN,H09,DDE,ROE,DPA,ARC,M11,SOM,PD2,MBS,DDG,NPH,CMD,M12,DDH,ISD,DDI,AVR,PC2,M13,DDJ,RTR,DDK,M14,DDL,THS,C13,M15,DDN,KTK,C14,DD3_EVG,DD3_JVC,FRF,DTK,TPR,ORI,DDP,BFZ,C15,SOI",,normal,195184,,,Basic Land,Mountain,Land
Forest,,,G,John Avon,246,Basic Land — Forest,,"LEA,LEB,2ED,CED,CEI,3ED,4ED,ICE,RQS,pARL,MIR,ITP,5ED,POR,TMP,pJGP,PO2,UGL,pALP,USG,ATH,6ED,PTK,S99,pGRU,MMQ,BRB,pELP,S00,BTD,INV,7ED,ODY,DKM,ONS,8ED,MRD,CHK,UNH,9ED,RAV,CST,TSP,10E,MED,LRW,EVG,SHM,ALA,M10,HOP,ME3,ZEN,DDD,H09,DDE,ROE,DPA,ARC,M11,SOM,MBS,DDG,NPH,CMD,M12,DDH,ISD,AVR,PC2,M13,DDJ,RTR,M14,DDL,THS,C13,DDM,M15,KTK,C14,DD3_EVG,DD3_GVL,FRF,DDO,DTK,TPR,ORI,DDP,BFZ,C15,SOI",,normal,195158,,,Basic Land,Forest,Land
Forest,,,G,John Avon,246a,Basic Land — Forest,,"LEA,LEB,2ED,CED,CEI,3ED,4ED,ICE,RQS,pARL,MIR,ITP,5ED,POR,TMP,pJGP,PO2,UGL,pALP,USG,ATH,6ED,PTK,S99,pGRU,MMQ,BRB,pELP,S00,BTD,INV,7ED,ODY,DKM,ONS,8ED,MRD,CHK,UNH,9ED,RAV,CST,TSP,10E,MED,LRW,EVG,SHM,ALA,M10,HOP,ME3,ZEN,DDD,H09,DDE,ROE,DPA,ARC,M11,SOM,MBS,DDG,NPH,CMD,M12,DDH,ISD,AVR,PC2,M13,DDJ,RTR,M14,DDL,THS,C13,DDM,M15,KTK,C14,DD3_EVG,DD3_GVL,FRF,DDO,DTK,TPR,ORI,DDP,BFZ,C15,SOI",,normal,201959,,,Basic Land,Forest,Land
Forest,,,G,Jung Park,247,Basic Land — Forest,,"LEA,LEB,2ED,CED,CEI,3ED,4ED,ICE,RQS,pARL,MIR,ITP,5ED,POR,TMP,pJGP,PO2,UGL,pALP,USG,ATH,6ED,PTK,S99,pGRU,MMQ,BRB,pELP,S00,BTD,INV,7ED,ODY,DKM,ONS,8ED,MRD,CHK,UNH,9ED,RAV,CST,TSP,10E,MED,LRW,EVG,SHM,ALA,M10,HOP,ME3,ZEN,DDD,H09,DDE,ROE,DPA,ARC,M11,SOM,MBS,DDG,NPH,CMD,M12,DDH,ISD,AVR,PC2,M13,DDJ,RTR,M14,DDL,THS,C13,DDM,M15,KTK,C14,DD3_EVG,DD3_GVL,FRF,DDO,DTK,TPR,ORI,DDP,BFZ,C15,SOI",,normal,201962,,,Basic Land,Forest,Land
Forest,,,G,Jung Park,247a,Basic Land — Forest,,"LEA,LEB,2ED,CED,CEI,3ED,4ED,ICE,RQS,pARL,MIR,ITP,5ED,POR,TMP,pJGP,PO2,UGL,pALP,USG,ATH,6ED,PTK,S99,pGRU,MMQ,BRB,pELP,S00,BTD,INV,7ED,ODY,DKM,ONS,8ED,MRD,CHK,UNH,9ED,RAV,CST,TSP,10E,MED,LRW,EVG,SHM,ALA,M10,HOP,ME3,ZEN,DDD,H09,DDE,ROE,DPA,ARC,M11,SOM,MBS,DDG,NPH,CMD,M12,DDH,ISD,AVR,PC2,M13,DDJ,RTR,M14,DDL,THS,C13,DDM,M15,KTK,C14,DD3_EVG,DD3_GVL,FRF,DDO,DTK,TPR,ORI,DDP,BFZ,C15,SOI",,normal,195192,,,Basic Land,Forest,Land
Forest,,,G,Véronique Meignaud,248,Basic Land — Forest,,"LEA,LEB,2ED,CED,CEI,3ED,4ED,ICE,RQS,pARL,MIR,ITP,5ED,POR,TMP,pJGP,PO2,UGL,pALP,USG,ATH,6ED,PTK,S99,pGRU,MMQ,BRB,pELP,S00,BTD,INV,7ED,ODY,DKM,ONS,8ED,MRD,CHK,UNH,9ED,RAV,CST,TSP,10E,MED,LRW,EVG,SHM,ALA,M10,HOP,ME3,ZEN,DDD,H09,DDE,ROE,DPA,ARC,M11,SOM,MBS,DDG,NPH,CMD,M12,DDH,ISD,AVR,PC2,M13,DDJ,RTR,M14,DDL,THS,C13,DDM,M15,KTK,C14,DD3_EVG,DD3_GVL,FRF,DDO,DTK,TPR,ORI,DDP,BFZ,C15,SOI",,normal,195177,,,Basic Land,Forest,Land
Forest,,,G,Véronique Meignaud,248a,Basic Land — Forest,,"LEA,LEB,2ED,CED,CEI,3ED,4ED,ICE,RQS,pARL,MIR,ITP,5ED,POR,TMP,pJGP,PO2,UGL,pALP,USG,ATH,6ED,PTK,S99,pGRU,MMQ,BRB,pELP,S00,BTD,INV,7ED,ODY,DKM,ONS,8ED,MRD,CHK,UNH,9ED,RAV,CST,TSP,10E,MED,LRW,EVG,SHM,ALA,M10,HOP,ME3,ZEN,DDD,H09,DDE,ROE,DPA,ARC,M11,SOM,MBS,DDG,NPH,CMD,M12,DDH,ISD,AVR,PC2,M13,DDJ,RTR,M14,DDL,THS,C13,DDM,M15,KTK,C14,DD3_EVG,DD3_GVL,FRF,DDO,DTK,TPR,ORI,DDP,BFZ,C15,SOI",,normal,201960,,,Basic Land,Forest,Land
Forest,,,G,Vincent Proce,249,Basic Land — Forest,,"LEA,LEB,2ED,CED,CEI,3ED,4ED,ICE,RQS,pARL,MIR,ITP,5ED,POR,TMP,pJGP,PO2,UGL,pALP,USG,ATH,6ED,PTK,S99,pGRU,MMQ,BRB,pELP,S00,BTD,INV,7ED,ODY,DKM,ONS,8ED,MRD,CHK,UNH,9ED,RAV,CST,TSP,10E,MED,LRW,EVG,SHM,ALA,M10,HOP,ME3,ZEN,DDD,H09,DDE,ROE,DPA,ARC,M11,SOM,MBS,DDG,NPH,CMD,M12,DDH,ISD,AVR,PC2,M13,DDJ,RTR,M14,DDL,THS,C13,DDM,M15,KTK,C14,DD3_EVG,DD3_GVL,FRF,DDO,DTK,TPR,ORI,DDP,BFZ,C15,SOI",,normal,201961,,,Basic Land,Forest,Land
Forest,,,G,Vincent Proce,249a,Basic Land — Forest,,"LEA,LEB,2ED,CED,CEI,3ED,4ED,ICE,RQS,pARL,MIR,ITP,5ED,POR,TMP,pJGP,PO2,UGL,pALP,USG,ATH,6ED,PTK,S99,pGRU,MMQ,BRB,pELP,S00,BTD,INV,7ED,ODY,DKM,ONS,8ED,MRD,CHK,UNH,9ED,RAV,CST,TSP,10E,MED,LRW,EVG,SHM,ALA,M10,HOP,ME3,ZEN,DDD,H09,DDE,ROE,DPA,ARC,M11,SOM,MBS,DDG,NPH,CMD,M12,DDH,ISD,AVR,PC2,M13,DDJ,RTR,M14,DDL,THS,C13,DDM,M15,KTK,C14,DD3_EVG,DD3_GVL,FRF,DDO,DTK,TPR,ORI,DDP,BFZ,C15,SOI",,normal,195183,,,Basic Land,Forest,Land
